[C-CORE] Booting Headless Unity Build...
[C-CORE] Routing to scripts/bot.lua...
[BOT:50005] Booting Headless Chaos Node...
[LAB] Initializing Headless Node on Port 50005...
[HEARTBEAT] Node: 1 | Tick:    61 | Conf:    59 | Hash: 0x48499267 | Rollbacks:  0 (Resim:   0) | Stalls:  0
[HEARTBEAT] Node: 1 | Tick:   121 | Conf:   119 | Hash: 0xC5B96A65 | Rollbacks: 58 (Resim:  58) | Stalls:  0
[HEARTBEAT] Node: 1 | Tick:   181 | Conf:   179 | Hash: 0x22E759BA | Rollbacks: 58 (Resim:  62) | Stalls:  0
[HEARTBEAT] Node: 1 | Tick:   241 | Conf:   239 | Hash: 0xE9388A40 | Rollbacks: 58 (Resim:  69) | Stalls:  0
[HEARTBEAT] Node: 1 | Tick:   301 | Conf:   299 | Hash: 0xBACCCFC9 | Rollbacks: 58 (Resim:  78) | Stalls:  0
[HEARTBEAT] Node: 1 | Tick:   361 | Conf:   359 | Hash: 0x3FE7451C | Rollbacks: 58 (Resim:  83) | Stalls:  0
[HEARTBEAT] Node: 1 | Tick:   421 | Conf:   419 | Hash: 0x394D2CE8 | Rollbacks: 42 (Resim:  42) | Stalls:  0
[HEARTBEAT] Node: 1 | Tick:   481 | Conf:   479 | Hash: 0x50AE8B09 | Rollbacks: 43 (Resim:  47) | Stalls:  0
[HEARTBEAT] Node: 1 | Tick:   541 | Conf:   539 | Hash: 0x64CB099A | Rollbacks: 37 (Resim:  37) | Stalls:  0
[BOT:50005] Heartbeat - Sparse Mods Tracked: 1047
[HEARTBEAT] Node: 1 | Tick:   601 | Conf:   599 | Hash: 0x5153FBF9 | Rollbacks: 39 (Resim:  47) | Stalls:  0
[HEARTBEAT] Node: 1 | Tick:   661 | Conf:   659 | Hash: 0x51EF84C6 | Rollbacks: 40 (Resim:  40) | Stalls:  0
[HEARTBEAT] Node: 1 | Tick:   721 | Conf:   719 | Hash: 0xA38D7366 | Rollbacks: 41 (Resim:  41) | Stalls:  0
[HEARTBEAT] Node: 1 | Tick:   781 | Conf:   779 | Hash: 0x0BB42F83 | Rollbacks: 40 (Resim:  40) | Stalls:  0
[HEARTBEAT] Node: 1 | Tick:   841 | Conf:   839 | Hash: 0x0C3150C9 | Rollbacks: 39 (Resim:  39) | Stalls:  0
[HEARTBEAT] Node: 1 | Tick:   901 | Conf:   899 | Hash: 0x229D85C6 | Rollbacks: 39 (Resim:  39) | Stalls:  0
[HEARTBEAT] Node: 1 | Tick:   961 | Conf:   959 | Hash: 0xF73B353D | Rollbacks: 40 (Resim:  40) | Stalls:  0
[HEARTBEAT] Node: 1 | Tick:  1021 | Conf:  1019 | Hash: 0xA54CB25C | Rollbacks: 40 (Resim:  40) | Stalls:  0
[HEARTBEAT] Node: 1 | Tick:  1081 | Conf:  1079 | Hash: 0x025E9A16 | Rollbacks: 55 (Resim:  71) | Stalls:  0
[HEARTBEAT] Node: 1 | Tick:  1141 | Conf:  1139 | Hash: 0x9BD86A08 | Rollbacks: 43 (Resim:  59) | Stalls:  0
[BOT:50005] Heartbeat - Sparse Mods Tracked: 2048
[HEARTBEAT] Node: 1 | Tick:  1201 | Conf:  1199 | Hash: 0x131E223D | Rollbacks: 59 (Resim:  59) | Stalls:  0
[HEARTBEAT] Node: 1 | Tick:  1261 | Conf:  1259 | Hash: 0xD2758A58 | Rollbacks: 59 (Resim:  74) | Stalls:  0
[HEARTBEAT] Node: 1 | Tick:  1321 | Conf:  1319 | Hash: 0x674CE3BE | Rollbacks: 54 (Resim:  54) | Stalls:  0
[HEARTBEAT] Node: 1 | Tick:  1381 | Conf:  1379 | Hash: 0xCA0B5A18 | Rollbacks: 47 (Resim:  66) | Stalls:  0
[HEARTBEAT] Node: 1 | Tick:  1441 | Conf:  1438 | Hash: 0xB342B3F4 | Rollbacks: 59 (Resim:  82) | Stalls:  0
[HEARTBEAT] Node: 1 | Tick:  1501 | Conf:  1499 | Hash: 0x15261B5C | Rollbacks: 49 (Resim:  52) | Stalls:  0
[HEARTBEAT] Node: 1 | Tick:  1561 | Conf:  1559 | Hash: 0x006123CD | Rollbacks: 56 (Resim:  56) | Stalls:  0
[HEARTBEAT] Node: 1 | Tick:  1621 | Conf:  1619 | Hash: 0x48672634 | Rollbacks: 43 (Resim:  62) | Stalls:  0
[HEARTBEAT] Node: 1 | Tick:  1681 | Conf:  1679 | Hash: 0x95BF7449 | Rollbacks: 59 (Resim:  73) | Stalls:  0
[HEARTBEAT] Node: 1 | Tick:  1741 | Conf:  1739 | Hash: 0x6F85D818 | Rollbacks: 59 (Resim:  62) | Stalls:  0
[BOT:50005] Heartbeat - Sparse Mods Tracked: 2048
[HEARTBEAT] Node: 1 | Tick:  1801 | Conf:  1799 | Hash: 0x9F6D80BA | Rollbacks: 57 (Resim:  72) | Stalls:  0
[HEARTBEAT] Node: 1 | Tick:  1861 | Conf:  1859 | Hash: 0xC186BEB9 | Rollbacks: 60 (Resim:  60) | Stalls:  0
[HEARTBEAT] Node: 1 | Tick:  1921 | Conf:  1919 | Hash: 0x513BEADA | Rollbacks: 57 (Resim:  73) | Stalls:  0
[HEARTBEAT] Node: 1 | Tick:  1981 | Conf:  1979 | Hash: 0x81A4D8D3 | Rollbacks: 49 (Resim:  49) | Stalls:  0
[HEARTBEAT] Node: 1 | Tick:  2041 | Conf:  2038 | Hash: 0x47C1C1E3 | Rollbacks: 58 (Resim:  83) | Stalls:  0
[HEARTBEAT] Node: 1 | Tick:  2101 | Conf:  2099 | Hash: 0xDF09246D | Rollbacks: 55 (Resim:  61) | Stalls:  0
[HEARTBEAT] Node: 1 | Tick:  2161 | Conf:  2159 | Hash: 0xDACDC67D | Rollbacks: 44 (Resim:  46) | Stalls:  0
[HEARTBEAT] Node: 1 | Tick:  2221 | Conf:  2219 | Hash: 0xD9D0F0D5 | Rollbacks: 49 (Resim:  49) | Stalls:  0
[HEARTBEAT] Node: 1 | Tick:  2281 | Conf:  2278 | Hash: 0x52816F48 | Rollbacks: 58 (Resim:  62) | Stalls:  0
[HEARTBEAT] Node: 1 | Tick:  2341 | Conf:  2339 | Hash: 0x7E0CDA6C | Rollbacks: 59 (Resim:  84) | Stalls:  0
[BOT:50005] Heartbeat - Sparse Mods Tracked: 2048
[HEARTBEAT] Node: 1 | Tick:  2401 | Conf:  2399 | Hash: 0xCE1834C4 | Rollbacks: 46 (Resim:  49) | Stalls:  0
[HEARTBEAT] Node: 1 | Tick:  2461 | Conf:  2459 | Hash: 0x2A03DB6A | Rollbacks: 47 (Resim:  47) | Stalls:  0
[HEARTBEAT] Node: 1 | Tick:  2521 | Conf:  2518 | Hash: 0xE3240B09 | Rollbacks: 56 (Resim:  64) | Stalls:  0
[HEARTBEAT] Node: 1 | Tick:  2581 | Conf:  2579 | Hash: 0xE56D94C3 | Rollbacks: 48 (Resim:  63) | Stalls:  0
[HEARTBEAT] Node: 1 | Tick:  2641 | Conf:  2639 | Hash: 0x29664A9C | Rollbacks: 53 (Resim:  53) | Stalls:  0
[HEARTBEAT] Node: 1 | Tick:  2701 | Conf:  2698 | Hash: 0xA08EED1F | Rollbacks: 58 (Resim:  59) | Stalls:  0
[HEARTBEAT] Node: 1 | Tick:  2761 | Conf:  2759 | Hash: 0x6D14256E | Rollbacks: 51 (Resim:  63) | Stalls:  0
[HEARTBEAT] Node: 1 | Tick:  2821 | Conf:  2819 | Hash: 0xB7DDD221 | Rollbacks: 54 (Resim:  75) | Stalls:  0
[HEARTBEAT] Node: 1 | Tick:  2881 | Conf:  2879 | Hash: 0x1229993E | Rollbacks: 52 (Resim:  54) | Stalls:  0
[BOT:50005] Heartbeat - Sparse Mods Tracked: 2048
[HEARTBEAT] Node: 1 | Tick:  2941 | Conf:  2939 | Hash: 0x6235BCD2 | Rollbacks: 40 (Resim:  40) | Stalls:  0
[HEARTBEAT] Node: 1 | Tick:  3001 | Conf:  2999 | Hash: 0xD3A71141 | Rollbacks: 56 (Resim:  72) | Stalls:  0
[HEARTBEAT] Node: 1 | Tick:  3061 | Conf:  3059 | Hash: 0xF0437500 | Rollbacks: 38 (Resim:  38) | Stalls:  0
[HEARTBEAT] Node: 1 | Tick:  3121 | Conf:  3119 | Hash: 0xC353C2C1 | Rollbacks: 59 (Resim:  63) | Stalls:  0
[HEARTBEAT] Node: 1 | Tick:  3181 | Conf:  3179 | Hash: 0x0318CF3C | Rollbacks: 59 (Resim:  67) | Stalls:  0
[HEARTBEAT] Node: 1 | Tick:  3241 | Conf:  3238 | Hash: 0x169FB7F5 | Rollbacks: 52 (Resim:  52) | Stalls:  0
[HEARTBEAT] Node: 1 | Tick:  3301 | Conf:  3299 | Hash: 0x32D3ED32 | Rollbacks: 50 (Resim:  60) | Stalls:  0
[HEARTBEAT] Node: 1 | Tick:  3361 | Conf:  3359 | Hash: 0xBD1E4D95 | Rollbacks: 46 (Resim:  50) | Stalls:  0
[HEARTBEAT] Node: 1 | Tick:  3421 | Conf:  3419 | Hash: 0x73213D3C | Rollbacks: 48 (Resim:  48) | Stalls:  0
[HEARTBEAT] Node: 1 | Tick:  3481 | Conf:  3479 | Hash: 0x16C0CE3D | Rollbacks: 58 (Resim:  58) | Stalls:  0
[BOT:50005] Heartbeat - Sparse Mods Tracked: 2048
[HEARTBEAT] Node: 1 | Tick:  3541 | Conf:  3539 | Hash: 0x406A4F46 | Rollbacks: 58 (Resim:  76) | Stalls:  0
[HEARTBEAT] Node: 1 | Tick:  3601 | Conf:  3599 | Hash: 0x26D2BD7A | Rollbacks: 53 (Resim:  53) | Stalls:  0
[HEARTBEAT] Node: 1 | Tick:  3661 | Conf:  3659 | Hash: 0x55CCCE6E | Rollbacks: 57 (Resim:  82) | Stalls:  0
[HEARTBEAT] Node: 1 | Tick:  3721 | Conf:  3719 | Hash: 0xAF7B2098 | Rollbacks: 59 (Resim:  63) | Stalls:  0
[HEARTBEAT] Node: 1 | Tick:  3781 | Conf:  3779 | Hash: 0xB7FEEAAD | Rollbacks: 49 (Resim:  49) | Stalls:  0
[HEARTBEAT] Node: 1 | Tick:  3841 | Conf:  3838 | Hash: 0xB5F55605 | Rollbacks: 58 (Resim:  71) | Stalls:  0
[HEARTBEAT] Node: 1 | Tick:  3901 | Conf:  3899 | Hash: 0xAD921806 | Rollbacks: 52 (Resim:  59) | Stalls:  0
[HEARTBEAT] Node: 1 | Tick:  3961 | Conf:  3959 | Hash: 0x6F6C62D8 | Rollbacks: 58 (Resim:  73) | Stalls:  0
[HEARTBEAT] Node: 1 | Tick:  4021 | Conf:  4019 | Hash: 0xA2867D52 | Rollbacks: 55 (Resim:  59) | Stalls:  0
[HEARTBEAT] Node: 1 | Tick:  4081 | Conf:  4078 | Hash: 0xB1051F8E | Rollbacks: 56 (Resim:  63) | Stalls:  0
[BOT:50005] Heartbeat - Sparse Mods Tracked: 2048
[HEARTBEAT] Node: 1 | Tick:  4141 | Conf:  4139 | Hash: 0xAD030130 | Rollbacks: 59 (Resim:  83) | Stalls:  0
[HEARTBEAT] Node: 1 | Tick:  4201 | Conf:  4199 | Hash: 0x8A787E0B | Rollbacks: 44 (Resim:  46) | Stalls:  0
[HEARTBEAT] Node: 1 | Tick:  4261 | Conf:  4259 | Hash: 0xE04285CF | Rollbacks: 59 (Resim:  59) | Stalls:  0
[HEARTBEAT] Node: 1 | Tick:  4321 | Conf:  4319 | Hash: 0x2EBE0EE9 | Rollbacks: 59 (Resim:  77) | Stalls:  0
[HEARTBEAT] Node: 1 | Tick:  4381 | Conf:  4379 | Hash: 0x6749F8BC | Rollbacks: 55 (Resim:  55) | Stalls:  0
[HEARTBEAT] Node: 1 | Tick:  4441 | Conf:  4439 | Hash: 0x9486A955 | Rollbacks: 60 (Resim:  60) | Stalls:  0
[HEARTBEAT] Node: 1 | Tick:  4501 | Conf:  4499 | Hash: 0x9A9361F4 | Rollbacks: 59 (Resim:  72) | Stalls:  0
[HEARTBEAT] Node: 1 | Tick:  4561 | Conf:  4559 | Hash: 0x204FBF0D | Rollbacks: 37 (Resim:  37) | Stalls:  0
[HEARTBEAT] Node: 1 | Tick:  4621 | Conf:  4619 | Hash: 0x7767B73F | Rollbacks: 56 (Resim:  57) | Stalls:  0
[HEARTBEAT] Node: 1 | Tick:  4681 | Conf:  4679 | Hash: 0xBFE89044 | Rollbacks: 59 (Resim:  66) | Stalls:  0
[BOT:50005] Heartbeat - Sparse Mods Tracked: 2048
[HEARTBEAT] Node: 1 | Tick:  4741 | Conf:  4739 | Hash: 0xBF58B0CE | Rollbacks: 51 (Resim:  51) | Stalls:  0
[HEARTBEAT] Node: 1 | Tick:  4801 | Conf:  4799 | Hash: 0x1B026CCE | Rollbacks: 59 (Resim:  87) | Stalls:  0
[HEARTBEAT] Node: 1 | Tick:  4861 | Conf:  4859 | Hash: 0x52B3C8F1 | Rollbacks: 51 (Resim:  57) | Stalls:  0
[HEARTBEAT] Node: 1 | Tick:  4921 | Conf:  4919 | Hash: 0x6892DAE6 | Rollbacks: 55 (Resim:  75) | Stalls:  0
[HEARTBEAT] Node: 1 | Tick:  4981 | Conf:  4979 | Hash: 0x6A4932C4 | Rollbacks: 60 (Resim:  60) | Stalls:  0
[HEARTBEAT] Node: 1 | Tick:  5041 | Conf:  5039 | Hash: 0xD60024A4 | Rollbacks: 59 (Resim:  75) | Stalls:  0
[HEARTBEAT] Node: 1 | Tick:  5101 | Conf:  5099 | Hash: 0x52BC12CF | Rollbacks: 45 (Resim:  47) | Stalls:  0
[HEARTBEAT] Node: 1 | Tick:  5161 | Conf:  5159 | Hash: 0xC894A4B1 | Rollbacks: 56 (Resim:  56) | Stalls:  0
[HEARTBEAT] Node: 1 | Tick:  5221 | Conf:  5219 | Hash: 0x429823AA | Rollbacks: 59 (Resim:  60) | Stalls:  0
[HEARTBEAT] Node: 1 | Tick:  5281 | Conf:  5279 | Hash: 0x80BD2B4E | Rollbacks: 50 (Resim:  68) | Stalls:  0
[BOT:50005] Heartbeat - Sparse Mods Tracked: 2048
[HEARTBEAT] Node: 1 | Tick:  5341 | Conf:  5339 | Hash: 0x8904E1D6 | Rollbacks: 45 (Resim:  45) | Stalls:  0
[HEARTBEAT] Node: 1 | Tick:  5401 | Conf:  5399 | Hash: 0xA8772EB3 | Rollbacks: 51 (Resim:  57) | Stalls:  0
[HEARTBEAT] Node: 1 | Tick:  5461 | Conf:  5459 | Hash: 0x164A5E94 | Rollbacks: 46 (Resim:  49) | Stalls:  0
[HEARTBEAT] Node: 1 | Tick:  5521 | Conf:  5519 | Hash: 0x5B105D66 | Rollbacks: 52 (Resim:  55) | Stalls:  0
[HEARTBEAT] Node: 1 | Tick:  5581 | Conf:  5579 | Hash: 0x65575D3B | Rollbacks: 51 (Resim:  54) | Stalls:  0
[HEARTBEAT] Node: 1 | Tick:  5641 | Conf:  5639 | Hash: 0x4F2570C7 | Rollbacks: 50 (Resim:  53) | Stalls:  0
[HEARTBEAT] Node: 1 | Tick:  5701 | Conf:  5699 | Hash: 0x76F3DA9A | Rollbacks: 51 (Resim:  51) | Stalls:  0
[HEARTBEAT] Node: 1 | Tick:  5761 | Conf:  5758 | Hash: 0x182D357B | Rollbacks: 54 (Resim:  63) | Stalls:  0
[HEARTBEAT] Node: 1 | Tick:  5821 | Conf:  5819 | Hash: 0x11EF2D98 | Rollbacks: 51 (Resim:  57) | Stalls:  0
[HEARTBEAT] Node: 1 | Tick:  5881 | Conf:  5879 | Hash: 0x273E0520 | Rollbacks: 59 (Resim:  61) | Stalls:  0
[BOT:50005] Heartbeat - Sparse Mods Tracked: 2048
[HEARTBEAT] Node: 1 | Tick:  5941 | Conf:  5939 | Hash: 0x4556533F | Rollbacks: 59 (Resim:  70) | Stalls:  0
[HEARTBEAT] Node: 1 | Tick:  6001 | Conf:  5999 | Hash: 0x1B26E5A4 | Rollbacks: 48 (Resim:  48) | Stalls:  0
[HEARTBEAT] Node: 1 | Tick:  6061 | Conf:  6059 | Hash: 0x84431C5B | Rollbacks: 59 (Resim:  81) | Stalls:  0
[HEARTBEAT] Node: 1 | Tick:  6121 | Conf:  6119 | Hash: 0x674A4A1E | Rollbacks: 59 (Resim:  61) | Stalls:  0
[HEARTBEAT] Node: 1 | Tick:  6181 | Conf:  6178 | Hash: 0xD6EFB671 | Rollbacks: 55 (Resim:  60) | Stalls:  0
[HEARTBEAT] Node: 1 | Tick:  6241 | Conf:  6239 | Hash: 0x719D3DCB | Rollbacks: 51 (Resim:  72) | Stalls:  0
[HEARTBEAT] Node: 1 | Tick:  6301 | Conf:  6299 | Hash: 0xE9C8D736 | Rollbacks: 53 (Resim:  53) | Stalls:  0
[HEARTBEAT] Node: 1 | Tick:  6361 | Conf:  6359 | Hash: 0xC9C30043 | Rollbacks: 59 (Resim:  82) | Stalls:  0
[HEARTBEAT] Node: 1 | Tick:  6421 | Conf:  6419 | Hash: 0xCEA74DD7 | Rollbacks: 50 (Resim:  52) | Stalls:  0
[HEARTBEAT] Node: 1 | Tick:  6481 | Conf:  6479 | Hash: 0x10F22F57 | Rollbacks: 55 (Resim:  55) | Stalls:  0
[BOT:50005] Heartbeat - Sparse Mods Tracked: 2048
[HEARTBEAT] Node: 1 | Tick:  6541 | Conf:  6539 | Hash: 0x4FB501E0 | Rollbacks: 48 (Resim:  69) | Stalls:  0
[HEARTBEAT] Node: 1 | Tick:  6601 | Conf:  6599 | Hash: 0xA92EB557 | Rollbacks: 60 (Resim:  60) | Stalls:  0
[HEARTBEAT] Node: 1 | Tick:  6661 | Conf:  6659 | Hash: 0x3C521176 | Rollbacks: 55 (Resim:  55) | Stalls:  0
[HEARTBEAT] Node: 1 | Tick:  6721 | Conf:  6719 | Hash: 0x9D94E015 | Rollbacks: 45 (Resim:  66) | Stalls:  0
[HEARTBEAT] Node: 1 | Tick:  6781 | Conf:  6778 | Hash: 0xC6D46C7D | Rollbacks: 59 (Resim:  82) | Stalls:  0
[HEARTBEAT] Node: 1 | Tick:  6841 | Conf:  6839 | Hash: 0x94A84CE5 | Rollbacks: 52 (Resim:  53) | Stalls:  0
[HEARTBEAT] Node: 1 | Tick:  6901 | Conf:  6899 | Hash: 0x52BB2C1D | Rollbacks: 58 (Resim:  83) | Stalls:  0
[HEARTBEAT] Node: 1 | Tick:  6961 | Conf:  6959 | Hash: 0x66882365 | Rollbacks: 59 (Resim:  61) | Stalls:  0
[HEARTBEAT] Node: 1 | Tick:  7021 | Conf:  7019 | Hash: 0x99546FC9 | Rollbacks: 59 (Resim:  64) | Stalls:  0
[HEARTBEAT] Node: 1 | Tick:  7081 | Conf:  7079 | Hash: 0x00F9D939 | Rollbacks: 56 (Resim:  67) | Stalls:  0
[BOT:50005] Heartbeat - Sparse Mods Tracked: 2048
[HEARTBEAT] Node: 1 | Tick:  7141 | Conf:  7139 | Hash: 0xAEF76DF5 | Rollbacks: 59 (Resim:  73) | Stalls:  0
[HEARTBEAT] Node: 1 | Tick:  7201 | Conf:  7199 | Hash: 0xD3D89563 | Rollbacks: 56 (Resim:  56) | Stalls:  0
[HEARTBEAT] Node: 1 | Tick:  7261 | Conf:  7259 | Hash: 0xC79D21C0 | Rollbacks: 53 (Resim:  69) | Stalls:  0
[HEARTBEAT] Node: 1 | Tick:  7321 | Conf:  7319 | Hash: 0x1379D324 | Rollbacks: 59 (Resim:  71) | Stalls:  0
[HEARTBEAT] Node: 1 | Tick:  7381 | Conf:  7379 | Hash: 0x53E3B0BF | Rollbacks: 48 (Resim:  48) | Stalls:  0
[HEARTBEAT] Node: 1 | Tick:  7441 | Conf:  7439 | Hash: 0x7B6F23F3 | Rollbacks: 57 (Resim:  82) | Stalls:  0
[HEARTBEAT] Node: 1 | Tick:  7501 | Conf:  7499 | Hash: 0xF2713E6D | Rollbacks: 58 (Resim:  64) | Stalls:  0
[HEARTBEAT] Node: 1 | Tick:  7561 | Conf:  7559 | Hash: 0x9A5D5BEE | Rollbacks: 59 (Resim:  66) | Stalls:  0
[HEARTBEAT] Node: 1 | Tick:  7621 | Conf:  7619 | Hash: 0x6778FE1C | Rollbacks: 49 (Resim:  49) | Stalls:  0
[BOT:50005] Heartbeat - Sparse Mods Tracked: 2048
[HEARTBEAT] Node: 1 | Tick:  7681 | Conf:  7679 | Hash: 0xD453B9A2 | Rollbacks: 59 (Resim:  91) | Stalls:  0
[HEARTBEAT] Node: 1 | Tick:  7741 | Conf:  7739 | Hash: 0xE4089A13 | Rollbacks: 56 (Resim:  59) | Stalls:  0
[HEARTBEAT] Node: 1 | Tick:  7801 | Conf:  7799 | Hash: 0x3A084C74 | Rollbacks: 59 (Resim:  59) | Stalls:  0
[HEARTBEAT] Node: 1 | Tick:  7861 | Conf:  7859 | Hash: 0x963F80E3 | Rollbacks: 59 (Resim:  66) | Stalls:  0
[HEARTBEAT] Node: 1 | Tick:  7921 | Conf:  7919 | Hash: 0x81D9EE9A | Rollbacks: 60 (Resim:  60) | Stalls:  0
[HEARTBEAT] Node: 1 | Tick:  7981 | Conf:  7979 | Hash: 0x1BC405F1 | Rollbacks: 49 (Resim:  59) | Stalls:  0
[HEARTBEAT] Node: 1 | Tick:  8041 | Conf:  8039 | Hash: 0x90C1E809 | Rollbacks: 54 (Resim:  54) | Stalls:  0
[HEARTBEAT] Node: 1 | Tick:  8101 | Conf:  8099 | Hash: 0x250A3212 | Rollbacks: 57 (Resim:  89) | Stalls:  0
[HEARTBEAT] Node: 1 | Tick:  8161 | Conf:  8159 | Hash: 0x39827C66 | Rollbacks: 59 (Resim:  61) | Stalls:  0
[HEARTBEAT] Node: 1 | Tick:  8221 | Conf:  8218 | Hash: 0x8AC5425F | Rollbacks: 55 (Resim:  61) | Stalls:  0
[BOT:50005] Heartbeat - Sparse Mods Tracked: 2048
[HEARTBEAT] Node: 1 | Tick:  8281 | Conf:  8279 | Hash: 0xB570DEC4 | Rollbacks: 43 (Resim:  54) | Stalls:  0
[HEARTBEAT] Node: 1 | Tick:  8341 | Conf:  8339 | Hash: 0xEC28E77C | Rollbacks: 59 (Resim:  81) | Stalls:  0
[HEARTBEAT] Node: 1 | Tick:  8401 | Conf:  8399 | Hash: 0xF6113F4D | Rollbacks: 59 (Resim:  62) | Stalls:  0
[HEARTBEAT] Node: 1 | Tick:  8461 | Conf:  8459 | Hash: 0xB6CB8BA7 | Rollbacks: 52 (Resim:  52) | Stalls:  0
[HEARTBEAT] Node: 1 | Tick:  8521 | Conf:  8519 | Hash: 0x13170ED5 | Rollbacks: 58 (Resim:  80) | Stalls:  0
[HEARTBEAT] Node: 1 | Tick:  8581 | Conf:  8579 | Hash: 0x179C1E26 | Rollbacks: 53 (Resim:  53) | Stalls:  0
[HEARTBEAT] Node: 1 | Tick:  8641 | Conf:  8639 | Hash: 0xF2018BD0 | Rollbacks: 59 (Resim:  61) | Stalls:  0
[HEARTBEAT] Node: 1 | Tick:  8701 | Conf:  8699 | Hash: 0x38047238 | Rollbacks: 59 (Resim:  64) | Stalls:  0
[HEARTBEAT] Node: 1 | Tick:  8761 | Conf:  8759 | Hash: 0x87C86136 | Rollbacks: 52 (Resim:  52) | Stalls:  0
[HEARTBEAT] Node: 1 | Tick:  8821 | Conf:  8819 | Hash: 0x040C82CD | Rollbacks: 53 (Resim:  78) | Stalls:  0
[BOT:50005] Heartbeat - Sparse Mods Tracked: 2048
[HEARTBEAT] Node: 1 | Tick:  8881 | Conf:  8879 | Hash: 0xFA21D2F5 | Rollbacks: 59 (Resim:  61) | Stalls:  0
[HEARTBEAT] Node: 1 | Tick:  8941 | Conf:  8939 | Hash: 0x01F98C56 | Rollbacks: 56 (Resim:  56) | Stalls:  0
[HEARTBEAT] Node: 1 | Tick:  9001 | Conf:  8999 | Hash: 0xAB181A03 | Rollbacks: 45 (Resim:  65) | Stalls:  0
[HEARTBEAT] Node: 1 | Tick:  9061 | Conf:  9058 | Hash: 0x157431AB | Rollbacks: 58 (Resim:  59) | Stalls:  0
[HEARTBEAT] Node: 1 | Tick:  9121 | Conf:  9119 | Hash: 0x54908D3B | Rollbacks: 60 (Resim:  79) | Stalls:  0
[HEARTBEAT] Node: 1 | Tick:  9181 | Conf:  9179 | Hash: 0x6C84D1F1 | Rollbacks: 60 (Resim:  60) | Stalls:  0
[HEARTBEAT] Node: 1 | Tick:  9241 | Conf:  9239 | Hash: 0x2E9FABDA | Rollbacks: 59 (Resim:  72) | Stalls:  0
[HEARTBEAT] Node: 1 | Tick:  9301 | Conf:  9299 | Hash: 0xD0B91E7C | Rollbacks: 46 (Resim:  46) | Stalls:  0
[HEARTBEAT] Node: 1 | Tick:  9361 | Conf:  9358 | Hash: 0xC91C06DD | Rollbacks: 59 (Resim:  76) | Stalls:  0
[HEARTBEAT] Node: 1 | Tick:  9421 | Conf:  9419 | Hash: 0x094668D7 | Rollbacks: 59 (Resim:  75) | Stalls:  0
[BOT:50005] Heartbeat - Sparse Mods Tracked: 2048
[HEARTBEAT] Node: 1 | Tick:  9481 | Conf:  9479 | Hash: 0x5C21B6C2 | Rollbacks: 57 (Resim:  60) | Stalls:  0
[HEARTBEAT] Node: 1 | Tick:  9541 | Conf:  9538 | Hash: 0x6BE8DDC9 | Rollbacks: 59 (Resim:  61) | Stalls:  0
[HEARTBEAT] Node: 1 | Tick:  9601 | Conf:  9599 | Hash: 0x693DF511 | Rollbacks: 49 (Resim:  64) | Stalls:  0
[HEARTBEAT] Node: 1 | Tick:  9661 | Conf:  9659 | Hash: 0x9B32E922 | Rollbacks: 50 (Resim:  53) | Stalls:  0
[HEARTBEAT] Node: 1 | Tick:  9721 | Conf:  9719 | Hash: 0x045BE779 | Rollbacks: 46 (Resim:  66) | Stalls:  0
[HEARTBEAT] Node: 1 | Tick:  9781 | Conf:  9779 | Hash: 0xA5F6347B | Rollbacks: 59 (Resim:  61) | Stalls:  0
[HEARTBEAT] Node: 1 | Tick:  9841 | Conf:  9839 | Hash: 0x5C70E59A | Rollbacks: 56 (Resim:  56) | Stalls:  0
[HEARTBEAT] Node: 1 | Tick:  9901 | Conf:  9898 | Hash: 0x0DA838DE | Rollbacks: 46 (Resim:  69) | Stalls:  0
[HEARTBEAT] Node: 1 | Tick:  9961 | Conf:  9959 | Hash: 0x59AF86C5 | Rollbacks: 60 (Resim:  62) | Stalls:  0
[HEARTBEAT] Node: 1 | Tick: 10021 | Conf: 10019 | Hash: 0x083D6A44 | Rollbacks: 59 (Resim:  70) | Stalls:  0
[BOT:50005] Heartbeat - Sparse Mods Tracked: 2048
[HEARTBEAT] Node: 1 | Tick: 10081 | Conf: 10079 | Hash: 0xFA93310C | Rollbacks: 54 (Resim:  54) | Stalls:  0
[HEARTBEAT] Node: 1 | Tick: 10141 | Conf: 10139 | Hash: 0xC15DB434 | Rollbacks: 58 (Resim:  80) | Stalls:  0
[HEARTBEAT] Node: 1 | Tick: 10201 | Conf: 10199 | Hash: 0xC18A77E5 | Rollbacks: 54 (Resim:  57) | Stalls:  0
[HEARTBEAT] Node: 1 | Tick: 10261 | Conf: 10259 | Hash: 0xD1AEFA6C | Rollbacks: 57 (Resim:  57) | Stalls:  0
[HEARTBEAT] Node: 1 | Tick: 10321 | Conf: 10319 | Hash: 0x0F5F8902 | Rollbacks: 47 (Resim:  66) | Stalls:  0
[HEARTBEAT] Node: 1 | Tick: 10381 | Conf: 10379 | Hash: 0xC9D2B80E | Rollbacks: 58 (Resim:  61) | Stalls:  0
[HEARTBEAT] Node: 1 | Tick: 10441 | Conf: 10438 | Hash: 0x26B7E3CB | Rollbacks: 58 (Resim:  61) | Stalls:  0
[HEARTBEAT] Node: 1 | Tick: 10501 | Conf: 10499 | Hash: 0xF139C07A | Rollbacks: 45 (Resim:  62) | Stalls:  0
[HEARTBEAT] Node: 1 | Tick: 10561 | Conf: 10559 | Hash: 0x7E2B649C | Rollbacks: 53 (Resim:  53) | Stalls:  0
[HEARTBEAT] Node: 1 | Tick: 10621 | Conf: 10618 | Hash: 0xAB648432 | Rollbacks: 59 (Resim:  79) | Stalls:  0
[BOT:50005] Heartbeat - Sparse Mods Tracked: 2048
[HEARTBEAT] Node: 1 | Tick: 10681 | Conf: 10678 | Hash: 0xC0157642 | Rollbacks: 58 (Resim:  63) | Stalls:  0
[HEARTBEAT] Node: 1 | Tick: 10741 | Conf: 10739 | Hash: 0x359F6359 | Rollbacks: 45 (Resim:  58) | Stalls:  0
[HEARTBEAT] Node: 1 | Tick: 10801 | Conf: 10799 | Hash: 0x44EBDD17 | Rollbacks: 49 (Resim:  49) | Stalls:  0
[HEARTBEAT] Node: 1 | Tick: 10861 | Conf: 10858 | Hash: 0xECF31562 | Rollbacks: 59 (Resim:  71) | Stalls:  0
[HEARTBEAT] Node: 1 | Tick: 10921 | Conf: 10919 | Hash: 0x4689D3EC | Rollbacks: 54 (Resim:  74) | Stalls:  0
[HEARTBEAT] Node: 1 | Tick: 10981 | Conf: 10979 | Hash: 0x60023EBC | Rollbacks: 56 (Resim:  82) | Stalls:  0
[HEARTBEAT] Node: 1 | Tick: 11041 | Conf: 11039 | Hash: 0x5FCB94AE | Rollbacks: 59 (Resim:  61) | Stalls:  0
[HEARTBEAT] Node: 1 | Tick: 11101 | Conf: 11099 | Hash: 0x1F31134C | Rollbacks: 58 (Resim:  58) | Stalls:  0
[HEARTBEAT] Node: 1 | Tick: 11161 | Conf: 11159 | Hash: 0xBCA12FA6 | Rollbacks: 43 (Resim:  59) | Stalls:  0
[HEARTBEAT] Node: 1 | Tick: 11221 | Conf: 11219 | Hash: 0x3A92FCCA | Rollbacks: 59 (Resim:  59) | Stalls:  0
[BOT:50005] Heartbeat - Sparse Mods Tracked: 2048
[HEARTBEAT] Node: 1 | Tick: 11281 | Conf: 11279 | Hash: 0xEA81FD78 | Rollbacks: 59 (Resim:  75) | Stalls:  0
[HEARTBEAT] Node: 1 | Tick: 11341 | Conf: 11339 | Hash: 0xB1CEF288 | Rollbacks: 53 (Resim:  53) | Stalls:  0
[HEARTBEAT] Node: 1 | Tick: 11401 | Conf: 11399 | Hash: 0xE4E26B28 | Rollbacks: 59 (Resim:  65) | Stalls:  0
[HEARTBEAT] Node: 1 | Tick: 11461 | Conf: 11459 | Hash: 0xBB8BF332 | Rollbacks: 57 (Resim:  63) | Stalls:  0
[HEARTBEAT] Node: 1 | Tick: 11521 | Conf: 11518 | Hash: 0xCEFC4EF6 | Rollbacks: 54 (Resim:  58) | Stalls:  0
[HEARTBEAT] Node: 1 | Tick: 11581 | Conf: 11579 | Hash: 0x171EC93A | Rollbacks: 52 (Resim:  74) | Stalls:  0
[HEARTBEAT] Node: 1 | Tick: 11641 | Conf: 11639 | Hash: 0x66CB47C7 | Rollbacks: 51 (Resim:  51) | Stalls:  0
[HEARTBEAT] Node: 1 | Tick: 11701 | Conf: 11698 | Hash: 0x49D0BECA | Rollbacks: 59 (Resim:  83) | Stalls:  0
[HEARTBEAT] Node: 1 | Tick: 11761 | Conf: 11759 | Hash: 0x317E5236 | Rollbacks: 56 (Resim:  61) | Stalls:  0
[HEARTBEAT] Node: 1 | Tick: 11821 | Conf: 11819 | Hash: 0xBDDF1E61 | Rollbacks: 50 (Resim:  50) | Stalls:  0
[BOT:50005] Heartbeat - Sparse Mods Tracked: 2048
[HEARTBEAT] Node: 1 | Tick: 11881 | Conf: 11879 | Hash: 0xFBDB4E46 | Rollbacks: 59 (Resim:  76) | Stalls:  0
[HEARTBEAT] Node: 1 | Tick: 11941 | Conf: 11939 | Hash: 0x3CB12510 | Rollbacks: 51 (Resim:  54) | Stalls:  0
[HEARTBEAT] Node: 1 | Tick: 12001 | Conf: 11998 | Hash: 0xA9BE59AE | Rollbacks: 59 (Resim:  68) | Stalls:  0
[HEARTBEAT] Node: 1 | Tick: 12061 | Conf: 12059 | Hash: 0x8C683D55 | Rollbacks: 59 (Resim:  80) | Stalls:  0
[HEARTBEAT] Node: 1 | Tick: 12121 | Conf: 12119 | Hash: 0x1E82EE9D | Rollbacks: 59 (Resim:  60) | Stalls:  0
[HEARTBEAT] Node: 1 | Tick: 12181 | Conf: 12179 | Hash: 0x661141E1 | Rollbacks: 54 (Resim:  56) | Stalls:  0
[HEARTBEAT] Node: 1 | Tick: 12241 | Conf: 12239 | Hash: 0x1E935465 | Rollbacks: 50 (Resim:  50) | Stalls:  0
[HEARTBEAT] Node: 1 | Tick: 12301 | Conf: 12299 | Hash: 0x3DC6FADA | Rollbacks: 53 (Resim:  54) | Stalls:  0
[HEARTBEAT] Node: 1 | Tick: 12361 | Conf: 12359 | Hash: 0x4D868B8E | Rollbacks: 51 (Resim:  71) | Stalls:  0
[HEARTBEAT] Node: 1 | Tick: 12421 | Conf: 12419 | Hash: 0xFEB6223F | Rollbacks: 52 (Resim:  54) | Stalls:  0
[BOT:50005] Heartbeat - Sparse Mods Tracked: 2048
[HEARTBEAT] Node: 1 | Tick: 12481 | Conf: 12479 | Hash: 0xEBA575E5 | Rollbacks: 58 (Resim:  58) | Stalls:  0
[HEARTBEAT] Node: 1 | Tick: 12541 | Conf: 12539 | Hash: 0xBCC2293C | Rollbacks: 48 (Resim:  57) | Stalls:  0
[HEARTBEAT] Node: 1 | Tick: 12601 | Conf: 12598 | Hash: 0x47D60869 | Rollbacks: 58 (Resim:  72) | Stalls:  0
[HEARTBEAT] Node: 1 | Tick: 12661 | Conf: 12659 | Hash: 0x34AE28EE | Rollbacks: 43 (Resim:  51) | Stalls:  0
[HEARTBEAT] Node: 1 | Tick: 12721 | Conf: 12719 | Hash: 0x8F3FF4F7 | Rollbacks: 59 (Resim:  59) | Stalls:  0
[HEARTBEAT] Node: 1 | Tick: 12781 | Conf: 12779 | Hash: 0x7081D2EB | Rollbacks: 59 (Resim:  83) | Stalls:  0
[HEARTBEAT] Node: 1 | Tick: 12841 | Conf: 12839 | Hash: 0x6824722B | Rollbacks: 51 (Resim:  51) | Stalls:  0
[HEARTBEAT] Node: 1 | Tick: 12901 | Conf: 12899 | Hash: 0x4BE5084B | Rollbacks: 59 (Resim:  66) | Stalls:  0
[HEARTBEAT] Node: 1 | Tick: 12961 | Conf: 12959 | Hash: 0x1B0594A4 | Rollbacks: 58 (Resim:  63) | Stalls:  0
[BOT:50005] Heartbeat - Sparse Mods Tracked: 2048
[HEARTBEAT] Node: 1 | Tick: 13021 | Conf: 13018 | Hash: 0x1F92615C | Rollbacks: 59 (Resim:  67) | Stalls:  0
[HEARTBEAT] Node: 1 | Tick: 13081 | Conf: 13079 | Hash: 0x8DB35328 | Rollbacks: 43 (Resim:  53) | Stalls:  0
[HEARTBEAT] Node: 1 | Tick: 13141 | Conf: 13139 | Hash: 0xFFE2AF1C | Rollbacks: 51 (Resim:  51) | Stalls:  0
[HEARTBEAT] Node: 1 | Tick: 13201 | Conf: 13198 | Hash: 0x36787FEF | Rollbacks: 59 (Resim:  72) | Stalls:  0
[HEARTBEAT] Node: 1 | Tick: 13261 | Conf: 13259 | Hash: 0x8B23CD2A | Rollbacks: 43 (Resim:  48) | Stalls:  0
[HEARTBEAT] Node: 1 | Tick: 13321 | Conf: 13319 | Hash: 0xB246474B | Rollbacks: 60 (Resim:  60) | Stalls:  0
[HEARTBEAT] Node: 1 | Tick: 13381 | Conf: 13379 | Hash: 0x98FDA811 | Rollbacks: 55 (Resim:  73) | Stalls:  0
[HEARTBEAT] Node: 1 | Tick: 13441 | Conf: 13439 | Hash: 0x775EF68C | Rollbacks: 55 (Resim:  57) | Stalls:  0
[HEARTBEAT] Node: 1 | Tick: 13501 | Conf: 13499 | Hash: 0x273EFED3 | Rollbacks: 59 (Resim:  60) | Stalls:  0
[HEARTBEAT] Node: 1 | Tick: 13561 | Conf: 13559 | Hash: 0xA4F4697B | Rollbacks: 45 (Resim:  58) | Stalls:  0
[BOT:50005] Heartbeat - Sparse Mods Tracked: 2048
[HEARTBEAT] Node: 1 | Tick: 13621 | Conf: 13619 | Hash: 0xC3C6DAA4 | Rollbacks: 51 (Resim:  54) | Stalls:  0
[HEARTBEAT] Node: 1 | Tick: 13681 | Conf: 13678 | Hash: 0x387C1664 | Rollbacks: 59 (Resim:  66) | Stalls:  0
[HEARTBEAT] Node: 1 | Tick: 13741 | Conf: 13739 | Hash: 0x0A37A6EC | Rollbacks: 59 (Resim:  81) | Stalls:  0
[HEARTBEAT] Node: 1 | Tick: 13801 | Conf: 13799 | Hash: 0xCF6606AC | Rollbacks: 47 (Resim:  47) | Stalls:  0
[HEARTBEAT] Node: 1 | Tick: 13861 | Conf: 13859 | Hash: 0x79A6121B | Rollbacks: 59 (Resim:  68) | Stalls:  0
[HEARTBEAT] Node: 1 | Tick: 13921 | Conf: 13919 | Hash: 0x91DFE9A2 | Rollbacks: 42 (Resim:  46) | Stalls:  0
[HEARTBEAT] Node: 1 | Tick: 13981 | Conf: 13979 | Hash: 0x6C4FE825 | Rollbacks: 54 (Resim:  54) | Stalls:  0
[HEARTBEAT] Node: 1 | Tick: 14041 | Conf: 14039 | Hash: 0x26272D2C | Rollbacks: 59 (Resim:  66) | Stalls:  0
[HEARTBEAT] Node: 1 | Tick: 14101 | Conf: 14099 | Hash: 0x78FCC401 | Rollbacks: 59 (Resim:  71) | Stalls:  0
[HEARTBEAT] Node: 1 | Tick: 14161 | Conf: 14159 | Hash: 0x4B36FB68 | Rollbacks: 42 (Resim:  44) | Stalls:  0
[BOT:50005] Heartbeat - Sparse Mods Tracked: 2048
[HEARTBEAT] Node: 1 | Tick: 14221 | Conf: 14219 | Hash: 0x73AF7A2D | Rollbacks: 43 (Resim:  43) | Stalls:  0
[HEARTBEAT] Node: 1 | Tick: 14281 | Conf: 14279 | Hash: 0xF237B8F5 | Rollbacks: 41 (Resim:  44) | Stalls:  0
[HEARTBEAT] Node: 1 | Tick: 14341 | Conf: 14339 | Hash: 0x72D03D94 | Rollbacks: 60 (Resim:  60) | Stalls:  0
[HEARTBEAT] Node: 1 | Tick: 14401 | Conf: 14399 | Hash: 0x6063FFB3 | Rollbacks: 59 (Resim:  71) | Stalls:  0
[HEARTBEAT] Node: 1 | Tick: 14461 | Conf: 14459 | Hash: 0x3480EB48 | Rollbacks: 45 (Resim:  45) | Stalls:  0
[HEARTBEAT] Node: 1 | Tick: 14521 | Conf: 14519 | Hash: 0xE645BA96 | Rollbacks: 59 (Resim:  60) | Stalls:  0
[HEARTBEAT] Node: 1 | Tick: 14581 | Conf: 14579 | Hash: 0xC82342C2 | Rollbacks: 57 (Resim:  73) | Stalls:  0
[HEARTBEAT] Node: 1 | Tick: 14641 | Conf: 14639 | Hash: 0xD00B1648 | Rollbacks: 50 (Resim:  53) | Stalls:  0
[HEARTBEAT] Node: 1 | Tick: 14701 | Conf: 14699 | Hash: 0x3D7C7D37 | Rollbacks: 53 (Resim:  53) | Stalls:  0
[HEARTBEAT] Node: 1 | Tick: 14761 | Conf: 14759 | Hash: 0xC34A12C2 | Rollbacks: 47 (Resim:  70) | Stalls:  0
[BOT:50005] Heartbeat - Sparse Mods Tracked: 2048
[HEARTBEAT] Node: 1 | Tick: 14821 | Conf: 14819 | Hash: 0x7EB96A55 | Rollbacks: 59 (Resim:  60) | Stalls:  0
[HEARTBEAT] Node: 1 | Tick: 14881 | Conf: 14879 | Hash: 0x4FCBA568 | Rollbacks: 59 (Resim:  91) | Stalls:  0
[HEARTBEAT] Node: 1 | Tick: 14941 | Conf: 14939 | Hash: 0x30FCF45D | Rollbacks: 60 (Resim:  60) | Stalls:  0
[HEARTBEAT] Node: 1 | Tick: 15001 | Conf: 14999 | Hash: 0xED7BD2DD | Rollbacks: 58 (Resim:  80) | Stalls:  0
[HEARTBEAT] Node: 1 | Tick: 15061 | Conf: 15059 | Hash: 0xEB564EC7 | Rollbacks: 59 (Resim:  59) | Stalls:  0
[HEARTBEAT] Node: 1 | Tick: 15121 | Conf: 15119 | Hash: 0xB1FEE8D3 | Rollbacks: 59 (Resim:  75) | Stalls:  0
[HEARTBEAT] Node: 1 | Tick: 15181 | Conf: 15179 | Hash: 0xF50761EB | Rollbacks: 48 (Resim:  50) | Stalls:  0
[HEARTBEAT] Node: 1 | Tick: 15241 | Conf: 15238 | Hash: 0xE6F3B2C9 | Rollbacks: 59 (Resim:  75) | Stalls:  0
[HEARTBEAT] Node: 1 | Tick: 15301 | Conf: 15299 | Hash: 0x77B5B8F5 | Rollbacks: 57 (Resim:  72) | Stalls:  0
[HEARTBEAT] Node: 1 | Tick: 15361 | Conf: 15359 | Hash: 0x6B27D5D3 | Rollbacks: 49 (Resim:  49) | Stalls:  0
[BOT:50005] Heartbeat - Sparse Mods Tracked: 2048
[HEARTBEAT] Node: 1 | Tick: 15421 | Conf: 15418 | Hash: 0xDC4AEB0C | Rollbacks: 59 (Resim:  78) | Stalls:  0
[HEARTBEAT] Node: 1 | Tick: 15481 | Conf: 15479 | Hash: 0xF3CBBE2F | Rollbacks: 59 (Resim:  65) | Stalls:  0
[HEARTBEAT] Node: 1 | Tick: 15541 | Conf: 15539 | Hash: 0x4A9950E6 | Rollbacks: 56 (Resim:  56) | Stalls:  0
[HEARTBEAT] Node: 1 | Tick: 15601 | Conf: 15599 | Hash: 0xFB9B6552 | Rollbacks: 56 (Resim:  71) | Stalls:  0
[HEARTBEAT] Node: 1 | Tick: 15661 | Conf: 15659 | Hash: 0x72BB80E2 | Rollbacks: 38 (Resim:  38) | Stalls:  0
[HEARTBEAT] Node: 1 | Tick: 15721 | Conf: 15719 | Hash: 0xF5DD6FE1 | Rollbacks: 55 (Resim:  58) | Stalls:  0
[HEARTBEAT] Node: 1 | Tick: 15781 | Conf: 15778 | Hash: 0x65BE2444 | Rollbacks: 59 (Resim:  66) | Stalls:  0
[HEARTBEAT] Node: 1 | Tick: 15841 | Conf: 15839 | Hash: 0x7753094D | Rollbacks: 59 (Resim:  72) | Stalls:  0
[HEARTBEAT] Node: 1 | Tick: 15901 | Conf: 15899 | Hash: 0x3D7CE557 | Rollbacks: 48 (Resim:  50) | Stalls:  0
[HEARTBEAT] Node: 1 | Tick: 15961 | Conf: 15959 | Hash: 0xEC93A3BB | Rollbacks: 54 (Resim:  54) | Stalls:  0
[BOT:50005] Heartbeat - Sparse Mods Tracked: 2048
[HEARTBEAT] Node: 1 | Tick: 16021 | Conf: 16019 | Hash: 0x51A15372 | Rollbacks: 57 (Resim:  84) | Stalls:  0
[HEARTBEAT] Node: 1 | Tick: 16081 | Conf: 16079 | Hash: 0xE2EE1DD1 | Rollbacks: 54 (Resim:  60) | Stalls:  0
[HEARTBEAT] Node: 1 | Tick: 16141 | Conf: 16139 | Hash: 0xEDE76E48 | Rollbacks: 59 (Resim:  84) | Stalls:  0
[HEARTBEAT] Node: 1 | Tick: 16201 | Conf: 16199 | Hash: 0x5E134738 | Rollbacks: 54 (Resim:  56) | Stalls:  0
[HEARTBEAT] Node: 1 | Tick: 16261 | Conf: 16259 | Hash: 0xE563B31E | Rollbacks: 49 (Resim:  49) | Stalls:  0
[HEARTBEAT] Node: 1 | Tick: 16321 | Conf: 16319 | Hash: 0x09BA01F5 | Rollbacks: 59 (Resim:  72) | Stalls:  0
[HEARTBEAT] Node: 1 | Tick: 16381 | Conf: 16379 | Hash: 0xFE81DA84 | Rollbacks: 59 (Resim:  66) | Stalls:  0
[HEARTBEAT] Node: 1 | Tick: 16441 | Conf: 16439 | Hash: 0xBD0EDFD5 | Rollbacks: 59 (Resim:  64) | Stalls:  0
[HEARTBEAT] Node: 1 | Tick: 16501 | Conf: 16499 | Hash: 0xB86FB042 | Rollbacks: 58 (Resim:  68) | Stalls:  0
[HEARTBEAT] Node: 1 | Tick: 16561 | Conf: 16559 | Hash: 0xB36C6288 | Rollbacks: 59 (Resim:  61) | Stalls:  0
[BOT:50005] Heartbeat - Sparse Mods Tracked: 2048
[HEARTBEAT] Node: 1 | Tick: 16621 | Conf: 16618 | Hash: 0xE43604B9 | Rollbacks: 58 (Resim:  65) | Stalls:  0
[HEARTBEAT] Node: 1 | Tick: 16681 | Conf: 16679 | Hash: 0xA816D5B2 | Rollbacks: 60 (Resim:  71) | Stalls:  0
[HEARTBEAT] Node: 1 | Tick: 16741 | Conf: 16739 | Hash: 0xB8F13E8E | Rollbacks: 57 (Resim:  58) | Stalls:  0
[HEARTBEAT] Node: 1 | Tick: 16801 | Conf: 16798 | Hash: 0x103A3A81 | Rollbacks: 58 (Resim:  66) | Stalls:  0
[HEARTBEAT] Node: 1 | Tick: 16861 | Conf: 16859 | Hash: 0x56F25AF5 | Rollbacks: 44 (Resim:  49) | Stalls:  0
[HEARTBEAT] Node: 1 | Tick: 16921 | Conf: 16919 | Hash: 0xD7AFD407 | Rollbacks: 55 (Resim:  55) | Stalls:  0
[HEARTBEAT] Node: 1 | Tick: 16981 | Conf: 16979 | Hash: 0x3AAD492F | Rollbacks: 59 (Resim:  82) | Stalls:  0
[HEARTBEAT] Node: 1 | Tick: 17041 | Conf: 17039 | Hash: 0x81101FC7 | Rollbacks: 50 (Resim:  69) | Stalls:  0
[HEARTBEAT] Node: 1 | Tick: 17101 | Conf: 17099 | Hash: 0x45EB7213 | Rollbacks: 56 (Resim:  59) | Stalls:  0
[HEARTBEAT] Node: 1 | Tick: 17161 | Conf: 17159 | Hash: 0xD4781E67 | Rollbacks: 45 (Resim:  45) | Stalls:  0
[BOT:50005] Heartbeat - Sparse Mods Tracked: 2048
[HEARTBEAT] Node: 1 | Tick: 17221 | Conf: 17218 | Hash: 0xFC198B82 | Rollbacks: 58 (Resim:  68) | Stalls:  0
[HEARTBEAT] Node: 1 | Tick: 17281 | Conf: 17279 | Hash: 0x83C63594 | Rollbacks: 44 (Resim:  50) | Stalls:  0
[HEARTBEAT] Node: 1 | Tick: 17341 | Conf: 17339 | Hash: 0x2B45F3BB | Rollbacks: 45 (Resim:  49) | Stalls:  0
[HEARTBEAT] Node: 1 | Tick: 17401 | Conf: 17399 | Hash: 0x9158FF6C | Rollbacks: 51 (Resim:  51) | Stalls:  0
[HEARTBEAT] Node: 1 | Tick: 17461 | Conf: 17458 | Hash: 0x4FBAB3A9 | Rollbacks: 59 (Resim:  83) | Stalls:  0
[HEARTBEAT] Node: 1 | Tick: 17521 | Conf: 17519 | Hash: 0xD152BA67 | Rollbacks: 57 (Resim:  61) | Stalls:  0
[HEARTBEAT] Node: 1 | Tick: 17581 | Conf: 17579 | Hash: 0xA231BAA0 | Rollbacks: 53 (Resim:  53) | Stalls:  0
[HEARTBEAT] Node: 1 | Tick: 17641 | Conf: 17639 | Hash: 0xAA5912D0 | Rollbacks: 57 (Resim:  81) | Stalls:  0
[HEARTBEAT] Node: 1 | Tick: 17701 | Conf: 17699 | Hash: 0x29F06BA2 | Rollbacks: 57 (Resim:  60) | Stalls:  0
[HEARTBEAT] Node: 1 | Tick: 17761 | Conf: 17759 | Hash: 0x95A13B41 | Rollbacks: 58 (Resim:  58) | Stalls:  0
[BOT:50005] Heartbeat - Sparse Mods Tracked: 2048
[HEARTBEAT] Node: 1 | Tick: 17821 | Conf: 17819 | Hash: 0x25DDC4A4 | Rollbacks: 58 (Resim:  83) | Stalls:  0
[HEARTBEAT] Node: 1 | Tick: 17881 | Conf: 17879 | Hash: 0x2A540CFF | Rollbacks: 53 (Resim:  56) | Stalls:  0
[HEARTBEAT] Node: 1 | Tick: 17941 | Conf: 17939 | Hash: 0xCB2B009C | Rollbacks: 40 (Resim:  40) | Stalls:  0
[HEARTBEAT] Node: 1 | Tick: 18001 | Conf: 17999 | Hash: 0xA9434E62 | Rollbacks: 58 (Resim:  82) | Stalls:  0
[HEARTBEAT] Node: 1 | Tick: 18061 | Conf: 18059 | Hash: 0x3BBA12A2 | Rollbacks: 59 (Resim:  61) | Stalls:  0
[HEARTBEAT] Node: 1 | Tick: 18121 | Conf: 18119 | Hash: 0x0B7C0A54 | Rollbacks: 53 (Resim:  53) | Stalls:  0
[HEARTBEAT] Node: 1 | Tick: 18181 | Conf: 18178 | Hash: 0x7F2B0687 | Rollbacks: 55 (Resim:  84) | Stalls:  0
[HEARTBEAT] Node: 1 | Tick: 18241 | Conf: 18239 | Hash: 0x6EF8E96A | Rollbacks: 45 (Resim:  46) | Stalls:  0
[HEARTBEAT] Node: 1 | Tick: 18301 | Conf: 18299 | Hash: 0x5DE60B4D | Rollbacks: 60 (Resim:  60) | Stalls:  0
[BOT:50005] Heartbeat - Sparse Mods Tracked: 2048
[HEARTBEAT] Node: 1 | Tick: 18361 | Conf: 18359 | Hash: 0x797E39FB | Rollbacks: 57 (Resim:  67) | Stalls:  0
[HEARTBEAT] Node: 1 | Tick: 18421 | Conf: 18419 | Hash: 0xB612BD6C | Rollbacks: 44 (Resim:  47) | Stalls:  0
[HEARTBEAT] Node: 1 | Tick: 18481 | Conf: 18479 | Hash: 0x797B0758 | Rollbacks: 42 (Resim:  45) | Stalls:  0
[HEARTBEAT] Node: 1 | Tick: 18541 | Conf: 18539 | Hash: 0xDFACC009 | Rollbacks: 44 (Resim:  44) | Stalls:  0
[HEARTBEAT] Node: 1 | Tick: 18601 | Conf: 18599 | Hash: 0x0F2833BF | Rollbacks: 54 (Resim:  54) | Stalls:  0
[HEARTBEAT] Node: 1 | Tick: 18661 | Conf: 18658 | Hash: 0xE9A51268 | Rollbacks: 58 (Resim:  70) | Stalls:  0
[HEARTBEAT] Node: 1 | Tick: 18721 | Conf: 18719 | Hash: 0x9583712D | Rollbacks: 46 (Resim:  51) | Stalls:  0
[HEARTBEAT] Node: 1 | Tick: 18781 | Conf: 18779 | Hash: 0x733565B6 | Rollbacks: 57 (Resim:  57) | Stalls:  0
[HEARTBEAT] Node: 1 | Tick: 18841 | Conf: 18839 | Hash: 0x5580FF3B | Rollbacks: 59 (Resim:  78) | Stalls:  0
[HEARTBEAT] Node: 1 | Tick: 18901 | Conf: 18899 | Hash: 0x85B40589 | Rollbacks: 49 (Resim:  51) | Stalls:  0
[BOT:50005] Heartbeat - Sparse Mods Tracked: 2048
[HEARTBEAT] Node: 1 | Tick: 18961 | Conf: 18959 | Hash: 0x34AF672B | Rollbacks: 53 (Resim:  53) | Stalls:  0
[HEARTBEAT] Node: 1 | Tick: 19021 | Conf: 19018 | Hash: 0x1B687FD8 | Rollbacks: 58 (Resim:  63) | Stalls:  0
[HEARTBEAT] Node: 1 | Tick: 19081 | Conf: 19079 | Hash: 0xDDA48728 | Rollbacks: 48 (Resim:  62) | Stalls:  0
[HEARTBEAT] Node: 1 | Tick: 19141 | Conf: 19139 | Hash: 0xDB771F89 | Rollbacks: 54 (Resim:  54) | Stalls:  0
[HEARTBEAT] Node: 1 | Tick: 19201 | Conf: 19198 | Hash: 0x4234D738 | Rollbacks: 59 (Resim:  71) | Stalls:  0
[HEARTBEAT] Node: 1 | Tick: 19261 | Conf: 19259 | Hash: 0xEAEF32DD | Rollbacks: 57 (Resim:  78) | Stalls:  0
[HEARTBEAT] Node: 1 | Tick: 19321 | Conf: 19319 | Hash: 0x498DC4A6 | Rollbacks: 46 (Resim:  46) | Stalls:  0
[HEARTBEAT] Node: 1 | Tick: 19381 | Conf: 19379 | Hash: 0x6DA8CC50 | Rollbacks: 59 (Resim:  70) | Stalls:  0
[HEARTBEAT] Node: 1 | Tick: 19441 | Conf: 19439 | Hash: 0xCFAAA1CC | Rollbacks: 59 (Resim:  72) | Stalls:  0
[HEARTBEAT] Node: 1 | Tick: 19501 | Conf: 19499 | Hash: 0xE93B52CD | Rollbacks: 46 (Resim:  49) | Stalls:  0
[BOT:50005] Heartbeat - Sparse Mods Tracked: 2048
[HEARTBEAT] Node: 1 | Tick: 19561 | Conf: 19559 | Hash: 0x3D6EEEB5 | Rollbacks: 44 (Resim:  44) | Stalls:  0
[HEARTBEAT] Node: 1 | Tick: 19621 | Conf: 19619 | Hash: 0xEFBA3581 | Rollbacks: 43 (Resim:  46) | Stalls:  0
[HEARTBEAT] Node: 1 | Tick: 19681 | Conf: 19679 | Hash: 0x454D3E60 | Rollbacks: 53 (Resim:  53) | Stalls:  0
[HEARTBEAT] Node: 1 | Tick: 19741 | Conf: 19739 | Hash: 0x7470BC0C | Rollbacks: 59 (Resim:  90) | Stalls:  0
[HEARTBEAT] Node: 1 | Tick: 19801 | Conf: 19799 | Hash: 0x599EAE7E | Rollbacks: 57 (Resim:  60) | Stalls:  0
[HEARTBEAT] Node: 1 | Tick: 19861 | Conf: 19859 | Hash: 0x08046E88 | Rollbacks: 58 (Resim:  63) | Stalls:  0
[HEARTBEAT] Node: 1 | Tick: 19921 | Conf: 19919 | Hash: 0x0E37A2C3 | Rollbacks: 55 (Resim:  78) | Stalls:  0
[HEARTBEAT] Node: 1 | Tick: 19981 | Conf: 19979 | Hash: 0xD8EA0E3E | Rollbacks: 46 (Resim:  50) | Stalls:  0
[HEARTBEAT] Node: 1 | Tick: 20041 | Conf: 20039 | Hash: 0xB4F83898 | Rollbacks: 59 (Resim:  66) | Stalls:  0
[HEARTBEAT] Node: 1 | Tick: 20101 | Conf: 20099 | Hash: 0x46A4C616 | Rollbacks: 57 (Resim:  78) | Stalls:  0
[BOT:50005] Heartbeat - Sparse Mods Tracked: 2048
[HEARTBEAT] Node: 1 | Tick: 20161 | Conf: 20159 | Hash: 0xFEF8DB2A | Rollbacks: 49 (Resim:  52) | Stalls:  0
[HEARTBEAT] Node: 1 | Tick: 20221 | Conf: 20219 | Hash: 0xE486F42B | Rollbacks: 49 (Resim:  49) | Stalls:  0
[HEARTBEAT] Node: 1 | Tick: 20281 | Conf: 20278 | Hash: 0x8C274E4B | Rollbacks: 54 (Resim:  58) | Stalls:  0
[HEARTBEAT] Node: 1 | Tick: 20341 | Conf: 20339 | Hash: 0xFBAD2E8C | Rollbacks: 58 (Resim:  80) | Stalls:  0
[HEARTBEAT] Node: 1 | Tick: 20401 | Conf: 20399 | Hash: 0xEAAD83D5 | Rollbacks: 58 (Resim:  58) | Stalls:  0
[HEARTBEAT] Node: 1 | Tick: 20461 | Conf: 20458 | Hash: 0x822EF3F4 | Rollbacks: 58 (Resim:  78) | Stalls:  0
[HEARTBEAT] Node: 1 | Tick: 20521 | Conf: 20518 | Hash: 0xF022E1FF | Rollbacks: 47 (Resim:  60) | Stalls:  0
[HEARTBEAT] Node: 1 | Tick: 20581 | Conf: 20579 | Hash: 0x2BE4B3CD | Rollbacks: 47 (Resim:  48) | Stalls:  0
[HEARTBEAT] Node: 1 | Tick: 20641 | Conf: 20639 | Hash: 0x0DDC7C0D | Rollbacks: 41 (Resim:  41) | Stalls:  0
[HEARTBEAT] Node: 1 | Tick: 20701 | Conf: 20699 | Hash: 0x7EAF1E57 | Rollbacks: 52 (Resim:  52) | Stalls:  0
[BOT:50005] Heartbeat - Sparse Mods Tracked: 2048
[HEARTBEAT] Node: 1 | Tick: 20761 | Conf: 20759 | Hash: 0xA32E5E75 | Rollbacks: 60 (Resim:  60) | Stalls:  0
[HEARTBEAT] Node: 1 | Tick: 20821 | Conf: 20819 | Hash: 0x647F80A3 | Rollbacks: 58 (Resim:  72) | Stalls:  0
[HEARTBEAT] Node: 1 | Tick: 20881 | Conf: 20878 | Hash: 0xB9C47071 | Rollbacks: 51 (Resim:  68) | Stalls:  0
[HEARTBEAT] Node: 1 | Tick: 20941 | Conf: 20939 | Hash: 0x1303E8BB | Rollbacks: 46 (Resim:  47) | Stalls:  0
[HEARTBEAT] Node: 1 | Tick: 21001 | Conf: 20999 | Hash: 0x6C698F77 | Rollbacks: 40 (Resim:  40) | Stalls:  0
[HEARTBEAT] Node: 1 | Tick: 21061 | Conf: 21059 | Hash: 0x5983AE6B | Rollbacks: 46 (Resim:  46) | Stalls:  0
[HEARTBEAT] Node: 1 | Tick: 21121 | Conf: 21119 | Hash: 0x326CC629 | Rollbacks: 59 (Resim:  59) | Stalls:  0
[HEARTBEAT] Node: 1 | Tick: 21181 | Conf: 21179 | Hash: 0xFAF0F3BC | Rollbacks: 58 (Resim:  77) | Stalls:  0
[HEARTBEAT] Node: 1 | Tick: 21241 | Conf: 21239 | Hash: 0x0D4EF2C4 | Rollbacks: 49 (Resim:  49) | Stalls:  0
[HEARTBEAT] Node: 1 | Tick: 21301 | Conf: 21299 | Hash: 0x025B3D16 | Rollbacks: 48 (Resim:  74) | Stalls:  0
[BOT:50005] Heartbeat - Sparse Mods Tracked: 2048
[HEARTBEAT] Node: 1 | Tick: 21361 | Conf: 21359 | Hash: 0x92A98C0E | Rollbacks: 46 (Resim:  46) | Stalls:  0
[HEARTBEAT] Node: 1 | Tick: 21421 | Conf: 21419 | Hash: 0x9E4799B6 | Rollbacks: 60 (Resim:  60) | Stalls:  0
[HEARTBEAT] Node: 1 | Tick: 21481 | Conf: 21479 | Hash: 0x9C635045 | Rollbacks: 44 (Resim:  67) | Stalls:  0
[HEARTBEAT] Node: 1 | Tick: 21541 | Conf: 21539 | Hash: 0xA452B48D | Rollbacks: 51 (Resim:  51) | Stalls:  0
[HEARTBEAT] Node: 1 | Tick: 21601 | Conf: 21598 | Hash: 0xECBB6485 | Rollbacks: 58 (Resim:  71) | Stalls:  0
[HEARTBEAT] Node: 1 | Tick: 21661 | Conf: 21659 | Hash: 0x3353D2CA | Rollbacks: 55 (Resim:  57) | Stalls:  0
[HEARTBEAT] Node: 1 | Tick: 21721 | Conf: 21718 | Hash: 0x46443636 | Rollbacks: 58 (Resim:  71) | Stalls:  0
[HEARTBEAT] Node: 1 | Tick: 21781 | Conf: 21779 | Hash: 0xAD0E7BE5 | Rollbacks: 50 (Resim:  52) | Stalls:  0
[HEARTBEAT] Node: 1 | Tick: 21841 | Conf: 21839 | Hash: 0x92ED1054 | Rollbacks: 52 (Resim:  52) | Stalls:  0
[BOT:50005] Heartbeat - Sparse Mods Tracked: 2048
[HEARTBEAT] Node: 1 | Tick: 21901 | Conf: 21899 | Hash: 0xF46A74A7 | Rollbacks: 58 (Resim:  58) | Stalls:  0
[HEARTBEAT] Node: 1 | Tick: 21961 | Conf: 21959 | Hash: 0x5EC290C1 | Rollbacks: 59 (Resim:  60) | Stalls:  0
[HEARTBEAT] Node: 1 | Tick: 22021 | Conf: 22019 | Hash: 0xA8AB2092 | Rollbacks: 59 (Resim:  75) | Stalls:  0
[HEARTBEAT] Node: 1 | Tick: 22081 | Conf: 22079 | Hash: 0x3DE84375 | Rollbacks: 48 (Resim:  50) | Stalls:  0
[HEARTBEAT] Node: 1 | Tick: 22141 | Conf: 22139 | Hash: 0xC0BABB56 | Rollbacks: 47 (Resim:  50) | Stalls:  0
[HEARTBEAT] Node: 1 | Tick: 22201 | Conf: 22199 | Hash: 0x1841871D | Rollbacks: 49 (Resim:  49) | Stalls:  0
[HEARTBEAT] Node: 1 | Tick: 22261 | Conf: 22259 | Hash: 0x202BB153 | Rollbacks: 56 (Resim:  78) | Stalls:  0
[HEARTBEAT] Node: 1 | Tick: 22321 | Conf: 22319 | Hash: 0x863F4FC4 | Rollbacks: 55 (Resim:  55) | Stalls:  0
[HEARTBEAT] Node: 1 | Tick: 22381 | Conf: 22379 | Hash: 0x60C0D215 | Rollbacks: 59 (Resim:  77) | Stalls:  0
[HEARTBEAT] Node: 1 | Tick: 22441 | Conf: 22439 | Hash: 0xB7728F0A | Rollbacks: 45 (Resim:  51) | Stalls:  0
[BOT:50005] Heartbeat - Sparse Mods Tracked: 2048
[HEARTBEAT] Node: 1 | Tick: 22501 | Conf: 22499 | Hash: 0x16FCD9E8 | Rollbacks: 55 (Resim:  55) | Stalls:  0
[HEARTBEAT] Node: 1 | Tick: 22561 | Conf: 22558 | Hash: 0xDB0F785C | Rollbacks: 58 (Resim:  84) | Stalls:  0
[HEARTBEAT] Node: 1 | Tick: 22621 | Conf: 22619 | Hash: 0xC0413954 | Rollbacks: 54 (Resim:  62) | Stalls:  0
[HEARTBEAT] Node: 1 | Tick: 22681 | Conf: 22678 | Hash: 0xB1D70FF5 | Rollbacks: 58 (Resim:  72) | Stalls:  0
[HEARTBEAT] Node: 1 | Tick: 22741 | Conf: 22739 | Hash: 0xFFE931AC | Rollbacks: 49 (Resim:  57) | Stalls:  0
[HEARTBEAT] Node: 1 | Tick: 22801 | Conf: 22799 | Hash: 0xDC557645 | Rollbacks: 48 (Resim:  51) | Stalls:  0
[HEARTBEAT] Node: 1 | Tick: 22861 | Conf: 22859 | Hash: 0x18695CA1 | Rollbacks: 40 (Resim:  40) | Stalls:  0
[HEARTBEAT] Node: 1 | Tick: 22921 | Conf: 22919 | Hash: 0x6D2F7C07 | Rollbacks: 55 (Resim:  55) | Stalls:  0
[HEARTBEAT] Node: 1 | Tick: 22981 | Conf: 22979 | Hash: 0xDC20A9D6 | Rollbacks: 59 (Resim:  66) | Stalls:  0
[HEARTBEAT] Node: 1 | Tick: 23041 | Conf: 23038 | Hash: 0xF64BC4BF | Rollbacks: 53 (Resim:  56) | Stalls:  0
[BOT:50005] Heartbeat - Sparse Mods Tracked: 2048
[HEARTBEAT] Node: 1 | Tick: 23101 | Conf: 23099 | Hash: 0x21F8908A | Rollbacks: 59 (Resim:  73) | Stalls:  0
[HEARTBEAT] Node: 1 | Tick: 23161 | Conf: 23159 | Hash: 0x702064BB | Rollbacks: 55 (Resim:  55) | Stalls:  0
[HEARTBEAT] Node: 1 | Tick: 23221 | Conf: 23219 | Hash: 0xC5D218F1 | Rollbacks: 58 (Resim:  81) | Stalls:  0
[HEARTBEAT] Node: 1 | Tick: 23281 | Conf: 23279 | Hash: 0x6EACBDEB | Rollbacks: 45 (Resim:  45) | Stalls:  0
[HEARTBEAT] Node: 1 | Tick: 23341 | Conf: 23339 | Hash: 0xEF14E2E4 | Rollbacks: 55 (Resim:  55) | Stalls:  0
[HEARTBEAT] Node: 1 | Tick: 23401 | Conf: 23399 | Hash: 0xE1BE4BE6 | Rollbacks: 59 (Resim:  70) | Stalls:  0
[HEARTBEAT] Node: 1 | Tick: 23461 | Conf: 23459 | Hash: 0x8C372C2A | Rollbacks: 60 (Resim:  60) | Stalls:  0
[HEARTBEAT] Node: 1 | Tick: 23521 | Conf: 23519 | Hash: 0xC0C7146E | Rollbacks: 57 (Resim:  71) | Stalls:  0
[HEARTBEAT] Node: 1 | Tick: 23581 | Conf: 23579 | Hash: 0xBEA576D7 | Rollbacks: 38 (Resim:  42) | Stalls:  0
[HEARTBEAT] Node: 1 | Tick: 23641 | Conf: 23639 | Hash: 0xFF0D893A | Rollbacks: 53 (Resim:  56) | Stalls:  0
[BOT:50005] Heartbeat - Sparse Mods Tracked: 2048
[HEARTBEAT] Node: 1 | Tick: 23701 | Conf: 23698 | Hash: 0x8209A302 | Rollbacks: 53 (Resim:  55) | Stalls:  0
[HEARTBEAT] Node: 1 | Tick: 23761 | Conf: 23759 | Hash: 0x30BA5CDA | Rollbacks: 59 (Resim:  74) | Stalls:  0
[HEARTBEAT] Node: 1 | Tick: 23821 | Conf: 23819 | Hash: 0xD65E7C73 | Rollbacks: 48 (Resim:  48) | Stalls:  0
[HEARTBEAT] Node: 1 | Tick: 23881 | Conf: 23879 | Hash: 0x6EAB190E | Rollbacks: 59 (Resim:  64) | Stalls:  0
[HEARTBEAT] Node: 1 | Tick: 23941 | Conf: 23939 | Hash: 0x4531C722 | Rollbacks: 56 (Resim:  62) | Stalls:  0
[HEARTBEAT] Node: 1 | Tick: 24001 | Conf: 23998 | Hash: 0x45475788 | Rollbacks: 54 (Resim:  55) | Stalls:  0
[HEARTBEAT] Node: 1 | Tick: 24061 | Conf: 24059 | Hash: 0xEE58A5AC | Rollbacks: 59 (Resim:  84) | Stalls:  0
[HEARTBEAT] Node: 1 | Tick: 24121 | Conf: 24119 | Hash: 0x03C063ED | Rollbacks: 57 (Resim:  60) | Stalls:  0
[HEARTBEAT] Node: 1 | Tick: 24181 | Conf: 24179 | Hash: 0x9462F997 | Rollbacks: 49 (Resim:  53) | Stalls:  0
[HEARTBEAT] Node: 1 | Tick: 24241 | Conf: 24238 | Hash: 0xF1BD3580 | Rollbacks: 58 (Resim:  62) | Stalls:  0
[BOT:50005] Heartbeat - Sparse Mods Tracked: 2048
[HEARTBEAT] Node: 1 | Tick: 24301 | Conf: 24299 | Hash: 0x68AC549E | Rollbacks: 53 (Resim:  58) | Stalls:  0
[HEARTBEAT] Node: 1 | Tick: 24361 | Conf: 24359 | Hash: 0xD979C59D | Rollbacks: 51 (Resim:  74) | Stalls:  0
[HEARTBEAT] Node: 1 | Tick: 24421 | Conf: 24419 | Hash: 0x1645CE55 | Rollbacks: 51 (Resim:  51) | Stalls:  0
[HEARTBEAT] Node: 1 | Tick: 24481 | Conf: 24478 | Hash: 0x7FDE9FB6 | Rollbacks: 59 (Resim:  62) | Stalls:  0
[HEARTBEAT] Node: 1 | Tick: 24541 | Conf: 24539 | Hash: 0x19A93B98 | Rollbacks: 58 (Resim:  63) | Stalls:  0
[HEARTBEAT] Node: 1 | Tick: 24601 | Conf: 24598 | Hash: 0x04D84974 | Rollbacks: 59 (Resim:  66) | Stalls:  0
[HEARTBEAT] Node: 1 | Tick: 24661 | Conf: 24659 | Hash: 0x5FECF461 | Rollbacks: 59 (Resim:  75) | Stalls:  0
[HEARTBEAT] Node: 1 | Tick: 24721 | Conf: 24718 | Hash: 0x637DA0C0 | Rollbacks: 54 (Resim:  60) | Stalls:  0
[HEARTBEAT] Node: 1 | Tick: 24781 | Conf: 24779 | Hash: 0x3B8733BE | Rollbacks: 59 (Resim:  70) | Stalls:  0
[HEARTBEAT] Node: 1 | Tick: 24841 | Conf: 24839 | Hash: 0x158BD87D | Rollbacks: 46 (Resim:  46) | Stalls:  0
[BOT:50005] Heartbeat - Sparse Mods Tracked: 2048
[HEARTBEAT] Node: 1 | Tick: 24901 | Conf: 24899 | Hash: 0x005A7D0F | Rollbacks: 59 (Resim:  81) | Stalls:  0
[HEARTBEAT] Node: 1 | Tick: 24961 | Conf: 24959 | Hash: 0xC779F621 | Rollbacks: 53 (Resim:  56) | Stalls:  0
[HEARTBEAT] Node: 1 | Tick: 25021 | Conf: 25019 | Hash: 0x417D69B1 | Rollbacks: 59 (Resim:  68) | Stalls:  0
[HEARTBEAT] Node: 1 | Tick: 25081 | Conf: 25079 | Hash: 0x4D971E08 | Rollbacks: 47 (Resim:  54) | Stalls:  0
[HEARTBEAT] Node: 1 | Tick: 25141 | Conf: 25139 | Hash: 0xFD57C942 | Rollbacks: 57 (Resim:  57) | Stalls:  0
[HEARTBEAT] Node: 1 | Tick: 25201 | Conf: 25199 | Hash: 0x3A0E3AB6 | Rollbacks: 59 (Resim:  77) | Stalls:  0
[HEARTBEAT] Node: 1 | Tick: 25261 | Conf: 25259 | Hash: 0x63204BF2 | Rollbacks: 58 (Resim:  64) | Stalls:  0
[HEARTBEAT] Node: 1 | Tick: 25321 | Conf: 25319 | Hash: 0xA05453EC | Rollbacks: 46 (Resim:  61) | Stalls:  0
[HEARTBEAT] Node: 1 | Tick: 25381 | Conf: 25379 | Hash: 0xDFAC5E57 | Rollbacks: 51 (Resim:  51) | Stalls:  0
[HEARTBEAT] Node: 1 | Tick: 25441 | Conf: 25439 | Hash: 0x02573A93 | Rollbacks: 59 (Resim:  76) | Stalls:  0
[BOT:50005] Heartbeat - Sparse Mods Tracked: 2048
[HEARTBEAT] Node: 1 | Tick: 25501 | Conf: 25499 | Hash: 0x8C675671 | Rollbacks: 48 (Resim:  50) | Stalls:  0
[HEARTBEAT] Node: 1 | Tick: 25561 | Conf: 25559 | Hash: 0x8E3A51FB | Rollbacks: 55 (Resim:  56) | Stalls:  0
[HEARTBEAT] Node: 1 | Tick: 25621 | Conf: 25619 | Hash: 0x6CC4AB0C | Rollbacks: 52 (Resim:  70) | Stalls:  0
[HEARTBEAT] Node: 1 | Tick: 25681 | Conf: 25679 | Hash: 0x6DE00D03 | Rollbacks: 52 (Resim:  54) | Stalls:  0
[HEARTBEAT] Node: 1 | Tick: 25741 | Conf: 25738 | Hash: 0xD7B62A6C | Rollbacks: 58 (Resim:  62) | Stalls:  0
[HEARTBEAT] Node: 1 | Tick: 25801 | Conf: 25799 | Hash: 0x965DE9C4 | Rollbacks: 49 (Resim:  65) | Stalls:  0
[HEARTBEAT] Node: 1 | Tick: 25861 | Conf: 25859 | Hash: 0xFD98484F | Rollbacks: 49 (Resim:  49) | Stalls:  0
[HEARTBEAT] Node: 1 | Tick: 25921 | Conf: 25919 | Hash: 0xA3346AEE | Rollbacks: 57 (Resim:  73) | Stalls:  0
[HEARTBEAT] Node: 1 | Tick: 25981 | Conf: 25979 | Hash: 0x2BEF4E50 | Rollbacks: 51 (Resim:  53) | Stalls:  0
[BOT:50005] Heartbeat - Sparse Mods Tracked: 2048
[HEARTBEAT] Node: 1 | Tick: 26041 | Conf: 26039 | Hash: 0x07C59BD8 | Rollbacks: 58 (Resim:  58) | Stalls:  0
[HEARTBEAT] Node: 1 | Tick: 26101 | Conf: 26099 | Hash: 0x8461832F | Rollbacks: 57 (Resim:  77) | Stalls:  0
[HEARTBEAT] Node: 1 | Tick: 26161 | Conf: 26159 | Hash: 0x77074573 | Rollbacks: 46 (Resim:  48) | Stalls:  0
[HEARTBEAT] Node: 1 | Tick: 26221 | Conf: 26219 | Hash: 0x5FE2109D | Rollbacks: 51 (Resim:  54) | Stalls:  0
[HEARTBEAT] Node: 1 | Tick: 26281 | Conf: 26279 | Hash: 0x15619962 | Rollbacks: 59 (Resim:  69) | Stalls:  0
[HEARTBEAT] Node: 1 | Tick: 26341 | Conf: 26339 | Hash: 0x69EB674A | Rollbacks: 58 (Resim:  62) | Stalls:  0
[HEARTBEAT] Node: 1 | Tick: 26401 | Conf: 26399 | Hash: 0x91D132D0 | Rollbacks: 45 (Resim:  45) | Stalls:  0
[HEARTBEAT] Node: 1 | Tick: 26461 | Conf: 26459 | Hash: 0x92C071BC | Rollbacks: 59 (Resim:  77) | Stalls:  0
[HEARTBEAT] Node: 1 | Tick: 26521 | Conf: 26519 | Hash: 0x36C2CBF9 | Rollbacks: 54 (Resim:  54) | Stalls:  0
[HEARTBEAT] Node: 1 | Tick: 26581 | Conf: 26579 | Hash: 0x3F69C19A | Rollbacks: 59 (Resim:  76) | Stalls:  0
[BOT:50005] Heartbeat - Sparse Mods Tracked: 2048
[HEARTBEAT] Node: 1 | Tick: 26641 | Conf: 26639 | Hash: 0x16065AE2 | Rollbacks: 57 (Resim:  57) | Stalls:  0
[HEARTBEAT] Node: 1 | Tick: 26701 | Conf: 26699 | Hash: 0xA7BD9BB6 | Rollbacks: 58 (Resim:  76) | Stalls:  0
[HEARTBEAT] Node: 1 | Tick: 26761 | Conf: 26759 | Hash: 0x41EF62CF | Rollbacks: 47 (Resim:  47) | Stalls:  0
[HEARTBEAT] Node: 1 | Tick: 26821 | Conf: 26818 | Hash: 0xF37AD361 | Rollbacks: 59 (Resim:  60) | Stalls:  0
[HEARTBEAT] Node: 1 | Tick: 26881 | Conf: 26879 | Hash: 0x2785F798 | Rollbacks: 50 (Resim:  57) | Stalls:  0
[HEARTBEAT] Node: 1 | Tick: 26941 | Conf: 26939 | Hash: 0x96787E3E | Rollbacks: 59 (Resim:  84) | Stalls:  0
[HEARTBEAT] Node: 1 | Tick: 27001 | Conf: 26999 | Hash: 0x9B4D13EA | Rollbacks: 56 (Resim:  58) | Stalls:  0
[HEARTBEAT] Node: 1 | Tick: 27061 | Conf: 27058 | Hash: 0x4D4F5C82 | Rollbacks: 58 (Resim:  61) | Stalls:  0
[HEARTBEAT] Node: 1 | Tick: 27121 | Conf: 27119 | Hash: 0x2153943C | Rollbacks: 51 (Resim:  71) | Stalls:  0
[HEARTBEAT] Node: 1 | Tick: 27181 | Conf: 27179 | Hash: 0xF0C1DDD5 | Rollbacks: 50 (Resim:  50) | Stalls:  0
[BOT:50005] Heartbeat - Sparse Mods Tracked: 2048
[HEARTBEAT] Node: 1 | Tick: 27241 | Conf: 27239 | Hash: 0xDD514740 | Rollbacks: 58 (Resim:  61) | Stalls:  0
[HEARTBEAT] Node: 1 | Tick: 27301 | Conf: 27299 | Hash: 0x53F0183D | Rollbacks: 53 (Resim:  73) | Stalls:  0
[HEARTBEAT] Node: 1 | Tick: 27361 | Conf: 27359 | Hash: 0xCB5EAA4C | Rollbacks: 46 (Resim:  48) | Stalls:  0
[HEARTBEAT] Node: 1 | Tick: 27421 | Conf: 27419 | Hash: 0x8F17DF5E | Rollbacks: 48 (Resim:  48) | Stalls:  0
[HEARTBEAT] Node: 1 | Tick: 27481 | Conf: 27479 | Hash: 0xF6368627 | Rollbacks: 38 (Resim:  39) | Stalls:  0
[HEARTBEAT] Node: 1 | Tick: 27541 | Conf: 27539 | Hash: 0xD343EF16 | Rollbacks: 57 (Resim:  57) | Stalls:  0
[HEARTBEAT] Node: 1 | Tick: 27601 | Conf: 27599 | Hash: 0x248DDFCE | Rollbacks: 59 (Resim:  80) | Stalls:  0
[HEARTBEAT] Node: 1 | Tick: 27661 | Conf: 27659 | Hash: 0x919C1103 | Rollbacks: 46 (Resim:  48) | Stalls:  0
[HEARTBEAT] Node: 1 | Tick: 27721 | Conf: 27719 | Hash: 0x304746DB | Rollbacks: 48 (Resim:  51) | Stalls:  0
[HEARTBEAT] Node: 1 | Tick: 27781 | Conf: 27779 | Hash: 0x2AC4B16F | Rollbacks: 59 (Resim:  65) | Stalls:  0
[BOT:50005] Heartbeat - Sparse Mods Tracked: 2048
[HEARTBEAT] Node: 1 | Tick: 27841 | Conf: 27839 | Hash: 0x817D2432 | Rollbacks: 51 (Resim:  54) | Stalls:  0
[HEARTBEAT] Node: 1 | Tick: 27901 | Conf: 27899 | Hash: 0x6A5B8F34 | Rollbacks: 59 (Resim:  60) | Stalls:  0
[HEARTBEAT] Node: 1 | Tick: 27961 | Conf: 27959 | Hash: 0x1B7BFA0C | Rollbacks: 55 (Resim:  78) | Stalls:  0
[HEARTBEAT] Node: 1 | Tick: 28021 | Conf: 28019 | Hash: 0x84489136 | Rollbacks: 43 (Resim:  43) | Stalls:  0
[HEARTBEAT] Node: 1 | Tick: 28081 | Conf: 28079 | Hash: 0xB9D4442A | Rollbacks: 60 (Resim:  60) | Stalls:  0
[HEARTBEAT] Node: 1 | Tick: 28141 | Conf: 28139 | Hash: 0xE919F003 | Rollbacks: 48 (Resim:  69) | Stalls:  0
[HEARTBEAT] Node: 1 | Tick: 28201 | Conf: 28199 | Hash: 0x0521AA97 | Rollbacks: 52 (Resim:  52) | Stalls:  0
[HEARTBEAT] Node: 1 | Tick: 28261 | Conf: 28259 | Hash: 0xDD5049C5 | Rollbacks: 59 (Resim:  70) | Stalls:  0
[HEARTBEAT] Node: 1 | Tick: 28321 | Conf: 28319 | Hash: 0xB566C8E4 | Rollbacks: 56 (Resim:  66) | Stalls:  0
[HEARTBEAT] Node: 1 | Tick: 28381 | Conf: 28378 | Hash: 0x8CF7ECB8 | Rollbacks: 53 (Resim:  63) | Stalls:  0
[BOT:50005] Heartbeat - Sparse Mods Tracked: 2048
[HEARTBEAT] Node: 1 | Tick: 28441 | Conf: 28439 | Hash: 0x28F79310 | Rollbacks: 53 (Resim:  67) | Stalls:  0
[HEARTBEAT] Node: 1 | Tick: 28501 | Conf: 28499 | Hash: 0x68D7C831 | Rollbacks: 48 (Resim:  48) | Stalls:  0
[HEARTBEAT] Node: 1 | Tick: 28561 | Conf: 28559 | Hash: 0x5A0F182A | Rollbacks: 38 (Resim:  38) | Stalls:  0
[HEARTBEAT] Node: 1 | Tick: 28621 | Conf: 28619 | Hash: 0x9F1FCD24 | Rollbacks: 55 (Resim:  55) | Stalls:  0
[HEARTBEAT] Node: 1 | Tick: 28681 | Conf: 28679 | Hash: 0xAAFBF1E8 | Rollbacks: 58 (Resim:  77) | Stalls:  0
[HEARTBEAT] Node: 1 | Tick: 28741 | Conf: 28739 | Hash: 0x2BF13BE3 | Rollbacks: 46 (Resim:  46) | Stalls:  0
[HEARTBEAT] Node: 1 | Tick: 28801 | Conf: 28799 | Hash: 0xDAD49776 | Rollbacks: 56 (Resim:  56) | Stalls:  0
[HEARTBEAT] Node: 1 | Tick: 28861 | Conf: 28859 | Hash: 0x5C3C7FB8 | Rollbacks: 49 (Resim:  74) | Stalls:  0
[HEARTBEAT] Node: 1 | Tick: 28921 | Conf: 28919 | Hash: 0xAA9047F8 | Rollbacks: 51 (Resim:  51) | Stalls:  0
[HEARTBEAT] Node: 1 | Tick: 28981 | Conf: 28979 | Hash: 0x2152ABD4 | Rollbacks: 59 (Resim:  64) | Stalls:  0
[BOT:50005] Heartbeat - Sparse Mods Tracked: 2048
[HEARTBEAT] Node: 1 | Tick: 29041 | Conf: 29039 | Hash: 0x9B648FA3 | Rollbacks: 55 (Resim:  58) | Stalls:  0
[HEARTBEAT] Node: 1 | Tick: 29101 | Conf: 29099 | Hash: 0x3272D966 | Rollbacks: 54 (Resim:  60) | Stalls:  0
[HEARTBEAT] Node: 1 | Tick: 29161 | Conf: 29159 | Hash: 0x6D59F387 | Rollbacks: 59 (Resim:  74) | Stalls:  0
[HEARTBEAT] Node: 1 | Tick: 29221 | Conf: 29219 | Hash: 0x42308659 | Rollbacks: 47 (Resim:  47) | Stalls:  0
[HEARTBEAT] Node: 1 | Tick: 29281 | Conf: 29278 | Hash: 0x3E7B2DD2 | Rollbacks: 53 (Resim:  61) | Stalls:  0
[HEARTBEAT] Node: 1 | Tick: 29341 | Conf: 29339 | Hash: 0x8A7F0D76 | Rollbacks: 60 (Resim:  75) | Stalls:  0
[HEARTBEAT] Node: 1 | Tick: 29401 | Conf: 29399 | Hash: 0x528AB3F1 | Rollbacks: 49 (Resim:  49) | Stalls:  0
[HEARTBEAT] Node: 1 | Tick: 29461 | Conf: 29458 | Hash: 0x782565DE | Rollbacks: 59 (Resim:  61) | Stalls:  0
[HEARTBEAT] Node: 1 | Tick: 29521 | Conf: 29519 | Hash: 0x093C90C0 | Rollbacks: 51 (Resim:  71) | Stalls:  0
[BOT:50005] Heartbeat - Sparse Mods Tracked: 2048
[HEARTBEAT] Node: 1 | Tick: 29581 | Conf: 29579 | Hash: 0xC4C83BDD | Rollbacks: 55 (Resim:  55) | Stalls:  0
[HEARTBEAT] Node: 1 | Tick: 29641 | Conf: 29639 | Hash: 0x8B5B8D75 | Rollbacks: 49 (Resim:  65) | Stalls:  0
[HEARTBEAT] Node: 1 | Tick: 29701 | Conf: 29699 | Hash: 0x833841F5 | Rollbacks: 50 (Resim:  52) | Stalls:  0
[HEARTBEAT] Node: 1 | Tick: 29761 | Conf: 29759 | Hash: 0x8E4AA822 | Rollbacks: 59 (Resim:  70) | Stalls:  0
[HEARTBEAT] Node: 1 | Tick: 29821 | Conf: 29819 | Hash: 0xC4870496 | Rollbacks: 51 (Resim:  57) | Stalls:  0
[HEARTBEAT] Node: 1 | Tick: 29881 | Conf: 29879 | Hash: 0x7E347C77 | Rollbacks: 59 (Resim:  75) | Stalls:  0
[HEARTBEAT] Node: 1 | Tick: 29941 | Conf: 29939 | Hash: 0x5B14D0E2 | Rollbacks: 59 (Resim:  62) | Stalls:  0
[HEARTBEAT] Node: 1 | Tick: 30001 | Conf: 29998 | Hash: 0xC4A1AC8B | Rollbacks: 58 (Resim:  69) | Stalls:  0
[HEARTBEAT] Node: 1 | Tick: 30061 | Conf: 30059 | Hash: 0xA8EEB49B | Rollbacks: 47 (Resim:  50) | Stalls:  0
[HEARTBEAT] Node: 1 | Tick: 30121 | Conf: 30118 | Hash: 0x4840D9DD | Rollbacks: 51 (Resim:  53) | Stalls:  0
[BOT:50005] Heartbeat - Sparse Mods Tracked: 2048
[HEARTBEAT] Node: 1 | Tick: 30181 | Conf: 30179 | Hash: 0x429F616A | Rollbacks: 60 (Resim:  73) | Stalls:  0
[HEARTBEAT] Node: 1 | Tick: 30241 | Conf: 30239 | Hash: 0x45488E10 | Rollbacks: 56 (Resim:  56) | Stalls:  0
[HEARTBEAT] Node: 1 | Tick: 30301 | Conf: 30299 | Hash: 0xB6440F2D | Rollbacks: 44 (Resim:  58) | Stalls:  0
[HEARTBEAT] Node: 1 | Tick: 30361 | Conf: 30359 | Hash: 0xA3D47290 | Rollbacks: 54 (Resim:  54) | Stalls:  0
[HEARTBEAT] Node: 1 | Tick: 30421 | Conf: 30418 | Hash: 0xC7295F19 | Rollbacks: 58 (Resim:  68) | Stalls:  0
[HEARTBEAT] Node: 1 | Tick: 30481 | Conf: 30479 | Hash: 0xD96461A3 | Rollbacks: 46 (Resim:  54) | Stalls:  0
[HEARTBEAT] Node: 1 | Tick: 30541 | Conf: 30539 | Hash: 0x9CDE3915 | Rollbacks: 49 (Resim:  49) | Stalls:  0
[HEARTBEAT] Node: 1 | Tick: 30601 | Conf: 30599 | Hash: 0x1B87C82B | Rollbacks: 58 (Resim:  72) | Stalls:  0
[HEARTBEAT] Node: 1 | Tick: 30661 | Conf: 30659 | Hash: 0xB7E17E59 | Rollbacks: 49 (Resim:  49) | Stalls:  0
[HEARTBEAT] Node: 1 | Tick: 30721 | Conf: 30719 | Hash: 0xE0796F5B | Rollbacks: 47 (Resim:  47) | Stalls:  0
[BOT:50005] Heartbeat - Sparse Mods Tracked: 2048
[HEARTBEAT] Node: 1 | Tick: 30781 | Conf: 30779 | Hash: 0xBD34B832 | Rollbacks: 53 (Resim:  53) | Stalls:  0
[HEARTBEAT] Node: 1 | Tick: 30841 | Conf: 30839 | Hash: 0x1AC8FE13 | Rollbacks: 59 (Resim:  82) | Stalls:  0
[HEARTBEAT] Node: 1 | Tick: 30901 | Conf: 30899 | Hash: 0xC74A9F49 | Rollbacks: 46 (Resim:  52) | Stalls:  0
[HEARTBEAT] Node: 1 | Tick: 30961 | Conf: 30959 | Hash: 0x3ABAE8EA | Rollbacks: 58 (Resim:  58) | Stalls:  0
[HEARTBEAT] Node: 1 | Tick: 31021 | Conf: 31019 | Hash: 0x8FBB3E8C | Rollbacks: 58 (Resim:  79) | Stalls:  0
[HEARTBEAT] Node: 1 | Tick: 31081 | Conf: 31079 | Hash: 0xA5B6C185 | Rollbacks: 50 (Resim:  50) | Stalls:  0
[HEARTBEAT] Node: 1 | Tick: 31141 | Conf: 31138 | Hash: 0x3A7570C0 | Rollbacks: 57 (Resim:  68) | Stalls:  0
[HEARTBEAT] Node: 1 | Tick: 31201 | Conf: 31199 | Hash: 0xC597A82F | Rollbacks: 49 (Resim:  55) | Stalls:  0
[HEARTBEAT] Node: 1 | Tick: 31261 | Conf: 31259 | Hash: 0xA3A5993D | Rollbacks: 59 (Resim:  60) | Stalls:  0
[HEARTBEAT] Node: 1 | Tick: 31321 | Conf: 31319 | Hash: 0xBC456911 | Rollbacks: 53 (Resim:  65) | Stalls:  0
[BOT:50005] Heartbeat - Sparse Mods Tracked: 2048
[HEARTBEAT] Node: 1 | Tick: 31381 | Conf: 31378 | Hash: 0x2C61B3B7 | Rollbacks: 59 (Resim:  81) | Stalls:  0
[HEARTBEAT] Node: 1 | Tick: 31441 | Conf: 31439 | Hash: 0x3B2AFFCC | Rollbacks: 56 (Resim:  64) | Stalls:  0
[HEARTBEAT] Node: 1 | Tick: 31501 | Conf: 31499 | Hash: 0x771A0293 | Rollbacks: 57 (Resim:  57) | Stalls:  0
[HEARTBEAT] Node: 1 | Tick: 31561 | Conf: 31558 | Hash: 0x55CEE589 | Rollbacks: 58 (Resim:  81) | Stalls:  0
[HEARTBEAT] Node: 1 | Tick: 31621 | Conf: 31619 | Hash: 0xFD857A50 | Rollbacks: 54 (Resim:  64) | Stalls:  0
[HEARTBEAT] Node: 1 | Tick: 31681 | Conf: 31679 | Hash: 0x55139838 | Rollbacks: 53 (Resim:  55) | Stalls:  0
[HEARTBEAT] Node: 1 | Tick: 31741 | Conf: 31739 | Hash: 0x042A42F0 | Rollbacks: 49 (Resim:  49) | Stalls:  0
[HEARTBEAT] Node: 1 | Tick: 31801 | Conf: 31799 | Hash: 0x4EA3AF50 | Rollbacks: 54 (Resim:  54) | Stalls:  0
[HEARTBEAT] Node: 1 | Tick: 31861 | Conf: 31859 | Hash: 0x6AD840B7 | Rollbacks: 58 (Resim:  77) | Stalls:  0
[HEARTBEAT] Node: 1 | Tick: 31921 | Conf: 31919 | Hash: 0x06412FDE | Rollbacks: 53 (Resim:  54) | Stalls:  0
[BOT:50005] Heartbeat - Sparse Mods Tracked: 2048
[HEARTBEAT] Node: 1 | Tick: 31981 | Conf: 31978 | Hash: 0xC8C2FDC7 | Rollbacks: 57 (Resim:  68) | Stalls:  0
[HEARTBEAT] Node: 1 | Tick: 32041 | Conf: 32039 | Hash: 0xCA994698 | Rollbacks: 45 (Resim:  46) | Stalls:  0
[HEARTBEAT] Node: 1 | Tick: 32101 | Conf: 32099 | Hash: 0x0A9FEE31 | Rollbacks: 55 (Resim:  55) | Stalls:  0
[HEARTBEAT] Node: 1 | Tick: 32161 | Conf: 32159 | Hash: 0xDF769388 | Rollbacks: 46 (Resim:  63) | Stalls:  0
[HEARTBEAT] Node: 1 | Tick: 32221 | Conf: 32219 | Hash: 0xE8426924 | Rollbacks: 44 (Resim:  46) | Stalls:  0
[HEARTBEAT] Node: 1 | Tick: 32281 | Conf: 32279 | Hash: 0x0B3156FD | Rollbacks: 59 (Resim:  79) | Stalls:  0
[HEARTBEAT] Node: 1 | Tick: 32341 | Conf: 32339 | Hash: 0x87BF4403 | Rollbacks: 59 (Resim:  60) | Stalls:  0
[HEARTBEAT] Node: 1 | Tick: 32401 | Conf: 32399 | Hash: 0xFB630AF0 | Rollbacks: 59 (Resim:  80) | Stalls:  0
[HEARTBEAT] Node: 1 | Tick: 32461 | Conf: 32459 | Hash: 0x10C7C751 | Rollbacks: 46 (Resim:  49) | Stalls:  0
[HEARTBEAT] Node: 1 | Tick: 32521 | Conf: 32519 | Hash: 0xE6ECDD63 | Rollbacks: 53 (Resim:  53) | Stalls:  0
[BOT:50005] Heartbeat - Sparse Mods Tracked: 2048
[HEARTBEAT] Node: 1 | Tick: 32581 | Conf: 32579 | Hash: 0xE48C8E0A | Rollbacks: 59 (Resim:  64) | Stalls:  0
[HEARTBEAT] Node: 1 | Tick: 32641 | Conf: 32639 | Hash: 0xDA6AA93B | Rollbacks: 51 (Resim:  71) | Stalls:  0
[HEARTBEAT] Node: 1 | Tick: 32701 | Conf: 32699 | Hash: 0x262CAC88 | Rollbacks: 49 (Resim:  49) | Stalls:  0
[HEARTBEAT] Node: 1 | Tick: 32761 | Conf: 32759 | Hash: 0x334019EB | Rollbacks: 49 (Resim:  49) | Stalls:  0
[HEARTBEAT] Node: 1 | Tick: 32821 | Conf: 32819 | Hash: 0x6BB54E1A | Rollbacks: 45 (Resim:  45) | Stalls:  0
[HEARTBEAT] Node: 1 | Tick: 32881 | Conf: 32879 | Hash: 0x1099A538 | Rollbacks: 51 (Resim:  52) | Stalls:  0
[HEARTBEAT] Node: 1 | Tick: 32941 | Conf: 32939 | Hash: 0x9304A2AA | Rollbacks: 59 (Resim:  72) | Stalls:  0
[HEARTBEAT] Node: 1 | Tick: 33001 | Conf: 32999 | Hash: 0x9C6C278D | Rollbacks: 56 (Resim:  59) | Stalls:  0
[HEARTBEAT] Node: 1 | Tick: 33061 | Conf: 33059 | Hash: 0x42A8BE32 | Rollbacks: 39 (Resim:  39) | Stalls:  0
[HEARTBEAT] Node: 1 | Tick: 33121 | Conf: 33119 | Hash: 0x3EE74117 | Rollbacks: 57 (Resim:  70) | Stalls:  0
[BOT:50005] Heartbeat - Sparse Mods Tracked: 2048
[HEARTBEAT] Node: 1 | Tick: 33181 | Conf: 33179 | Hash: 0x1E81A790 | Rollbacks: 49 (Resim:  51) | Stalls:  0
[HEARTBEAT] Node: 1 | Tick: 33241 | Conf: 33238 | Hash: 0x36D629C5 | Rollbacks: 59 (Resim:  64) | Stalls:  0
[HEARTBEAT] Node: 1 | Tick: 33301 | Conf: 33299 | Hash: 0x66C5CC34 | Rollbacks: 51 (Resim:  59) | Stalls:  0
[HEARTBEAT] Node: 1 | Tick: 33361 | Conf: 33359 | Hash: 0x7BCBE73D | Rollbacks: 59 (Resim:  85) | Stalls:  0
[HEARTBEAT] Node: 1 | Tick: 33421 | Conf: 33419 | Hash: 0xE4D99A71 | Rollbacks: 43 (Resim:  43) | Stalls:  0
[HEARTBEAT] Node: 1 | Tick: 33481 | Conf: 33479 | Hash: 0xB2A4DDFA | Rollbacks: 57 (Resim:  57) | Stalls:  0
[HEARTBEAT] Node: 1 | Tick: 33541 | Conf: 33539 | Hash: 0xA1D0E9B0 | Rollbacks: 59 (Resim:  80) | Stalls:  0
[HEARTBEAT] Node: 1 | Tick: 33601 | Conf: 33599 | Hash: 0x4B97E1CC | Rollbacks: 49 (Resim:  51) | Stalls:  0
[HEARTBEAT] Node: 1 | Tick: 33661 | Conf: 33659 | Hash: 0x40589B19 | Rollbacks: 50 (Resim:  50) | Stalls:  0
[BOT:50005] Heartbeat - Sparse Mods Tracked: 2048
[HEARTBEAT] Node: 1 | Tick: 33721 | Conf: 33719 | Hash: 0xE8E3511A | Rollbacks: 59 (Resim:  61) | Stalls:  0
[HEARTBEAT] Node: 1 | Tick: 33781 | Conf: 33779 | Hash: 0xF52F4935 | Rollbacks: 53 (Resim:  75) | Stalls:  0
[HEARTBEAT] Node: 1 | Tick: 33841 | Conf: 33839 | Hash: 0xAC5D362B | Rollbacks: 53 (Resim:  55) | Stalls:  0
[HEARTBEAT] Node: 1 | Tick: 33901 | Conf: 33899 | Hash: 0xE9DC740C | Rollbacks: 59 (Resim:  69) | Stalls:  0
[HEARTBEAT] Node: 1 | Tick: 33961 | Conf: 33959 | Hash: 0xA50B371E | Rollbacks: 49 (Resim:  52) | Stalls:  0
[HEARTBEAT] Node: 1 | Tick: 34021 | Conf: 34019 | Hash: 0xCC3421A7 | Rollbacks: 53 (Resim:  53) | Stalls:  0
[HEARTBEAT] Node: 1 | Tick: 34081 | Conf: 34079 | Hash: 0xFDA175F7 | Rollbacks: 58 (Resim:  78) | Stalls:  0
[HEARTBEAT] Node: 1 | Tick: 34141 | Conf: 34139 | Hash: 0xD3AE0870 | Rollbacks: 51 (Resim:  51) | Stalls:  0
[HEARTBEAT] Node: 1 | Tick: 34201 | Conf: 34199 | Hash: 0x7B8C1998 | Rollbacks: 60 (Resim:  60) | Stalls:  0
[HEARTBEAT] Node: 1 | Tick: 34261 | Conf: 34259 | Hash: 0xF33BE4A9 | Rollbacks: 59 (Resim:  82) | Stalls:  0
[BOT:50005] Heartbeat - Sparse Mods Tracked: 2048
[HEARTBEAT] Node: 1 | Tick: 34321 | Conf: 34319 | Hash: 0x7F6A3BC2 | Rollbacks: 59 (Resim:  60) | Stalls:  0
[HEARTBEAT] Node: 1 | Tick: 34381 | Conf: 34379 | Hash: 0x9281B8D7 | Rollbacks: 53 (Resim:  69) | Stalls:  0
[HEARTBEAT] Node: 1 | Tick: 34441 | Conf: 34439 | Hash: 0x2BF4E2E9 | Rollbacks: 47 (Resim:  49) | Stalls:  0
[HEARTBEAT] Node: 1 | Tick: 34501 | Conf: 34499 | Hash: 0x70AC21D7 | Rollbacks: 52 (Resim:  52) | Stalls:  0
[HEARTBEAT] Node: 1 | Tick: 34561 | Conf: 34559 | Hash: 0x1B684DB6 | Rollbacks: 59 (Resim:  67) | Stalls:  0
[HEARTBEAT] Node: 1 | Tick: 34621 | Conf: 34619 | Hash: 0xF9BF9A2F | Rollbacks: 58 (Resim:  63) | Stalls:  0
[HEARTBEAT] Node: 1 | Tick: 34681 | Conf: 34679 | Hash: 0x43F16185 | Rollbacks: 50 (Resim:  69) | Stalls:  0
[HEARTBEAT] Node: 1 | Tick: 34741 | Conf: 34738 | Hash: 0xDFEDBF83 | Rollbacks: 47 (Resim:  51) | Stalls:  0
[HEARTBEAT] Node: 1 | Tick: 34801 | Conf: 34799 | Hash: 0xBBC708CD | Rollbacks: 47 (Resim:  50) | Stalls:  0
[HEARTBEAT] Node: 1 | Tick: 34861 | Conf: 34859 | Hash: 0x6D4F9A64 | Rollbacks: 50 (Resim:  50) | Stalls:  0
[BOT:50005] Heartbeat - Sparse Mods Tracked: 2048
[HEARTBEAT] Node: 1 | Tick: 34921 | Conf: 34918 | Hash: 0x06042C00 | Rollbacks: 58 (Resim:  66) | Stalls:  0
[HEARTBEAT] Node: 1 | Tick: 34981 | Conf: 34979 | Hash: 0xED64EB55 | Rollbacks: 55 (Resim:  66) | Stalls:  0
[HEARTBEAT] Node: 1 | Tick: 35041 | Conf: 35038 | Hash: 0x79F9AC71 | Rollbacks: 59 (Resim:  65) | Stalls:  0
[HEARTBEAT] Node: 1 | Tick: 35101 | Conf: 35099 | Hash: 0x77B7E58A | Rollbacks: 45 (Resim:  50) | Stalls:  0
[HEARTBEAT] Node: 1 | Tick: 35161 | Conf: 35159 | Hash: 0x402DA5F7 | Rollbacks: 55 (Resim:  55) | Stalls:  0
[HEARTBEAT] Node: 1 | Tick: 35221 | Conf: 35219 | Hash: 0xA4870314 | Rollbacks: 59 (Resim:  83) | Stalls:  0
[HEARTBEAT] Node: 1 | Tick: 35281 | Conf: 35279 | Hash: 0xAC5E7663 | Rollbacks: 57 (Resim:  57) | Stalls:  0
[HEARTBEAT] Node: 1 | Tick: 35341 | Conf: 35339 | Hash: 0x25C61F7E | Rollbacks: 59 (Resim:  70) | Stalls:  0
[HEARTBEAT] Node: 1 | Tick: 35401 | Conf: 35399 | Hash: 0xF8DE90A4 | Rollbacks: 49 (Resim:  53) | Stalls:  0
[HEARTBEAT] Node: 1 | Tick: 35461 | Conf: 35459 | Hash: 0x96224CDA | Rollbacks: 59 (Resim:  60) | Stalls:  0
[BOT:50005] Heartbeat - Sparse Mods Tracked: 2048
[HEARTBEAT] Node: 1 | Tick: 35521 | Conf: 35519 | Hash: 0x96342423 | Rollbacks: 55 (Resim:  72) | Stalls:  0
[HEARTBEAT] Node: 1 | Tick: 35581 | Conf: 35579 | Hash: 0xFF8AC4EC | Rollbacks: 45 (Resim:  45) | Stalls:  0
[HEARTBEAT] Node: 1 | Tick: 35641 | Conf: 35639 | Hash: 0xF9A131A3 | Rollbacks: 59 (Resim:  75) | Stalls:  0
[HEARTBEAT] Node: 1 | Tick: 35701 | Conf: 35699 | Hash: 0x73BAB644 | Rollbacks: 57 (Resim:  60) | Stalls:  0
[HEARTBEAT] Node: 1 | Tick: 35761 | Conf: 35758 | Hash: 0x0596D6C4 | Rollbacks: 58 (Resim:  67) | Stalls:  0
[HEARTBEAT] Node: 1 | Tick: 35821 | Conf: 35819 | Hash: 0xB6B139FF | Rollbacks: 48 (Resim:  63) | Stalls:  0
[HEARTBEAT] Node: 1 | Tick: 35881 | Conf: 35879 | Hash: 0x137079C5 | Rollbacks: 60 (Resim:  60) | Stalls:  0
[HEARTBEAT] Node: 1 | Tick: 35941 | Conf: 35939 | Hash: 0xCBCF1D67 | Rollbacks: 49 (Resim:  67) | Stalls:  0
[HEARTBEAT] Node: 1 | Tick: 36001 | Conf: 35999 | Hash: 0x64DFA410 | Rollbacks: 46 (Resim:  46) | Stalls:  0
[HEARTBEAT] Node: 1 | Tick: 36061 | Conf: 36059 | Hash: 0xFC688824 | Rollbacks: 51 (Resim:  51) | Stalls:  0
[BOT:50005] Heartbeat - Sparse Mods Tracked: 2048
[HEARTBEAT] Node: 1 | Tick: 36121 | Conf: 36118 | Hash: 0x5E14128E | Rollbacks: 56 (Resim:  61) | Stalls:  0
[HEARTBEAT] Node: 1 | Tick: 36181 | Conf: 36179 | Hash: 0x698214F7 | Rollbacks: 59 (Resim:  78) | Stalls:  0
[HEARTBEAT] Node: 1 | Tick: 36241 | Conf: 36239 | Hash: 0x6F6DBB62 | Rollbacks: 45 (Resim:  45) | Stalls:  0
[HEARTBEAT] Node: 1 | Tick: 36301 | Conf: 36299 | Hash: 0x528D51D8 | Rollbacks: 57 (Resim:  57) | Stalls:  0
[HEARTBEAT] Node: 1 | Tick: 36361 | Conf: 36359 | Hash: 0x085F0ABA | Rollbacks: 58 (Resim:  75) | Stalls:  0
[HEARTBEAT] Node: 1 | Tick: 36421 | Conf: 36419 | Hash: 0x4AFB9DD0 | Rollbacks: 51 (Resim:  51) | Stalls:  0
[HEARTBEAT] Node: 1 | Tick: 36481 | Conf: 36478 | Hash: 0xE425E831 | Rollbacks: 58 (Resim:  59) | Stalls:  0
[HEARTBEAT] Node: 1 | Tick: 36541 | Conf: 36539 | Hash: 0x3F83EE07 | Rollbacks: 52 (Resim:  79) | Stalls:  0
[HEARTBEAT] Node: 1 | Tick: 36601 | Conf: 36599 | Hash: 0xDB690EA3 | Rollbacks: 42 (Resim:  45) | Stalls:  0
[HEARTBEAT] Node: 1 | Tick: 36661 | Conf: 36659 | Hash: 0xBB0D7DBC | Rollbacks: 44 (Resim:  44) | Stalls:  0
[BOT:50005] Heartbeat - Sparse Mods Tracked: 2048
[HEARTBEAT] Node: 1 | Tick: 36721 | Conf: 36719 | Hash: 0xC5561ADB | Rollbacks: 59 (Resim:  61) | Stalls:  0
[HEARTBEAT] Node: 1 | Tick: 36781 | Conf: 36779 | Hash: 0xA5B19F2A | Rollbacks: 50 (Resim:  50) | Stalls:  0
[HEARTBEAT] Node: 1 | Tick: 36841 | Conf: 36838 | Hash: 0x3850ABD5 | Rollbacks: 58 (Resim:  84) | Stalls:  0
[HEARTBEAT] Node: 1 | Tick: 36901 | Conf: 36899 | Hash: 0x0D5BE48B | Rollbacks: 55 (Resim:  56) | Stalls:  0
[HEARTBEAT] Node: 1 | Tick: 36961 | Conf: 36959 | Hash: 0xFBEB6446 | Rollbacks: 51 (Resim:  73) | Stalls:  0
[HEARTBEAT] Node: 1 | Tick: 37021 | Conf: 37019 | Hash: 0xB4174FCB | Rollbacks: 46 (Resim:  49) | Stalls:  0
[HEARTBEAT] Node: 1 | Tick: 37081 | Conf: 37079 | Hash: 0x028D3E83 | Rollbacks: 60 (Resim:  60) | Stalls:  0
[HEARTBEAT] Node: 1 | Tick: 37141 | Conf: 37139 | Hash: 0xB9DB2D79 | Rollbacks: 59 (Resim:  67) | Stalls:  0
[HEARTBEAT] Node: 1 | Tick: 37201 | Conf: 37198 | Hash: 0x7D3891B3 | Rollbacks: 51 (Resim:  58) | Stalls:  0
[BOT:50005] Heartbeat - Sparse Mods Tracked: 2048
[HEARTBEAT] Node: 1 | Tick: 37261 | Conf: 37259 | Hash: 0xFF8E386C | Rollbacks: 56 (Resim:  68) | Stalls:  0
[HEARTBEAT] Node: 1 | Tick: 37321 | Conf: 37319 | Hash: 0xE385CC1C | Rollbacks: 58 (Resim:  61) | Stalls:  0
[HEARTBEAT] Node: 1 | Tick: 37381 | Conf: 37379 | Hash: 0xB88CDD2D | Rollbacks: 58 (Resim:  79) | Stalls:  0
[HEARTBEAT] Node: 1 | Tick: 37441 | Conf: 37439 | Hash: 0xFA9FD7D3 | Rollbacks: 54 (Resim:  54) | Stalls:  0
[HEARTBEAT] Node: 1 | Tick: 37501 | Conf: 37499 | Hash: 0x1D5FA550 | Rollbacks: 59 (Resim:  82) | Stalls:  0
[HEARTBEAT] Node: 1 | Tick: 37561 | Conf: 37559 | Hash: 0x5AA0EE46 | Rollbacks: 59 (Resim:  61) | Stalls:  0
[HEARTBEAT] Node: 1 | Tick: 37621 | Conf: 37619 | Hash: 0x148436C1 | Rollbacks: 58 (Resim:  71) | Stalls:  0
[HEARTBEAT] Node: 1 | Tick: 37681 | Conf: 37679 | Hash: 0x40B9ECD0 | Rollbacks: 50 (Resim:  50) | Stalls:  0
[HEARTBEAT] Node: 1 | Tick: 37741 | Conf: 37738 | Hash: 0x94A3BBF6 | Rollbacks: 58 (Resim:  71) | Stalls:  0
[HEARTBEAT] Node: 1 | Tick: 37801 | Conf: 37799 | Hash: 0x01912AD4 | Rollbacks: 52 (Resim:  55) | Stalls:  0
[BOT:50005] Heartbeat - Sparse Mods Tracked: 2048
[HEARTBEAT] Node: 1 | Tick: 37861 | Conf: 37859 | Hash: 0x3BC72CA3 | Rollbacks: 59 (Resim:  69) | Stalls:  0
[HEARTBEAT] Node: 1 | Tick: 37921 | Conf: 37919 | Hash: 0x997A15F8 | Rollbacks: 54 (Resim:  61) | Stalls:  0
[HEARTBEAT] Node: 1 | Tick: 37981 | Conf: 37979 | Hash: 0xD6B27596 | Rollbacks: 59 (Resim:  71) | Stalls:  0
[HEARTBEAT] Node: 1 | Tick: 38041 | Conf: 38039 | Hash: 0x35B33D8A | Rollbacks: 52 (Resim:  56) | Stalls:  0
[HEARTBEAT] Node: 1 | Tick: 38101 | Conf: 38099 | Hash: 0xDBF3AECC | Rollbacks: 55 (Resim:  55) | Stalls:  0
[HEARTBEAT] Node: 1 | Tick: 38161 | Conf: 38159 | Hash: 0x6E88F2B3 | Rollbacks: 57 (Resim:  70) | Stalls:  0
[HEARTBEAT] Node: 1 | Tick: 38221 | Conf: 38219 | Hash: 0xCE895666 | Rollbacks: 47 (Resim:  48) | Stalls:  0
[HEARTBEAT] Node: 1 | Tick: 38281 | Conf: 38279 | Hash: 0xD64524BD | Rollbacks: 45 (Resim:  54) | Stalls:  0
[HEARTBEAT] Node: 1 | Tick: 38341 | Conf: 38339 | Hash: 0xE5F81B56 | Rollbacks: 57 (Resim:  60) | Stalls:  0
[HEARTBEAT] Node: 1 | Tick: 38401 | Conf: 38399 | Hash: 0xDD285FA8 | Rollbacks: 53 (Resim:  53) | Stalls:  0
[BOT:50005] Heartbeat - Sparse Mods Tracked: 2048
[HEARTBEAT] Node: 1 | Tick: 38461 | Conf: 38459 | Hash: 0xD45FE286 | Rollbacks: 58 (Resim:  78) | Stalls:  0
[HEARTBEAT] Node: 1 | Tick: 38521 | Conf: 38519 | Hash: 0xBD699C6C | Rollbacks: 49 (Resim:  49) | Stalls:  0
[HEARTBEAT] Node: 1 | Tick: 38581 | Conf: 38579 | Hash: 0xFD3427B7 | Rollbacks: 60 (Resim:  60) | Stalls:  0
[HEARTBEAT] Node: 1 | Tick: 38641 | Conf: 38639 | Hash: 0x89023D3F | Rollbacks: 51 (Resim:  76) | Stalls:  0
[HEARTBEAT] Node: 1 | Tick: 38701 | Conf: 38699 | Hash: 0x8F4D50DD | Rollbacks: 57 (Resim:  57) | Stalls:  0
[HEARTBEAT] Node: 1 | Tick: 38761 | Conf: 38759 | Hash: 0xD1B952A4 | Rollbacks: 48 (Resim:  63) | Stalls:  0
[HEARTBEAT] Node: 1 | Tick: 38821 | Conf: 38819 | Hash: 0x33947BC9 | Rollbacks: 43 (Resim:  49) | Stalls:  0
[HEARTBEAT] Node: 1 | Tick: 38881 | Conf: 38879 | Hash: 0x78E250B6 | Rollbacks: 48 (Resim:  53) | Stalls:  0
[HEARTBEAT] Node: 1 | Tick: 38941 | Conf: 38939 | Hash: 0xE7A77AD8 | Rollbacks: 56 (Resim:  56) | Stalls:  0
[HEARTBEAT] Node: 1 | Tick: 39001 | Conf: 38998 | Hash: 0x50F3D063 | Rollbacks: 59 (Resim:  61) | Stalls:  0
[BOT:50005] Heartbeat - Sparse Mods Tracked: 2048
[HEARTBEAT] Node: 1 | Tick: 39061 | Conf: 39059 | Hash: 0x47647C76 | Rollbacks: 59 (Resim:  81) | Stalls:  0
[HEARTBEAT] Node: 1 | Tick: 39121 | Conf: 39119 | Hash: 0xE5ED8664 | Rollbacks: 53 (Resim:  53) | Stalls:  0
[HEARTBEAT] Node: 1 | Tick: 39181 | Conf: 39178 | Hash: 0x0EC4E8A5 | Rollbacks: 58 (Resim:  66) | Stalls:  0
[HEARTBEAT] Node: 1 | Tick: 39241 | Conf: 39239 | Hash: 0x752403D5 | Rollbacks: 46 (Resim:  51) | Stalls:  0
[HEARTBEAT] Node: 1 | Tick: 39301 | Conf: 39299 | Hash: 0x11A4AE66 | Rollbacks: 47 (Resim:  49) | Stalls:  0
[HEARTBEAT] Node: 1 | Tick: 39361 | Conf: 39358 | Hash: 0xA778A8A7 | Rollbacks: 53 (Resim:  55) | Stalls:  0
[HEARTBEAT] Node: 1 | Tick: 39421 | Conf: 39419 | Hash: 0xC2D5A212 | Rollbacks: 59 (Resim:  79) | Stalls:  0
[HEARTBEAT] Node: 1 | Tick: 39481 | Conf: 39479 | Hash: 0xAE65C054 | Rollbacks: 48 (Resim:  48) | Stalls:  0
[HEARTBEAT] Node: 1 | Tick: 39541 | Conf: 39538 | Hash: 0xE669FEBC | Rollbacks: 59 (Resim:  74) | Stalls:  0
[HEARTBEAT] Node: 1 | Tick: 39601 | Conf: 39599 | Hash: 0x32421718 | Rollbacks: 49 (Resim:  53) | Stalls:  0
[BOT:50005] Heartbeat - Sparse Mods Tracked: 2048
[HEARTBEAT] Node: 1 | Tick: 39661 | Conf: 39659 | Hash: 0x502F3E6F | Rollbacks: 51 (Resim:  51) | Stalls:  0
[HEARTBEAT] Node: 1 | Tick: 39721 | Conf: 39718 | Hash: 0xAED36763 | Rollbacks: 58 (Resim:  70) | Stalls:  0
[HEARTBEAT] Node: 1 | Tick: 39781 | Conf: 39779 | Hash: 0xDCE057C5 | Rollbacks: 53 (Resim:  67) | Stalls:  0
[HEARTBEAT] Node: 1 | Tick: 39841 | Conf: 39839 | Hash: 0x0019A352 | Rollbacks: 52 (Resim:  52) | Stalls:  0
[HEARTBEAT] Node: 1 | Tick: 39901 | Conf: 39898 | Hash: 0x4EE58FFB | Rollbacks: 56 (Resim:  56) | Stalls:  0
[HEARTBEAT] Node: 1 | Tick: 39961 | Conf: 39959 | Hash: 0x899845E4 | Rollbacks: 51 (Resim:  63) | Stalls:  0
[HEARTBEAT] Node: 1 | Tick: 40021 | Conf: 40019 | Hash: 0x5078C57F | Rollbacks: 59 (Resim:  60) | Stalls:  0
[HEARTBEAT] Node: 1 | Tick: 40081 | Conf: 40079 | Hash: 0x39AEA58A | Rollbacks: 59 (Resim:  77) | Stalls:  0
[HEARTBEAT] Node: 1 | Tick: 40141 | Conf: 40138 | Hash: 0x315CC65D | Rollbacks: 52 (Resim:  55) | Stalls:  0
[HEARTBEAT] Node: 1 | Tick: 40201 | Conf: 40199 | Hash: 0x63792638 | Rollbacks: 52 (Resim:  53) | Stalls:  0
[BOT:50005] Heartbeat - Sparse Mods Tracked: 2048
[HEARTBEAT] Node: 1 | Tick: 40261 | Conf: 40259 | Hash: 0xBDDD1A9B | Rollbacks: 59 (Resim:  61) | Stalls:  0
[HEARTBEAT] Node: 1 | Tick: 40321 | Conf: 40319 | Hash: 0x2DCA6A0C | Rollbacks: 46 (Resim:  48) | Stalls:  0
[HEARTBEAT] Node: 1 | Tick: 40381 | Conf: 40379 | Hash: 0xC35BC1B6 | Rollbacks: 47 (Resim:  49) | Stalls:  0
[HEARTBEAT] Node: 1 | Tick: 40441 | Conf: 40439 | Hash: 0x30ED36E6 | Rollbacks: 45 (Resim:  50) | Stalls:  0
[HEARTBEAT] Node: 1 | Tick: 40501 | Conf: 40499 | Hash: 0x9ECE3710 | Rollbacks: 42 (Resim:  42) | Stalls:  0
[HEARTBEAT] Node: 1 | Tick: 40561 | Conf: 40559 | Hash: 0x1EAE3B6A | Rollbacks: 59 (Resim:  67) | Stalls:  0
[HEARTBEAT] Node: 1 | Tick: 40621 | Conf: 40619 | Hash: 0x80D25131 | Rollbacks: 48 (Resim:  55) | Stalls:  0
[HEARTBEAT] Node: 1 | Tick: 40681 | Conf: 40679 | Hash: 0xC1832AC2 | Rollbacks: 47 (Resim:  47) | Stalls:  0
[HEARTBEAT] Node: 1 | Tick: 40741 | Conf: 40739 | Hash: 0x61895141 | Rollbacks: 55 (Resim:  55) | Stalls:  0
[HEARTBEAT] Node: 1 | Tick: 40801 | Conf: 40799 | Hash: 0xCBDDFB4C | Rollbacks: 59 (Resim:  70) | Stalls:  0
[BOT:50005] Heartbeat - Sparse Mods Tracked: 2048
[HEARTBEAT] Node: 1 | Tick: 40861 | Conf: 40859 | Hash: 0x89AC3F23 | Rollbacks: 47 (Resim:  47) | Stalls:  0
[HEARTBEAT] Node: 1 | Tick: 40921 | Conf: 40919 | Hash: 0x94277F60 | Rollbacks: 55 (Resim:  55) | Stalls:  0
[HEARTBEAT] Node: 1 | Tick: 40981 | Conf: 40978 | Hash: 0x29686526 | Rollbacks: 58 (Resim:  74) | Stalls:  0
[HEARTBEAT] Node: 1 | Tick: 41041 | Conf: 41039 | Hash: 0xE5023715 | Rollbacks: 42 (Resim:  51) | Stalls:  0
[HEARTBEAT] Node: 1 | Tick: 41101 | Conf: 41099 | Hash: 0x40E12EA9 | Rollbacks: 60 (Resim:  60) | Stalls:  0
[HEARTBEAT] Node: 1 | Tick: 41161 | Conf: 41159 | Hash: 0x1817DC09 | Rollbacks: 45 (Resim:  59) | Stalls:  0
[HEARTBEAT] Node: 1 | Tick: 41221 | Conf: 41219 | Hash: 0x9A3DD8E4 | Rollbacks: 45 (Resim:  49) | Stalls:  0
[HEARTBEAT] Node: 1 | Tick: 41281 | Conf: 41279 | Hash: 0x2260E520 | Rollbacks: 49 (Resim:  53) | Stalls:  0
[HEARTBEAT] Node: 1 | Tick: 41341 | Conf: 41339 | Hash: 0x23DE4A77 | Rollbacks: 55 (Resim:  55) | Stalls:  0
[BOT:50005] Heartbeat - Sparse Mods Tracked: 2048
[HEARTBEAT] Node: 1 | Tick: 41401 | Conf: 41399 | Hash: 0x34946574 | Rollbacks: 59 (Resim:  59) | Stalls:  0
[HEARTBEAT] Node: 1 | Tick: 41461 | Conf: 41459 | Hash: 0xFB837E12 | Rollbacks: 56 (Resim:  78) | Stalls:  0
[HEARTBEAT] Node: 1 | Tick: 41521 | Conf: 41519 | Hash: 0xB642D048 | Rollbacks: 46 (Resim:  46) | Stalls:  0
[HEARTBEAT] Node: 1 | Tick: 41581 | Conf: 41579 | Hash: 0xBE77F0B5 | Rollbacks: 55 (Resim:  55) | Stalls:  0
[HEARTBEAT] Node: 1 | Tick: 41641 | Conf: 41638 | Hash: 0xBAA2225C | Rollbacks: 58 (Resim:  68) | Stalls:  0
[HEARTBEAT] Node: 1 | Tick: 41701 | Conf: 41699 | Hash: 0xE0AA950F | Rollbacks: 51 (Resim:  69) | Stalls:  0
[HEARTBEAT] Node: 1 | Tick: 41761 | Conf: 41759 | Hash: 0xED60F0A6 | Rollbacks: 49 (Resim:  51) | Stalls:  0
[HEARTBEAT] Node: 1 | Tick: 41821 | Conf: 41819 | Hash: 0x56553D61 | Rollbacks: 52 (Resim:  52) | Stalls:  0
[HEARTBEAT] Node: 1 | Tick: 41881 | Conf: 41878 | Hash: 0xB8B8E00D | Rollbacks: 55 (Resim:  58) | Stalls:  0
[HEARTBEAT] Node: 1 | Tick: 41941 | Conf: 41939 | Hash: 0x2B7E516B | Rollbacks: 52 (Resim:  74) | Stalls:  0
[BOT:50005] Heartbeat - Sparse Mods Tracked: 2048
[HEARTBEAT] Node: 1 | Tick: 42001 | Conf: 41999 | Hash: 0x4A8855A2 | Rollbacks: 50 (Resim:  50) | Stalls:  0
[HEARTBEAT] Node: 1 | Tick: 42061 | Conf: 42059 | Hash: 0xFDEBD5D0 | Rollbacks: 59 (Resim:  59) | Stalls:  0
[HEARTBEAT] Node: 1 | Tick: 42121 | Conf: 42119 | Hash: 0x518DE8EA | Rollbacks: 54 (Resim:  71) | Stalls:  0
[HEARTBEAT] Node: 1 | Tick: 42181 | Conf: 42179 | Hash: 0xA55CDA2E | Rollbacks: 45 (Resim:  63) | Stalls:  0
[HEARTBEAT] Node: 1 | Tick: 42241 | Conf: 42239 | Hash: 0xA6F4B8F5 | Rollbacks: 51 (Resim:  51) | Stalls:  0
[HEARTBEAT] Node: 1 | Tick: 42301 | Conf: 42299 | Hash: 0xF7E1303B | Rollbacks: 59 (Resim:  67) | Stalls:  0
[HEARTBEAT] Node: 1 | Tick: 42361 | Conf: 42359 | Hash: 0x6AAE0E3D | Rollbacks: 54 (Resim:  69) | Stalls:  0
[HEARTBEAT] Node: 1 | Tick: 42421 | Conf: 42419 | Hash: 0xF6845436 | Rollbacks: 47 (Resim:  52) | Stalls:  0
[HEARTBEAT] Node: 1 | Tick: 42481 | Conf: 42479 | Hash: 0x173D8BEE | Rollbacks: 45 (Resim:  45) | Stalls:  0
[HEARTBEAT] Node: 1 | Tick: 42541 | Conf: 42539 | Hash: 0x40C697A1 | Rollbacks: 59 (Resim:  60) | Stalls:  0
[BOT:50005] Heartbeat - Sparse Mods Tracked: 2048
[HEARTBEAT] Node: 1 | Tick: 42601 | Conf: 42599 | Hash: 0x2B12419C | Rollbacks: 52 (Resim:  71) | Stalls:  0
[HEARTBEAT] Node: 1 | Tick: 42661 | Conf: 42659 | Hash: 0x81791EFF | Rollbacks: 45 (Resim:  49) | Stalls:  0
[HEARTBEAT] Node: 1 | Tick: 42721 | Conf: 42719 | Hash: 0x4455F7E3 | Rollbacks: 46 (Resim:  46) | Stalls:  0
[HEARTBEAT] Node: 1 | Tick: 42781 | Conf: 42778 | Hash: 0x782CF5DD | Rollbacks: 33 (Resim:  34) | Stalls:  0
[HEARTBEAT] Node: 1 | Tick: 42841 | Conf: 42839 | Hash: 0x8DB6600C | Rollbacks: 48 (Resim:  49) | Stalls:  0
[HEARTBEAT] Node: 1 | Tick: 42901 | Conf: 42899 | Hash: 0xC031F01F | Rollbacks: 50 (Resim:  50) | Stalls:  0
[HEARTBEAT] Node: 1 | Tick: 42961 | Conf: 42959 | Hash: 0x49654F7E | Rollbacks: 59 (Resim:  67) | Stalls:  0
[HEARTBEAT] Node: 1 | Tick: 43021 | Conf: 43019 | Hash: 0x5B5BA648 | Rollbacks: 46 (Resim:  59) | Stalls:  0
[HEARTBEAT] Node: 1 | Tick: 43081 | Conf: 43079 | Hash: 0x86B54351 | Rollbacks: 42 (Resim:  42) | Stalls:  0
[HEARTBEAT] Node: 1 | Tick: 43141 | Conf: 43139 | Hash: 0x339CD959 | Rollbacks: 55 (Resim:  55) | Stalls:  0
[BOT:50005] Heartbeat - Sparse Mods Tracked: 2048
[HEARTBEAT] Node: 1 | Tick: 43201 | Conf: 43199 | Hash: 0x6E7A5D35 | Rollbacks: 58 (Resim:  78) | Stalls:  0
[HEARTBEAT] Node: 1 | Tick: 43261 | Conf: 43259 | Hash: 0xE479532A | Rollbacks: 48 (Resim:  51) | Stalls:  0
[HEARTBEAT] Node: 1 | Tick: 43321 | Conf: 43319 | Hash: 0x7C49F416 | Rollbacks: 51 (Resim:  51) | Stalls:  0
[HEARTBEAT] Node: 1 | Tick: 43381 | Conf: 43379 | Hash: 0x5FA5EF2D | Rollbacks: 55 (Resim:  56) | Stalls:  0
[HEARTBEAT] Node: 1 | Tick: 43441 | Conf: 43438 | Hash: 0x340B5DE6 | Rollbacks: 58 (Resim:  78) | Stalls:  0
[HEARTBEAT] Node: 1 | Tick: 43501 | Conf: 43499 | Hash: 0x756D2249 | Rollbacks: 55 (Resim:  60) | Stalls:  0
[HEARTBEAT] Node: 1 | Tick: 43561 | Conf: 43559 | Hash: 0x6BF6153B | Rollbacks: 42 (Resim:  42) | Stalls:  0
[HEARTBEAT] Node: 1 | Tick: 43621 | Conf: 43618 | Hash: 0x95D5CD2D | Rollbacks: 55 (Resim:  56) | Stalls:  0
[HEARTBEAT] Node: 1 | Tick: 43681 | Conf: 43679 | Hash: 0xCD7E8128 | Rollbacks: 59 (Resim:  75) | Stalls:  0
[HEARTBEAT] Node: 1 | Tick: 43741 | Conf: 43739 | Hash: 0x3F624FA2 | Rollbacks: 46 (Resim:  47) | Stalls:  0
[BOT:50005] Heartbeat - Sparse Mods Tracked: 2048
[HEARTBEAT] Node: 1 | Tick: 43801 | Conf: 43799 | Hash: 0xB1605E89 | Rollbacks: 44 (Resim:  44) | Stalls:  0
[HEARTBEAT] Node: 1 | Tick: 43861 | Conf: 43859 | Hash: 0x855EA262 | Rollbacks: 60 (Resim:  60) | Stalls:  0
[HEARTBEAT] Node: 1 | Tick: 43921 | Conf: 43919 | Hash: 0x31659D6A | Rollbacks: 58 (Resim:  85) | Stalls:  0
[HEARTBEAT] Node: 1 | Tick: 43981 | Conf: 43979 | Hash: 0xA9A4D940 | Rollbacks: 49 (Resim:  51) | Stalls:  0
[HEARTBEAT] Node: 1 | Tick: 44041 | Conf: 44039 | Hash: 0xFE12224B | Rollbacks: 54 (Resim:  54) | Stalls:  0
[HEARTBEAT] Node: 1 | Tick: 44101 | Conf: 44098 | Hash: 0x98AF6C17 | Rollbacks: 58 (Resim:  74) | Stalls:  0
[HEARTBEAT] Node: 1 | Tick: 44161 | Conf: 44159 | Hash: 0x01B3817A | Rollbacks: 57 (Resim:  66) | Stalls:  0
[HEARTBEAT] Node: 1 | Tick: 44221 | Conf: 44219 | Hash: 0xFAF8B82D | Rollbacks: 49 (Resim:  49) | Stalls:  0
[HEARTBEAT] Node: 1 | Tick: 44281 | Conf: 44278 | Hash: 0x4BFF877D | Rollbacks: 58 (Resim:  69) | Stalls:  0
[BOT:50005] Heartbeat - Sparse Mods Tracked: 2048
[HEARTBEAT] Node: 1 | Tick: 44341 | Conf: 44339 | Hash: 0xC8B788E5 | Rollbacks: 45 (Resim:  54) | Stalls:  0
[HEARTBEAT] Node: 1 | Tick: 44401 | Conf: 44399 | Hash: 0xA7F67086 | Rollbacks: 51 (Resim:  51) | Stalls:  0
[HEARTBEAT] Node: 1 | Tick: 44461 | Conf: 44459 | Hash: 0xB7D92C18 | Rollbacks: 59 (Resim:  77) | Stalls:  0
[HEARTBEAT] Node: 1 | Tick: 44521 | Conf: 44519 | Hash: 0xDCD7B73C | Rollbacks: 46 (Resim:  49) | Stalls:  0
[HEARTBEAT] Node: 1 | Tick: 44581 | Conf: 44579 | Hash: 0x145B99FC | Rollbacks: 54 (Resim:  54) | Stalls:  0
[HEARTBEAT] Node: 1 | Tick: 44641 | Conf: 44638 | Hash: 0xCD4257DB | Rollbacks: 59 (Resim:  71) | Stalls:  0
[HEARTBEAT] Node: 1 | Tick: 44701 | Conf: 44699 | Hash: 0xAA204580 | Rollbacks: 50 (Resim:  62) | Stalls:  0
[HEARTBEAT] Node: 1 | Tick: 44761 | Conf: 44759 | Hash: 0x7D80C6BD | Rollbacks: 43 (Resim:  43) | Stalls:  0
[HEARTBEAT] Node: 1 | Tick: 44821 | Conf: 44819 | Hash: 0x7C9BE65B | Rollbacks: 56 (Resim:  56) | Stalls:  0
[HEARTBEAT] Node: 1 | Tick: 44881 | Conf: 44879 | Hash: 0xA50C5430 | Rollbacks: 58 (Resim:  76) | Stalls:  0
[BOT:50005] Heartbeat - Sparse Mods Tracked: 2048
[HEARTBEAT] Node: 1 | Tick: 44941 | Conf: 44939 | Hash: 0xC49DA2E6 | Rollbacks: 41 (Resim:  41) | Stalls:  0
[HEARTBEAT] Node: 1 | Tick: 45001 | Conf: 44999 | Hash: 0x90677E0E | Rollbacks: 59 (Resim:  63) | Stalls:  0
[HEARTBEAT] Node: 1 | Tick: 45061 | Conf: 45059 | Hash: 0xBD67E494 | Rollbacks: 51 (Resim:  69) | Stalls:  0
[HEARTBEAT] Node: 1 | Tick: 45121 | Conf: 45119 | Hash: 0xF6D1D141 | Rollbacks: 54 (Resim:  54) | Stalls:  0
[HEARTBEAT] Node: 1 | Tick: 45181 | Conf: 45178 | Hash: 0xB4555CF1 | Rollbacks: 58 (Resim:  70) | Stalls:  0
[HEARTBEAT] Node: 1 | Tick: 45241 | Conf: 45239 | Hash: 0xEB9CF4C5 | Rollbacks: 46 (Resim:  54) | Stalls:  0
[HEARTBEAT] Node: 1 | Tick: 45301 | Conf: 45298 | Hash: 0x756D8164 | Rollbacks: 57 (Resim:  71) | Stalls:  0
[HEARTBEAT] Node: 1 | Tick: 45361 | Conf: 45359 | Hash: 0xBB127682 | Rollbacks: 46 (Resim:  54) | Stalls:  0
[HEARTBEAT] Node: 1 | Tick: 45421 | Conf: 45419 | Hash: 0x684CE664 | Rollbacks: 40 (Resim:  41) | Stalls:  0
[HEARTBEAT] Node: 1 | Tick: 45481 | Conf: 45479 | Hash: 0x4A62D18E | Rollbacks: 58 (Resim:  58) | Stalls:  0
[BOT:50005] Heartbeat - Sparse Mods Tracked: 2048
[HEARTBEAT] Node: 1 | Tick: 45541 | Conf: 45539 | Hash: 0x304DC885 | Rollbacks: 55 (Resim:  76) | Stalls:  0
[HEARTBEAT] Node: 1 | Tick: 45601 | Conf: 45599 | Hash: 0xB798575C | Rollbacks: 52 (Resim:  67) | Stalls:  0
[HEARTBEAT] Node: 1 | Tick: 45661 | Conf: 45659 | Hash: 0x2801099E | Rollbacks: 49 (Resim:  49) | Stalls:  0
[HEARTBEAT] Node: 1 | Tick: 45721 | Conf: 45719 | Hash: 0x93004063 | Rollbacks: 58 (Resim:  71) | Stalls:  0
[HEARTBEAT] Node: 1 | Tick: 45781 | Conf: 45779 | Hash: 0x8C3867D3 | Rollbacks: 52 (Resim:  52) | Stalls:  0
[HEARTBEAT] Node: 1 | Tick: 45841 | Conf: 45839 | Hash: 0xC88FB124 | Rollbacks: 59 (Resim:  73) | Stalls:  0
[HEARTBEAT] Node: 1 | Tick: 45901 | Conf: 45899 | Hash: 0xC56BE07C | Rollbacks: 49 (Resim:  55) | Stalls:  0
[HEARTBEAT] Node: 1 | Tick: 45961 | Conf: 45959 | Hash: 0x3BEE626F | Rollbacks: 59 (Resim:  63) | Stalls:  0
[HEARTBEAT] Node: 1 | Tick: 46021 | Conf: 46019 | Hash: 0xBE08A478 | Rollbacks: 59 (Resim:  67) | Stalls:  0
[HEARTBEAT] Node: 1 | Tick: 46081 | Conf: 46079 | Hash: 0xBDFE059D | Rollbacks: 53 (Resim:  53) | Stalls:  0
[BOT:50005] Heartbeat - Sparse Mods Tracked: 2048
[HEARTBEAT] Node: 1 | Tick: 46141 | Conf: 46139 | Hash: 0x6F0E9F83 | Rollbacks: 58 (Resim:  80) | Stalls:  0
[HEARTBEAT] Node: 1 | Tick: 46201 | Conf: 46199 | Hash: 0x8E0ED9B9 | Rollbacks: 46 (Resim:  46) | Stalls:  0
[HEARTBEAT] Node: 1 | Tick: 46261 | Conf: 46259 | Hash: 0x267CD9F9 | Rollbacks: 59 (Resim:  60) | Stalls:  0
[HEARTBEAT] Node: 1 | Tick: 46321 | Conf: 46319 | Hash: 0xD0A41168 | Rollbacks: 53 (Resim:  69) | Stalls:  0
[HEARTBEAT] Node: 1 | Tick: 46381 | Conf: 46379 | Hash: 0xC448D693 | Rollbacks: 40 (Resim:  40) | Stalls:  0
[HEARTBEAT] Node: 1 | Tick: 46441 | Conf: 46439 | Hash: 0xBEB8117C | Rollbacks: 54 (Resim:  57) | Stalls:  0
[HEARTBEAT] Node: 1 | Tick: 46501 | Conf: 46498 | Hash: 0xD1D4D8AA | Rollbacks: 52 (Resim:  54) | Stalls:  0
[HEARTBEAT] Node: 1 | Tick: 46561 | Conf: 46559 | Hash: 0xEBB40EF0 | Rollbacks: 56 (Resim:  58) | Stalls:  0
[HEARTBEAT] Node: 1 | Tick: 46621 | Conf: 46618 | Hash: 0x0710957E | Rollbacks: 59 (Resim:  75) | Stalls:  0
[HEARTBEAT] Node: 1 | Tick: 46681 | Conf: 46679 | Hash: 0x79FD33C4 | Rollbacks: 53 (Resim:  70) | Stalls:  0
[BOT:50005] Heartbeat - Sparse Mods Tracked: 2048
[HEARTBEAT] Node: 1 | Tick: 46741 | Conf: 46739 | Hash: 0xF4A17181 | Rollbacks: 43 (Resim:  45) | Stalls:  0
[HEARTBEAT] Node: 1 | Tick: 46801 | Conf: 46799 | Hash: 0x2611D60D | Rollbacks: 59 (Resim:  65) | Stalls:  0
[HEARTBEAT] Node: 1 | Tick: 46861 | Conf: 46859 | Hash: 0x2730ECB8 | Rollbacks: 42 (Resim:  47) | Stalls:  0
[HEARTBEAT] Node: 1 | Tick: 46921 | Conf: 46919 | Hash: 0x43950753 | Rollbacks: 58 (Resim:  58) | Stalls:  0
[HEARTBEAT] Node: 1 | Tick: 46981 | Conf: 46978 | Hash: 0x7E9EB641 | Rollbacks: 59 (Resim:  73) | Stalls:  0
[HEARTBEAT] Node: 1 | Tick: 47041 | Conf: 47039 | Hash: 0x6CFE3E85 | Rollbacks: 43 (Resim:  49) | Stalls:  0
[HEARTBEAT] Node: 1 | Tick: 47101 | Conf: 47098 | Hash: 0x0D405A71 | Rollbacks: 59 (Resim:  71) | Stalls:  0
[HEARTBEAT] Node: 1 | Tick: 47161 | Conf: 47159 | Hash: 0xDA94FA53 | Rollbacks: 59 (Resim:  67) | Stalls:  0
[HEARTBEAT] Node: 1 | Tick: 47221 | Conf: 47219 | Hash: 0x1F574E6A | Rollbacks: 52 (Resim:  52) | Stalls:  0
[HEARTBEAT] Node: 1 | Tick: 47281 | Conf: 47278 | Hash: 0x83ECB488 | Rollbacks: 59 (Resim:  59) | Stalls:  0
[BOT:50005] Heartbeat - Sparse Mods Tracked: 2048
[HEARTBEAT] Node: 1 | Tick: 47341 | Conf: 47339 | Hash: 0x462941B4 | Rollbacks: 50 (Resim:  66) | Stalls:  0
[HEARTBEAT] Node: 1 | Tick: 47401 | Conf: 47399 | Hash: 0xEB0D6152 | Rollbacks: 49 (Resim:  49) | Stalls:  0
[HEARTBEAT] Node: 1 | Tick: 47461 | Conf: 47459 | Hash: 0x175D9116 | Rollbacks: 57 (Resim:  57) | Stalls:  0
[HEARTBEAT] Node: 1 | Tick: 47521 | Conf: 47518 | Hash: 0x3206FC41 | Rollbacks: 58 (Resim:  64) | Stalls:  0
[HEARTBEAT] Node: 1 | Tick: 47581 | Conf: 47579 | Hash: 0xB4192F5E | Rollbacks: 51 (Resim:  57) | Stalls:  0
[HEARTBEAT] Node: 1 | Tick: 47641 | Conf: 47639 | Hash: 0xB19648FB | Rollbacks: 59 (Resim:  66) | Stalls:  0
[HEARTBEAT] Node: 1 | Tick: 47701 | Conf: 47699 | Hash: 0xD8D2C35C | Rollbacks: 59 (Resim:  66) | Stalls:  0
[HEARTBEAT] Node: 1 | Tick: 47761 | Conf: 47759 | Hash: 0xFB597CBF | Rollbacks: 59 (Resim:  60) | Stalls:  0
[HEARTBEAT] Node: 1 | Tick: 47821 | Conf: 47819 | Hash: 0xDACD80FB | Rollbacks: 58 (Resim:  82) | Stalls:  0
[BOT:50005] Heartbeat - Sparse Mods Tracked: 2048
[HEARTBEAT] Node: 1 | Tick: 47881 | Conf: 47879 | Hash: 0xA4F3B2CA | Rollbacks: 50 (Resim:  50) | Stalls:  0
[HEARTBEAT] Node: 1 | Tick: 47941 | Conf: 47938 | Hash: 0x96D71A4C | Rollbacks: 59 (Resim:  69) | Stalls:  0
[HEARTBEAT] Node: 1 | Tick: 48001 | Conf: 47999 | Hash: 0xCF08CC9D | Rollbacks: 51 (Resim:  57) | Stalls:  0
[HEARTBEAT] Node: 1 | Tick: 48061 | Conf: 48059 | Hash: 0x4A69FF17 | Rollbacks: 59 (Resim:  71) | Stalls:  0
[HEARTBEAT] Node: 1 | Tick: 48121 | Conf: 48118 | Hash: 0x94BF4F21 | Rollbacks: 58 (Resim:  75) | Stalls:  0
[HEARTBEAT] Node: 1 | Tick: 48181 | Conf: 48179 | Hash: 0x57D82179 | Rollbacks: 47 (Resim:  53) | Stalls:  0
[HEARTBEAT] Node: 1 | Tick: 48241 | Conf: 48239 | Hash: 0x462880E3 | Rollbacks: 60 (Resim:  60) | Stalls:  0
[HEARTBEAT] Node: 1 | Tick: 48301 | Conf: 48299 | Hash: 0x700C5D58 | Rollbacks: 59 (Resim:  70) | Stalls:  0
[HEARTBEAT] Node: 1 | Tick: 48361 | Conf: 48359 | Hash: 0x278A888D | Rollbacks: 44 (Resim:  44) | Stalls:  0
[HEARTBEAT] Node: 1 | Tick: 48421 | Conf: 48419 | Hash: 0xE1000805 | Rollbacks: 59 (Resim:  62) | Stalls:  0
[BOT:50005] Heartbeat - Sparse Mods Tracked: 2048
[HEARTBEAT] Node: 1 | Tick: 48481 | Conf: 48479 | Hash: 0x36A3C8B2 | Rollbacks: 59 (Resim:  72) | Stalls:  0
[HEARTBEAT] Node: 1 | Tick: 48541 | Conf: 48539 | Hash: 0xE46B7BFE | Rollbacks: 48 (Resim:  48) | Stalls:  0
[HEARTBEAT] Node: 1 | Tick: 48601 | Conf: 48599 | Hash: 0xCDE34877 | Rollbacks: 59 (Resim:  86) | Stalls:  0
[HEARTBEAT] Node: 1 | Tick: 48661 | Conf: 48659 | Hash: 0x37F91320 | Rollbacks: 59 (Resim:  61) | Stalls:  0
[HEARTBEAT] Node: 1 | Tick: 48721 | Conf: 48719 | Hash: 0x8A644503 | Rollbacks: 58 (Resim:  58) | Stalls:  0
[HEARTBEAT] Node: 1 | Tick: 48781 | Conf: 48779 | Hash: 0x51ECD273 | Rollbacks: 45 (Resim:  64) | Stalls:  0
[HEARTBEAT] Node: 1 | Tick: 48841 | Conf: 48839 | Hash: 0x1F40014F | Rollbacks: 45 (Resim:  49) | Stalls:  0
[HEARTBEAT] Node: 1 | Tick: 48901 | Conf: 48899 | Hash: 0x13A999DD | Rollbacks: 59 (Resim:  59) | Stalls:  0
[HEARTBEAT] Node: 1 | Tick: 48961 | Conf: 48959 | Hash: 0xD0A3C945 | Rollbacks: 59 (Resim:  78) | Stalls:  0
[HEARTBEAT] Node: 1 | Tick: 49021 | Conf: 49019 | Hash: 0x6C3391AA | Rollbacks: 45 (Resim:  47) | Stalls:  0
[BOT:50005] Heartbeat - Sparse Mods Tracked: 2048
[HEARTBEAT] Node: 1 | Tick: 49081 | Conf: 49079 | Hash: 0x84E4CB7D | Rollbacks: 55 (Resim:  55) | Stalls:  0
[HEARTBEAT] Node: 1 | Tick: 49141 | Conf: 49139 | Hash: 0x3525D527 | Rollbacks: 56 (Resim:  80) | Stalls:  0
[HEARTBEAT] Node: 1 | Tick: 49201 | Conf: 49199 | Hash: 0x3BB5FCDB | Rollbacks: 58 (Resim:  60) | Stalls:  0
[HEARTBEAT] Node: 1 | Tick: 49261 | Conf: 49258 | Hash: 0x64CC56C8 | Rollbacks: 47 (Resim:  47) | Stalls:  0
[HEARTBEAT] Node: 1 | Tick: 49321 | Conf: 49319 | Hash: 0xF36D0FD7 | Rollbacks: 59 (Resim:  73) | Stalls:  0
[HEARTBEAT] Node: 1 | Tick: 49381 | Conf: 49379 | Hash: 0xC40B0DC2 | Rollbacks: 49 (Resim:  49) | Stalls:  0
[HEARTBEAT] Node: 1 | Tick: 49441 | Conf: 49439 | Hash: 0xEE88CE53 | Rollbacks: 59 (Resim:  59) | Stalls:  0
[HEARTBEAT] Node: 1 | Tick: 49501 | Conf: 49499 | Hash: 0x353FA29B | Rollbacks: 55 (Resim:  72) | Stalls:  0
[HEARTBEAT] Node: 1 | Tick: 49561 | Conf: 49559 | Hash: 0x70FBAF12 | Rollbacks: 46 (Resim:  46) | Stalls:  0
[HEARTBEAT] Node: 1 | Tick: 49621 | Conf: 49618 | Hash: 0x643CBAC3 | Rollbacks: 57 (Resim:  57) | Stalls:  0
[BOT:50005] Heartbeat - Sparse Mods Tracked: 2048
[HEARTBEAT] Node: 1 | Tick: 49681 | Conf: 49679 | Hash: 0x57A39B73 | Rollbacks: 52 (Resim:  75) | Stalls:  0
[HEARTBEAT] Node: 1 | Tick: 49741 | Conf: 49739 | Hash: 0xBA149590 | Rollbacks: 57 (Resim:  57) | Stalls:  0
[HEARTBEAT] Node: 1 | Tick: 49801 | Conf: 49799 | Hash: 0x42CE317A | Rollbacks: 58 (Resim:  61) | Stalls:  0
[HEARTBEAT] Node: 1 | Tick: 49861 | Conf: 49859 | Hash: 0x105B1152 | Rollbacks: 59 (Resim:  59) | Stalls:  0
[HEARTBEAT] Node: 1 | Tick: 49921 | Conf: 49919 | Hash: 0x9546800D | Rollbacks: 49 (Resim:  69) | Stalls:  0
[HEARTBEAT] Node: 1 | Tick: 49981 | Conf: 49979 | Hash: 0x069AAE54 | Rollbacks: 48 (Resim:  48) | Stalls:  0
[HEARTBEAT] Node: 1 | Tick: 50041 | Conf: 50039 | Hash: 0x1185DB4D | Rollbacks: 55 (Resim:  55) | Stalls:  0
[HEARTBEAT] Node: 1 | Tick: 50101 | Conf: 50099 | Hash: 0xAF8D50B8 | Rollbacks: 59 (Resim:  64) | Stalls:  0
[HEARTBEAT] Node: 1 | Tick: 50161 | Conf: 50159 | Hash: 0x26151467 | Rollbacks: 57 (Resim:  75) | Stalls:  0
[HEARTBEAT] Node: 1 | Tick: 50221 | Conf: 50219 | Hash: 0xDE9B97F1 | Rollbacks: 45 (Resim:  48) | Stalls:  0
[BOT:50005] Heartbeat - Sparse Mods Tracked: 2048
[HEARTBEAT] Node: 1 | Tick: 50281 | Conf: 50279 | Hash: 0xE43E8697 | Rollbacks: 51 (Resim:  51) | Stalls:  0
[HEARTBEAT] Node: 1 | Tick: 50341 | Conf: 50338 | Hash: 0x13376C7A | Rollbacks: 59 (Resim:  79) | Stalls:  0
[HEARTBEAT] Node: 1 | Tick: 50401 | Conf: 50399 | Hash: 0x5BF36EFA | Rollbacks: 43 (Resim:  45) | Stalls:  0
[HEARTBEAT] Node: 1 | Tick: 50461 | Conf: 50459 | Hash: 0xA5C4A751 | Rollbacks: 59 (Resim:  59) | Stalls:  0
[HEARTBEAT] Node: 1 | Tick: 50521 | Conf: 50519 | Hash: 0x88830E91 | Rollbacks: 45 (Resim:  59) | Stalls:  0
[HEARTBEAT] Node: 1 | Tick: 50581 | Conf: 50579 | Hash: 0x268384C8 | Rollbacks: 52 (Resim:  55) | Stalls:  0
[HEARTBEAT] Node: 1 | Tick: 50641 | Conf: 50638 | Hash: 0xF2CC77E4 | Rollbacks: 59 (Resim:  72) | Stalls:  0
[HEARTBEAT] Node: 1 | Tick: 50701 | Conf: 50699 | Hash: 0x2E1591B8 | Rollbacks: 56 (Resim:  71) | Stalls:  0
[HEARTBEAT] Node: 1 | Tick: 50761 | Conf: 50759 | Hash: 0x4788AA40 | Rollbacks: 58 (Resim:  58) | Stalls:  0
[HEARTBEAT] Node: 1 | Tick: 50821 | Conf: 50819 | Hash: 0x8FFDF068 | Rollbacks: 53 (Resim:  74) | Stalls:  0
[BOT:50005] Heartbeat - Sparse Mods Tracked: 2048
[HEARTBEAT] Node: 1 | Tick: 50881 | Conf: 50879 | Hash: 0x70D88FD8 | Rollbacks: 57 (Resim:  62) | Stalls:  0
[HEARTBEAT] Node: 1 | Tick: 50941 | Conf: 50939 | Hash: 0x0552EFA8 | Rollbacks: 56 (Resim:  56) | Stalls:  0
[HEARTBEAT] Node: 1 | Tick: 51001 | Conf: 50999 | Hash: 0xBEB9F897 | Rollbacks: 48 (Resim:  62) | Stalls:  0
[HEARTBEAT] Node: 1 | Tick: 51061 | Conf: 51059 | Hash: 0x6D7F340D | Rollbacks: 58 (Resim:  59) | Stalls:  0
[HEARTBEAT] Node: 1 | Tick: 51121 | Conf: 51119 | Hash: 0x51D0AA15 | Rollbacks: 58 (Resim:  61) | Stalls:  0
[HEARTBEAT] Node: 1 | Tick: 51181 | Conf: 51179 | Hash: 0x33D4BA00 | Rollbacks: 55 (Resim:  55) | Stalls:  0
[HEARTBEAT] Node: 1 | Tick: 51241 | Conf: 51239 | Hash: 0xC23F6EAC | Rollbacks: 59 (Resim:  79) | Stalls:  0
[HEARTBEAT] Node: 1 | Tick: 51301 | Conf: 51299 | Hash: 0xF8D1F5BA | Rollbacks: 44 (Resim:  46) | Stalls:  0
[HEARTBEAT] Node: 1 | Tick: 51361 | Conf: 51359 | Hash: 0x29A0D6B7 | Rollbacks: 60 (Resim:  60) | Stalls:  0
[HEARTBEAT] Node: 1 | Tick: 51421 | Conf: 51419 | Hash: 0x8B2B881E | Rollbacks: 49 (Resim:  61) | Stalls:  0
[BOT:50005] Heartbeat - Sparse Mods Tracked: 2048
[HEARTBEAT] Node: 1 | Tick: 51481 | Conf: 51479 | Hash: 0x3306B943 | Rollbacks: 59 (Resim:  61) | Stalls:  0
[HEARTBEAT] Node: 1 | Tick: 51541 | Conf: 51539 | Hash: 0xEDA2DB6B | Rollbacks: 59 (Resim:  74) | Stalls:  0
[HEARTBEAT] Node: 1 | Tick: 51601 | Conf: 51599 | Hash: 0xFC80D985 | Rollbacks: 45 (Resim:  47) | Stalls:  0
[HEARTBEAT] Node: 1 | Tick: 51661 | Conf: 51659 | Hash: 0xE95FB681 | Rollbacks: 47 (Resim:  47) | Stalls:  0
[HEARTBEAT] Node: 1 | Tick: 51721 | Conf: 51719 | Hash: 0xF8C94F4F | Rollbacks: 59 (Resim:  63) | Stalls:  0
[HEARTBEAT] Node: 1 | Tick: 51781 | Conf: 51779 | Hash: 0x05D076CB | Rollbacks: 51 (Resim:  66) | Stalls:  0
[HEARTBEAT] Node: 1 | Tick: 51841 | Conf: 51839 | Hash: 0x98C154B8 | Rollbacks: 57 (Resim:  59) | Stalls:  0
[HEARTBEAT] Node: 1 | Tick: 51901 | Conf: 51898 | Hash: 0x978B0C88 | Rollbacks: 54 (Resim:  64) | Stalls:  0
[HEARTBEAT] Node: 1 | Tick: 51961 | Conf: 51959 | Hash: 0xC4A108BA | Rollbacks: 45 (Resim:  55) | Stalls:  0
[HEARTBEAT] Node: 1 | Tick: 52021 | Conf: 52019 | Hash: 0xF35D1A6B | Rollbacks: 51 (Resim:  51) | Stalls:  0
[BOT:50005] Heartbeat - Sparse Mods Tracked: 2048
[HEARTBEAT] Node: 1 | Tick: 52081 | Conf: 52079 | Hash: 0xA18FD960 | Rollbacks: 59 (Resim:  83) | Stalls:  0
[HEARTBEAT] Node: 1 | Tick: 52141 | Conf: 52139 | Hash: 0x78EFB67E | Rollbacks: 59 (Resim:  61) | Stalls:  0
[HEARTBEAT] Node: 1 | Tick: 52201 | Conf: 52199 | Hash: 0x73BDB865 | Rollbacks: 48 (Resim:  48) | Stalls:  0
[HEARTBEAT] Node: 1 | Tick: 52261 | Conf: 52259 | Hash: 0x9B54DCF6 | Rollbacks: 59 (Resim:  62) | Stalls:  0
[HEARTBEAT] Node: 1 | Tick: 52321 | Conf: 52319 | Hash: 0x8B137D40 | Rollbacks: 58 (Resim:  62) | Stalls:  0
[HEARTBEAT] Node: 1 | Tick: 52381 | Conf: 52379 | Hash: 0xBEB51197 | Rollbacks: 55 (Resim:  55) | Stalls:  0
[HEARTBEAT] Node: 1 | Tick: 52441 | Conf: 52438 | Hash: 0xC9FA8A1A | Rollbacks: 46 (Resim:  69) | Stalls:  0
[HEARTBEAT] Node: 1 | Tick: 52501 | Conf: 52498 | Hash: 0x90DEAD2E | Rollbacks: 53 (Resim:  62) | Stalls:  0
[HEARTBEAT] Node: 1 | Tick: 52561 | Conf: 52558 | Hash: 0x33D6F2DA | Rollbacks: 52 (Resim:  57) | Stalls:  0
[BOT:50005] Heartbeat - Sparse Mods Tracked: 2048
[HEARTBEAT] Node: 1 | Tick: 52621 | Conf: 52619 | Hash: 0x7F1DD1C5 | Rollbacks: 58 (Resim:  64) | Stalls:  0
[HEARTBEAT] Node: 1 | Tick: 52681 | Conf: 52679 | Hash: 0x28E0BABC | Rollbacks: 56 (Resim:  76) | Stalls:  0
[HEARTBEAT] Node: 1 | Tick: 52741 | Conf: 52739 | Hash: 0xDAD3AA18 | Rollbacks: 56 (Resim:  60) | Stalls:  0
[HEARTBEAT] Node: 1 | Tick: 52801 | Conf: 52799 | Hash: 0xE4AD45B8 | Rollbacks: 52 (Resim:  52) | Stalls:  0
[HEARTBEAT] Node: 1 | Tick: 52861 | Conf: 52859 | Hash: 0xBA7616B0 | Rollbacks: 59 (Resim:  68) | Stalls:  0
[HEARTBEAT] Node: 1 | Tick: 52921 | Conf: 52919 | Hash: 0x48B7A623 | Rollbacks: 58 (Resim:  67) | Stalls:  0
[HEARTBEAT] Node: 1 | Tick: 52981 | Conf: 52979 | Hash: 0x1AB8686F | Rollbacks: 59 (Resim:  62) | Stalls:  0
[HEARTBEAT] Node: 1 | Tick: 53041 | Conf: 53039 | Hash: 0x8F26D15D | Rollbacks: 60 (Resim:  60) | Stalls:  0
[HEARTBEAT] Node: 1 | Tick: 53101 | Conf: 53099 | Hash: 0x98C01847 | Rollbacks: 59 (Resim:  69) | Stalls:  0
[HEARTBEAT] Node: 1 | Tick: 53161 | Conf: 53158 | Hash: 0x722EB86B | Rollbacks: 59 (Resim:  73) | Stalls:  0
[BOT:50005] Heartbeat - Sparse Mods Tracked: 2048
[HEARTBEAT] Node: 1 | Tick: 53221 | Conf: 53219 | Hash: 0x84157EA7 | Rollbacks: 43 (Resim:  49) | Stalls:  0
[HEARTBEAT] Node: 1 | Tick: 53281 | Conf: 53279 | Hash: 0x80126D58 | Rollbacks: 53 (Resim:  53) | Stalls:  0
[HEARTBEAT] Node: 1 | Tick: 53341 | Conf: 53339 | Hash: 0x6D06AD88 | Rollbacks: 58 (Resim:  85) | Stalls:  0
[HEARTBEAT] Node: 1 | Tick: 53401 | Conf: 53399 | Hash: 0x98BA2FF5 | Rollbacks: 58 (Resim:  58) | Stalls:  0
[HEARTBEAT] Node: 1 | Tick: 53461 | Conf: 53459 | Hash: 0x062F9ED4 | Rollbacks: 59 (Resim:  60) | Stalls:  0
[HEARTBEAT] Node: 1 | Tick: 53521 | Conf: 53519 | Hash: 0xD2B7F01B | Rollbacks: 46 (Resim:  62) | Stalls:  0
[HEARTBEAT] Node: 1 | Tick: 53581 | Conf: 53579 | Hash: 0x115A4BED | Rollbacks: 53 (Resim:  79) | Stalls:  0
[HEARTBEAT] Node: 1 | Tick: 53641 | Conf: 53639 | Hash: 0x1DCC8553 | Rollbacks: 57 (Resim:  59) | Stalls:  0
[HEARTBEAT] Node: 1 | Tick: 53701 | Conf: 53699 | Hash: 0xE0129533 | Rollbacks: 50 (Resim:  50) | Stalls:  0
[HEARTBEAT] Node: 1 | Tick: 53761 | Conf: 53759 | Hash: 0xACAC591B | Rollbacks: 58 (Resim:  75) | Stalls:  0
[BOT:50005] Heartbeat - Sparse Mods Tracked: 2048
[HEARTBEAT] Node: 1 | Tick: 53821 | Conf: 53819 | Hash: 0x39CD8C90 | Rollbacks: 55 (Resim:  55) | Stalls:  0
[HEARTBEAT] Node: 1 | Tick: 53881 | Conf: 53878 | Hash: 0x38A35E92 | Rollbacks: 58 (Resim:  77) | Stalls:  0
[HEARTBEAT] Node: 1 | Tick: 53941 | Conf: 53939 | Hash: 0x239B8341 | Rollbacks: 45 (Resim:  52) | Stalls:  0
[HEARTBEAT] Node: 1 | Tick: 54001 | Conf: 53999 | Hash: 0xDC25D438 | Rollbacks: 50 (Resim:  52) | Stalls:  0
[HEARTBEAT] Node: 1 | Tick: 54061 | Conf: 54059 | Hash: 0xDD6AF3FA | Rollbacks: 45 (Resim:  49) | Stalls:  0
[HEARTBEAT] Node: 1 | Tick: 54121 | Conf: 54119 | Hash: 0xE6A8B044 | Rollbacks: 48 (Resim:  48) | Stalls:  0
[HEARTBEAT] Node: 1 | Tick: 54181 | Conf: 54179 | Hash: 0x552D039B | Rollbacks: 47 (Resim:  49) | Stalls:  0
[HEARTBEAT] Node: 1 | Tick: 54241 | Conf: 54239 | Hash: 0x1616EC6A | Rollbacks: 59 (Resim:  59) | Stalls:  0
[HEARTBEAT] Node: 1 | Tick: 54301 | Conf: 54299 | Hash: 0x4DD9E673 | Rollbacks: 49 (Resim:  66) | Stalls:  0
[HEARTBEAT] Node: 1 | Tick: 54361 | Conf: 54359 | Hash: 0xD5FBEAED | Rollbacks: 53 (Resim:  57) | Stalls:  0
[BOT:50005] Heartbeat - Sparse Mods Tracked: 2048
[HEARTBEAT] Node: 1 | Tick: 54421 | Conf: 54419 | Hash: 0x764FBF9E | Rollbacks: 59 (Resim:  74) | Stalls:  0
[HEARTBEAT] Node: 1 | Tick: 54481 | Conf: 54479 | Hash: 0xA95A0368 | Rollbacks: 49 (Resim:  52) | Stalls:  0
[HEARTBEAT] Node: 1 | Tick: 54541 | Conf: 54539 | Hash: 0xE7FBD531 | Rollbacks: 58 (Resim:  63) | Stalls:  0
[HEARTBEAT] Node: 1 | Tick: 54601 | Conf: 54599 | Hash: 0x6C1EF962 | Rollbacks: 45 (Resim:  45) | Stalls:  0
[HEARTBEAT] Node: 1 | Tick: 54661 | Conf: 54659 | Hash: 0x4498081D | Rollbacks: 53 (Resim:  53) | Stalls:  0
[HEARTBEAT] Node: 1 | Tick: 54721 | Conf: 54719 | Hash: 0x9CFC541F | Rollbacks: 59 (Resim:  82) | Stalls:  0
[HEARTBEAT] Node: 1 | Tick: 54781 | Conf: 54779 | Hash: 0x0D5E747A | Rollbacks: 59 (Resim:  64) | Stalls:  0
[HEARTBEAT] Node: 1 | Tick: 54841 | Conf: 54839 | Hash: 0xDEE44863 | Rollbacks: 49 (Resim:  49) | Stalls:  0
[HEARTBEAT] Node: 1 | Tick: 54901 | Conf: 54899 | Hash: 0x09F900F2 | Rollbacks: 59 (Resim:  79) | Stalls:  0
[HEARTBEAT] Node: 1 | Tick: 54961 | Conf: 54959 | Hash: 0x99BB7F01 | Rollbacks: 59 (Resim:  62) | Stalls:  0
[BOT:50005] Heartbeat - Sparse Mods Tracked: 2048
[HEARTBEAT] Node: 1 | Tick: 55021 | Conf: 55019 | Hash: 0x7864977C | Rollbacks: 56 (Resim:  90) | Stalls:  0
[HEARTBEAT] Node: 1 | Tick: 55081 | Conf: 55079 | Hash: 0xE11C71CE | Rollbacks: 59 (Resim:  62) | Stalls:  0
[HEARTBEAT] Node: 1 | Tick: 55141 | Conf: 55139 | Hash: 0xA3BE65A7 | Rollbacks: 59 (Resim:  59) | Stalls:  0
[HEARTBEAT] Node: 1 | Tick: 55201 | Conf: 55199 | Hash: 0x79C9C550 | Rollbacks: 58 (Resim:  72) | Stalls:  0
[HEARTBEAT] Node: 1 | Tick: 55261 | Conf: 55259 | Hash: 0x093D0938 | Rollbacks: 48 (Resim:  48) | Stalls:  0
[HEARTBEAT] Node: 1 | Tick: 55321 | Conf: 55319 | Hash: 0xBAA50D44 | Rollbacks: 54 (Resim:  84) | Stalls:  0
[HEARTBEAT] Node: 1 | Tick: 55381 | Conf: 55379 | Hash: 0x38A61D6E | Rollbacks: 59 (Resim:  61) | Stalls:  0
[HEARTBEAT] Node: 1 | Tick: 55441 | Conf: 55439 | Hash: 0xB3496837 | Rollbacks: 59 (Resim:  74) | Stalls:  0
[HEARTBEAT] Node: 1 | Tick: 55501 | Conf: 55499 | Hash: 0x3D5D0DCC | Rollbacks: 59 (Resim:  61) | Stalls:  0
[HEARTBEAT] Node: 1 | Tick: 55561 | Conf: 55558 | Hash: 0x0D67BEE4 | Rollbacks: 59 (Resim:  66) | Stalls:  0
[BOT:50005] Heartbeat - Sparse Mods Tracked: 2048
[HEARTBEAT] Node: 1 | Tick: 55621 | Conf: 55619 | Hash: 0x5E926A09 | Rollbacks: 55 (Resim:  59) | Stalls:  0
[HEARTBEAT] Node: 1 | Tick: 55681 | Conf: 55679 | Hash: 0x82C2EDCF | Rollbacks: 59 (Resim:  77) | Stalls:  0
[HEARTBEAT] Node: 1 | Tick: 55741 | Conf: 55739 | Hash: 0xB5C8C019 | Rollbacks: 43 (Resim:  43) | Stalls:  0
[HEARTBEAT] Node: 1 | Tick: 55801 | Conf: 55799 | Hash: 0x69C05DCB | Rollbacks: 60 (Resim:  60) | Stalls:  0
[HEARTBEAT] Node: 1 | Tick: 55861 | Conf: 55859 | Hash: 0x713A84B1 | Rollbacks: 53 (Resim:  64) | Stalls:  0
[HEARTBEAT] Node: 1 | Tick: 55921 | Conf: 55918 | Hash: 0x0364BD0E | Rollbacks: 56 (Resim:  63) | Stalls:  0
[HEARTBEAT] Node: 1 | Tick: 55981 | Conf: 55979 | Hash: 0x43231CF7 | Rollbacks: 54 (Resim:  71) | Stalls:  0
[HEARTBEAT] Node: 1 | Tick: 56041 | Conf: 56039 | Hash: 0x7702EBA4 | Rollbacks: 53 (Resim:  56) | Stalls:  0
[HEARTBEAT] Node: 1 | Tick: 56101 | Conf: 56098 | Hash: 0xB10D2BCD | Rollbacks: 59 (Resim:  66) | Stalls:  0
[HEARTBEAT] Node: 1 | Tick: 56161 | Conf: 56159 | Hash: 0x54F0D02D | Rollbacks: 59 (Resim:  68) | Stalls:  0
[BOT:50005] Heartbeat - Sparse Mods Tracked: 2048
[HEARTBEAT] Node: 1 | Tick: 56221 | Conf: 56219 | Hash: 0x2DECA8CF | Rollbacks: 54 (Resim:  58) | Stalls:  0
[HEARTBEAT] Node: 1 | Tick: 56281 | Conf: 56278 | Hash: 0x680E17F4 | Rollbacks: 59 (Resim:  71) | Stalls:  0
[HEARTBEAT] Node: 1 | Tick: 56341 | Conf: 56339 | Hash: 0x8DB3BC31 | Rollbacks: 41 (Resim:  50) | Stalls:  0
[HEARTBEAT] Node: 1 | Tick: 56401 | Conf: 56399 | Hash: 0x0493EE97 | Rollbacks: 54 (Resim:  54) | Stalls:  0
[HEARTBEAT] Node: 1 | Tick: 56461 | Conf: 56459 | Hash: 0x6C04538D | Rollbacks: 41 (Resim:  43) | Stalls:  0
[HEARTBEAT] Node: 1 | Tick: 56521 | Conf: 56519 | Hash: 0xA717DE59 | Rollbacks: 59 (Resim:  77) | Stalls:  0
[HEARTBEAT] Node: 1 | Tick: 56581 | Conf: 56579 | Hash: 0xE574D508 | Rollbacks: 59 (Resim:  61) | Stalls:  0
[HEARTBEAT] Node: 1 | Tick: 56641 | Conf: 56639 | Hash: 0xFD22B202 | Rollbacks: 58 (Resim:  73) | Stalls:  0
[HEARTBEAT] Node: 1 | Tick: 56701 | Conf: 56699 | Hash: 0x10800A5A | Rollbacks: 56 (Resim:  56) | Stalls:  0
[HEARTBEAT] Node: 1 | Tick: 56761 | Conf: 56759 | Hash: 0x2EB31929 | Rollbacks: 52 (Resim:  66) | Stalls:  0
[BOT:50005] Heartbeat - Sparse Mods Tracked: 2048
[HEARTBEAT] Node: 1 | Tick: 56821 | Conf: 56819 | Hash: 0x43469F38 | Rollbacks: 48 (Resim:  50) | Stalls:  0
[HEARTBEAT] Node: 1 | Tick: 56881 | Conf: 56878 | Hash: 0x8455B22A | Rollbacks: 55 (Resim:  61) | Stalls:  0
[HEARTBEAT] Node: 1 | Tick: 56941 | Conf: 56938 | Hash: 0xE709B08F | Rollbacks: 56 (Resim:  78) | Stalls:  0
[HEARTBEAT] Node: 1 | Tick: 57001 | Conf: 56999 | Hash: 0xFA833D17 | Rollbacks: 43 (Resim:  44) | Stalls:  0
[HEARTBEAT] Node: 1 | Tick: 57061 | Conf: 57059 | Hash: 0x8BAB87A8 | Rollbacks: 58 (Resim:  58) | Stalls:  0
[HEARTBEAT] Node: 1 | Tick: 57121 | Conf: 57119 | Hash: 0xE718C14B | Rollbacks: 59 (Resim:  75) | Stalls:  0
[HEARTBEAT] Node: 1 | Tick: 57181 | Conf: 57179 | Hash: 0x9FCE3CF5 | Rollbacks: 43 (Resim:  43) | Stalls:  0
[HEARTBEAT] Node: 1 | Tick: 57241 | Conf: 57239 | Hash: 0x215CC08C | Rollbacks: 59 (Resim:  67) | Stalls:  0
[HEARTBEAT] Node: 1 | Tick: 57301 | Conf: 57299 | Hash: 0x2DB9215B | Rollbacks: 59 (Resim:  62) | Stalls:  0
[HEARTBEAT] Node: 1 | Tick: 57361 | Conf: 57358 | Hash: 0x57D98D5B | Rollbacks: 56 (Resim:  58) | Stalls:  0
[BOT:50005] Heartbeat - Sparse Mods Tracked: 2048
[HEARTBEAT] Node: 1 | Tick: 57421 | Conf: 57419 | Hash: 0xD203B8EC | Rollbacks: 56 (Resim:  61) | Stalls:  0
[HEARTBEAT] Node: 1 | Tick: 57481 | Conf: 57479 | Hash: 0x5F68B9B0 | Rollbacks: 59 (Resim:  67) | Stalls:  0
[HEARTBEAT] Node: 1 | Tick: 57541 | Conf: 57539 | Hash: 0x03F66D38 | Rollbacks: 56 (Resim:  56) | Stalls:  0
[HEARTBEAT] Node: 1 | Tick: 57601 | Conf: 57599 | Hash: 0xB579A4EB | Rollbacks: 43 (Resim:  64) | Stalls:  0
[HEARTBEAT] Node: 1 | Tick: 57661 | Conf: 57659 | Hash: 0x8E8535AB | Rollbacks: 60 (Resim:  60) | Stalls:  0
[HEARTBEAT] Node: 1 | Tick: 57721 | Conf: 57718 | Hash: 0xE18B3BBD | Rollbacks: 58 (Resim:  71) | Stalls:  0
[HEARTBEAT] Node: 1 | Tick: 57781 | Conf: 57779 | Hash: 0x1CA54322 | Rollbacks: 44 (Resim:  48) | Stalls:  0
[HEARTBEAT] Node: 1 | Tick: 57841 | Conf: 57839 | Hash: 0x575C204F | Rollbacks: 54 (Resim:  71) | Stalls:  0
[HEARTBEAT] Node: 1 | Tick: 57901 | Conf: 57899 | Hash: 0x218E7A6F | Rollbacks: 54 (Resim:  58) | Stalls:  0
[BOT:50005] Heartbeat - Sparse Mods Tracked: 2048
[HEARTBEAT] Node: 1 | Tick: 57961 | Conf: 57959 | Hash: 0xC55EDF02 | Rollbacks: 45 (Resim:  47) | Stalls:  0
[HEARTBEAT] Node: 1 | Tick: 58021 | Conf: 58018 | Hash: 0x0A317575 | Rollbacks: 50 (Resim:  57) | Stalls:  0
[HEARTBEAT] Node: 1 | Tick: 58081 | Conf: 58079 | Hash: 0x4BBFE92A | Rollbacks: 49 (Resim:  65) | Stalls:  0
[HEARTBEAT] Node: 1 | Tick: 58141 | Conf: 58139 | Hash: 0x11592512 | Rollbacks: 59 (Resim:  61) | Stalls:  0
[HEARTBEAT] Node: 1 | Tick: 58201 | Conf: 58199 | Hash: 0x5A21EA78 | Rollbacks: 59 (Resim:  68) | Stalls:  0
[HEARTBEAT] Node: 1 | Tick: 58261 | Conf: 58259 | Hash: 0x8ECA1FBA | Rollbacks: 45 (Resim:  45) | Stalls:  0
[HEARTBEAT] Node: 1 | Tick: 58321 | Conf: 58319 | Hash: 0x0139C8BD | Rollbacks: 58 (Resim:  78) | Stalls:  0
[HEARTBEAT] Node: 1 | Tick: 58381 | Conf: 58379 | Hash: 0x8FBD8EC4 | Rollbacks: 52 (Resim:  52) | Stalls:  0
[HEARTBEAT] Node: 1 | Tick: 58441 | Conf: 58439 | Hash: 0x634EC8CE | Rollbacks: 59 (Resim:  75) | Stalls:  0
[HEARTBEAT] Node: 1 | Tick: 58501 | Conf: 58499 | Hash: 0x0AC9CEF8 | Rollbacks: 47 (Resim:  47) | Stalls:  0
[BOT:50005] Heartbeat - Sparse Mods Tracked: 2048
[HEARTBEAT] Node: 1 | Tick: 58561 | Conf: 58559 | Hash: 0x1F750901 | Rollbacks: 51 (Resim:  78) | Stalls:  0
[HEARTBEAT] Node: 1 | Tick: 58621 | Conf: 58619 | Hash: 0x93EA9123 | Rollbacks: 54 (Resim:  56) | Stalls:  0
[HEARTBEAT] Node: 1 | Tick: 58681 | Conf: 58678 | Hash: 0xF6D5EBF6 | Rollbacks: 55 (Resim:  60) | Stalls:  0
[HEARTBEAT] Node: 1 | Tick: 58741 | Conf: 58739 | Hash: 0xAEC137E5 | Rollbacks: 55 (Resim:  81) | Stalls:  0
[HEARTBEAT] Node: 1 | Tick: 58801 | Conf: 58799 | Hash: 0x61C13F5C | Rollbacks: 48 (Resim:  48) | Stalls:  0
[HEARTBEAT] Node: 1 | Tick: 58861 | Conf: 58859 | Hash: 0x45E58EE3 | Rollbacks: 59 (Resim:  74) | Stalls:  0
[HEARTBEAT] Node: 1 | Tick: 58921 | Conf: 58919 | Hash: 0x23C39A38 | Rollbacks: 59 (Resim:  62) | Stalls:  0
[HEARTBEAT] Node: 1 | Tick: 58981 | Conf: 58979 | Hash: 0x39D202C0 | Rollbacks: 44 (Resim:  45) | Stalls:  0
[HEARTBEAT] Node: 1 | Tick: 59041 | Conf: 59039 | Hash: 0xB442B27E | Rollbacks: 59 (Resim:  71) | Stalls:  0
[HEARTBEAT] Node: 1 | Tick: 59101 | Conf: 59099 | Hash: 0x9ADF953A | Rollbacks: 45 (Resim:  53) | Stalls:  0
[BOT:50005] Heartbeat - Sparse Mods Tracked: 2048
[HEARTBEAT] Node: 1 | Tick: 59161 | Conf: 59159 | Hash: 0xE5AAF28E | Rollbacks: 48 (Resim:  48) | Stalls:  0
[HEARTBEAT] Node: 1 | Tick: 59221 | Conf: 59219 | Hash: 0x9DBE28B2 | Rollbacks: 60 (Resim:  60) | Stalls:  0
[HEARTBEAT] Node: 1 | Tick: 59281 | Conf: 59279 | Hash: 0xFEC426C4 | Rollbacks: 59 (Resim:  73) | Stalls:  0
[HEARTBEAT] Node: 1 | Tick: 59341 | Conf: 59339 | Hash: 0xE5D8DB50 | Rollbacks: 42 (Resim:  42) | Stalls:  0
[HEARTBEAT] Node: 1 | Tick: 59401 | Conf: 59398 | Hash: 0xA671E779 | Rollbacks: 58 (Resim:  60) | Stalls:  0
[HEARTBEAT] Node: 1 | Tick: 59461 | Conf: 59459 | Hash: 0x155B5A8A | Rollbacks: 49 (Resim:  64) | Stalls:  0
[HEARTBEAT] Node: 1 | Tick: 59521 | Conf: 59519 | Hash: 0x39A49E36 | Rollbacks: 57 (Resim:  57) | Stalls:  0
[HEARTBEAT] Node: 1 | Tick: 59581 | Conf: 59578 | Hash: 0xD18BB23F | Rollbacks: 59 (Resim:  76) | Stalls:  0
[HEARTBEAT] Node: 1 | Tick: 59641 | Conf: 59639 | Hash: 0x2314AB5B | Rollbacks: 53 (Resim:  63) | Stalls:  0
[HEARTBEAT] Node: 1 | Tick: 59701 | Conf: 59699 | Hash: 0x02E32D9D | Rollbacks: 47 (Resim:  47) | Stalls:  0
[BOT:50005] Heartbeat - Sparse Mods Tracked: 2048
[HEARTBEAT] Node: 1 | Tick: 59761 | Conf: 59759 | Hash: 0xA18A6862 | Rollbacks: 59 (Resim:  61) | Stalls:  0
[HEARTBEAT] Node: 1 | Tick: 59821 | Conf: 59819 | Hash: 0x66B96A33 | Rollbacks: 59 (Resim:  71) | Stalls:  0
[HEARTBEAT] Node: 1 | Tick: 59881 | Conf: 59879 | Hash: 0x9BA50856 | Rollbacks: 48 (Resim:  48) | Stalls:  0
[HEARTBEAT] Node: 1 | Tick: 59941 | Conf: 59939 | Hash: 0x46661485 | Rollbacks: 58 (Resim:  62) | Stalls:  0
[HEARTBEAT] Node: 1 | Tick: 60001 | Conf: 59999 | Hash: 0x1DF06067 | Rollbacks: 43 (Resim:  54) | Stalls:  0
[HEARTBEAT] Node: 1 | Tick: 60061 | Conf: 60059 | Hash: 0xC0E80BB4 | Rollbacks: 48 (Resim:  48) | Stalls:  0
[HEARTBEAT] Node: 1 | Tick: 60121 | Conf: 60119 | Hash: 0x6D05810D | Rollbacks: 59 (Resim:  66) | Stalls:  0
[HEARTBEAT] Node: 1 | Tick: 60181 | Conf: 60179 | Hash: 0x80CC4400 | Rollbacks: 59 (Resim:  62) | Stalls:  0
[HEARTBEAT] Node: 1 | Tick: 60241 | Conf: 60239 | Hash: 0xEF2E7C4D | Rollbacks: 59 (Resim:  59) | Stalls:  0
[HEARTBEAT] Node: 1 | Tick: 60301 | Conf: 60299 | Hash: 0x3F231CEE | Rollbacks: 53 (Resim:  63) | Stalls:  0
[BOT:50005] Heartbeat - Sparse Mods Tracked: 2048
[HEARTBEAT] Node: 1 | Tick: 60361 | Conf: 60358 | Hash: 0x96419BBE | Rollbacks: 59 (Resim:  78) | Stalls:  0
[HEARTBEAT] Node: 1 | Tick: 60421 | Conf: 60419 | Hash: 0x073446BD | Rollbacks: 52 (Resim:  64) | Stalls:  0
[HEARTBEAT] Node: 1 | Tick: 60481 | Conf: 60479 | Hash: 0x507A64D6 | Rollbacks: 54 (Resim:  54) | Stalls:  0
[HEARTBEAT] Node: 1 | Tick: 60541 | Conf: 60539 | Hash: 0xBA31B55E | Rollbacks: 52 (Resim:  64) | Stalls:  0
[HEARTBEAT] Node: 1 | Tick: 60601 | Conf: 60599 | Hash: 0x427D8CFE | Rollbacks: 59 (Resim:  79) | Stalls:  0
[HEARTBEAT] Node: 1 | Tick: 60661 | Conf: 60659 | Hash: 0x3EFB3EC4 | Rollbacks: 46 (Resim:  49) | Stalls:  0
[HEARTBEAT] Node: 1 | Tick: 60721 | Conf: 60719 | Hash: 0xC550567C | Rollbacks: 48 (Resim:  48) | Stalls:  0
[HEARTBEAT] Node: 1 | Tick: 60781 | Conf: 60779 | Hash: 0xDDC67EA8 | Rollbacks: 44 (Resim:  68) | Stalls:  0
[HEARTBEAT] Node: 1 | Tick: 60841 | Conf: 60839 | Hash: 0x38C99C7F | Rollbacks: 51 (Resim:  51) | Stalls:  0
[HEARTBEAT] Node: 1 | Tick: 60901 | Conf: 60899 | Hash: 0x5246A449 | Rollbacks: 58 (Resim:  82) | Stalls:  0
[BOT:50005] Heartbeat - Sparse Mods Tracked: 2048
[HEARTBEAT] Node: 1 | Tick: 60961 | Conf: 60958 | Hash: 0x8E5A7594 | Rollbacks: 43 (Resim:  44) | Stalls:  0
[HEARTBEAT] Node: 1 | Tick: 61021 | Conf: 61019 | Hash: 0xFE9616DA | Rollbacks: 60 (Resim:  89) | Stalls:  0
[HEARTBEAT] Node: 1 | Tick: 61081 | Conf: 61079 | Hash: 0xA5B88638 | Rollbacks: 47 (Resim:  50) | Stalls:  0
[HEARTBEAT] Node: 1 | Tick: 61141 | Conf: 61139 | Hash: 0x2682B865 | Rollbacks: 39 (Resim:  39) | Stalls:  0
[HEARTBEAT] Node: 1 | Tick: 61201 | Conf: 61199 | Hash: 0xFBEB1B4B | Rollbacks: 57 (Resim:  61) | Stalls:  0
[HEARTBEAT] Node: 1 | Tick: 61261 | Conf: 61259 | Hash: 0x88727F13 | Rollbacks: 59 (Resim:  67) | Stalls:  0
[HEARTBEAT] Node: 1 | Tick: 61321 | Conf: 61319 | Hash: 0xC7648079 | Rollbacks: 45 (Resim:  45) | Stalls:  0
[HEARTBEAT] Node: 1 | Tick: 61381 | Conf: 61379 | Hash: 0x56BDDA09 | Rollbacks: 53 (Resim:  53) | Stalls:  0
[HEARTBEAT] Node: 1 | Tick: 61441 | Conf: 61439 | Hash: 0xFBE0E146 | Rollbacks: 59 (Resim:  87) | Stalls:  0
[HEARTBEAT] Node: 1 | Tick: 61501 | Conf: 61499 | Hash: 0x0F7FA0E1 | Rollbacks: 54 (Resim:  57) | Stalls:  0
[BOT:50005] Heartbeat - Sparse Mods Tracked: 2048
[HEARTBEAT] Node: 1 | Tick: 61561 | Conf: 61559 | Hash: 0xBFC4499E | Rollbacks: 49 (Resim:  52) | Stalls:  0
[HEARTBEAT] Node: 1 | Tick: 61621 | Conf: 61619 | Hash: 0x543A45D5 | Rollbacks: 47 (Resim:  47) | Stalls:  0
[HEARTBEAT] Node: 1 | Tick: 61681 | Conf: 61678 | Hash: 0xDED04D76 | Rollbacks: 58 (Resim:  80) | Stalls:  0
[HEARTBEAT] Node: 1 | Tick: 61741 | Conf: 61739 | Hash: 0x02DFBDB3 | Rollbacks: 48 (Resim:  49) | Stalls:  0
[HEARTBEAT] Node: 1 | Tick: 61801 | Conf: 61799 | Hash: 0xDD5DED79 | Rollbacks: 56 (Resim:  56) | Stalls:  0
[HEARTBEAT] Node: 1 | Tick: 61861 | Conf: 61859 | Hash: 0x0FF577AC | Rollbacks: 47 (Resim:  50) | Stalls:  0
[HEARTBEAT] Node: 1 | Tick: 61921 | Conf: 61918 | Hash: 0x4158D983 | Rollbacks: 56 (Resim:  62) | Stalls:  0
[HEARTBEAT] Node: 1 | Tick: 61981 | Conf: 61979 | Hash: 0x51F49284 | Rollbacks: 59 (Resim:  78) | Stalls:  0
[HEARTBEAT] Node: 1 | Tick: 62041 | Conf: 62039 | Hash: 0xC512ED6A | Rollbacks: 47 (Resim:  47) | Stalls:  0
[HEARTBEAT] Node: 1 | Tick: 62101 | Conf: 62099 | Hash: 0x75F9AF43 | Rollbacks: 58 (Resim:  58) | Stalls:  0
[BOT:50005] Heartbeat - Sparse Mods Tracked: 2048
[HEARTBEAT] Node: 1 | Tick: 62161 | Conf: 62159 | Hash: 0x0DBC915F | Rollbacks: 59 (Resim:  76) | Stalls:  0
[HEARTBEAT] Node: 1 | Tick: 62221 | Conf: 62219 | Hash: 0x3F6F1515 | Rollbacks: 48 (Resim:  51) | Stalls:  0
[HEARTBEAT] Node: 1 | Tick: 62281 | Conf: 62278 | Hash: 0x21A36549 | Rollbacks: 56 (Resim:  56) | Stalls:  0
[HEARTBEAT] Node: 1 | Tick: 62341 | Conf: 62338 | Hash: 0x8E876639 | Rollbacks: 53 (Resim:  80) | Stalls:  0
[HEARTBEAT] Node: 1 | Tick: 62401 | Conf: 62399 | Hash: 0x000A7C58 | Rollbacks: 56 (Resim:  57) | Stalls:  0
[HEARTBEAT] Node: 1 | Tick: 62461 | Conf: 62459 | Hash: 0x49DA46B4 | Rollbacks: 59 (Resim:  80) | Stalls:  0
[HEARTBEAT] Node: 1 | Tick: 62521 | Conf: 62519 | Hash: 0xAFB3A6B7 | Rollbacks: 49 (Resim:  51) | Stalls:  0
[HEARTBEAT] Node: 1 | Tick: 62581 | Conf: 62579 | Hash: 0x93D1E3E7 | Rollbacks: 53 (Resim:  53) | Stalls:  0
[HEARTBEAT] Node: 1 | Tick: 62641 | Conf: 62639 | Hash: 0x1FC03FEE | Rollbacks: 56 (Resim:  81) | Stalls:  0
[BOT:50005] Heartbeat - Sparse Mods Tracked: 2048
[HEARTBEAT] Node: 1 | Tick: 62701 | Conf: 62699 | Hash: 0x4103BC38 | Rollbacks: 53 (Resim:  53) | Stalls:  0
[HEARTBEAT] Node: 1 | Tick: 62761 | Conf: 62758 | Hash: 0xFC01690D | Rollbacks: 59 (Resim:  70) | Stalls:  0
[HEARTBEAT] Node: 1 | Tick: 62821 | Conf: 62819 | Hash: 0xCF0C4E0C | Rollbacks: 58 (Resim:  72) | Stalls:  0
[HEARTBEAT] Node: 1 | Tick: 62881 | Conf: 62879 | Hash: 0x498A9DA6 | Rollbacks: 58 (Resim:  62) | Stalls:  0
[HEARTBEAT] Node: 1 | Tick: 62941 | Conf: 62939 | Hash: 0x78F032EA | Rollbacks: 59 (Resim:  67) | Stalls:  0
[HEARTBEAT] Node: 1 | Tick: 63001 | Conf: 62999 | Hash: 0xA280C082 | Rollbacks: 50 (Resim:  50) | Stalls:  0
[HEARTBEAT] Node: 1 | Tick: 63061 | Conf: 63059 | Hash: 0x6FFDB2FB | Rollbacks: 49 (Resim:  66) | Stalls:  0
[HEARTBEAT] Node: 1 | Tick: 63121 | Conf: 63119 | Hash: 0xBD78F7E0 | Rollbacks: 58 (Resim:  82) | Stalls:  0
[HEARTBEAT] Node: 1 | Tick: 63181 | Conf: 63179 | Hash: 0xA06221A4 | Rollbacks: 45 (Resim:  47) | Stalls:  0
[HEARTBEAT] Node: 1 | Tick: 63241 | Conf: 63238 | Hash: 0x768B0C9B | Rollbacks: 54 (Resim:  56) | Stalls:  0
[BOT:50005] Heartbeat - Sparse Mods Tracked: 2048
[HEARTBEAT] Node: 1 | Tick: 63301 | Conf: 63298 | Hash: 0x18465922 | Rollbacks: 54 (Resim:  80) | Stalls:  0
[HEARTBEAT] Node: 1 | Tick: 63361 | Conf: 63359 | Hash: 0x6BFCE7D0 | Rollbacks: 55 (Resim:  56) | Stalls:  0
[HEARTBEAT] Node: 1 | Tick: 63421 | Conf: 63419 | Hash: 0xAEC5DEC5 | Rollbacks: 59 (Resim:  80) | Stalls:  0
[HEARTBEAT] Node: 1 | Tick: 63481 | Conf: 63479 | Hash: 0x4DD4D513 | Rollbacks: 57 (Resim:  59) | Stalls:  0
[HEARTBEAT] Node: 1 | Tick: 63541 | Conf: 63539 | Hash: 0xB014984E | Rollbacks: 56 (Resim:  56) | Stalls:  0
[HEARTBEAT] Node: 1 | Tick: 63601 | Conf: 63599 | Hash: 0x40D48F66 | Rollbacks: 45 (Resim:  69) | Stalls:  0
[HEARTBEAT] Node: 1 | Tick: 63661 | Conf: 63659 | Hash: 0xCF2584BA | Rollbacks: 55 (Resim:  56) | Stalls:  0
[HEARTBEAT] Node: 1 | Tick: 63721 | Conf: 63719 | Hash: 0x709EE257 | Rollbacks: 59 (Resim:  71) | Stalls:  0
[HEARTBEAT] Node: 1 | Tick: 63781 | Conf: 63779 | Hash: 0xCEB8E274 | Rollbacks: 43 (Resim:  43) | Stalls:  0
[HEARTBEAT] Node: 1 | Tick: 63841 | Conf: 63839 | Hash: 0xD54955E8 | Rollbacks: 58 (Resim:  61) | Stalls:  0
[BOT:50005] Heartbeat - Sparse Mods Tracked: 2048
[HEARTBEAT] Node: 1 | Tick: 63901 | Conf: 63899 | Hash: 0xAD7692ED | Rollbacks: 47 (Resim:  50) | Stalls:  0
[HEARTBEAT] Node: 1 | Tick: 63961 | Conf: 63959 | Hash: 0x5E190033 | Rollbacks: 50 (Resim:  54) | Stalls:  0
[HEARTBEAT] Node: 1 | Tick: 64021 | Conf: 64019 | Hash: 0x55FF5DF1 | Rollbacks: 47 (Resim:  47) | Stalls:  0
[HEARTBEAT] Node: 1 | Tick: 64081 | Conf: 64079 | Hash: 0xAF88DECA | Rollbacks: 59 (Resim:  69) | Stalls:  0
[HEARTBEAT] Node: 1 | Tick: 64141 | Conf: 64139 | Hash: 0xD743FA59 | Rollbacks: 59 (Resim:  61) | Stalls:  0
[HEARTBEAT] Node: 1 | Tick: 64201 | Conf: 64199 | Hash: 0x23C2BF77 | Rollbacks: 58 (Resim:  58) | Stalls:  0
[HEARTBEAT] Node: 1 | Tick: 64261 | Conf: 64259 | Hash: 0x6623A39A | Rollbacks: 52 (Resim:  71) | Stalls:  0
[HEARTBEAT] Node: 1 | Tick: 64321 | Conf: 64319 | Hash: 0x777594CF | Rollbacks: 58 (Resim:  61) | Stalls:  0
[HEARTBEAT] Node: 1 | Tick: 64381 | Conf: 64379 | Hash: 0x668F2D1B | Rollbacks: 59 (Resim:  70) | Stalls:  0
[HEARTBEAT] Node: 1 | Tick: 64441 | Conf: 64439 | Hash: 0x6122098F | Rollbacks: 46 (Resim:  50) | Stalls:  0
[BOT:50005] Heartbeat - Sparse Mods Tracked: 2048
[HEARTBEAT] Node: 1 | Tick: 64501 | Conf: 64499 | Hash: 0xB9022A41 | Rollbacks: 51 (Resim:  51) | Stalls:  0
[HEARTBEAT] Node: 1 | Tick: 64561 | Conf: 64558 | Hash: 0x98114669 | Rollbacks: 59 (Resim:  74) | Stalls:  0
[HEARTBEAT] Node: 1 | Tick: 64621 | Conf: 64619 | Hash: 0x11329E30 | Rollbacks: 47 (Resim:  55) | Stalls:  0
[HEARTBEAT] Node: 1 | Tick: 64681 | Conf: 64679 | Hash: 0x21A2E478 | Rollbacks: 57 (Resim:  60) | Stalls:  0
[HEARTBEAT] Node: 1 | Tick: 64741 | Conf: 64738 | Hash: 0xAE84D452 | Rollbacks: 59 (Resim:  60) | Stalls:  0
[HEARTBEAT] Node: 1 | Tick: 64801 | Conf: 64799 | Hash: 0xB8375E3A | Rollbacks: 50 (Resim:  62) | Stalls:  0
[HEARTBEAT] Node: 1 | Tick: 64861 | Conf: 64859 | Hash: 0x7F0977AA | Rollbacks: 49 (Resim:  52) | Stalls:  0
[HEARTBEAT] Node: 1 | Tick: 64921 | Conf: 64918 | Hash: 0xE0F1517E | Rollbacks: 59 (Resim:  69) | Stalls:  0
[HEARTBEAT] Node: 1 | Tick: 64981 | Conf: 64979 | Hash: 0xF0F92C91 | Rollbacks: 59 (Resim:  75) | Stalls:  0
[HEARTBEAT] Node: 1 | Tick: 65041 | Conf: 65039 | Hash: 0x6DCF1F7B | Rollbacks: 59 (Resim:  65) | Stalls:  0
[BOT:50005] Heartbeat - Sparse Mods Tracked: 2048
[HEARTBEAT] Node: 1 | Tick: 65101 | Conf: 65099 | Hash: 0x4030B4AD | Rollbacks: 55 (Resim:  63) | Stalls:  0
[HEARTBEAT] Node: 1 | Tick: 65161 | Conf: 65159 | Hash: 0x3E8F13EF | Rollbacks: 52 (Resim:  52) | Stalls:  0
[HEARTBEAT] Node: 1 | Tick: 65221 | Conf: 65219 | Hash: 0xEF76C460 | Rollbacks: 59 (Resim:  79) | Stalls:  0
[HEARTBEAT] Node: 1 | Tick: 65281 | Conf: 65279 | Hash: 0x04D892FC | Rollbacks: 59 (Resim:  61) | Stalls:  0
[HEARTBEAT] Node: 1 | Tick: 65341 | Conf: 65338 | Hash: 0xCB84A175 | Rollbacks: 59 (Resim:  73) | Stalls:  0
[HEARTBEAT] Node: 1 | Tick: 65401 | Conf: 65399 | Hash: 0x9B3D28D6 | Rollbacks: 43 (Resim:  46) | Stalls:  0
[HEARTBEAT] Node: 1 | Tick: 65461 | Conf: 65459 | Hash: 0x2618B211 | Rollbacks: 59 (Resim:  59) | Stalls:  0
[HEARTBEAT] Node: 1 | Tick: 65521 | Conf: 65519 | Hash: 0x191D6D0A | Rollbacks: 59 (Resim:  73) | Stalls:  0
[HEARTBEAT] Node: 1 | Tick: 65581 | Conf: 65579 | Hash: 0x1C27B4C8 | Rollbacks: 50 (Resim:  50) | Stalls:  0
[HEARTBEAT] Node: 1 | Tick: 65641 | Conf: 65639 | Hash: 0x535604F5 | Rollbacks: 58 (Resim:  89) | Stalls:  0
[BOT:50005] Heartbeat - Sparse Mods Tracked: 2048
[HEARTBEAT] Node: 1 | Tick: 65701 | Conf: 65699 | Hash: 0x45172242 | Rollbacks: 59 (Resim:  61) | Stalls:  0
[HEARTBEAT] Node: 1 | Tick: 65761 | Conf: 65759 | Hash: 0x38831992 | Rollbacks: 51 (Resim:  51) | Stalls:  0
[HEARTBEAT] Node: 1 | Tick: 65821 | Conf: 65819 | Hash: 0x212CCCB4 | Rollbacks: 54 (Resim:  81) | Stalls:  0
[HEARTBEAT] Node: 1 | Tick: 65881 | Conf: 65879 | Hash: 0x4CAF8C9C | Rollbacks: 54 (Resim:  58) | Stalls:  0
[HEARTBEAT] Node: 1 | Tick: 65941 | Conf: 65939 | Hash: 0x8536D45E | Rollbacks: 58 (Resim:  64) | Stalls:  0
[HEARTBEAT] Node: 1 | Tick: 66001 | Conf: 65999 | Hash: 0x320351F9 | Rollbacks: 51 (Resim:  65) | Stalls:  0
[HEARTBEAT] Node: 1 | Tick: 66061 | Conf: 66059 | Hash: 0x0B687539 | Rollbacks: 56 (Resim:  60) | Stalls:  0
[HEARTBEAT] Node: 1 | Tick: 66121 | Conf: 66119 | Hash: 0x9400682F | Rollbacks: 41 (Resim:  46) | Stalls:  0
[HEARTBEAT] Node: 1 | Tick: 66181 | Conf: 66179 | Hash: 0xD47D253C | Rollbacks: 48 (Resim:  53) | Stalls:  0
[HEARTBEAT] Node: 1 | Tick: 66241 | Conf: 66239 | Hash: 0xE45675E1 | Rollbacks: 46 (Resim:  48) | Stalls:  0
[BOT:50005] Heartbeat - Sparse Mods Tracked: 2048
[HEARTBEAT] Node: 1 | Tick: 66301 | Conf: 66299 | Hash: 0x95E3F810 | Rollbacks: 59 (Resim:  60) | Stalls:  0
[HEARTBEAT] Node: 1 | Tick: 66361 | Conf: 66359 | Hash: 0xD54D61E1 | Rollbacks: 59 (Resim:  75) | Stalls:  0
[HEARTBEAT] Node: 1 | Tick: 66421 | Conf: 66419 | Hash: 0x5404AADD | Rollbacks: 46 (Resim:  50) | Stalls:  0
[HEARTBEAT] Node: 1 | Tick: 66481 | Conf: 66479 | Hash: 0xC9743F23 | Rollbacks: 43 (Resim:  43) | Stalls:  0
[HEARTBEAT] Node: 1 | Tick: 66541 | Conf: 66539 | Hash: 0xAC4EFD35 | Rollbacks: 47 (Resim:  47) | Stalls:  0
[HEARTBEAT] Node: 1 | Tick: 66601 | Conf: 66599 | Hash: 0x80CC0552 | Rollbacks: 58 (Resim:  62) | Stalls:  0
[HEARTBEAT] Node: 1 | Tick: 66661 | Conf: 66659 | Hash: 0x541DF8F3 | Rollbacks: 47 (Resim:  47) | Stalls:  0
[HEARTBEAT] Node: 1 | Tick: 66721 | Conf: 66719 | Hash: 0x8AA3A61A | Rollbacks: 58 (Resim:  58) | Stalls:  0
[HEARTBEAT] Node: 1 | Tick: 66781 | Conf: 66779 | Hash: 0x64631A6A | Rollbacks: 48 (Resim:  68) | Stalls:  0
[HEARTBEAT] Node: 1 | Tick: 66841 | Conf: 66839 | Hash: 0x5EBCF225 | Rollbacks: 46 (Resim:  49) | Stalls:  0
[BOT:50005] Heartbeat - Sparse Mods Tracked: 2048
[HEARTBEAT] Node: 1 | Tick: 66901 | Conf: 66899 | Hash: 0x974920CF | Rollbacks: 56 (Resim:  56) | Stalls:  0
[HEARTBEAT] Node: 1 | Tick: 66961 | Conf: 66959 | Hash: 0x8AE4B0D6 | Rollbacks: 54 (Resim:  67) | Stalls:  0
[HEARTBEAT] Node: 1 | Tick: 67021 | Conf: 67019 | Hash: 0x3CCAEF88 | Rollbacks: 51 (Resim:  53) | Stalls:  0
[HEARTBEAT] Node: 1 | Tick: 67081 | Conf: 67079 | Hash: 0xEECC6382 | Rollbacks: 52 (Resim:  52) | Stalls:  0
[HEARTBEAT] Node: 1 | Tick: 67141 | Conf: 67139 | Hash: 0xCA843EBE | Rollbacks: 55 (Resim:  80) | Stalls:  0
[HEARTBEAT] Node: 1 | Tick: 67201 | Conf: 67199 | Hash: 0xF49ADDBF | Rollbacks: 59 (Resim:  62) | Stalls:  0
[HEARTBEAT] Node: 1 | Tick: 67261 | Conf: 67259 | Hash: 0xD96BE214 | Rollbacks: 51 (Resim:  51) | Stalls:  0
[HEARTBEAT] Node: 1 | Tick: 67321 | Conf: 67319 | Hash: 0x35A29CDB | Rollbacks: 44 (Resim:  63) | Stalls:  0
[HEARTBEAT] Node: 1 | Tick: 67381 | Conf: 67379 | Hash: 0xEE25C8B3 | Rollbacks: 51 (Resim:  54) | Stalls:  0
[BOT:50005] Heartbeat - Sparse Mods Tracked: 2048
[HEARTBEAT] Node: 1 | Tick: 67441 | Conf: 67439 | Hash: 0xE3BEB607 | Rollbacks: 48 (Resim:  48) | Stalls:  0
[HEARTBEAT] Node: 1 | Tick: 67501 | Conf: 67498 | Hash: 0xE000C183 | Rollbacks: 59 (Resim:  70) | Stalls:  0
[HEARTBEAT] Node: 1 | Tick: 67561 | Conf: 67559 | Hash: 0x22489E8A | Rollbacks: 59 (Resim:  69) | Stalls:  0
[HEARTBEAT] Node: 1 | Tick: 67621 | Conf: 67619 | Hash: 0x1A758753 | Rollbacks: 52 (Resim:  54) | Stalls:  0
[HEARTBEAT] Node: 1 | Tick: 67681 | Conf: 67679 | Hash: 0xEDD99527 | Rollbacks: 56 (Resim:  56) | Stalls:  0
[HEARTBEAT] Node: 1 | Tick: 67741 | Conf: 67739 | Hash: 0xB6C5E9D0 | Rollbacks: 56 (Resim:  75) | Stalls:  0
[HEARTBEAT] Node: 1 | Tick: 67801 | Conf: 67799 | Hash: 0x295C021A | Rollbacks: 51 (Resim:  54) | Stalls:  0
[HEARTBEAT] Node: 1 | Tick: 67861 | Conf: 67859 | Hash: 0x39794053 | Rollbacks: 45 (Resim:  45) | Stalls:  0
[HEARTBEAT] Node: 1 | Tick: 67921 | Conf: 67919 | Hash: 0xB66D3067 | Rollbacks: 49 (Resim:  49) | Stalls:  0
[HEARTBEAT] Node: 1 | Tick: 67981 | Conf: 67978 | Hash: 0xCACF47B4 | Rollbacks: 54 (Resim:  74) | Stalls:  0
[BOT:50005] Heartbeat - Sparse Mods Tracked: 2048
[HEARTBEAT] Node: 1 | Tick: 68041 | Conf: 68039 | Hash: 0x212F8CA4 | Rollbacks: 49 (Resim:  52) | Stalls:  0
[HEARTBEAT] Node: 1 | Tick: 68101 | Conf: 68099 | Hash: 0xD3CF4D9C | Rollbacks: 53 (Resim:  55) | Stalls:  0
[HEARTBEAT] Node: 1 | Tick: 68161 | Conf: 68159 | Hash: 0x1583D29E | Rollbacks: 53 (Resim:  53) | Stalls:  0
[HEARTBEAT] Node: 1 | Tick: 68221 | Conf: 68219 | Hash: 0xF8A5DFF0 | Rollbacks: 59 (Resim:  83) | Stalls:  0
[HEARTBEAT] Node: 1 | Tick: 68281 | Conf: 68279 | Hash: 0xC8779DBA | Rollbacks: 59 (Resim:  61) | Stalls:  0
[HEARTBEAT] Node: 1 | Tick: 68341 | Conf: 68338 | Hash: 0x86352772 | Rollbacks: 48 (Resim:  48) | Stalls:  0
[HEARTBEAT] Node: 1 | Tick: 68401 | Conf: 68399 | Hash: 0x249B07F1 | Rollbacks: 59 (Resim:  83) | Stalls:  0
[HEARTBEAT] Node: 1 | Tick: 68461 | Conf: 68459 | Hash: 0xF3BE67EA | Rollbacks: 49 (Resim:  51) | Stalls:  0
[HEARTBEAT] Node: 1 | Tick: 68521 | Conf: 68519 | Hash: 0x632C34B8 | Rollbacks: 60 (Resim:  60) | Stalls:  0
[HEARTBEAT] Node: 1 | Tick: 68581 | Conf: 68579 | Hash: 0xE10130B0 | Rollbacks: 47 (Resim:  68) | Stalls:  0
[BOT:50005] Heartbeat - Sparse Mods Tracked: 2048
[HEARTBEAT] Node: 1 | Tick: 68641 | Conf: 68639 | Hash: 0x6AF8FBE4 | Rollbacks: 55 (Resim:  57) | Stalls:  0
[HEARTBEAT] Node: 1 | Tick: 68701 | Conf: 68698 | Hash: 0xB1D7CF11 | Rollbacks: 59 (Resim:  71) | Stalls:  0
[HEARTBEAT] Node: 1 | Tick: 68761 | Conf: 68759 | Hash: 0x0558DF0A | Rollbacks: 44 (Resim:  51) | Stalls:  0
[HEARTBEAT] Node: 1 | Tick: 68821 | Conf: 68818 | Hash: 0x8479C67F | Rollbacks: 59 (Resim:  85) | Stalls:  0
[HEARTBEAT] Node: 1 | Tick: 68881 | Conf: 68879 | Hash: 0x432D5B28 | Rollbacks: 56 (Resim:  60) | Stalls:  0
[HEARTBEAT] Node: 1 | Tick: 68941 | Conf: 68939 | Hash: 0xC4CB73DE | Rollbacks: 59 (Resim:  60) | Stalls:  0
[HEARTBEAT] Node: 1 | Tick: 69001 | Conf: 68999 | Hash: 0xB873320C | Rollbacks: 58 (Resim:  64) | Stalls:  0
[HEARTBEAT] Node: 1 | Tick: 69061 | Conf: 69059 | Hash: 0x03DDAF39 | Rollbacks: 57 (Resim:  59) | Stalls:  0
[HEARTBEAT] Node: 1 | Tick: 69121 | Conf: 69119 | Hash: 0x5ED1F64C | Rollbacks: 53 (Resim:  76) | Stalls:  0
[HEARTBEAT] Node: 1 | Tick: 69181 | Conf: 69179 | Hash: 0x2A011D59 | Rollbacks: 49 (Resim:  52) | Stalls:  0
[BOT:50005] Heartbeat - Sparse Mods Tracked: 2048
[HEARTBEAT] Node: 1 | Tick: 69241 | Conf: 69239 | Hash: 0xBB1E972E | Rollbacks: 52 (Resim:  53) | Stalls:  0
[HEARTBEAT] Node: 1 | Tick: 69301 | Conf: 69298 | Hash: 0xBACE57C2 | Rollbacks: 59 (Resim:  73) | Stalls:  0
[HEARTBEAT] Node: 1 | Tick: 69361 | Conf: 69359 | Hash: 0x99D8D4FE | Rollbacks: 56 (Resim:  59) | Stalls:  0
[HEARTBEAT] Node: 1 | Tick: 69421 | Conf: 69419 | Hash: 0xF781A1F5 | Rollbacks: 48 (Resim:  64) | Stalls:  0
[HEARTBEAT] Node: 1 | Tick: 69481 | Conf: 69479 | Hash: 0xDFFD0F28 | Rollbacks: 48 (Resim:  50) | Stalls:  0
[HEARTBEAT] Node: 1 | Tick: 69541 | Conf: 69539 | Hash: 0x7673F5A5 | Rollbacks: 59 (Resim:  73) | Stalls:  0
[HEARTBEAT] Node: 1 | Tick: 69601 | Conf: 69599 | Hash: 0x59C6BD5D | Rollbacks: 44 (Resim:  44) | Stalls:  0
[HEARTBEAT] Node: 1 | Tick: 69661 | Conf: 69659 | Hash: 0x3B31B78A | Rollbacks: 59 (Resim:  80) | Stalls:  0
[HEARTBEAT] Node: 1 | Tick: 69721 | Conf: 69719 | Hash: 0x0F33ED2F | Rollbacks: 54 (Resim:  56) | Stalls:  0
[HEARTBEAT] Node: 1 | Tick: 69781 | Conf: 69779 | Hash: 0xE08C5E4D | Rollbacks: 58 (Resim:  62) | Stalls:  0
[BOT:50005] Heartbeat - Sparse Mods Tracked: 2048
[HEARTBEAT] Node: 1 | Tick: 69841 | Conf: 69838 | Hash: 0x98075D27 | Rollbacks: 58 (Resim:  61) | Stalls:  0
[HEARTBEAT] Node: 1 | Tick: 69901 | Conf: 69899 | Hash: 0x001E8787 | Rollbacks: 57 (Resim:  60) | Stalls:  0
[HEARTBEAT] Node: 1 | Tick: 69961 | Conf: 69959 | Hash: 0x7C628473 | Rollbacks: 59 (Resim:  75) | Stalls:  0
[HEARTBEAT] Node: 1 | Tick: 70021 | Conf: 70019 | Hash: 0xE05B510C | Rollbacks: 50 (Resim:  50) | Stalls:  0
[HEARTBEAT] Node: 1 | Tick: 70081 | Conf: 70079 | Hash: 0x8A6F6179 | Rollbacks: 59 (Resim:  73) | Stalls:  0
[HEARTBEAT] Node: 1 | Tick: 70141 | Conf: 70139 | Hash: 0x00C9BE3D | Rollbacks: 59 (Resim:  62) | Stalls:  0
[HEARTBEAT] Node: 1 | Tick: 70201 | Conf: 70199 | Hash: 0xBF8D5F16 | Rollbacks: 59 (Resim:  77) | Stalls:  0
[HEARTBEAT] Node: 1 | Tick: 70261 | Conf: 70259 | Hash: 0x07CEB40A | Rollbacks: 52 (Resim:  52) | Stalls:  0
[HEARTBEAT] Node: 1 | Tick: 70321 | Conf: 70319 | Hash: 0x4D92FE68 | Rollbacks: 47 (Resim:  70) | Stalls:  0
[HEARTBEAT] Node: 1 | Tick: 70381 | Conf: 70379 | Hash: 0xE220D256 | Rollbacks: 59 (Resim:  73) | Stalls:  0
[BOT:50005] Heartbeat - Sparse Mods Tracked: 2048
[HEARTBEAT] Node: 1 | Tick: 70441 | Conf: 70439 | Hash: 0xAA00D5D8 | Rollbacks: 60 (Resim:  60) | Stalls:  0
[HEARTBEAT] Node: 1 | Tick: 70501 | Conf: 70499 | Hash: 0x27E99348 | Rollbacks: 51 (Resim:  65) | Stalls:  0
[HEARTBEAT] Node: 1 | Tick: 70561 | Conf: 70559 | Hash: 0x182FDCE5 | Rollbacks: 59 (Resim:  60) | Stalls:  0
[HEARTBEAT] Node: 1 | Tick: 70621 | Conf: 70619 | Hash: 0x6863A21A | Rollbacks: 57 (Resim:  65) | Stalls:  0
[HEARTBEAT] Node: 1 | Tick: 70681 | Conf: 70679 | Hash: 0x46B83895 | Rollbacks: 59 (Resim:  70) | Stalls:  0
[HEARTBEAT] Node: 1 | Tick: 70741 | Conf: 70739 | Hash: 0xCB646DB7 | Rollbacks: 43 (Resim:  43) | Stalls:  0
[HEARTBEAT] Node: 1 | Tick: 70801 | Conf: 70799 | Hash: 0x49FFA077 | Rollbacks: 59 (Resim:  86) | Stalls:  0
[HEARTBEAT] Node: 1 | Tick: 70861 | Conf: 70859 | Hash: 0x803B80C1 | Rollbacks: 47 (Resim:  49) | Stalls:  0
[HEARTBEAT] Node: 1 | Tick: 70921 | Conf: 70918 | Hash: 0x68D73231 | Rollbacks: 57 (Resim:  57) | Stalls:  0
[HEARTBEAT] Node: 1 | Tick: 70981 | Conf: 70979 | Hash: 0x314487E6 | Rollbacks: 46 (Resim:  58) | Stalls:  0
[BOT:50005] Heartbeat - Sparse Mods Tracked: 2048
[HEARTBEAT] Node: 1 | Tick: 71041 | Conf: 71039 | Hash: 0xE718E869 | Rollbacks: 56 (Resim:  57) | Stalls:  0
[HEARTBEAT] Node: 1 | Tick: 71101 | Conf: 71099 | Hash: 0xDE198D73 | Rollbacks: 60 (Resim:  60) | Stalls:  0
[HEARTBEAT] Node: 1 | Tick: 71161 | Conf: 71159 | Hash: 0x707BE38A | Rollbacks: 49 (Resim:  68) | Stalls:  0
[HEARTBEAT] Node: 1 | Tick: 71221 | Conf: 71219 | Hash: 0xA0A5B0A2 | Rollbacks: 59 (Resim:  61) | Stalls:  0
[HEARTBEAT] Node: 1 | Tick: 71281 | Conf: 71279 | Hash: 0x02A61A31 | Rollbacks: 53 (Resim:  53) | Stalls:  0
[HEARTBEAT] Node: 1 | Tick: 71341 | Conf: 71339 | Hash: 0x95BDC4B3 | Rollbacks: 40 (Resim:  59) | Stalls:  0
[HEARTBEAT] Node: 1 | Tick: 71401 | Conf: 71399 | Hash: 0xB927AF03 | Rollbacks: 59 (Resim:  60) | Stalls:  0
[HEARTBEAT] Node: 1 | Tick: 71461 | Conf: 71459 | Hash: 0xB43B413D | Rollbacks: 59 (Resim:  69) | Stalls:  0
[HEARTBEAT] Node: 1 | Tick: 71521 | Conf: 71519 | Hash: 0xB05FB053 | Rollbacks: 46 (Resim:  49) | Stalls:  0
[HEARTBEAT] Node: 1 | Tick: 71581 | Conf: 71579 | Hash: 0x662FFC39 | Rollbacks: 59 (Resim:  75) | Stalls:  0
[BOT:50005] Heartbeat - Sparse Mods Tracked: 2048
[HEARTBEAT] Node: 1 | Tick: 71641 | Conf: 71639 | Hash: 0x1619B6B9 | Rollbacks: 54 (Resim:  57) | Stalls:  0
[HEARTBEAT] Node: 1 | Tick: 71701 | Conf: 71698 | Hash: 0x88BF0F3C | Rollbacks: 55 (Resim:  66) | Stalls:  0
[HEARTBEAT] Node: 1 | Tick: 71761 | Conf: 71759 | Hash: 0x0DF87CFF | Rollbacks: 59 (Resim:  73) | Stalls:  0
[HEARTBEAT] Node: 1 | Tick: 71821 | Conf: 71819 | Hash: 0x7DEEE74B | Rollbacks: 49 (Resim:  49) | Stalls:  0
[HEARTBEAT] Node: 1 | Tick: 71881 | Conf: 71879 | Hash: 0xE6CFDCD0 | Rollbacks: 60 (Resim:  60) | Stalls:  0
[HEARTBEAT] Node: 1 | Tick: 71941 | Conf: 71939 | Hash: 0x7BDCE588 | Rollbacks: 59 (Resim:  74) | Stalls:  0
[HEARTBEAT] Node: 1 | Tick: 72001 | Conf: 71999 | Hash: 0x7EE7DE1D | Rollbacks: 52 (Resim:  57) | Stalls:  0
[HEARTBEAT] Node: 1 | Tick: 72061 | Conf: 72059 | Hash: 0x32025ACD | Rollbacks: 47 (Resim:  49) | Stalls:  0
[HEARTBEAT] Node: 1 | Tick: 72121 | Conf: 72119 | Hash: 0x0624F1C6 | Rollbacks: 44 (Resim:  44) | Stalls:  0
[HEARTBEAT] Node: 1 | Tick: 72181 | Conf: 72179 | Hash: 0x05FE6DC3 | Rollbacks: 59 (Resim:  59) | Stalls:  0
[BOT:50005] Heartbeat - Sparse Mods Tracked: 2048
[HEARTBEAT] Node: 1 | Tick: 72241 | Conf: 72239 | Hash: 0x50BB3FD4 | Rollbacks: 59 (Resim:  69) | Stalls:  0
[HEARTBEAT] Node: 1 | Tick: 72301 | Conf: 72299 | Hash: 0x05E904E5 | Rollbacks: 59 (Resim:  63) | Stalls:  0
[HEARTBEAT] Node: 1 | Tick: 72361 | Conf: 72358 | Hash: 0x3E7A3AA5 | Rollbacks: 58 (Resim:  64) | Stalls:  0
[HEARTBEAT] Node: 1 | Tick: 72421 | Conf: 72419 | Hash: 0x0A18EB0C | Rollbacks: 50 (Resim:  63) | Stalls:  0
[HEARTBEAT] Node: 1 | Tick: 72481 | Conf: 72479 | Hash: 0x141140CF | Rollbacks: 46 (Resim:  46) | Stalls:  0
[HEARTBEAT] Node: 1 | Tick: 72541 | Conf: 72539 | Hash: 0x71243CB9 | Rollbacks: 59 (Resim:  70) | Stalls:  0
[HEARTBEAT] Node: 1 | Tick: 72601 | Conf: 72599 | Hash: 0xAC844DB1 | Rollbacks: 59 (Resim:  63) | Stalls:  0
[HEARTBEAT] Node: 1 | Tick: 72661 | Conf: 72659 | Hash: 0x3D745930 | Rollbacks: 59 (Resim:  61) | Stalls:  0
[HEARTBEAT] Node: 1 | Tick: 72721 | Conf: 72719 | Hash: 0x03E4723B | Rollbacks: 46 (Resim:  59) | Stalls:  0
[BOT:50005] Heartbeat - Sparse Mods Tracked: 2048
[HEARTBEAT] Node: 1 | Tick: 72781 | Conf: 72779 | Hash: 0x42220B40 | Rollbacks: 48 (Resim:  51) | Stalls:  0
[HEARTBEAT] Node: 1 | Tick: 72841 | Conf: 72839 | Hash: 0xF5E7F3BF | Rollbacks: 46 (Resim:  46) | Stalls:  0
[HEARTBEAT] Node: 1 | Tick: 72901 | Conf: 72898 | Hash: 0x45B94145 | Rollbacks: 54 (Resim:  57) | Stalls:  0
[HEARTBEAT] Node: 1 | Tick: 72961 | Conf: 72959 | Hash: 0xA6464213 | Rollbacks: 59 (Resim:  76) | Stalls:  0
[HEARTBEAT] Node: 1 | Tick: 73021 | Conf: 73019 | Hash: 0xEB39DD5F | Rollbacks: 47 (Resim:  47) | Stalls:  0
[HEARTBEAT] Node: 1 | Tick: 73081 | Conf: 73079 | Hash: 0x6D2606AD | Rollbacks: 59 (Resim:  60) | Stalls:  0
[HEARTBEAT] Node: 1 | Tick: 73141 | Conf: 73139 | Hash: 0x2F9634DC | Rollbacks: 59 (Resim:  78) | Stalls:  0
[HEARTBEAT] Node: 1 | Tick: 73201 | Conf: 73199 | Hash: 0xBE41BFF2 | Rollbacks: 47 (Resim:  50) | Stalls:  0
[HEARTBEAT] Node: 1 | Tick: 73261 | Conf: 73259 | Hash: 0x06FBC294 | Rollbacks: 46 (Resim:  46) | Stalls:  0
[HEARTBEAT] Node: 1 | Tick: 73321 | Conf: 73319 | Hash: 0x6C7E23B5 | Rollbacks: 59 (Resim:  59) | Stalls:  0
[BOT:50005] Heartbeat - Sparse Mods Tracked: 2048
[HEARTBEAT] Node: 1 | Tick: 73381 | Conf: 73379 | Hash: 0x73B87E7A | Rollbacks: 47 (Resim:  62) | Stalls:  0
[HEARTBEAT] Node: 1 | Tick: 73441 | Conf: 73439 | Hash: 0x07F06618 | Rollbacks: 57 (Resim:  59) | Stalls:  0
[HEARTBEAT] Node: 1 | Tick: 73501 | Conf: 73499 | Hash: 0x949C6394 | Rollbacks: 58 (Resim:  69) | Stalls:  0
[HEARTBEAT] Node: 1 | Tick: 73561 | Conf: 73559 | Hash: 0xD1476294 | Rollbacks: 53 (Resim:  53) | Stalls:  0
[HEARTBEAT] Node: 1 | Tick: 73621 | Conf: 73619 | Hash: 0x1D34F89D | Rollbacks: 59 (Resim:  74) | Stalls:  0
[HEARTBEAT] Node: 1 | Tick: 73681 | Conf: 73679 | Hash: 0xD496FB74 | Rollbacks: 55 (Resim:  55) | Stalls:  0
[HEARTBEAT] Node: 1 | Tick: 73741 | Conf: 73739 | Hash: 0x51778480 | Rollbacks: 49 (Resim:  70) | Stalls:  0
[HEARTBEAT] Node: 1 | Tick: 73801 | Conf: 73799 | Hash: 0xF004819B | Rollbacks: 55 (Resim:  56) | Stalls:  0
[HEARTBEAT] Node: 1 | Tick: 73861 | Conf: 73859 | Hash: 0x6DA5171F | Rollbacks: 59 (Resim:  69) | Stalls:  0
[HEARTBEAT] Node: 1 | Tick: 73921 | Conf: 73919 | Hash: 0xCB65387B | Rollbacks: 60 (Resim:  60) | Stalls:  0
[BOT:50005] Heartbeat - Sparse Mods Tracked: 2048
[HEARTBEAT] Node: 1 | Tick: 73981 | Conf: 73979 | Hash: 0x51D49739 | Rollbacks: 58 (Resim:  69) | Stalls:  0
[HEARTBEAT] Node: 1 | Tick: 74041 | Conf: 74039 | Hash: 0x733EB2CC | Rollbacks: 43 (Resim:  43) | Stalls:  0
[HEARTBEAT] Node: 1 | Tick: 74101 | Conf: 74099 | Hash: 0xF7EB943D | Rollbacks: 60 (Resim:  60) | Stalls:  0
[HEARTBEAT] Node: 1 | Tick: 74161 | Conf: 74159 | Hash: 0xFD5106F5 | Rollbacks: 51 (Resim:  62) | Stalls:  0
[HEARTBEAT] Node: 1 | Tick: 74221 | Conf: 74219 | Hash: 0x45B50851 | Rollbacks: 54 (Resim:  54) | Stalls:  0
[HEARTBEAT] Node: 1 | Tick: 74281 | Conf: 74279 | Hash: 0x708D31AC | Rollbacks: 59 (Resim:  75) | Stalls:  0
[HEARTBEAT] Node: 1 | Tick: 74341 | Conf: 74339 | Hash: 0x22144D4C | Rollbacks: 47 (Resim:  49) | Stalls:  0
[HEARTBEAT] Node: 1 | Tick: 74401 | Conf: 74399 | Hash: 0x0793390C | Rollbacks: 58 (Resim:  58) | Stalls:  0
[HEARTBEAT] Node: 1 | Tick: 74461 | Conf: 74459 | Hash: 0x006713A1 | Rollbacks: 49 (Resim:  62) | Stalls:  0
[HEARTBEAT] Node: 1 | Tick: 74521 | Conf: 74518 | Hash: 0xD0EFC627 | Rollbacks: 58 (Resim:  62) | Stalls:  0
[BOT:50005] Heartbeat - Sparse Mods Tracked: 2048
[HEARTBEAT] Node: 1 | Tick: 74581 | Conf: 74578 | Hash: 0x2FEA230F | Rollbacks: 59 (Resim:  65) | Stalls:  0
[HEARTBEAT] Node: 1 | Tick: 74641 | Conf: 74638 | Hash: 0x64C04AAF | Rollbacks: 48 (Resim:  63) | Stalls:  0
[HEARTBEAT] Node: 1 | Tick: 74701 | Conf: 74699 | Hash: 0x1BAC2FD3 | Rollbacks: 60 (Resim:  61) | Stalls:  0
[HEARTBEAT] Node: 1 | Tick: 74761 | Conf: 74759 | Hash: 0x2A4B0027 | Rollbacks: 59 (Resim:  64) | Stalls:  0
[HEARTBEAT] Node: 1 | Tick: 74821 | Conf: 74819 | Hash: 0x71CFDEBB | Rollbacks: 59 (Resim:  64) | Stalls:  0
[HEARTBEAT] Node: 1 | Tick: 74881 | Conf: 74879 | Hash: 0xA9DE1473 | Rollbacks: 60 (Resim:  60) | Stalls:  0
[HEARTBEAT] Node: 1 | Tick: 74941 | Conf: 74939 | Hash: 0x2FB58AA2 | Rollbacks: 46 (Resim:  65) | Stalls:  0
[HEARTBEAT] Node: 1 | Tick: 75001 | Conf: 74999 | Hash: 0x636FD4E2 | Rollbacks: 47 (Resim:  50) | Stalls:  0
[HEARTBEAT] Node: 1 | Tick: 75061 | Conf: 75059 | Hash: 0xC09A0941 | Rollbacks: 54 (Resim:  56) | Stalls:  0
[HEARTBEAT] Node: 1 | Tick: 75121 | Conf: 75118 | Hash: 0xD3C12D77 | Rollbacks: 56 (Resim:  67) | Stalls:  0
[BOT:50005] Heartbeat - Sparse Mods Tracked: 2048
[HEARTBEAT] Node: 1 | Tick: 75181 | Conf: 75179 | Hash: 0x37A1CC5D | Rollbacks: 54 (Resim:  69) | Stalls:  0
[HEARTBEAT] Node: 1 | Tick: 75241 | Conf: 75239 | Hash: 0xC5143BAA | Rollbacks: 59 (Resim:  77) | Stalls:  0
[HEARTBEAT] Node: 1 | Tick: 75301 | Conf: 75299 | Hash: 0x9E9BD185 | Rollbacks: 57 (Resim:  60) | Stalls:  0
[HEARTBEAT] Node: 1 | Tick: 75361 | Conf: 75358 | Hash: 0x5284EB6D | Rollbacks: 59 (Resim:  67) | Stalls:  0
[HEARTBEAT] Node: 1 | Tick: 75421 | Conf: 75419 | Hash: 0xEAB64637 | Rollbacks: 46 (Resim:  56) | Stalls:  0
[HEARTBEAT] Node: 1 | Tick: 75481 | Conf: 75479 | Hash: 0xCADAB7AF | Rollbacks: 51 (Resim:  51) | Stalls:  0
[HEARTBEAT] Node: 1 | Tick: 75541 | Conf: 75538 | Hash: 0x3816B48E | Rollbacks: 58 (Resim:  82) | Stalls:  0
[HEARTBEAT] Node: 1 | Tick: 75601 | Conf: 75599 | Hash: 0x29D28E65 | Rollbacks: 54 (Resim:  59) | Stalls:  0
[HEARTBEAT] Node: 1 | Tick: 75661 | Conf: 75659 | Hash: 0x3F599CB4 | Rollbacks: 54 (Resim:  58) | Stalls:  0
[HEARTBEAT] Node: 1 | Tick: 75721 | Conf: 75719 | Hash: 0xF1976558 | Rollbacks: 48 (Resim:  50) | Stalls:  0
[BOT:50005] Heartbeat - Sparse Mods Tracked: 2048
[HEARTBEAT] Node: 1 | Tick: 75781 | Conf: 75779 | Hash: 0x274EF266 | Rollbacks: 48 (Resim:  54) | Stalls:  0
[HEARTBEAT] Node: 1 | Tick: 75841 | Conf: 75839 | Hash: 0x79FF0378 | Rollbacks: 51 (Resim:  51) | Stalls:  0
[HEARTBEAT] Node: 1 | Tick: 75901 | Conf: 75899 | Hash: 0x5B84832B | Rollbacks: 59 (Resim:  60) | Stalls:  0
[HEARTBEAT] Node: 1 | Tick: 75961 | Conf: 75959 | Hash: 0x60FE9B6C | Rollbacks: 43 (Resim:  56) | Stalls:  0
[HEARTBEAT] Node: 1 | Tick: 76021 | Conf: 76019 | Hash: 0x440A93C6 | Rollbacks: 57 (Resim:  57) | Stalls:  0
[HEARTBEAT] Node: 1 | Tick: 76081 | Conf: 76078 | Hash: 0xC018FBA6 | Rollbacks: 59 (Resim:  73) | Stalls:  0
[HEARTBEAT] Node: 1 | Tick: 76141 | Conf: 76139 | Hash: 0xA40FEB08 | Rollbacks: 59 (Resim:  74) | Stalls:  0
[HEARTBEAT] Node: 1 | Tick: 76201 | Conf: 76199 | Hash: 0x214E3DD9 | Rollbacks: 58 (Resim:  69) | Stalls:  0
[HEARTBEAT] Node: 1 | Tick: 76261 | Conf: 76259 | Hash: 0xFF995AFC | Rollbacks: 55 (Resim:  71) | Stalls:  0
[HEARTBEAT] Node: 1 | Tick: 76321 | Conf: 76319 | Hash: 0xA7EC9A4D | Rollbacks: 59 (Resim:  62) | Stalls:  0
[BOT:50005] Heartbeat - Sparse Mods Tracked: 2048
[HEARTBEAT] Node: 1 | Tick: 76381 | Conf: 76379 | Hash: 0x592170E5 | Rollbacks: 49 (Resim:  49) | Stalls:  0
[HEARTBEAT] Node: 1 | Tick: 76441 | Conf: 76439 | Hash: 0xA6BEC1AA | Rollbacks: 59 (Resim:  66) | Stalls:  0
[HEARTBEAT] Node: 1 | Tick: 76501 | Conf: 76499 | Hash: 0x05768D48 | Rollbacks: 51 (Resim:  63) | Stalls:  0
[HEARTBEAT] Node: 1 | Tick: 76561 | Conf: 76559 | Hash: 0x92493CB0 | Rollbacks: 53 (Resim:  57) | Stalls:  0
[HEARTBEAT] Node: 1 | Tick: 76621 | Conf: 76619 | Hash: 0x01E4F032 | Rollbacks: 48 (Resim:  48) | Stalls:  0
[HEARTBEAT] Node: 1 | Tick: 76681 | Conf: 76678 | Hash: 0x1D5CFC97 | Rollbacks: 57 (Resim:  66) | Stalls:  0
[HEARTBEAT] Node: 1 | Tick: 76741 | Conf: 76739 | Hash: 0x5F530D5E | Rollbacks: 51 (Resim:  56) | Stalls:  0
[HEARTBEAT] Node: 1 | Tick: 76801 | Conf: 76799 | Hash: 0x2493DD19 | Rollbacks: 60 (Resim:  60) | Stalls:  0
[HEARTBEAT] Node: 1 | Tick: 76861 | Conf: 76859 | Hash: 0xE115A888 | Rollbacks: 58 (Resim:  61) | Stalls:  0
[HEARTBEAT] Node: 1 | Tick: 76921 | Conf: 76919 | Hash: 0xF8349BA9 | Rollbacks: 58 (Resim:  58) | Stalls:  0
[BOT:50005] Heartbeat - Sparse Mods Tracked: 2048
[HEARTBEAT] Node: 1 | Tick: 76981 | Conf: 76979 | Hash: 0xC51C00F7 | Rollbacks: 53 (Resim:  68) | Stalls:  0
[HEARTBEAT] Node: 1 | Tick: 77041 | Conf: 77039 | Hash: 0x1E727882 | Rollbacks: 59 (Resim:  61) | Stalls:  0
[HEARTBEAT] Node: 1 | Tick: 77101 | Conf: 77099 | Hash: 0x33E7949A | Rollbacks: 59 (Resim:  60) | Stalls:  0
[HEARTBEAT] Node: 1 | Tick: 77161 | Conf: 77159 | Hash: 0xC3F5F56E | Rollbacks: 58 (Resim:  87) | Stalls:  0
[HEARTBEAT] Node: 1 | Tick: 77221 | Conf: 77219 | Hash: 0x1AE81C46 | Rollbacks: 52 (Resim:  55) | Stalls:  0
[HEARTBEAT] Node: 1 | Tick: 77281 | Conf: 77279 | Hash: 0x10A86CB3 | Rollbacks: 55 (Resim:  55) | Stalls:  0
[HEARTBEAT] Node: 1 | Tick: 77341 | Conf: 77339 | Hash: 0xFE18AAE0 | Rollbacks: 59 (Resim:  78) | Stalls:  0
[HEARTBEAT] Node: 1 | Tick: 77401 | Conf: 77399 | Hash: 0xD364C311 | Rollbacks: 53 (Resim:  57) | Stalls:  0
[HEARTBEAT] Node: 1 | Tick: 77461 | Conf: 77459 | Hash: 0x3985FC09 | Rollbacks: 48 (Resim:  48) | Stalls:  0
[BOT:50005] Heartbeat - Sparse Mods Tracked: 2048
[HEARTBEAT] Node: 1 | Tick: 77521 | Conf: 77519 | Hash: 0xBF44201E | Rollbacks: 59 (Resim:  89) | Stalls:  0
[HEARTBEAT] Node: 1 | Tick: 77581 | Conf: 77579 | Hash: 0x1497269F | Rollbacks: 59 (Resim:  61) | Stalls:  0
[HEARTBEAT] Node: 1 | Tick: 77641 | Conf: 77638 | Hash: 0xA01CBD31 | Rollbacks: 58 (Resim:  65) | Stalls:  0
[HEARTBEAT] Node: 1 | Tick: 77701 | Conf: 77699 | Hash: 0xE559BA53 | Rollbacks: 55 (Resim:  57) | Stalls:  0
[HEARTBEAT] Node: 1 | Tick: 77761 | Conf: 77759 | Hash: 0xE38652B1 | Rollbacks: 56 (Resim:  71) | Stalls:  0
[HEARTBEAT] Node: 1 | Tick: 77821 | Conf: 77818 | Hash: 0x8145DAA0 | Rollbacks: 45 (Resim:  47) | Stalls:  0
[HEARTBEAT] Node: 1 | Tick: 77881 | Conf: 77879 | Hash: 0x840C21CD | Rollbacks: 59 (Resim:  72) | Stalls:  0
[HEARTBEAT] Node: 1 | Tick: 77941 | Conf: 77939 | Hash: 0xF2148552 | Rollbacks: 45 (Resim:  47) | Stalls:  0
[HEARTBEAT] Node: 1 | Tick: 78001 | Conf: 77999 | Hash: 0x88DB1B0F | Rollbacks: 45 (Resim:  45) | Stalls:  0
[HEARTBEAT] Node: 1 | Tick: 78061 | Conf: 78059 | Hash: 0x13B3B421 | Rollbacks: 59 (Resim:  66) | Stalls:  0
[BOT:50005] Heartbeat - Sparse Mods Tracked: 2048
[HEARTBEAT] Node: 1 | Tick: 78121 | Conf: 78119 | Hash: 0x7D7283B7 | Rollbacks: 59 (Resim:  62) | Stalls:  0
[HEARTBEAT] Node: 1 | Tick: 78181 | Conf: 78179 | Hash: 0x6070793C | Rollbacks: 59 (Resim:  59) | Stalls:  0
[HEARTBEAT] Node: 1 | Tick: 78241 | Conf: 78239 | Hash: 0xAC56FE30 | Rollbacks: 47 (Resim:  66) | Stalls:  0
[HEARTBEAT] Node: 1 | Tick: 78301 | Conf: 78299 | Hash: 0x24C73F47 | Rollbacks: 54 (Resim:  56) | Stalls:  0
[HEARTBEAT] Node: 1 | Tick: 78361 | Conf: 78359 | Hash: 0x862E70FB | Rollbacks: 54 (Resim:  54) | Stalls:  0
[HEARTBEAT] Node: 1 | Tick: 78421 | Conf: 78419 | Hash: 0x0920C888 | Rollbacks: 58 (Resim:  61) | Stalls:  0
[HEARTBEAT] Node: 1 | Tick: 78481 | Conf: 78479 | Hash: 0xF5838A7A | Rollbacks: 47 (Resim:  50) | Stalls:  0
[HEARTBEAT] Node: 1 | Tick: 78541 | Conf: 78539 | Hash: 0x5B0B95A9 | Rollbacks: 50 (Resim:  50) | Stalls:  0
[HEARTBEAT] Node: 1 | Tick: 78601 | Conf: 78599 | Hash: 0xFADB2163 | Rollbacks: 59 (Resim:  73) | Stalls:  0
[HEARTBEAT] Node: 1 | Tick: 78661 | Conf: 78659 | Hash: 0x80A4B923 | Rollbacks: 59 (Resim:  66) | Stalls:  0
[BOT:50005] Heartbeat - Sparse Mods Tracked: 2048
[HEARTBEAT] Node: 1 | Tick: 78721 | Conf: 78719 | Hash: 0x7074D300 | Rollbacks: 58 (Resim:  60) | Stalls:  0
[HEARTBEAT] Node: 1 | Tick: 78781 | Conf: 78779 | Hash: 0x962B9FA0 | Rollbacks: 50 (Resim:  54) | Stalls:  0
[HEARTBEAT] Node: 1 | Tick: 78841 | Conf: 78839 | Hash: 0x5A9865BE | Rollbacks: 46 (Resim:  49) | Stalls:  0
[HEARTBEAT] Node: 1 | Tick: 78901 | Conf: 78899 | Hash: 0x9189B15D | Rollbacks: 44 (Resim:  44) | Stalls:  0
[HEARTBEAT] Node: 1 | Tick: 78961 | Conf: 78959 | Hash: 0x4E5ADD2C | Rollbacks: 49 (Resim:  49) | Stalls:  0
[HEARTBEAT] Node: 1 | Tick: 79021 | Conf: 79019 | Hash: 0x37570087 | Rollbacks: 59 (Resim:  67) | Stalls:  0
[HEARTBEAT] Node: 1 | Tick: 79081 | Conf: 79079 | Hash: 0x377B5500 | Rollbacks: 59 (Resim:  63) | Stalls:  0
[HEARTBEAT] Node: 1 | Tick: 79141 | Conf: 79139 | Hash: 0x545EEC8F | Rollbacks: 59 (Resim:  59) | Stalls:  0
[HEARTBEAT] Node: 1 | Tick: 79201 | Conf: 79199 | Hash: 0x1295E654 | Rollbacks: 59 (Resim:  70) | Stalls:  0
[HEARTBEAT] Node: 1 | Tick: 79261 | Conf: 79259 | Hash: 0x8A68BB95 | Rollbacks: 45 (Resim:  45) | Stalls:  0
[BOT:50005] Heartbeat - Sparse Mods Tracked: 2048
[HEARTBEAT] Node: 1 | Tick: 79321 | Conf: 79319 | Hash: 0x911DDB28 | Rollbacks: 51 (Resim:  76) | Stalls:  0
[HEARTBEAT] Node: 1 | Tick: 79381 | Conf: 79379 | Hash: 0x79BBA0C9 | Rollbacks: 49 (Resim:  49) | Stalls:  0
[HEARTBEAT] Node: 1 | Tick: 79441 | Conf: 79439 | Hash: 0xDD9E5A04 | Rollbacks: 58 (Resim:  70) | Stalls:  0
[HEARTBEAT] Node: 1 | Tick: 79501 | Conf: 79499 | Hash: 0x267DBE19 | Rollbacks: 58 (Resim:  61) | Stalls:  0
[HEARTBEAT] Node: 1 | Tick: 79561 | Conf: 79559 | Hash: 0x5409B4B4 | Rollbacks: 45 (Resim:  45) | Stalls:  0
[HEARTBEAT] Node: 1 | Tick: 79621 | Conf: 79619 | Hash: 0x5FF9EC63 | Rollbacks: 60 (Resim:  60) | Stalls:  0
[HEARTBEAT] Node: 1 | Tick: 79681 | Conf: 79679 | Hash: 0xA398FA22 | Rollbacks: 51 (Resim:  68) | Stalls:  0
[HEARTBEAT] Node: 1 | Tick: 79741 | Conf: 79739 | Hash: 0x63897567 | Rollbacks: 57 (Resim:  60) | Stalls:  0
[HEARTBEAT] Node: 1 | Tick: 79801 | Conf: 79799 | Hash: 0x4D2CDDC2 | Rollbacks: 47 (Resim:  47) | Stalls:  0
[HEARTBEAT] Node: 1 | Tick: 79861 | Conf: 79858 | Hash: 0xDB447FC2 | Rollbacks: 58 (Resim:  66) | Stalls:  0
[BOT:50005] Heartbeat - Sparse Mods Tracked: 2048
[HEARTBEAT] Node: 1 | Tick: 79921 | Conf: 79919 | Hash: 0x51F5612B | Rollbacks: 58 (Resim:  83) | Stalls:  0
[HEARTBEAT] Node: 1 | Tick: 79981 | Conf: 79979 | Hash: 0x8F3A6337 | Rollbacks: 59 (Resim:  61) | Stalls:  0
[HEARTBEAT] Node: 1 | Tick: 80041 | Conf: 80038 | Hash: 0xF7E94AA1 | Rollbacks: 59 (Resim:  71) | Stalls:  0
[HEARTBEAT] Node: 1 | Tick: 80101 | Conf: 80099 | Hash: 0xEE17FC7A | Rollbacks: 57 (Resim:  60) | Stalls:  0
[HEARTBEAT] Node: 1 | Tick: 80161 | Conf: 80158 | Hash: 0xA7A41CC0 | Rollbacks: 58 (Resim:  73) | Stalls:  0
[HEARTBEAT] Node: 1 | Tick: 80221 | Conf: 80219 | Hash: 0x4EA7E5C2 | Rollbacks: 46 (Resim:  61) | Stalls:  0
[HEARTBEAT] Node: 1 | Tick: 80281 | Conf: 80279 | Hash: 0x5AB46E68 | Rollbacks: 58 (Resim:  58) | Stalls:  0
[HEARTBEAT] Node: 1 | Tick: 80341 | Conf: 80338 | Hash: 0x0D0AB7EE | Rollbacks: 59 (Resim:  77) | Stalls:  0
[HEARTBEAT] Node: 1 | Tick: 80401 | Conf: 80399 | Hash: 0x0B4420CC | Rollbacks: 53 (Resim:  65) | Stalls:  0
[HEARTBEAT] Node: 1 | Tick: 80461 | Conf: 80459 | Hash: 0xDF1E63D4 | Rollbacks: 59 (Resim:  73) | Stalls:  0
[BOT:50005] Heartbeat - Sparse Mods Tracked: 2048
[HEARTBEAT] Node: 1 | Tick: 80521 | Conf: 80518 | Hash: 0x28C3E461 | Rollbacks: 58 (Resim:  65) | Stalls:  0
[HEARTBEAT] Node: 1 | Tick: 80581 | Conf: 80579 | Hash: 0xEBFBEF44 | Rollbacks: 59 (Resim:  67) | Stalls:  0
[HEARTBEAT] Node: 1 | Tick: 80641 | Conf: 80639 | Hash: 0x0474B770 | Rollbacks: 54 (Resim:  54) | Stalls:  0
[HEARTBEAT] Node: 1 | Tick: 80701 | Conf: 80699 | Hash: 0x9B757C92 | Rollbacks: 58 (Resim:  87) | Stalls:  0
[HEARTBEAT] Node: 1 | Tick: 80761 | Conf: 80759 | Hash: 0x8D398513 | Rollbacks: 54 (Resim:  56) | Stalls:  0
[HEARTBEAT] Node: 1 | Tick: 80821 | Conf: 80819 | Hash: 0x569A0535 | Rollbacks: 57 (Resim:  57) | Stalls:  0
[HEARTBEAT] Node: 1 | Tick: 80881 | Conf: 80879 | Hash: 0x33A5B08D | Rollbacks: 49 (Resim:  70) | Stalls:  0
[HEARTBEAT] Node: 1 | Tick: 80941 | Conf: 80939 | Hash: 0x0E0E2E20 | Rollbacks: 59 (Resim:  61) | Stalls:  0
[HEARTBEAT] Node: 1 | Tick: 81001 | Conf: 80999 | Hash: 0x30D597EE | Rollbacks: 55 (Resim:  55) | Stalls:  0
[HEARTBEAT] Node: 1 | Tick: 81061 | Conf: 81059 | Hash: 0xDAC3A328 | Rollbacks: 58 (Resim:  87) | Stalls:  0
[BOT:50005] Heartbeat - Sparse Mods Tracked: 2048
[HEARTBEAT] Node: 1 | Tick: 81121 | Conf: 81119 | Hash: 0xD7E208B6 | Rollbacks: 52 (Resim:  54) | Stalls:  0
[HEARTBEAT] Node: 1 | Tick: 81181 | Conf: 81178 | Hash: 0x65D5BFF0 | Rollbacks: 54 (Resim:  55) | Stalls:  0
[HEARTBEAT] Node: 1 | Tick: 81241 | Conf: 81239 | Hash: 0xAB1CD98D | Rollbacks: 59 (Resim:  80) | Stalls:  0
[HEARTBEAT] Node: 1 | Tick: 81301 | Conf: 81299 | Hash: 0xF0C89D28 | Rollbacks: 47 (Resim:  47) | Stalls:  0
[HEARTBEAT] Node: 1 | Tick: 81361 | Conf: 81359 | Hash: 0x2168E0A6 | Rollbacks: 54 (Resim:  60) | Stalls:  0
[HEARTBEAT] Node: 1 | Tick: 81421 | Conf: 81419 | Hash: 0xBA20667B | Rollbacks: 48 (Resim:  48) | Stalls:  0
[HEARTBEAT] Node: 1 | Tick: 81481 | Conf: 81479 | Hash: 0x03F0B447 | Rollbacks: 59 (Resim:  81) | Stalls:  0
[HEARTBEAT] Node: 1 | Tick: 81541 | Conf: 81539 | Hash: 0x50B8C762 | Rollbacks: 58 (Resim:  58) | Stalls:  0
[HEARTBEAT] Node: 1 | Tick: 81601 | Conf: 81599 | Hash: 0xE14B2374 | Rollbacks: 54 (Resim:  54) | Stalls:  0
[HEARTBEAT] Node: 1 | Tick: 81661 | Conf: 81659 | Hash: 0x10641D26 | Rollbacks: 51 (Resim:  74) | Stalls:  0
[BOT:50005] Heartbeat - Sparse Mods Tracked: 2048
[HEARTBEAT] Node: 1 | Tick: 81721 | Conf: 81719 | Hash: 0x2FBB64C4 | Rollbacks: 54 (Resim:  57) | Stalls:  0
[HEARTBEAT] Node: 1 | Tick: 81781 | Conf: 81778 | Hash: 0x41989682 | Rollbacks: 57 (Resim:  65) | Stalls:  0
[HEARTBEAT] Node: 1 | Tick: 81841 | Conf: 81838 | Hash: 0x413D6C8E | Rollbacks: 58 (Resim:  82) | Stalls:  0
[HEARTBEAT] Node: 1 | Tick: 81901 | Conf: 81899 | Hash: 0x2E0BA22D | Rollbacks: 60 (Resim:  61) | Stalls:  0
[HEARTBEAT] Node: 1 | Tick: 81961 | Conf: 81958 | Hash: 0xCFDF6E0A | Rollbacks: 58 (Resim:  68) | Stalls:  0
[HEARTBEAT] Node: 1 | Tick: 82021 | Conf: 82019 | Hash: 0x04B7E05E | Rollbacks: 58 (Resim:  74) | Stalls:  0
[HEARTBEAT] Node: 1 | Tick: 82081 | Conf: 82079 | Hash: 0x83EB8C5B | Rollbacks: 54 (Resim:  54) | Stalls:  0
[HEARTBEAT] Node: 1 | Tick: 82141 | Conf: 82139 | Hash: 0xFDE494C0 | Rollbacks: 59 (Resim:  80) | Stalls:  0
[HEARTBEAT] Node: 1 | Tick: 82201 | Conf: 82199 | Hash: 0x4C3F73F3 | Rollbacks: 49 (Resim:  51) | Stalls:  0
[BOT:50005] Heartbeat - Sparse Mods Tracked: 2048
[HEARTBEAT] Node: 1 | Tick: 82261 | Conf: 82259 | Hash: 0x6A03B35C | Rollbacks: 48 (Resim:  48) | Stalls:  0
[HEARTBEAT] Node: 1 | Tick: 82321 | Conf: 82319 | Hash: 0x0BFA2CFC | Rollbacks: 44 (Resim:  44) | Stalls:  0
[HEARTBEAT] Node: 1 | Tick: 82381 | Conf: 82379 | Hash: 0x49AF2E46 | Rollbacks: 59 (Resim:  60) | Stalls:  0
[HEARTBEAT] Node: 1 | Tick: 82441 | Conf: 82439 | Hash: 0x55588C4E | Rollbacks: 59 (Resim:  73) | Stalls:  0
[HEARTBEAT] Node: 1 | Tick: 82501 | Conf: 82499 | Hash: 0x50859E7D | Rollbacks: 51 (Resim:  54) | Stalls:  0
[HEARTBEAT] Node: 1 | Tick: 82561 | Conf: 82559 | Hash: 0x2A629689 | Rollbacks: 47 (Resim:  47) | Stalls:  0
[HEARTBEAT] Node: 1 | Tick: 82621 | Conf: 82619 | Hash: 0x1E588ACB | Rollbacks: 58 (Resim:  61) | Stalls:  0
[HEARTBEAT] Node: 1 | Tick: 82681 | Conf: 82679 | Hash: 0x154F5CC1 | Rollbacks: 52 (Resim:  52) | Stalls:  0
[HEARTBEAT] Node: 1 | Tick: 82741 | Conf: 82739 | Hash: 0x11DD9BB7 | Rollbacks: 56 (Resim:  78) | Stalls:  0
[HEARTBEAT] Node: 1 | Tick: 82801 | Conf: 82799 | Hash: 0xACFB9F83 | Rollbacks: 47 (Resim:  50) | Stalls:  0
[BOT:50005] Heartbeat - Sparse Mods Tracked: 2048
[HEARTBEAT] Node: 1 | Tick: 82861 | Conf: 82859 | Hash: 0xF30FCFFD | Rollbacks: 48 (Resim:  48) | Stalls:  0
[HEARTBEAT] Node: 1 | Tick: 82921 | Conf: 82919 | Hash: 0xD4401B96 | Rollbacks: 58 (Resim:  88) | Stalls:  0
[HEARTBEAT] Node: 1 | Tick: 82981 | Conf: 82979 | Hash: 0xBE5C77B2 | Rollbacks: 48 (Resim:  50) | Stalls:  0
[HEARTBEAT] Node: 1 | Tick: 83041 | Conf: 83039 | Hash: 0x99768C32 | Rollbacks: 56 (Resim:  56) | Stalls:  0
[HEARTBEAT] Node: 1 | Tick: 83101 | Conf: 83099 | Hash: 0x06C73F3F | Rollbacks: 58 (Resim:  76) | Stalls:  0
[HEARTBEAT] Node: 1 | Tick: 83161 | Conf: 83159 | Hash: 0x7498A340 | Rollbacks: 43 (Resim:  45) | Stalls:  0
[HEARTBEAT] Node: 1 | Tick: 83221 | Conf: 83219 | Hash: 0x78139175 | Rollbacks: 58 (Resim:  58) | Stalls:  0
[HEARTBEAT] Node: 1 | Tick: 83281 | Conf: 83279 | Hash: 0x2A382B0C | Rollbacks: 45 (Resim:  63) | Stalls:  0
[HEARTBEAT] Node: 1 | Tick: 83341 | Conf: 83339 | Hash: 0x15E86296 | Rollbacks: 59 (Resim:  59) | Stalls:  0
[HEARTBEAT] Node: 1 | Tick: 83401 | Conf: 83399 | Hash: 0x11209FEE | Rollbacks: 59 (Resim:  76) | Stalls:  0
[BOT:50005] Heartbeat - Sparse Mods Tracked: 2048
[HEARTBEAT] Node: 1 | Tick: 83461 | Conf: 83459 | Hash: 0x849A6AA7 | Rollbacks: 44 (Resim:  44) | Stalls:  0
[HEARTBEAT] Node: 1 | Tick: 83521 | Conf: 83519 | Hash: 0xE575071D | Rollbacks: 59 (Resim:  59) | Stalls:  0
[HEARTBEAT] Node: 1 | Tick: 83581 | Conf: 83579 | Hash: 0x4D2BC7D7 | Rollbacks: 58 (Resim:  81) | Stalls:  0
[HEARTBEAT] Node: 1 | Tick: 83641 | Conf: 83639 | Hash: 0xBF7408BF | Rollbacks: 45 (Resim:  45) | Stalls:  0
[HEARTBEAT] Node: 1 | Tick: 83701 | Conf: 83698 | Hash: 0xCE66CDF3 | Rollbacks: 58 (Resim:  61) | Stalls:  0
[HEARTBEAT] Node: 1 | Tick: 83761 | Conf: 83759 | Hash: 0x23861680 | Rollbacks: 49 (Resim:  55) | Stalls:  0
[HEARTBEAT] Node: 1 | Tick: 83821 | Conf: 83818 | Hash: 0x6C6286A3 | Rollbacks: 59 (Resim:  75) | Stalls:  0
[HEARTBEAT] Node: 1 | Tick: 83881 | Conf: 83879 | Hash: 0xE43A3411 | Rollbacks: 51 (Resim:  63) | Stalls:  0
[HEARTBEAT] Node: 1 | Tick: 83941 | Conf: 83939 | Hash: 0xAD2A2697 | Rollbacks: 60 (Resim:  60) | Stalls:  0
[HEARTBEAT] Node: 1 | Tick: 84001 | Conf: 83998 | Hash: 0x6F79E7A1 | Rollbacks: 59 (Resim:  82) | Stalls:  0
[BOT:50005] Heartbeat - Sparse Mods Tracked: 2048
[HEARTBEAT] Node: 1 | Tick: 84061 | Conf: 84059 | Hash: 0x5E8F6D5E | Rollbacks: 57 (Resim:  60) | Stalls:  0
[HEARTBEAT] Node: 1 | Tick: 84121 | Conf: 84119 | Hash: 0xF4395218 | Rollbacks: 60 (Resim:  60) | Stalls:  0
[HEARTBEAT] Node: 1 | Tick: 84181 | Conf: 84179 | Hash: 0xD7EC8AAD | Rollbacks: 58 (Resim:  68) | Stalls:  0
[HEARTBEAT] Node: 1 | Tick: 84241 | Conf: 84238 | Hash: 0x390A4837 | Rollbacks: 51 (Resim:  53) | Stalls:  0
[HEARTBEAT] Node: 1 | Tick: 84301 | Conf: 84299 | Hash: 0xEDA761E1 | Rollbacks: 47 (Resim:  60) | Stalls:  0
[HEARTBEAT] Node: 1 | Tick: 84361 | Conf: 84358 | Hash: 0xF85A02C3 | Rollbacks: 59 (Resim:  76) | Stalls:  0
[HEARTBEAT] Node: 1 | Tick: 84421 | Conf: 84419 | Hash: 0xA4BD0B40 | Rollbacks: 45 (Resim:  55) | Stalls:  0
[HEARTBEAT] Node: 1 | Tick: 84481 | Conf: 84478 | Hash: 0xA2AA49C0 | Rollbacks: 59 (Resim:  73) | Stalls:  0
[HEARTBEAT] Node: 1 | Tick: 84541 | Conf: 84539 | Hash: 0xC5260063 | Rollbacks: 59 (Resim:  61) | Stalls:  0
[HEARTBEAT] Node: 1 | Tick: 84601 | Conf: 84599 | Hash: 0x50213EBD | Rollbacks: 59 (Resim:  66) | Stalls:  0
[BOT:50005] Heartbeat - Sparse Mods Tracked: 2048
[HEARTBEAT] Node: 1 | Tick: 84661 | Conf: 84659 | Hash: 0x5F960104 | Rollbacks: 57 (Resim:  57) | Stalls:  0
[HEARTBEAT] Node: 1 | Tick: 84721 | Conf: 84719 | Hash: 0x65E90F8D | Rollbacks: 59 (Resim:  69) | Stalls:  0
[HEARTBEAT] Node: 1 | Tick: 84781 | Conf: 84779 | Hash: 0x6914F4F8 | Rollbacks: 51 (Resim:  51) | Stalls:  0
[HEARTBEAT] Node: 1 | Tick: 84841 | Conf: 84839 | Hash: 0x0654C67E | Rollbacks: 58 (Resim:  79) | Stalls:  0
[HEARTBEAT] Node: 1 | Tick: 84901 | Conf: 84899 | Hash: 0xD70ACCBF | Rollbacks: 56 (Resim:  58) | Stalls:  0
[HEARTBEAT] Node: 1 | Tick: 84961 | Conf: 84959 | Hash: 0x0F04C5CD | Rollbacks: 59 (Resim:  59) | Stalls:  0
[HEARTBEAT] Node: 1 | Tick: 85021 | Conf: 85019 | Hash: 0x437BF705 | Rollbacks: 59 (Resim:  75) | Stalls:  0
[HEARTBEAT] Node: 1 | Tick: 85081 | Conf: 85079 | Hash: 0x1D3D8D2C | Rollbacks: 48 (Resim:  52) | Stalls:  0
[HEARTBEAT] Node: 1 | Tick: 85141 | Conf: 85139 | Hash: 0x64D6175C | Rollbacks: 45 (Resim:  45) | Stalls:  0
[HEARTBEAT] Node: 1 | Tick: 85201 | Conf: 85199 | Hash: 0xCA6CF275 | Rollbacks: 59 (Resim:  59) | Stalls:  0
[BOT:50005] Heartbeat - Sparse Mods Tracked: 2048
[HEARTBEAT] Node: 1 | Tick: 85261 | Conf: 85259 | Hash: 0xE99F12F6 | Rollbacks: 49 (Resim:  64) | Stalls:  0
[HEARTBEAT] Node: 1 | Tick: 85321 | Conf: 85319 | Hash: 0x632DFA40 | Rollbacks: 44 (Resim:  49) | Stalls:  0
[HEARTBEAT] Node: 1 | Tick: 85381 | Conf: 85379 | Hash: 0x6DB712A7 | Rollbacks: 49 (Resim:  52) | Stalls:  0
[HEARTBEAT] Node: 1 | Tick: 85441 | Conf: 85439 | Hash: 0xD06F62AD | Rollbacks: 57 (Resim:  60) | Stalls:  0
[HEARTBEAT] Node: 1 | Tick: 85501 | Conf: 85499 | Hash: 0xD244CDEB | Rollbacks: 47 (Resim:  47) | Stalls:  0
[HEARTBEAT] Node: 1 | Tick: 85561 | Conf: 85559 | Hash: 0x21AD710D | Rollbacks: 54 (Resim:  80) | Stalls:  0
[HEARTBEAT] Node: 1 | Tick: 85621 | Conf: 85619 | Hash: 0x6ECF6BD6 | Rollbacks: 59 (Resim:  62) | Stalls:  0
[HEARTBEAT] Node: 1 | Tick: 85681 | Conf: 85679 | Hash: 0x781712E9 | Rollbacks: 60 (Resim:  60) | Stalls:  0
[HEARTBEAT] Node: 1 | Tick: 85741 | Conf: 85739 | Hash: 0x85886238 | Rollbacks: 59 (Resim:  67) | Stalls:  0
[HEARTBEAT] Node: 1 | Tick: 85801 | Conf: 85798 | Hash: 0x3B450094 | Rollbacks: 58 (Resim:  61) | Stalls:  0
[BOT:50005] Heartbeat - Sparse Mods Tracked: 2048
[HEARTBEAT] Node: 1 | Tick: 85861 | Conf: 85859 | Hash: 0xB29D3DBA | Rollbacks: 49 (Resim:  57) | Stalls:  0
[HEARTBEAT] Node: 1 | Tick: 85921 | Conf: 85918 | Hash: 0x3C39B335 | Rollbacks: 59 (Resim:  75) | Stalls:  0
[HEARTBEAT] Node: 1 | Tick: 85981 | Conf: 85979 | Hash: 0xB351F745 | Rollbacks: 50 (Resim:  60) | Stalls:  0
[HEARTBEAT] Node: 1 | Tick: 86041 | Conf: 86039 | Hash: 0x7C06F978 | Rollbacks: 55 (Resim:  55) | Stalls:  0
[HEARTBEAT] Node: 1 | Tick: 86101 | Conf: 86099 | Hash: 0x52E0D82A | Rollbacks: 59 (Resim:  73) | Stalls:  0
[HEARTBEAT] Node: 1 | Tick: 86161 | Conf: 86159 | Hash: 0x5E1BD901 | Rollbacks: 49 (Resim:  49) | Stalls:  0
[HEARTBEAT] Node: 1 | Tick: 86221 | Conf: 86219 | Hash: 0x77E65EC8 | Rollbacks: 59 (Resim:  60) | Stalls:  0
[HEARTBEAT] Node: 1 | Tick: 86281 | Conf: 86279 | Hash: 0x89DD31B6 | Rollbacks: 58 (Resim:  65) | Stalls:  0
[HEARTBEAT] Node: 1 | Tick: 86341 | Conf: 86339 | Hash: 0x62954E40 | Rollbacks: 59 (Resim:  63) | Stalls:  0
[HEARTBEAT] Node: 1 | Tick: 86401 | Conf: 86399 | Hash: 0xCA11F136 | Rollbacks: 56 (Resim:  77) | Stalls:  0
[BOT:50005] Heartbeat - Sparse Mods Tracked: 2048
[HEARTBEAT] Node: 1 | Tick: 86461 | Conf: 86459 | Hash: 0xBF59CDD2 | Rollbacks: 59 (Resim:  59) | Stalls:  0
[HEARTBEAT] Node: 1 | Tick: 86521 | Conf: 86519 | Hash: 0x57115D9A | Rollbacks: 58 (Resim:  66) | Stalls:  0
[HEARTBEAT] Node: 1 | Tick: 86581 | Conf: 86579 | Hash: 0x47971E14 | Rollbacks: 60 (Resim:  60) | Stalls:  0
[HEARTBEAT] Node: 1 | Tick: 86641 | Conf: 86639 | Hash: 0x476BA085 | Rollbacks: 59 (Resim:  71) | Stalls:  0
[HEARTBEAT] Node: 1 | Tick: 86701 | Conf: 86699 | Hash: 0x65EFB459 | Rollbacks: 51 (Resim:  51) | Stalls:  0
[HEARTBEAT] Node: 1 | Tick: 86761 | Conf: 86759 | Hash: 0x7AF0B603 | Rollbacks: 58 (Resim:  83) | Stalls:  0
[HEARTBEAT] Node: 1 | Tick: 86821 | Conf: 86819 | Hash: 0x968AD562 | Rollbacks: 54 (Resim:  54) | Stalls:  0
[HEARTBEAT] Node: 1 | Tick: 86881 | Conf: 86879 | Hash: 0x1786B47D | Rollbacks: 59 (Resim:  60) | Stalls:  0
[HEARTBEAT] Node: 1 | Tick: 86941 | Conf: 86939 | Hash: 0x3224A94C | Rollbacks: 58 (Resim:  64) | Stalls:  0
[HEARTBEAT] Node: 1 | Tick: 87001 | Conf: 86998 | Hash: 0x4BD042AE | Rollbacks: 59 (Resim:  69) | Stalls:  0
[BOT:50005] Heartbeat - Sparse Mods Tracked: 2048
[HEARTBEAT] Node: 1 | Tick: 87061 | Conf: 87059 | Hash: 0x11B25CA1 | Rollbacks: 49 (Resim:  50) | Stalls:  0
[HEARTBEAT] Node: 1 | Tick: 87121 | Conf: 87119 | Hash: 0x0833E15F | Rollbacks: 59 (Resim:  73) | Stalls:  0
[HEARTBEAT] Node: 1 | Tick: 87181 | Conf: 87179 | Hash: 0xC4301C2F | Rollbacks: 59 (Resim:  59) | Stalls:  0
[HEARTBEAT] Node: 1 | Tick: 87241 | Conf: 87238 | Hash: 0xE916F8F7 | Rollbacks: 58 (Resim:  71) | Stalls:  0
[HEARTBEAT] Node: 1 | Tick: 87301 | Conf: 87299 | Hash: 0xF545A620 | Rollbacks: 45 (Resim:  65) | Stalls:  0
[HEARTBEAT] Node: 1 | Tick: 87361 | Conf: 87359 | Hash: 0x868A2813 | Rollbacks: 59 (Resim:  77) | Stalls:  0
[HEARTBEAT] Node: 1 | Tick: 87421 | Conf: 87419 | Hash: 0xAA451CEA | Rollbacks: 54 (Resim:  54) | Stalls:  0
[HEARTBEAT] Node: 1 | Tick: 87481 | Conf: 87479 | Hash: 0xD04E3083 | Rollbacks: 59 (Resim:  71) | Stalls:  0
[HEARTBEAT] Node: 1 | Tick: 87541 | Conf: 87538 | Hash: 0x6BD929D7 | Rollbacks: 59 (Resim:  64) | Stalls:  0
[HEARTBEAT] Node: 1 | Tick: 87601 | Conf: 87599 | Hash: 0x39EDB884 | Rollbacks: 54 (Resim:  62) | Stalls:  0
[BOT:50005] Heartbeat - Sparse Mods Tracked: 2048
[HEARTBEAT] Node: 1 | Tick: 87661 | Conf: 87658 | Hash: 0xBFAFB7D1 | Rollbacks: 59 (Resim:  82) | Stalls:  0
[HEARTBEAT] Node: 1 | Tick: 87721 | Conf: 87719 | Hash: 0x2519BAD2 | Rollbacks: 59 (Resim:  61) | Stalls:  0
[HEARTBEAT] Node: 1 | Tick: 87781 | Conf: 87779 | Hash: 0xCEAF9EC9 | Rollbacks: 59 (Resim:  76) | Stalls:  0
[HEARTBEAT] Node: 1 | Tick: 87841 | Conf: 87839 | Hash: 0xE17D42B5 | Rollbacks: 46 (Resim:  46) | Stalls:  0
[HEARTBEAT] Node: 1 | Tick: 87901 | Conf: 87899 | Hash: 0x26553380 | Rollbacks: 59 (Resim:  71) | Stalls:  0
[HEARTBEAT] Node: 1 | Tick: 87961 | Conf: 87959 | Hash: 0x8C75B2F4 | Rollbacks: 59 (Resim:  62) | Stalls:  0
[HEARTBEAT] Node: 1 | Tick: 88021 | Conf: 88018 | Hash: 0x1347F979 | Rollbacks: 52 (Resim:  57) | Stalls:  0
[HEARTBEAT] Node: 1 | Tick: 88081 | Conf: 88079 | Hash: 0x09225B9D | Rollbacks: 42 (Resim:  54) | Stalls:  0
[HEARTBEAT] Node: 1 | Tick: 88141 | Conf: 88138 | Hash: 0x92491CEF | Rollbacks: 59 (Resim:  68) | Stalls:  0
[BOT:50005] Heartbeat - Sparse Mods Tracked: 2048
[HEARTBEAT] Node: 1 | Tick: 88201 | Conf: 88199 | Hash: 0x711D5FCE | Rollbacks: 57 (Resim:  79) | Stalls:  0
[HEARTBEAT] Node: 1 | Tick: 88261 | Conf: 88259 | Hash: 0xBB584927 | Rollbacks: 59 (Resim:  59) | Stalls:  0
[HEARTBEAT] Node: 1 | Tick: 88321 | Conf: 88319 | Hash: 0x7C69461D | Rollbacks: 59 (Resim:  65) | Stalls:  0
[HEARTBEAT] Node: 1 | Tick: 88381 | Conf: 88379 | Hash: 0xD1E026F4 | Rollbacks: 43 (Resim:  45) | Stalls:  0
[HEARTBEAT] Node: 1 | Tick: 88441 | Conf: 88439 | Hash: 0xBBB2A8E7 | Rollbacks: 58 (Resim:  58) | Stalls:  0
[HEARTBEAT] Node: 1 | Tick: 88501 | Conf: 88499 | Hash: 0x08D616BC | Rollbacks: 59 (Resim:  73) | Stalls:  0
[HEARTBEAT] Node: 1 | Tick: 88561 | Conf: 88559 | Hash: 0x679527F1 | Rollbacks: 43 (Resim:  43) | Stalls:  0
[HEARTBEAT] Node: 1 | Tick: 88621 | Conf: 88619 | Hash: 0x3CCEAA99 | Rollbacks: 59 (Resim:  71) | Stalls:  0
[HEARTBEAT] Node: 1 | Tick: 88681 | Conf: 88679 | Hash: 0x187CA58E | Rollbacks: 59 (Resim:  61) | Stalls:  0
[HEARTBEAT] Node: 1 | Tick: 88741 | Conf: 88738 | Hash: 0xE57DE08E | Rollbacks: 58 (Resim:  82) | Stalls:  0
[BOT:50005] Heartbeat - Sparse Mods Tracked: 2048
[HEARTBEAT] Node: 1 | Tick: 88801 | Conf: 88799 | Hash: 0xA78601FD | Rollbacks: 57 (Resim:  58) | Stalls:  0
[HEARTBEAT] Node: 1 | Tick: 88861 | Conf: 88859 | Hash: 0x979756A9 | Rollbacks: 59 (Resim:  77) | Stalls:  0
[HEARTBEAT] Node: 1 | Tick: 88921 | Conf: 88919 | Hash: 0xE61B5C3A | Rollbacks: 53 (Resim:  53) | Stalls:  0
[HEARTBEAT] Node: 1 | Tick: 88981 | Conf: 88979 | Hash: 0x5C317A67 | Rollbacks: 55 (Resim:  70) | Stalls:  0
[HEARTBEAT] Node: 1 | Tick: 89041 | Conf: 89039 | Hash: 0x32B9606A | Rollbacks: 48 (Resim:  48) | Stalls:  0
[HEARTBEAT] Node: 1 | Tick: 89101 | Conf: 89098 | Hash: 0x911F73D1 | Rollbacks: 58 (Resim:  62) | Stalls:  0
[HEARTBEAT] Node: 1 | Tick: 89161 | Conf: 89159 | Hash: 0x06DA72E1 | Rollbacks: 48 (Resim:  57) | Stalls:  0
[HEARTBEAT] Node: 1 | Tick: 89221 | Conf: 89218 | Hash: 0x7DD7F42E | Rollbacks: 59 (Resim:  75) | Stalls:  0
[HEARTBEAT] Node: 1 | Tick: 89281 | Conf: 89279 | Hash: 0x758BD9F7 | Rollbacks: 43 (Resim:  51) | Stalls:  0
[HEARTBEAT] Node: 1 | Tick: 89341 | Conf: 89339 | Hash: 0x75E919DE | Rollbacks: 56 (Resim:  84) | Stalls:  0
[BOT:50005] Heartbeat - Sparse Mods Tracked: 2048
[HEARTBEAT] Node: 1 | Tick: 89401 | Conf: 89399 | Hash: 0x11C311B0 | Rollbacks: 59 (Resim:  62) | Stalls:  0
[HEARTBEAT] Node: 1 | Tick: 89461 | Conf: 89459 | Hash: 0x3C932791 | Rollbacks: 55 (Resim:  82) | Stalls:  0
[HEARTBEAT] Node: 1 | Tick: 89521 | Conf: 89519 | Hash: 0x0466CC2A | Rollbacks: 59 (Resim:  61) | Stalls:  0
[HEARTBEAT] Node: 1 | Tick: 89581 | Conf: 89579 | Hash: 0x310D86DD | Rollbacks: 59 (Resim:  60) | Stalls:  0
[HEARTBEAT] Node: 1 | Tick: 89641 | Conf: 89639 | Hash: 0x44446D3E | Rollbacks: 49 (Resim:  63) | Stalls:  0
[HEARTBEAT] Node: 1 | Tick: 89701 | Conf: 89698 | Hash: 0x2C032DD7 | Rollbacks: 56 (Resim:  59) | Stalls:  0
[HEARTBEAT] Node: 1 | Tick: 89761 | Conf: 89759 | Hash: 0x2AA7EE46 | Rollbacks: 59 (Resim:  76) | Stalls:  0
[HEARTBEAT] Node: 1 | Tick: 89821 | Conf: 89819 | Hash: 0xC2372708 | Rollbacks: 54 (Resim:  54) | Stalls:  0
[HEARTBEAT] Node: 1 | Tick: 89881 | Conf: 89879 | Hash: 0xB968C355 | Rollbacks: 48 (Resim:  55) | Stalls:  0
[HEARTBEAT] Node: 1 | Tick: 89941 | Conf: 89939 | Hash: 0x578C0B50 | Rollbacks: 56 (Resim:  56) | Stalls:  0
[BOT:50005] Heartbeat - Sparse Mods Tracked: 2048
[HEARTBEAT] Node: 1 | Tick: 90001 | Conf: 89999 | Hash: 0xCD5ADD93 | Rollbacks: 47 (Resim:  62) | Stalls:  0
[HEARTBEAT] Node: 1 | Tick: 90061 | Conf: 90059 | Hash: 0xF37320E0 | Rollbacks: 55 (Resim:  55) | Stalls:  0
[HEARTBEAT] Node: 1 | Tick: 90121 | Conf: 90118 | Hash: 0x4DBCA6E7 | Rollbacks: 59 (Resim:  63) | Stalls:  0
[HEARTBEAT] Node: 1 | Tick: 90181 | Conf: 90179 | Hash: 0xA804936E | Rollbacks: 42 (Resim:  54) | Stalls:  0
[HEARTBEAT] Node: 1 | Tick: 90241 | Conf: 90239 | Hash: 0x84DB6776 | Rollbacks: 59 (Resim:  60) | Stalls:  0
[HEARTBEAT] Node: 1 | Tick: 90301 | Conf: 90299 | Hash: 0x2E5C832F | Rollbacks: 59 (Resim:  71) | Stalls:  0
[HEARTBEAT] Node: 1 | Tick: 90361 | Conf: 90359 | Hash: 0xFEF37AEC | Rollbacks: 44 (Resim:  44) | Stalls:  0
[HEARTBEAT] Node: 1 | Tick: 90421 | Conf: 90419 | Hash: 0x910581CD | Rollbacks: 59 (Resim:  60) | Stalls:  0
[HEARTBEAT] Node: 1 | Tick: 90481 | Conf: 90479 | Hash: 0xF824CFF6 | Rollbacks: 51 (Resim:  65) | Stalls:  0
[HEARTBEAT] Node: 1 | Tick: 90541 | Conf: 90539 | Hash: 0xFC41B977 | Rollbacks: 49 (Resim:  50) | Stalls:  0
[BOT:50005] Heartbeat - Sparse Mods Tracked: 2048
[HEARTBEAT] Node: 1 | Tick: 90601 | Conf: 90599 | Hash: 0xDE423AA2 | Rollbacks: 59 (Resim:  65) | Stalls:  0
[HEARTBEAT] Node: 1 | Tick: 90661 | Conf: 90659 | Hash: 0xCADDA65E | Rollbacks: 59 (Resim:  59) | Stalls:  0
[HEARTBEAT] Node: 1 | Tick: 90721 | Conf: 90719 | Hash: 0xB9151DFE | Rollbacks: 53 (Resim:  69) | Stalls:  0
[HEARTBEAT] Node: 1 | Tick: 90781 | Conf: 90779 | Hash: 0x15135CD1 | Rollbacks: 56 (Resim:  58) | Stalls:  0
[HEARTBEAT] Node: 1 | Tick: 90841 | Conf: 90839 | Hash: 0xD1F6900B | Rollbacks: 58 (Resim:  70) | Stalls:  0
[HEARTBEAT] Node: 1 | Tick: 90901 | Conf: 90899 | Hash: 0x0DA00288 | Rollbacks: 50 (Resim:  50) | Stalls:  0
[HEARTBEAT] Node: 1 | Tick: 90961 | Conf: 90959 | Hash: 0x5B7C898C | Rollbacks: 59 (Resim:  73) | Stalls:  0
[HEARTBEAT] Node: 1 | Tick: 91021 | Conf: 91019 | Hash: 0x28465F9E | Rollbacks: 59 (Resim:  62) | Stalls:  0
[HEARTBEAT] Node: 1 | Tick: 91081 | Conf: 91079 | Hash: 0xC4BB29D8 | Rollbacks: 51 (Resim:  51) | Stalls:  0
[HEARTBEAT] Node: 1 | Tick: 91141 | Conf: 91139 | Hash: 0xB9D6D8B7 | Rollbacks: 59 (Resim:  82) | Stalls:  0
[BOT:50005] Heartbeat - Sparse Mods Tracked: 2048
[HEARTBEAT] Node: 1 | Tick: 91201 | Conf: 91199 | Hash: 0x10A6F1D8 | Rollbacks: 51 (Resim:  54) | Stalls:  0
[HEARTBEAT] Node: 1 | Tick: 91261 | Conf: 91258 | Hash: 0x6830E794 | Rollbacks: 59 (Resim:  71) | Stalls:  0
[HEARTBEAT] Node: 1 | Tick: 91321 | Conf: 91319 | Hash: 0x250B78FA | Rollbacks: 57 (Resim:  76) | Stalls:  0
[HEARTBEAT] Node: 1 | Tick: 91381 | Conf: 91379 | Hash: 0xF294BD03 | Rollbacks: 56 (Resim:  56) | Stalls:  0
[HEARTBEAT] Node: 1 | Tick: 91441 | Conf: 91439 | Hash: 0xBE7BC9FB | Rollbacks: 58 (Resim:  60) | Stalls:  0
[HEARTBEAT] Node: 1 | Tick: 91501 | Conf: 91499 | Hash: 0x5F5E626E | Rollbacks: 59 (Resim:  60) | Stalls:  0
[HEARTBEAT] Node: 1 | Tick: 91561 | Conf: 91559 | Hash: 0x8D8849F7 | Rollbacks: 58 (Resim:  74) | Stalls:  0
[HEARTBEAT] Node: 1 | Tick: 91621 | Conf: 91619 | Hash: 0x0B8564E6 | Rollbacks: 47 (Resim:  47) | Stalls:  0
[HEARTBEAT] Node: 1 | Tick: 91681 | Conf: 91679 | Hash: 0x3CA794E0 | Rollbacks: 49 (Resim:  49) | Stalls:  0
[HEARTBEAT] Node: 1 | Tick: 91741 | Conf: 91739 | Hash: 0x7C70D421 | Rollbacks: 59 (Resim:  82) | Stalls:  0
[BOT:50005] Heartbeat - Sparse Mods Tracked: 2048
[HEARTBEAT] Node: 1 | Tick: 91801 | Conf: 91799 | Hash: 0x9AC1C6D5 | Rollbacks: 54 (Resim:  54) | Stalls:  0
[HEARTBEAT] Node: 1 | Tick: 91861 | Conf: 91858 | Hash: 0x9F25F230 | Rollbacks: 59 (Resim:  68) | Stalls:  0
[HEARTBEAT] Node: 1 | Tick: 91921 | Conf: 91919 | Hash: 0x548D6812 | Rollbacks: 50 (Resim:  68) | Stalls:  0
[HEARTBEAT] Node: 1 | Tick: 91981 | Conf: 91979 | Hash: 0x4F4A565E | Rollbacks: 46 (Resim:  46) | Stalls:  0
[HEARTBEAT] Node: 1 | Tick: 92041 | Conf: 92039 | Hash: 0x3D4794A1 | Rollbacks: 59 (Resim:  60) | Stalls:  0
[HEARTBEAT] Node: 1 | Tick: 92101 | Conf: 92099 | Hash: 0x60BFA5DB | Rollbacks: 59 (Resim:  68) | Stalls:  0
[HEARTBEAT] Node: 1 | Tick: 92161 | Conf: 92159 | Hash: 0x8606F9A7 | Rollbacks: 47 (Resim:  47) | Stalls:  0
[HEARTBEAT] Node: 1 | Tick: 92221 | Conf: 92219 | Hash: 0x8C06F412 | Rollbacks: 59 (Resim:  60) | Stalls:  0
[HEARTBEAT] Node: 1 | Tick: 92281 | Conf: 92279 | Hash: 0xA1B0EF2B | Rollbacks: 45 (Resim:  61) | Stalls:  0
[HEARTBEAT] Node: 1 | Tick: 92341 | Conf: 92339 | Hash: 0xC89407B8 | Rollbacks: 55 (Resim:  55) | Stalls:  0
[BOT:50005] Heartbeat - Sparse Mods Tracked: 2048
[HEARTBEAT] Node: 1 | Tick: 92401 | Conf: 92399 | Hash: 0x4C0D6D48 | Rollbacks: 59 (Resim:  76) | Stalls:  0
[HEARTBEAT] Node: 1 | Tick: 92461 | Conf: 92459 | Hash: 0x0614BB80 | Rollbacks: 49 (Resim:  51) | Stalls:  0
[HEARTBEAT] Node: 1 | Tick: 92521 | Conf: 92519 | Hash: 0xDF7C5ECB | Rollbacks: 45 (Resim:  45) | Stalls:  0
[HEARTBEAT] Node: 1 | Tick: 92581 | Conf: 92579 | Hash: 0x35814C54 | Rollbacks: 60 (Resim:  60) | Stalls:  0
[HEARTBEAT] Node: 1 | Tick: 92641 | Conf: 92639 | Hash: 0x5803D3E2 | Rollbacks: 59 (Resim:  72) | Stalls:  0
[HEARTBEAT] Node: 1 | Tick: 92701 | Conf: 92699 | Hash: 0xF0DA950E | Rollbacks: 45 (Resim:  47) | Stalls:  0
[HEARTBEAT] Node: 1 | Tick: 92761 | Conf: 92759 | Hash: 0xC4EF4DB9 | Rollbacks: 45 (Resim:  45) | Stalls:  0
[HEARTBEAT] Node: 1 | Tick: 92821 | Conf: 92819 | Hash: 0xF8361446 | Rollbacks: 60 (Resim:  60) | Stalls:  0
[HEARTBEAT] Node: 1 | Tick: 92881 | Conf: 92879 | Hash: 0x2573F31C | Rollbacks: 52 (Resim:  69) | Stalls:  0
[HEARTBEAT] Node: 1 | Tick: 92941 | Conf: 92939 | Hash: 0xA7BA3A18 | Rollbacks: 54 (Resim:  56) | Stalls:  0
[BOT:50005] Heartbeat - Sparse Mods Tracked: 2048
[HEARTBEAT] Node: 1 | Tick: 93001 | Conf: 92999 | Hash: 0x7218C3EB | Rollbacks: 48 (Resim:  48) | Stalls:  0
[HEARTBEAT] Node: 1 | Tick: 93061 | Conf: 93058 | Hash: 0x80D2DCAD | Rollbacks: 57 (Resim:  59) | Stalls:  0
[HEARTBEAT] Node: 1 | Tick: 93121 | Conf: 93119 | Hash: 0xE660B4A2 | Rollbacks: 59 (Resim:  82) | Stalls:  0
[HEARTBEAT] Node: 1 | Tick: 93181 | Conf: 93179 | Hash: 0x1BDC02D6 | Rollbacks: 52 (Resim:  52) | Stalls:  0
[HEARTBEAT] Node: 1 | Tick: 93241 | Conf: 93238 | Hash: 0x9DC221D9 | Rollbacks: 59 (Resim:  75) | Stalls:  0
[HEARTBEAT] Node: 1 | Tick: 93301 | Conf: 93299 | Hash: 0xC52CBF80 | Rollbacks: 59 (Resim:  64) | Stalls:  0
[HEARTBEAT] Node: 1 | Tick: 93361 | Conf: 93359 | Hash: 0xEE702FCC | Rollbacks: 54 (Resim:  54) | Stalls:  0
[HEARTBEAT] Node: 1 | Tick: 93421 | Conf: 93419 | Hash: 0x1DF13B57 | Rollbacks: 50 (Resim:  72) | Stalls:  0
[HEARTBEAT] Node: 1 | Tick: 93481 | Conf: 93479 | Hash: 0x398F2F2F | Rollbacks: 59 (Resim:  62) | Stalls:  0
[BOT:50005] Heartbeat - Sparse Mods Tracked: 2048
[HEARTBEAT] Node: 1 | Tick: 93541 | Conf: 93539 | Hash: 0xD57A8175 | Rollbacks: 42 (Resim:  46) | Stalls:  0
[HEARTBEAT] Node: 1 | Tick: 93601 | Conf: 93599 | Hash: 0xBE620CD9 | Rollbacks: 54 (Resim:  54) | Stalls:  0
[HEARTBEAT] Node: 1 | Tick: 93661 | Conf: 93658 | Hash: 0x7FF2D18A | Rollbacks: 59 (Resim:  81) | Stalls:  0
[HEARTBEAT] Node: 1 | Tick: 93721 | Conf: 93719 | Hash: 0x93EDA67C | Rollbacks: 49 (Resim:  53) | Stalls:  0
[HEARTBEAT] Node: 1 | Tick: 93781 | Conf: 93779 | Hash: 0xEF7E28F6 | Rollbacks: 60 (Resim:  60) | Stalls:  0
[HEARTBEAT] Node: 1 | Tick: 93841 | Conf: 93839 | Hash: 0xB7231E0D | Rollbacks: 52 (Resim:  69) | Stalls:  0
[HEARTBEAT] Node: 1 | Tick: 93901 | Conf: 93898 | Hash: 0xEB8B76FB | Rollbacks: 53 (Resim:  55) | Stalls:  0
[HEARTBEAT] Node: 1 | Tick: 93961 | Conf: 93959 | Hash: 0xCC8EBA9D | Rollbacks: 52 (Resim:  77) | Stalls:  0
[HEARTBEAT] Node: 1 | Tick: 94021 | Conf: 94019 | Hash: 0xDE71073E | Rollbacks: 49 (Resim:  52) | Stalls:  0
[HEARTBEAT] Node: 1 | Tick: 94081 | Conf: 94079 | Hash: 0x180BCDFE | Rollbacks: 56 (Resim:  58) | Stalls:  0
[BOT:50005] Heartbeat - Sparse Mods Tracked: 2048
[HEARTBEAT] Node: 1 | Tick: 94141 | Conf: 94138 | Hash: 0x5D51B348 | Rollbacks: 58 (Resim:  60) | Stalls:  0
[HEARTBEAT] Node: 1 | Tick: 94201 | Conf: 94199 | Hash: 0x26DD6C7B | Rollbacks: 47 (Resim:  61) | Stalls:  0
[HEARTBEAT] Node: 1 | Tick: 94261 | Conf: 94259 | Hash: 0xC9363618 | Rollbacks: 56 (Resim:  56) | Stalls:  0
[HEARTBEAT] Node: 1 | Tick: 94321 | Conf: 94319 | Hash: 0x3972A42A | Rollbacks: 55 (Resim:  84) | Stalls:  0
[HEARTBEAT] Node: 1 | Tick: 94381 | Conf: 94379 | Hash: 0xF9074E97 | Rollbacks: 59 (Resim:  61) | Stalls:  0
[HEARTBEAT] Node: 1 | Tick: 94441 | Conf: 94439 | Hash: 0x2F3D08A7 | Rollbacks: 54 (Resim:  54) | Stalls:  0
[HEARTBEAT] Node: 1 | Tick: 94501 | Conf: 94499 | Hash: 0xDFB94583 | Rollbacks: 58 (Resim:  87) | Stalls:  0
[HEARTBEAT] Node: 1 | Tick: 94561 | Conf: 94559 | Hash: 0xA139300B | Rollbacks: 59 (Resim:  62) | Stalls:  0
[HEARTBEAT] Node: 1 | Tick: 94621 | Conf: 94619 | Hash: 0x2CA34580 | Rollbacks: 47 (Resim:  47) | Stalls:  0
[HEARTBEAT] Node: 1 | Tick: 94681 | Conf: 94679 | Hash: 0x94A8F116 | Rollbacks: 59 (Resim:  91) | Stalls:  0
[BOT:50005] Heartbeat - Sparse Mods Tracked: 2048
[HEARTBEAT] Node: 1 | Tick: 94741 | Conf: 94739 | Hash: 0x621DC1F9 | Rollbacks: 59 (Resim:  63) | Stalls:  0
[HEARTBEAT] Node: 1 | Tick: 94801 | Conf: 94799 | Hash: 0x56AA6019 | Rollbacks: 45 (Resim:  45) | Stalls:  0
[HEARTBEAT] Node: 1 | Tick: 94861 | Conf: 94859 | Hash: 0xFF90964E | Rollbacks: 48 (Resim:  48) | Stalls:  0
[HEARTBEAT] Node: 1 | Tick: 94921 | Conf: 94919 | Hash: 0x1F1CC76B | Rollbacks: 51 (Resim:  51) | Stalls:  0
[HEARTBEAT] Node: 1 | Tick: 94981 | Conf: 94979 | Hash: 0x8F591C89 | Rollbacks: 59 (Resim:  85) | Stalls:  0
[HEARTBEAT] Node: 1 | Tick: 95041 | Conf: 95039 | Hash: 0x9CC1169F | Rollbacks: 59 (Resim:  62) | Stalls:  0
[HEARTBEAT] Node: 1 | Tick: 95101 | Conf: 95099 | Hash: 0x793BEC8F | Rollbacks: 53 (Resim:  53) | Stalls:  0
[HEARTBEAT] Node: 1 | Tick: 95161 | Conf: 95158 | Hash: 0x99A61384 | Rollbacks: 59 (Resim:  63) | Stalls:  0
[HEARTBEAT] Node: 1 | Tick: 95221 | Conf: 95219 | Hash: 0x3243F6A2 | Rollbacks: 59 (Resim:  78) | Stalls:  0
[HEARTBEAT] Node: 1 | Tick: 95281 | Conf: 95279 | Hash: 0xB7D3D0A8 | Rollbacks: 59 (Resim:  71) | Stalls:  0
[BOT:50005] Heartbeat - Sparse Mods Tracked: 2048
[HEARTBEAT] Node: 1 | Tick: 95341 | Conf: 95339 | Hash: 0x9168C876 | Rollbacks: 59 (Resim:  61) | Stalls:  0
[HEARTBEAT] Node: 1 | Tick: 95401 | Conf: 95399 | Hash: 0xCEE98A87 | Rollbacks: 56 (Resim:  56) | Stalls:  0
[HEARTBEAT] Node: 1 | Tick: 95461 | Conf: 95459 | Hash: 0x3BFB768B | Rollbacks: 58 (Resim:  59) | Stalls:  0
[HEARTBEAT] Node: 1 | Tick: 95521 | Conf: 95519 | Hash: 0x7F151100 | Rollbacks: 59 (Resim:  73) | Stalls:  0
[HEARTBEAT] Node: 1 | Tick: 95581 | Conf: 95579 | Hash: 0xB0900B3F | Rollbacks: 44 (Resim:  44) | Stalls:  0
[HEARTBEAT] Node: 1 | Tick: 95641 | Conf: 95639 | Hash: 0x2EF17566 | Rollbacks: 49 (Resim:  49) | Stalls:  0
[HEARTBEAT] Node: 1 | Tick: 95701 | Conf: 95699 | Hash: 0xECCF4868 | Rollbacks: 57 (Resim:  84) | Stalls:  0
[HEARTBEAT] Node: 1 | Tick: 95761 | Conf: 95758 | Hash: 0xFE2B2CA3 | Rollbacks: 58 (Resim:  75) | Stalls:  0
[HEARTBEAT] Node: 1 | Tick: 95821 | Conf: 95819 | Hash: 0x3B76A15C | Rollbacks: 51 (Resim:  61) | Stalls:  0
[HEARTBEAT] Node: 1 | Tick: 95881 | Conf: 95879 | Hash: 0x89D6CC1D | Rollbacks: 57 (Resim:  57) | Stalls:  0
[BOT:50005] Heartbeat - Sparse Mods Tracked: 2048
[HEARTBEAT] Node: 1 | Tick: 95941 | Conf: 95939 | Hash: 0x5D17DDF9 | Rollbacks: 55 (Resim:  73) | Stalls:  0
[HEARTBEAT] Node: 1 | Tick: 96001 | Conf: 95999 | Hash: 0x2A06D4B7 | Rollbacks: 53 (Resim:  56) | Stalls:  0
[HEARTBEAT] Node: 1 | Tick: 96061 | Conf: 96059 | Hash: 0x1BA4A533 | Rollbacks: 49 (Resim:  49) | Stalls:  0
[HEARTBEAT] Node: 1 | Tick: 96121 | Conf: 96119 | Hash: 0x587CD819 | Rollbacks: 59 (Resim:  59) | Stalls:  0
[HEARTBEAT] Node: 1 | Tick: 96181 | Conf: 96179 | Hash: 0xD7C8E08C | Rollbacks: 49 (Resim:  65) | Stalls:  0
[HEARTBEAT] Node: 1 | Tick: 96241 | Conf: 96239 | Hash: 0x40040BAC | Rollbacks: 54 (Resim:  54) | Stalls:  0
[HEARTBEAT] Node: 1 | Tick: 96301 | Conf: 96299 | Hash: 0xDDAD5D9C | Rollbacks: 59 (Resim:  68) | Stalls:  0
[HEARTBEAT] Node: 1 | Tick: 96361 | Conf: 96359 | Hash: 0x3CAA46B5 | Rollbacks: 47 (Resim:  47) | Stalls:  0
[HEARTBEAT] Node: 1 | Tick: 96421 | Conf: 96419 | Hash: 0x956530ED | Rollbacks: 59 (Resim:  80) | Stalls:  0
[HEARTBEAT] Node: 1 | Tick: 96481 | Conf: 96479 | Hash: 0x46D857E8 | Rollbacks: 49 (Resim:  51) | Stalls:  0
[BOT:50005] Heartbeat - Sparse Mods Tracked: 2048
[HEARTBEAT] Node: 1 | Tick: 96541 | Conf: 96539 | Hash: 0xEE364B32 | Rollbacks: 52 (Resim:  52) | Stalls:  0
[HEARTBEAT] Node: 1 | Tick: 96601 | Conf: 96599 | Hash: 0xC56BBF55 | Rollbacks: 59 (Resim:  77) | Stalls:  0
[HEARTBEAT] Node: 1 | Tick: 96661 | Conf: 96659 | Hash: 0xF48843E0 | Rollbacks: 44 (Resim:  46) | Stalls:  0
[HEARTBEAT] Node: 1 | Tick: 96721 | Conf: 96719 | Hash: 0x0A7A7C17 | Rollbacks: 60 (Resim:  60) | Stalls:  0
[HEARTBEAT] Node: 1 | Tick: 96781 | Conf: 96779 | Hash: 0x3FF1054C | Rollbacks: 58 (Resim:  66) | Stalls:  0
[HEARTBEAT] Node: 1 | Tick: 96841 | Conf: 96839 | Hash: 0x38309AC4 | Rollbacks: 59 (Resim:  62) | Stalls:  0
[HEARTBEAT] Node: 1 | Tick: 96901 | Conf: 96899 | Hash: 0x1E4C8ABE | Rollbacks: 60 (Resim:  60) | Stalls:  0
[HEARTBEAT] Node: 1 | Tick: 96961 | Conf: 96959 | Hash: 0xE5EACA59 | Rollbacks: 54 (Resim:  70) | Stalls:  0
[HEARTBEAT] Node: 1 | Tick: 97021 | Conf: 97019 | Hash: 0x066EDDD9 | Rollbacks: 58 (Resim:  59) | Stalls:  0
[HEARTBEAT] Node: 1 | Tick: 97081 | Conf: 97079 | Hash: 0x8D08E2DD | Rollbacks: 59 (Resim:  60) | Stalls:  0
[BOT:50005] Heartbeat - Sparse Mods Tracked: 2048
[HEARTBEAT] Node: 1 | Tick: 97141 | Conf: 97139 | Hash: 0x49094C29 | Rollbacks: 49 (Resim:  60) | Stalls:  0
[HEARTBEAT] Node: 1 | Tick: 97201 | Conf: 97199 | Hash: 0x0DA35F8C | Rollbacks: 59 (Resim:  81) | Stalls:  0
[HEARTBEAT] Node: 1 | Tick: 97261 | Conf: 97259 | Hash: 0x2E0D6603 | Rollbacks: 45 (Resim:  45) | Stalls:  0
[HEARTBEAT] Node: 1 | Tick: 97321 | Conf: 97319 | Hash: 0x444A1BAA | Rollbacks: 58 (Resim:  75) | Stalls:  0
[HEARTBEAT] Node: 1 | Tick: 97381 | Conf: 97379 | Hash: 0xC0A48264 | Rollbacks: 59 (Resim:  63) | Stalls:  0
[HEARTBEAT] Node: 1 | Tick: 97441 | Conf: 97439 | Hash: 0x1447B153 | Rollbacks: 59 (Resim:  63) | Stalls:  0
[HEARTBEAT] Node: 1 | Tick: 97501 | Conf: 97499 | Hash: 0x384B03A2 | Rollbacks: 59 (Resim:  60) | Stalls:  0
[HEARTBEAT] Node: 1 | Tick: 97561 | Conf: 97559 | Hash: 0xB02C3C6F | Rollbacks: 51 (Resim:  70) | Stalls:  0
[HEARTBEAT] Node: 1 | Tick: 97621 | Conf: 97619 | Hash: 0x7BAE457C | Rollbacks: 55 (Resim:  57) | Stalls:  0
[HEARTBEAT] Node: 1 | Tick: 97681 | Conf: 97679 | Hash: 0xEA698CB5 | Rollbacks: 58 (Resim:  61) | Stalls:  0
[BOT:50005] Heartbeat - Sparse Mods Tracked: 2048
[HEARTBEAT] Node: 1 | Tick: 97741 | Conf: 97739 | Hash: 0x98E53548 | Rollbacks: 54 (Resim:  54) | Stalls:  0
[HEARTBEAT] Node: 1 | Tick: 97801 | Conf: 97799 | Hash: 0x11299299 | Rollbacks: 46 (Resim:  65) | Stalls:  0
[HEARTBEAT] Node: 1 | Tick: 97861 | Conf: 97858 | Hash: 0x84CC53A6 | Rollbacks: 55 (Resim:  72) | Stalls:  0
[HEARTBEAT] Node: 1 | Tick: 97921 | Conf: 97919 | Hash: 0x9CA16FA9 | Rollbacks: 42 (Resim:  50) | Stalls:  0
[HEARTBEAT] Node: 1 | Tick: 97981 | Conf: 97979 | Hash: 0x9836A80D | Rollbacks: 42 (Resim:  42) | Stalls:  0
[HEARTBEAT] Node: 1 | Tick: 98041 | Conf: 98039 | Hash: 0xCD0DFC4E | Rollbacks: 55 (Resim:  85) | Stalls:  0
[HEARTBEAT] Node: 1 | Tick: 98101 | Conf: 98099 | Hash: 0xE7883F5B | Rollbacks: 59 (Resim:  61) | Stalls:  0
[HEARTBEAT] Node: 1 | Tick: 98161 | Conf: 98159 | Hash: 0x1F9F7376 | Rollbacks: 58 (Resim:  62) | Stalls:  0
[HEARTBEAT] Node: 1 | Tick: 98221 | Conf: 98219 | Hash: 0xCE3A4F77 | Rollbacks: 59 (Resim:  74) | Stalls:  0
[HEARTBEAT] Node: 1 | Tick: 98281 | Conf: 98279 | Hash: 0xE52265D7 | Rollbacks: 59 (Resim:  61) | Stalls:  0
[BOT:50005] Heartbeat - Sparse Mods Tracked: 2048
[HEARTBEAT] Node: 1 | Tick: 98341 | Conf: 98338 | Hash: 0x54034BD6 | Rollbacks: 58 (Resim:  64) | Stalls:  0
[HEARTBEAT] Node: 1 | Tick: 98401 | Conf: 98399 | Hash: 0x5414115F | Rollbacks: 52 (Resim:  57) | Stalls:  0
[HEARTBEAT] Node: 1 | Tick: 98461 | Conf: 98458 | Hash: 0x701B5443 | Rollbacks: 59 (Resim:  77) | Stalls:  0
[HEARTBEAT] Node: 1 | Tick: 98521 | Conf: 98519 | Hash: 0x4DFCB76A | Rollbacks: 57 (Resim:  67) | Stalls:  0
[HEARTBEAT] Node: 1 | Tick: 98581 | Conf: 98579 | Hash: 0xEB5D21F2 | Rollbacks: 60 (Resim:  60) | Stalls:  0
[HEARTBEAT] Node: 1 | Tick: 98641 | Conf: 98639 | Hash: 0x4D10B6B5 | Rollbacks: 58 (Resim:  77) | Stalls:  0
[HEARTBEAT] Node: 1 | Tick: 98701 | Conf: 98699 | Hash: 0x45D4B3CF | Rollbacks: 45 (Resim:  47) | Stalls:  0
[HEARTBEAT] Node: 1 | Tick: 98761 | Conf: 98759 | Hash: 0x3E37E989 | Rollbacks: 58 (Resim:  58) | Stalls:  0
[HEARTBEAT] Node: 1 | Tick: 98821 | Conf: 98819 | Hash: 0xF51D2AA4 | Rollbacks: 53 (Resim:  71) | Stalls:  0
[BOT:50005] Heartbeat - Sparse Mods Tracked: 2048
[HEARTBEAT] Node: 1 | Tick: 98881 | Conf: 98879 | Hash: 0x6DF51AF3 | Rollbacks: 49 (Resim:  51) | Stalls:  0
[HEARTBEAT] Node: 1 | Tick: 98941 | Conf: 98939 | Hash: 0xFC8D8489 | Rollbacks: 59 (Resim:  81) | Stalls:  0
[HEARTBEAT] Node: 1 | Tick: 99001 | Conf: 98999 | Hash: 0xF6F126C6 | Rollbacks: 59 (Resim:  62) | Stalls:  0
[HEARTBEAT] Node: 1 | Tick: 99061 | Conf: 99059 | Hash: 0x4E6CC7B0 | Rollbacks: 59 (Resim:  66) | Stalls:  0
[HEARTBEAT] Node: 1 | Tick: 99121 | Conf: 99119 | Hash: 0x04151880 | Rollbacks: 49 (Resim:  49) | Stalls:  0
[HEARTBEAT] Node: 1 | Tick: 99181 | Conf: 99179 | Hash: 0x38562CEC | Rollbacks: 55 (Resim:  55) | Stalls:  0
[HEARTBEAT] Node: 1 | Tick: 99241 | Conf: 99239 | Hash: 0x17648C7D | Rollbacks: 58 (Resim:  79) | Stalls:  0
[HEARTBEAT] Node: 1 | Tick: 99301 | Conf: 99299 | Hash: 0x913DEBDF | Rollbacks: 48 (Resim:  51) | Stalls:  0
[HEARTBEAT] Node: 1 | Tick: 99361 | Conf: 99359 | Hash: 0x63E3D2FA | Rollbacks: 51 (Resim:  51) | Stalls:  0
[HEARTBEAT] Node: 1 | Tick: 99421 | Conf: 99419 | Hash: 0xF3EA75BA | Rollbacks: 57 (Resim:  57) | Stalls:  0
[BOT:50005] Heartbeat - Sparse Mods Tracked: 2048
[HEARTBEAT] Node: 1 | Tick: 99481 | Conf: 99479 | Hash: 0xB78F98B0 | Rollbacks: 53 (Resim:  67) | Stalls:  0
[HEARTBEAT] Node: 1 | Tick: 99541 | Conf: 99539 | Hash: 0xB668C49C | Rollbacks: 59 (Resim:  74) | Stalls:  0
[HEARTBEAT] Node: 1 | Tick: 99601 | Conf: 99599 | Hash: 0x9B39CC2D | Rollbacks: 43 (Resim:  43) | Stalls:  0
[HEARTBEAT] Node: 1 | Tick: 99661 | Conf: 99659 | Hash: 0xB4E2A3F3 | Rollbacks: 57 (Resim:  57) | Stalls:  0
[HEARTBEAT] Node: 1 | Tick: 99721 | Conf: 99719 | Hash: 0xC18F4FC2 | Rollbacks: 53 (Resim:  70) | Stalls:  0
[HEARTBEAT] Node: 1 | Tick: 99781 | Conf: 99779 | Hash: 0x7C0F9186 | Rollbacks: 52 (Resim:  54) | Stalls:  0
[HEARTBEAT] Node: 1 | Tick: 99841 | Conf: 99839 | Hash: 0xE6964AB4 | Rollbacks: 57 (Resim:  57) | Stalls:  0
[HEARTBEAT] Node: 1 | Tick: 99901 | Conf: 99899 | Hash: 0xFA160D09 | Rollbacks: 59 (Resim:  60) | Stalls:  0
[HEARTBEAT] Node: 1 | Tick: 99961 | Conf: 99959 | Hash: 0xC25894E7 | Rollbacks: 54 (Resim:  54) | Stalls:  0
[HEARTBEAT] Node: 1 | Tick: 100021 | Conf: 100019 | Hash: 0x623E1BB7 | Rollbacks: 49 (Resim:  68) | Stalls:  0
[BOT:50005] Heartbeat - Sparse Mods Tracked: 2048
[HEARTBEAT] Node: 1 | Tick: 100081 | Conf: 100079 | Hash: 0x48173377 | Rollbacks: 59 (Resim:  62) | Stalls:  0
[HEARTBEAT] Node: 1 | Tick: 100141 | Conf: 100138 | Hash: 0xD7EC9395 | Rollbacks: 53 (Resim:  54) | Stalls:  0
[HEARTBEAT] Node: 1 | Tick: 100201 | Conf: 100199 | Hash: 0x2B3425D3 | Rollbacks: 48 (Resim:  69) | Stalls:  0
[HEARTBEAT] Node: 1 | Tick: 100261 | Conf: 100259 | Hash: 0x3B97FAEF | Rollbacks: 59 (Resim:  61) | Stalls:  0
[HEARTBEAT] Node: 1 | Tick: 100321 | Conf: 100318 | Hash: 0xF8CDA839 | Rollbacks: 59 (Resim:  67) | Stalls:  0
[HEARTBEAT] Node: 1 | Tick: 100381 | Conf: 100379 | Hash: 0x3778EEBB | Rollbacks: 44 (Resim:  50) | Stalls:  0
[HEARTBEAT] Node: 1 | Tick: 100441 | Conf: 100439 | Hash: 0xE32B1431 | Rollbacks: 60 (Resim:  60) | Stalls:  0
[HEARTBEAT] Node: 1 | Tick: 100501 | Conf: 100499 | Hash: 0x723E99FF | Rollbacks: 59 (Resim:  73) | Stalls:  0
[HEARTBEAT] Node: 1 | Tick: 100561 | Conf: 100559 | Hash: 0x658685B6 | Rollbacks: 53 (Resim:  55) | Stalls:  0
[HEARTBEAT] Node: 1 | Tick: 100621 | Conf: 100619 | Hash: 0x0A443DBA | Rollbacks: 55 (Resim:  57) | Stalls:  0
[BOT:50005] Heartbeat - Sparse Mods Tracked: 2048
[HEARTBEAT] Node: 1 | Tick: 100681 | Conf: 100678 | Hash: 0x9F04F648 | Rollbacks: 59 (Resim:  68) | Stalls:  0
[HEARTBEAT] Node: 1 | Tick: 100741 | Conf: 100739 | Hash: 0x8A262584 | Rollbacks: 48 (Resim:  52) | Stalls:  0
[HEARTBEAT] Node: 1 | Tick: 100801 | Conf: 100798 | Hash: 0x11F7AF34 | Rollbacks: 59 (Resim:  72) | Stalls:  0
[HEARTBEAT] Node: 1 | Tick: 100861 | Conf: 100859 | Hash: 0xAD6F241E | Rollbacks: 46 (Resim:  56) | Stalls:  0
[HEARTBEAT] Node: 1 | Tick: 100921 | Conf: 100919 | Hash: 0x338AF040 | Rollbacks: 58 (Resim:  84) | Stalls:  0
[HEARTBEAT] Node: 1 | Tick: 100981 | Conf: 100979 | Hash: 0x57DFD42D | Rollbacks: 53 (Resim:  55) | Stalls:  0
[HEARTBEAT] Node: 1 | Tick: 101041 | Conf: 101039 | Hash: 0x233A6A3B | Rollbacks: 55 (Resim:  55) | Stalls:  0
[HEARTBEAT] Node: 1 | Tick: 101101 | Conf: 101099 | Hash: 0xD6FE2A58 | Rollbacks: 55 (Resim:  77) | Stalls:  0
[HEARTBEAT] Node: 1 | Tick: 101161 | Conf: 101159 | Hash: 0xB464D2A9 | Rollbacks: 52 (Resim:  54) | Stalls:  0
[HEARTBEAT] Node: 1 | Tick: 101221 | Conf: 101219 | Hash: 0x55791CA2 | Rollbacks: 57 (Resim:  57) | Stalls:  0
[BOT:50005] Heartbeat - Sparse Mods Tracked: 2048
[HEARTBEAT] Node: 1 | Tick: 101281 | Conf: 101279 | Hash: 0xAD436D0B | Rollbacks: 53 (Resim:  74) | Stalls:  0
[HEARTBEAT] Node: 1 | Tick: 101341 | Conf: 101339 | Hash: 0xC09E5D2D | Rollbacks: 48 (Resim:  50) | Stalls:  0
[HEARTBEAT] Node: 1 | Tick: 101401 | Conf: 101399 | Hash: 0x6D2A1C6B | Rollbacks: 59 (Resim:  59) | Stalls:  0
[HEARTBEAT] Node: 1 | Tick: 101461 | Conf: 101459 | Hash: 0xC4FB5A77 | Rollbacks: 56 (Resim:  70) | Stalls:  0
[HEARTBEAT] Node: 1 | Tick: 101521 | Conf: 101519 | Hash: 0x0B166D04 | Rollbacks: 48 (Resim:  48) | Stalls:  0
[HEARTBEAT] Node: 1 | Tick: 101581 | Conf: 101579 | Hash: 0x367BF35C | Rollbacks: 59 (Resim:  60) | Stalls:  0
[HEARTBEAT] Node: 1 | Tick: 101641 | Conf: 101639 | Hash: 0x23CE631A | Rollbacks: 50 (Resim:  70) | Stalls:  0
[HEARTBEAT] Node: 1 | Tick: 101701 | Conf: 101699 | Hash: 0x86E5FC0A | Rollbacks: 53 (Resim:  57) | Stalls:  0
[HEARTBEAT] Node: 1 | Tick: 101761 | Conf: 101758 | Hash: 0xDE11281E | Rollbacks: 59 (Resim:  67) | Stalls:  0
[HEARTBEAT] Node: 1 | Tick: 101821 | Conf: 101818 | Hash: 0x9971BB3E | Rollbacks: 48 (Resim:  62) | Stalls:  0
[BOT:50005] Heartbeat - Sparse Mods Tracked: 2048
[HEARTBEAT] Node: 1 | Tick: 101881 | Conf: 101879 | Hash: 0x16BA6953 | Rollbacks: 53 (Resim:  60) | Stalls:  0
[HEARTBEAT] Node: 1 | Tick: 101941 | Conf: 101939 | Hash: 0xBC7CA99B | Rollbacks: 51 (Resim:  51) | Stalls:  0
[HEARTBEAT] Node: 1 | Tick: 102001 | Conf: 101998 | Hash: 0x6E21CE84 | Rollbacks: 59 (Resim:  82) | Stalls:  0
[HEARTBEAT] Node: 1 | Tick: 102061 | Conf: 102059 | Hash: 0x4AA0162E | Rollbacks: 54 (Resim:  61) | Stalls:  0
[HEARTBEAT] Node: 1 | Tick: 102121 | Conf: 102119 | Hash: 0x76D5EFDF | Rollbacks: 51 (Resim:  51) | Stalls:  0
[HEARTBEAT] Node: 1 | Tick: 102181 | Conf: 102179 | Hash: 0xA144E4B1 | Rollbacks: 59 (Resim:  81) | Stalls:  0
[HEARTBEAT] Node: 1 | Tick: 102241 | Conf: 102239 | Hash: 0xE2CF2CAE | Rollbacks: 59 (Resim:  61) | Stalls:  0
[HEARTBEAT] Node: 1 | Tick: 102301 | Conf: 102298 | Hash: 0xE8EACCB6 | Rollbacks: 58 (Resim:  61) | Stalls:  0
[HEARTBEAT] Node: 1 | Tick: 102361 | Conf: 102358 | Hash: 0x1C741244 | Rollbacks: 52 (Resim:  68) | Stalls:  0
[HEARTBEAT] Node: 1 | Tick: 102421 | Conf: 102419 | Hash: 0x5CCA9B60 | Rollbacks: 52 (Resim:  55) | Stalls:  0
[BOT:50005] Heartbeat - Sparse Mods Tracked: 2048
[HEARTBEAT] Node: 1 | Tick: 102481 | Conf: 102478 | Hash: 0x6B1EBA7A | Rollbacks: 59 (Resim:  73) | Stalls:  0
[HEARTBEAT] Node: 1 | Tick: 102541 | Conf: 102539 | Hash: 0x26CDE6B6 | Rollbacks: 52 (Resim:  66) | Stalls:  0
[HEARTBEAT] Node: 1 | Tick: 102601 | Conf: 102599 | Hash: 0x883CBDAD | Rollbacks: 60 (Resim:  60) | Stalls:  0
[HEARTBEAT] Node: 1 | Tick: 102661 | Conf: 102658 | Hash: 0x03D5F0FD | Rollbacks: 59 (Resim:  73) | Stalls:  0
[HEARTBEAT] Node: 1 | Tick: 102721 | Conf: 102719 | Hash: 0x2939186E | Rollbacks: 56 (Resim:  61) | Stalls:  0
[HEARTBEAT] Node: 1 | Tick: 102781 | Conf: 102779 | Hash: 0xAC6F7330 | Rollbacks: 57 (Resim:  57) | Stalls:  0
[HEARTBEAT] Node: 1 | Tick: 102841 | Conf: 102839 | Hash: 0xE209B2D1 | Rollbacks: 59 (Resim:  78) | Stalls:  0
[HEARTBEAT] Node: 1 | Tick: 102901 | Conf: 102899 | Hash: 0x830F2F83 | Rollbacks: 46 (Resim:  50) | Stalls:  0
[HEARTBEAT] Node: 1 | Tick: 102961 | Conf: 102959 | Hash: 0x0AA790D1 | Rollbacks: 47 (Resim:  50) | Stalls:  0
[HEARTBEAT] Node: 1 | Tick: 103021 | Conf: 103019 | Hash: 0xFDEF07E2 | Rollbacks: 58 (Resim:  58) | Stalls:  0
[BOT:50005] Heartbeat - Sparse Mods Tracked: 2048
[HEARTBEAT] Node: 1 | Tick: 103081 | Conf: 103079 | Hash: 0x6900F553 | Rollbacks: 59 (Resim:  77) | Stalls:  0
[HEARTBEAT] Node: 1 | Tick: 103141 | Conf: 103138 | Hash: 0x38B42E72 | Rollbacks: 54 (Resim:  57) | Stalls:  0
[HEARTBEAT] Node: 1 | Tick: 103201 | Conf: 103198 | Hash: 0xFFE89A47 | Rollbacks: 54 (Resim:  73) | Stalls:  0
[HEARTBEAT] Node: 1 | Tick: 103261 | Conf: 103259 | Hash: 0xA45A8D26 | Rollbacks: 45 (Resim:  48) | Stalls:  0
[HEARTBEAT] Node: 1 | Tick: 103321 | Conf: 103319 | Hash: 0xEE43ADFB | Rollbacks: 53 (Resim:  55) | Stalls:  0
[HEARTBEAT] Node: 1 | Tick: 103381 | Conf: 103378 | Hash: 0xEA2E7317 | Rollbacks: 59 (Resim:  69) | Stalls:  0
[HEARTBEAT] Node: 1 | Tick: 103441 | Conf: 103439 | Hash: 0x483A093D | Rollbacks: 47 (Resim:  61) | Stalls:  0
[HEARTBEAT] Node: 1 | Tick: 103501 | Conf: 103499 | Hash: 0xA68ED25B | Rollbacks: 58 (Resim:  58) | Stalls:  0
[HEARTBEAT] Node: 1 | Tick: 103561 | Conf: 103559 | Hash: 0xC15C0FA6 | Rollbacks: 58 (Resim:  62) | Stalls:  0
[HEARTBEAT] Node: 1 | Tick: 103621 | Conf: 103619 | Hash: 0x0E213AFE | Rollbacks: 57 (Resim:  57) | Stalls:  0
[BOT:50005] Heartbeat - Sparse Mods Tracked: 2048
[HEARTBEAT] Node: 1 | Tick: 103681 | Conf: 103679 | Hash: 0xFD7BDE97 | Rollbacks: 53 (Resim:  80) | Stalls:  0
[HEARTBEAT] Node: 1 | Tick: 103741 | Conf: 103739 | Hash: 0x90A896B2 | Rollbacks: 59 (Resim:  63) | Stalls:  0
[HEARTBEAT] Node: 1 | Tick: 103801 | Conf: 103799 | Hash: 0x7B90F802 | Rollbacks: 46 (Resim:  50) | Stalls:  0
[HEARTBEAT] Node: 1 | Tick: 103861 | Conf: 103859 | Hash: 0x3C6D0E1E | Rollbacks: 42 (Resim:  42) | Stalls:  0
[HEARTBEAT] Node: 1 | Tick: 103921 | Conf: 103919 | Hash: 0x7EC4B39B | Rollbacks: 50 (Resim:  50) | Stalls:  0
[HEARTBEAT] Node: 1 | Tick: 103981 | Conf: 103979 | Hash: 0x601281FB | Rollbacks: 54 (Resim:  82) | Stalls:  0
[HEARTBEAT] Node: 1 | Tick: 104041 | Conf: 104039 | Hash: 0x8D19FA56 | Rollbacks: 59 (Resim:  61) | Stalls:  0
[HEARTBEAT] Node: 1 | Tick: 104101 | Conf: 104099 | Hash: 0x31F71D33 | Rollbacks: 54 (Resim:  54) | Stalls:  0
[HEARTBEAT] Node: 1 | Tick: 104161 | Conf: 104159 | Hash: 0xA1F4EB51 | Rollbacks: 51 (Resim:  75) | Stalls:  0
[BOT:50005] Heartbeat - Sparse Mods Tracked: 2048
[HEARTBEAT] Node: 1 | Tick: 104221 | Conf: 104219 | Hash: 0xFAAEFFDC | Rollbacks: 51 (Resim:  53) | Stalls:  0
[HEARTBEAT] Node: 1 | Tick: 104281 | Conf: 104278 | Hash: 0x06E50623 | Rollbacks: 54 (Resim:  54) | Stalls:  0
[HEARTBEAT] Node: 1 | Tick: 104341 | Conf: 104338 | Hash: 0xBD7200A1 | Rollbacks: 59 (Resim:  76) | Stalls:  0
[HEARTBEAT] Node: 1 | Tick: 104401 | Conf: 104399 | Hash: 0x6C997CB8 | Rollbacks: 46 (Resim:  54) | Stalls:  0
[HEARTBEAT] Node: 1 | Tick: 104461 | Conf: 104459 | Hash: 0xA2352C6E | Rollbacks: 60 (Resim:  60) | Stalls:  0
[HEARTBEAT] Node: 1 | Tick: 104521 | Conf: 104518 | Hash: 0x6DA8E625 | Rollbacks: 59 (Resim:  71) | Stalls:  0
[HEARTBEAT] Node: 1 | Tick: 104581 | Conf: 104579 | Hash: 0x2F8C892A | Rollbacks: 45 (Resim:  52) | Stalls:  0
[HEARTBEAT] Node: 1 | Tick: 104641 | Conf: 104639 | Hash: 0x073D608A | Rollbacks: 60 (Resim:  60) | Stalls:  0
[HEARTBEAT] Node: 1 | Tick: 104701 | Conf: 104699 | Hash: 0x2ED3F0B5 | Rollbacks: 59 (Resim:  71) | Stalls:  0
[HEARTBEAT] Node: 1 | Tick: 104761 | Conf: 104759 | Hash: 0x8950BAAC | Rollbacks: 53 (Resim:  53) | Stalls:  0
[BOT:50005] Heartbeat - Sparse Mods Tracked: 2048
[HEARTBEAT] Node: 1 | Tick: 104821 | Conf: 104819 | Hash: 0xCE95CC6B | Rollbacks: 48 (Resim:  50) | Stalls:  0
[HEARTBEAT] Node: 1 | Tick: 104881 | Conf: 104879 | Hash: 0x93B819C8 | Rollbacks: 59 (Resim:  67) | Stalls:  0
[HEARTBEAT] Node: 1 | Tick: 104941 | Conf: 104939 | Hash: 0x6D812AD6 | Rollbacks: 59 (Resim:  68) | Stalls:  0
[HEARTBEAT] Node: 1 | Tick: 105001 | Conf: 104999 | Hash: 0x650F136C | Rollbacks: 40 (Resim:  42) | Stalls:  0
[HEARTBEAT] Node: 1 | Tick: 105061 | Conf: 105059 | Hash: 0x0CECE3A1 | Rollbacks: 50 (Resim:  50) | Stalls:  0
[HEARTBEAT] Node: 1 | Tick: 105121 | Conf: 105118 | Hash: 0x8F249F21 | Rollbacks: 59 (Resim:  62) | Stalls:  0
[HEARTBEAT] Node: 1 | Tick: 105181 | Conf: 105179 | Hash: 0x1FA13099 | Rollbacks: 57 (Resim:  85) | Stalls:  0
[HEARTBEAT] Node: 1 | Tick: 105241 | Conf: 105239 | Hash: 0xAC797E6B | Rollbacks: 50 (Resim:  53) | Stalls:  0
[HEARTBEAT] Node: 1 | Tick: 105301 | Conf: 105299 | Hash: 0x95D715F2 | Rollbacks: 55 (Resim:  57) | Stalls:  0
[HEARTBEAT] Node: 1 | Tick: 105361 | Conf: 105359 | Hash: 0x1EA01265 | Rollbacks: 46 (Resim:  49) | Stalls:  0
[BOT:50005] Heartbeat - Sparse Mods Tracked: 2048
[HEARTBEAT] Node: 1 | Tick: 105421 | Conf: 105419 | Hash: 0x23C4E973 | Rollbacks: 45 (Resim:  45) | Stalls:  0
[HEARTBEAT] Node: 1 | Tick: 105481 | Conf: 105479 | Hash: 0xC4EDC800 | Rollbacks: 60 (Resim:  60) | Stalls:  0
[HEARTBEAT] Node: 1 | Tick: 105541 | Conf: 105539 | Hash: 0x8FC1A85D | Rollbacks: 59 (Resim:  75) | Stalls:  0
[HEARTBEAT] Node: 1 | Tick: 105601 | Conf: 105599 | Hash: 0xFE9F411A | Rollbacks: 44 (Resim:  47) | Stalls:  0
[HEARTBEAT] Node: 1 | Tick: 105661 | Conf: 105659 | Hash: 0xCD9E2FC7 | Rollbacks: 43 (Resim:  43) | Stalls:  0
[HEARTBEAT] Node: 1 | Tick: 105721 | Conf: 105719 | Hash: 0x7ED04E6C | Rollbacks: 47 (Resim:  47) | Stalls:  0
[HEARTBEAT] Node: 1 | Tick: 105781 | Conf: 105779 | Hash: 0x7EA3E318 | Rollbacks: 59 (Resim:  60) | Stalls:  0
[HEARTBEAT] Node: 1 | Tick: 105841 | Conf: 105839 | Hash: 0x9812C90C | Rollbacks: 48 (Resim:  72) | Stalls:  0
[HEARTBEAT] Node: 1 | Tick: 105901 | Conf: 105899 | Hash: 0x3547F2EC | Rollbacks: 58 (Resim:  60) | Stalls:  0
[HEARTBEAT] Node: 1 | Tick: 105961 | Conf: 105959 | Hash: 0xE1B3AF06 | Rollbacks: 45 (Resim:  45) | Stalls:  0
[BOT:50005] Heartbeat - Sparse Mods Tracked: 2048
[HEARTBEAT] Node: 1 | Tick: 106021 | Conf: 106018 | Hash: 0xB2EB7020 | Rollbacks: 59 (Resim:  60) | Stalls:  0
[HEARTBEAT] Node: 1 | Tick: 106081 | Conf: 106079 | Hash: 0xE33970CC | Rollbacks: 59 (Resim:  71) | Stalls:  0
[HEARTBEAT] Node: 1 | Tick: 106141 | Conf: 106139 | Hash: 0xF63455D0 | Rollbacks: 56 (Resim:  69) | Stalls:  0
[HEARTBEAT] Node: 1 | Tick: 106201 | Conf: 106199 | Hash: 0x98B36598 | Rollbacks: 48 (Resim:  48) | Stalls:  0
[HEARTBEAT] Node: 1 | Tick: 106261 | Conf: 106259 | Hash: 0x88C5D3EC | Rollbacks: 55 (Resim:  55) | Stalls:  0
[HEARTBEAT] Node: 1 | Tick: 106321 | Conf: 106319 | Hash: 0x9AF3C393 | Rollbacks: 53 (Resim:  79) | Stalls:  0
[HEARTBEAT] Node: 1 | Tick: 106381 | Conf: 106379 | Hash: 0x31ED1E9F | Rollbacks: 59 (Resim:  61) | Stalls:  0
[HEARTBEAT] Node: 1 | Tick: 106441 | Conf: 106439 | Hash: 0xF08CC9FB | Rollbacks: 51 (Resim:  51) | Stalls:  0
[HEARTBEAT] Node: 1 | Tick: 106501 | Conf: 106499 | Hash: 0xB820D7DE | Rollbacks: 59 (Resim:  85) | Stalls:  0
[HEARTBEAT] Node: 1 | Tick: 106561 | Conf: 106559 | Hash: 0x2DDF035B | Rollbacks: 46 (Resim:  49) | Stalls:  0
[BOT:50005] Heartbeat - Sparse Mods Tracked: 2048
[HEARTBEAT] Node: 1 | Tick: 106621 | Conf: 106619 | Hash: 0x3EF1C76E | Rollbacks: 44 (Resim:  49) | Stalls:  0
[HEARTBEAT] Node: 1 | Tick: 106681 | Conf: 106679 | Hash: 0xFB371CFF | Rollbacks: 52 (Resim:  52) | Stalls:  0
[HEARTBEAT] Node: 1 | Tick: 106741 | Conf: 106739 | Hash: 0x46F11925 | Rollbacks: 59 (Resim:  62) | Stalls:  0
[HEARTBEAT] Node: 1 | Tick: 106801 | Conf: 106799 | Hash: 0xB568BAB4 | Rollbacks: 59 (Resim:  75) | Stalls:  0
[HEARTBEAT] Node: 1 | Tick: 106861 | Conf: 106859 | Hash: 0x7586CC20 | Rollbacks: 52 (Resim:  55) | Stalls:  0
[HEARTBEAT] Node: 1 | Tick: 106921 | Conf: 106919 | Hash: 0xCE95A2A0 | Rollbacks: 45 (Resim:  45) | Stalls:  0
[HEARTBEAT] Node: 1 | Tick: 106981 | Conf: 106979 | Hash: 0x44CAEAB3 | Rollbacks: 58 (Resim:  63) | Stalls:  0
[HEARTBEAT] Node: 1 | Tick: 107041 | Conf: 107039 | Hash: 0x248ABD60 | Rollbacks: 52 (Resim:  66) | Stalls:  0
[HEARTBEAT] Node: 1 | Tick: 107101 | Conf: 107099 | Hash: 0xC5F5CC79 | Rollbacks: 59 (Resim:  63) | Stalls:  0
[HEARTBEAT] Node: 1 | Tick: 107161 | Conf: 107159 | Hash: 0xCB7C9F77 | Rollbacks: 47 (Resim:  47) | Stalls:  0
[BOT:50005] Heartbeat - Sparse Mods Tracked: 2048
[HEARTBEAT] Node: 1 | Tick: 107221 | Conf: 107219 | Hash: 0xDB30ACF0 | Rollbacks: 58 (Resim:  58) | Stalls:  0
[HEARTBEAT] Node: 1 | Tick: 107281 | Conf: 107279 | Hash: 0x2BD83976 | Rollbacks: 48 (Resim:  74) | Stalls:  0
[HEARTBEAT] Node: 1 | Tick: 107341 | Conf: 107339 | Hash: 0x8EADEFDD | Rollbacks: 48 (Resim:  51) | Stalls:  0
[HEARTBEAT] Node: 1 | Tick: 107401 | Conf: 107399 | Hash: 0x5AC7CA18 | Rollbacks: 44 (Resim:  49) | Stalls:  0
[HEARTBEAT] Node: 1 | Tick: 107461 | Conf: 107459 | Hash: 0x427136C8 | Rollbacks: 53 (Resim:  53) | Stalls:  0
[HEARTBEAT] Node: 1 | Tick: 107521 | Conf: 107518 | Hash: 0x207EBEA6 | Rollbacks: 59 (Resim:  66) | Stalls:  0
[HEARTBEAT] Node: 1 | Tick: 107581 | Conf: 107579 | Hash: 0xDD4F66AE | Rollbacks: 49 (Resim:  59) | Stalls:  0
[HEARTBEAT] Node: 1 | Tick: 107641 | Conf: 107639 | Hash: 0xF50D123D | Rollbacks: 58 (Resim:  58) | Stalls:  0
[HEARTBEAT] Node: 1 | Tick: 107701 | Conf: 107698 | Hash: 0x227506D0 | Rollbacks: 59 (Resim:  75) | Stalls:  0
[HEARTBEAT] Node: 1 | Tick: 107761 | Conf: 107759 | Hash: 0xF688D7EE | Rollbacks: 55 (Resim:  64) | Stalls:  0
[BOT:50005] Heartbeat - Sparse Mods Tracked: 2048
[HEARTBEAT] Node: 1 | Tick: 107821 | Conf: 107819 | Hash: 0xEA4C55B1 | Rollbacks: 52 (Resim:  52) | Stalls:  0
[HEARTBEAT] Node: 1 | Tick: 107881 | Conf: 107879 | Hash: 0xFCA6E8F0 | Rollbacks: 59 (Resim:  74) | Stalls:  0
[HEARTBEAT] Node: 1 | Tick: 107941 | Conf: 107938 | Hash: 0x3161EA93 | Rollbacks: 58 (Resim:  69) | Stalls:  0
[HEARTBEAT] Node: 1 | Tick: 108001 | Conf: 107999 | Hash: 0xBBB4BA7D | Rollbacks: 55 (Resim:  72) | Stalls:  0
[HEARTBEAT] Node: 1 | Tick: 108061 | Conf: 108059 | Hash: 0xCA629B13 | Rollbacks: 43 (Resim:  43) | Stalls:  0
[HEARTBEAT] Node: 1 | Tick: 108121 | Conf: 108119 | Hash: 0xB1932204 | Rollbacks: 46 (Resim:  49) | Stalls:  0
[HEARTBEAT] Node: 1 | Tick: 108181 | Conf: 108179 | Hash: 0x82C83AC8 | Rollbacks: 44 (Resim:  46) | Stalls:  0
[HEARTBEAT] Node: 1 | Tick: 108241 | Conf: 108239 | Hash: 0x04377136 | Rollbacks: 48 (Resim:  50) | Stalls:  0
[HEARTBEAT] Node: 1 | Tick: 108301 | Conf: 108299 | Hash: 0x44657DC0 | Rollbacks: 58 (Resim:  62) | Stalls:  0
[HEARTBEAT] Node: 1 | Tick: 108361 | Conf: 108359 | Hash: 0x9C77F98A | Rollbacks: 50 (Resim:  61) | Stalls:  0
[BOT:50005] Heartbeat - Sparse Mods Tracked: 2048
[HEARTBEAT] Node: 1 | Tick: 108421 | Conf: 108419 | Hash: 0xFA8DE303 | Rollbacks: 50 (Resim:  52) | Stalls:  0
[HEARTBEAT] Node: 1 | Tick: 108481 | Conf: 108478 | Hash: 0xCABD893A | Rollbacks: 59 (Resim:  59) | Stalls:  0
[HEARTBEAT] Node: 1 | Tick: 108541 | Conf: 108539 | Hash: 0xA08411D5 | Rollbacks: 50 (Resim:  71) | Stalls:  0
[HEARTBEAT] Node: 1 | Tick: 108601 | Conf: 108599 | Hash: 0xBD26930F | Rollbacks: 58 (Resim:  81) | Stalls:  0
[HEARTBEAT] Node: 1 | Tick: 108661 | Conf: 108659 | Hash: 0xFACEAE9B | Rollbacks: 47 (Resim:  47) | Stalls:  0
[HEARTBEAT] Node: 1 | Tick: 108721 | Conf: 108719 | Hash: 0x500A50DC | Rollbacks: 59 (Resim:  76) | Stalls:  0
[HEARTBEAT] Node: 1 | Tick: 108781 | Conf: 108779 | Hash: 0xBD316647 | Rollbacks: 59 (Resim:  61) | Stalls:  0
[HEARTBEAT] Node: 1 | Tick: 108841 | Conf: 108839 | Hash: 0xFB73BECA | Rollbacks: 56 (Resim:  56) | Stalls:  0
[HEARTBEAT] Node: 1 | Tick: 108901 | Conf: 108899 | Hash: 0x86CE9BC1 | Rollbacks: 55 (Resim:  74) | Stalls:  0
[BOT:50005] Heartbeat - Sparse Mods Tracked: 2048
[HEARTBEAT] Node: 1 | Tick: 108961 | Conf: 108959 | Hash: 0xD381F8A5 | Rollbacks: 49 (Resim:  52) | Stalls:  0
[HEARTBEAT] Node: 1 | Tick: 109021 | Conf: 109019 | Hash: 0x8BB48E7D | Rollbacks: 60 (Resim:  60) | Stalls:  0
[HEARTBEAT] Node: 1 | Tick: 109081 | Conf: 109079 | Hash: 0xAEBEFEBD | Rollbacks: 56 (Resim:  68) | Stalls:  0
[HEARTBEAT] Node: 1 | Tick: 109141 | Conf: 109139 | Hash: 0x2C96BA7B | Rollbacks: 47 (Resim:  47) | Stalls:  0
[HEARTBEAT] Node: 1 | Tick: 109201 | Conf: 109199 | Hash: 0xAADA8A5F | Rollbacks: 59 (Resim:  92) | Stalls:  0
[HEARTBEAT] Node: 1 | Tick: 109261 | Conf: 109259 | Hash: 0xDD23B7C4 | Rollbacks: 59 (Resim:  61) | Stalls:  0
[HEARTBEAT] Node: 1 | Tick: 109321 | Conf: 109319 | Hash: 0x1BB6E202 | Rollbacks: 52 (Resim:  52) | Stalls:  0
[HEARTBEAT] Node: 1 | Tick: 109381 | Conf: 109379 | Hash: 0x9B8EEC6C | Rollbacks: 54 (Resim:  60) | Stalls:  0
[HEARTBEAT] Node: 1 | Tick: 109441 | Conf: 109439 | Hash: 0xF33C0A8B | Rollbacks: 54 (Resim:  54) | Stalls:  0
[HEARTBEAT] Node: 1 | Tick: 109501 | Conf: 109499 | Hash: 0x20581F41 | Rollbacks: 51 (Resim:  80) | Stalls:  0
[BOT:50005] Heartbeat - Sparse Mods Tracked: 2048
[HEARTBEAT] Node: 1 | Tick: 109561 | Conf: 109559 | Hash: 0xA6E4FDCB | Rollbacks: 59 (Resim:  62) | Stalls:  0
[HEARTBEAT] Node: 1 | Tick: 109621 | Conf: 109619 | Hash: 0x4F30C526 | Rollbacks: 59 (Resim:  60) | Stalls:  0
[HEARTBEAT] Node: 1 | Tick: 109681 | Conf: 109679 | Hash: 0xD27B215C | Rollbacks: 58 (Resim:  60) | Stalls:  0
[HEARTBEAT] Node: 1 | Tick: 109741 | Conf: 109739 | Hash: 0x9AF396BE | Rollbacks: 54 (Resim:  77) | Stalls:  0
[HEARTBEAT] Node: 1 | Tick: 109801 | Conf: 109798 | Hash: 0x34B42974 | Rollbacks: 58 (Resim:  61) | Stalls:  0
[HEARTBEAT] Node: 1 | Tick: 109861 | Conf: 109858 | Hash: 0x2885225F | Rollbacks: 59 (Resim:  70) | Stalls:  0
[HEARTBEAT] Node: 1 | Tick: 109921 | Conf: 109919 | Hash: 0xE2973936 | Rollbacks: 51 (Resim:  56) | Stalls:  0
[HEARTBEAT] Node: 1 | Tick: 109981 | Conf: 109979 | Hash: 0x24542D6B | Rollbacks: 59 (Resim:  85) | Stalls:  0
[HEARTBEAT] Node: 1 | Tick: 110041 | Conf: 110039 | Hash: 0x9495042D | Rollbacks: 52 (Resim:  52) | Stalls:  0
[HEARTBEAT] Node: 1 | Tick: 110101 | Conf: 110098 | Hash: 0x18D74203 | Rollbacks: 46 (Resim:  67) | Stalls:  0
[BOT:50005] Heartbeat - Sparse Mods Tracked: 2048
[HEARTBEAT] Node: 1 | Tick: 110161 | Conf: 110158 | Hash: 0x9ED1E891 | Rollbacks: 59 (Resim:  74) | Stalls:  0
[HEARTBEAT] Node: 1 | Tick: 110221 | Conf: 110219 | Hash: 0x578D6D1A | Rollbacks: 50 (Resim:  62) | Stalls:  0
[HEARTBEAT] Node: 1 | Tick: 110281 | Conf: 110279 | Hash: 0x2C851457 | Rollbacks: 59 (Resim:  69) | Stalls:  0
[HEARTBEAT] Node: 1 | Tick: 110341 | Conf: 110339 | Hash: 0xE28CBFDF | Rollbacks: 59 (Resim:  62) | Stalls:  0
[HEARTBEAT] Node: 1 | Tick: 110401 | Conf: 110399 | Hash: 0xF1A3E5B2 | Rollbacks: 50 (Resim:  50) | Stalls:  0
[HEARTBEAT] Node: 1 | Tick: 110461 | Conf: 110459 | Hash: 0x8E49F675 | Rollbacks: 56 (Resim:  82) | Stalls:  0
[HEARTBEAT] Node: 1 | Tick: 110521 | Conf: 110519 | Hash: 0xA8647C99 | Rollbacks: 56 (Resim:  59) | Stalls:  0
[HEARTBEAT] Node: 1 | Tick: 110581 | Conf: 110579 | Hash: 0x64E100D3 | Rollbacks: 59 (Resim:  67) | Stalls:  0
[HEARTBEAT] Node: 1 | Tick: 110641 | Conf: 110639 | Hash: 0xAC716B32 | Rollbacks: 60 (Resim:  60) | Stalls:  0
[HEARTBEAT] Node: 1 | Tick: 110701 | Conf: 110699 | Hash: 0x2DF62743 | Rollbacks: 46 (Resim:  61) | Stalls:  0
[BOT:50005] Heartbeat - Sparse Mods Tracked: 2048
[HEARTBEAT] Node: 1 | Tick: 110761 | Conf: 110759 | Hash: 0xA86999EF | Rollbacks: 53 (Resim:  56) | Stalls:  0
[HEARTBEAT] Node: 1 | Tick: 110821 | Conf: 110819 | Hash: 0x0BEEBA30 | Rollbacks: 59 (Resim:  69) | Stalls:  0
[HEARTBEAT] Node: 1 | Tick: 110881 | Conf: 110879 | Hash: 0x78E883AB | Rollbacks: 53 (Resim:  54) | Stalls:  0
[HEARTBEAT] Node: 1 | Tick: 110941 | Conf: 110939 | Hash: 0x094FC365 | Rollbacks: 59 (Resim:  74) | Stalls:  0
[HEARTBEAT] Node: 1 | Tick: 111001 | Conf: 110999 | Hash: 0x3719A098 | Rollbacks: 44 (Resim:  47) | Stalls:  0
[HEARTBEAT] Node: 1 | Tick: 111061 | Conf: 111059 | Hash: 0x415B9035 | Rollbacks: 59 (Resim:  60) | Stalls:  0
[HEARTBEAT] Node: 1 | Tick: 111121 | Conf: 111119 | Hash: 0xDF0486EC | Rollbacks: 59 (Resim:  79) | Stalls:  0
[HEARTBEAT] Node: 1 | Tick: 111181 | Conf: 111178 | Hash: 0x57E64F4C | Rollbacks: 47 (Resim:  52) | Stalls:  0
[HEARTBEAT] Node: 1 | Tick: 111241 | Conf: 111239 | Hash: 0xA3BB2499 | Rollbacks: 59 (Resim:  69) | Stalls:  0
[HEARTBEAT] Node: 1 | Tick: 111301 | Conf: 111299 | Hash: 0x8C0B0DB3 | Rollbacks: 53 (Resim:  53) | Stalls:  0
[BOT:50005] Heartbeat - Sparse Mods Tracked: 2048
[HEARTBEAT] Node: 1 | Tick: 111361 | Conf: 111359 | Hash: 0xAC4F8CE8 | Rollbacks: 59 (Resim:  73) | Stalls:  0
[HEARTBEAT] Node: 1 | Tick: 111421 | Conf: 111419 | Hash: 0xDD678796 | Rollbacks: 45 (Resim:  48) | Stalls:  0
[HEARTBEAT] Node: 1 | Tick: 111481 | Conf: 111479 | Hash: 0xADE2FB7C | Rollbacks: 47 (Resim:  51) | Stalls:  0
[HEARTBEAT] Node: 1 | Tick: 111541 | Conf: 111539 | Hash: 0x09A2BD83 | Rollbacks: 58 (Resim:  58) | Stalls:  0
[HEARTBEAT] Node: 1 | Tick: 111601 | Conf: 111598 | Hash: 0xD262677B | Rollbacks: 59 (Resim:  80) | Stalls:  0
[HEARTBEAT] Node: 1 | Tick: 111661 | Conf: 111659 | Hash: 0xE2BA9180 | Rollbacks: 42 (Resim:  45) | Stalls:  0
[HEARTBEAT] Node: 1 | Tick: 111721 | Conf: 111719 | Hash: 0x78048C93 | Rollbacks: 44 (Resim:  44) | Stalls:  0
[HEARTBEAT] Node: 1 | Tick: 111781 | Conf: 111779 | Hash: 0xF3B1F89C | Rollbacks: 43 (Resim:  43) | Stalls:  0
[HEARTBEAT] Node: 1 | Tick: 111841 | Conf: 111839 | Hash: 0xD36D977A | Rollbacks: 47 (Resim:  47) | Stalls:  0
[HEARTBEAT] Node: 1 | Tick: 111901 | Conf: 111899 | Hash: 0x132435E2 | Rollbacks: 59 (Resim:  78) | Stalls:  0
[BOT:50005] Heartbeat - Sparse Mods Tracked: 2048
[HEARTBEAT] Node: 1 | Tick: 111961 | Conf: 111959 | Hash: 0xDFBB56F2 | Rollbacks: 59 (Resim:  59) | Stalls:  0
[HEARTBEAT] Node: 1 | Tick: 112021 | Conf: 112018 | Hash: 0x4A14BCF8 | Rollbacks: 52 (Resim:  59) | Stalls:  0
[HEARTBEAT] Node: 1 | Tick: 112081 | Conf: 112079 | Hash: 0x53AFD224 | Rollbacks: 59 (Resim:  75) | Stalls:  0
[HEARTBEAT] Node: 1 | Tick: 112141 | Conf: 112139 | Hash: 0xA68A1C66 | Rollbacks: 50 (Resim:  50) | Stalls:  0
[HEARTBEAT] Node: 1 | Tick: 112201 | Conf: 112199 | Hash: 0xBE28EF89 | Rollbacks: 59 (Resim:  75) | Stalls:  0
[HEARTBEAT] Node: 1 | Tick: 112261 | Conf: 112259 | Hash: 0x8B9EBD18 | Rollbacks: 49 (Resim:  52) | Stalls:  0
[HEARTBEAT] Node: 1 | Tick: 112321 | Conf: 112318 | Hash: 0x438ADC28 | Rollbacks: 59 (Resim:  76) | Stalls:  0
[HEARTBEAT] Node: 1 | Tick: 112381 | Conf: 112379 | Hash: 0xF8D9D9B0 | Rollbacks: 53 (Resim:  63) | Stalls:  0
[HEARTBEAT] Node: 1 | Tick: 112441 | Conf: 112439 | Hash: 0xC26FA1E5 | Rollbacks: 59 (Resim:  59) | Stalls:  0
[HEARTBEAT] Node: 1 | Tick: 112501 | Conf: 112499 | Hash: 0x3FED503E | Rollbacks: 59 (Resim:  68) | Stalls:  0
[BOT:50005] Heartbeat - Sparse Mods Tracked: 2048
[HEARTBEAT] Node: 1 | Tick: 112561 | Conf: 112558 | Hash: 0x02330B73 | Rollbacks: 59 (Resim:  62) | Stalls:  0
[HEARTBEAT] Node: 1 | Tick: 112621 | Conf: 112619 | Hash: 0x0792AE9C | Rollbacks: 54 (Resim:  57) | Stalls:  0
[HEARTBEAT] Node: 1 | Tick: 112681 | Conf: 112679 | Hash: 0xAFE61A8A | Rollbacks: 59 (Resim:  83) | Stalls:  0
[HEARTBEAT] Node: 1 | Tick: 112741 | Conf: 112739 | Hash: 0x236B6102 | Rollbacks: 56 (Resim:  59) | Stalls:  0
[HEARTBEAT] Node: 1 | Tick: 112801 | Conf: 112799 | Hash: 0x3DE63A22 | Rollbacks: 56 (Resim:  56) | Stalls:  0
[HEARTBEAT] Node: 1 | Tick: 112861 | Conf: 112859 | Hash: 0x476CE367 | Rollbacks: 45 (Resim:  63) | Stalls:  0
[HEARTBEAT] Node: 1 | Tick: 112921 | Conf: 112919 | Hash: 0x60F61511 | Rollbacks: 58 (Resim:  79) | Stalls:  0
[HEARTBEAT] Node: 1 | Tick: 112981 | Conf: 112979 | Hash: 0xB40BDB95 | Rollbacks: 60 (Resim:  60) | Stalls:  0
[HEARTBEAT] Node: 1 | Tick: 113041 | Conf: 113038 | Hash: 0x4B992BC8 | Rollbacks: 59 (Resim:  69) | Stalls:  0
[HEARTBEAT] Node: 1 | Tick: 113101 | Conf: 113099 | Hash: 0xD7EC24F3 | Rollbacks: 45 (Resim:  47) | Stalls:  0
[BOT:50005] Heartbeat - Sparse Mods Tracked: 2048
[HEARTBEAT] Node: 1 | Tick: 113161 | Conf: 113159 | Hash: 0xD36113D5 | Rollbacks: 60 (Resim:  60) | Stalls:  0
[HEARTBEAT] Node: 1 | Tick: 113221 | Conf: 113219 | Hash: 0x84A6FFC3 | Rollbacks: 59 (Resim:  72) | Stalls:  0
[HEARTBEAT] Node: 1 | Tick: 113281 | Conf: 113278 | Hash: 0x334F8819 | Rollbacks: 54 (Resim:  57) | Stalls:  0
[HEARTBEAT] Node: 1 | Tick: 113341 | Conf: 113339 | Hash: 0x4E2FD0D1 | Rollbacks: 52 (Resim:  71) | Stalls:  0
[HEARTBEAT] Node: 1 | Tick: 113401 | Conf: 113398 | Hash: 0x36F7B91E | Rollbacks: 59 (Resim:  80) | Stalls:  0
[HEARTBEAT] Node: 1 | Tick: 113461 | Conf: 113459 | Hash: 0xF1116F73 | Rollbacks: 57 (Resim:  65) | Stalls:  0
[HEARTBEAT] Node: 1 | Tick: 113521 | Conf: 113519 | Hash: 0xEF8591FF | Rollbacks: 59 (Resim:  59) | Stalls:  0
[HEARTBEAT] Node: 1 | Tick: 113581 | Conf: 113579 | Hash: 0xEE6177A2 | Rollbacks: 57 (Resim:  73) | Stalls:  0
[HEARTBEAT] Node: 1 | Tick: 113641 | Conf: 113638 | Hash: 0x19E6186E | Rollbacks: 49 (Resim:  55) | Stalls:  0
[BOT:50005] Heartbeat - Sparse Mods Tracked: 2048
[HEARTBEAT] Node: 1 | Tick: 113701 | Conf: 113699 | Hash: 0x221F919A | Rollbacks: 55 (Resim:  78) | Stalls:  0
[HEARTBEAT] Node: 1 | Tick: 113761 | Conf: 113759 | Hash: 0x4523C136 | Rollbacks: 59 (Resim:  60) | Stalls:  0
[HEARTBEAT] Node: 1 | Tick: 113821 | Conf: 113819 | Hash: 0x38A55220 | Rollbacks: 59 (Resim:  69) | Stalls:  0
[HEARTBEAT] Node: 1 | Tick: 113881 | Conf: 113879 | Hash: 0xC94FC853 | Rollbacks: 48 (Resim:  48) | Stalls:  0
[HEARTBEAT] Node: 1 | Tick: 113941 | Conf: 113939 | Hash: 0xD5331BCA | Rollbacks: 59 (Resim:  86) | Stalls:  0
[HEARTBEAT] Node: 1 | Tick: 114001 | Conf: 113999 | Hash: 0xA0868F37 | Rollbacks: 59 (Resim:  62) | Stalls:  0
[HEARTBEAT] Node: 1 | Tick: 114061 | Conf: 114059 | Hash: 0x9F273FED | Rollbacks: 46 (Resim:  48) | Stalls:  0
[HEARTBEAT] Node: 1 | Tick: 114121 | Conf: 114118 | Hash: 0xA5734C40 | Rollbacks: 59 (Resim:  69) | Stalls:  0
[HEARTBEAT] Node: 1 | Tick: 114181 | Conf: 114179 | Hash: 0x33348365 | Rollbacks: 52 (Resim:  70) | Stalls:  0
[HEARTBEAT] Node: 1 | Tick: 114241 | Conf: 114239 | Hash: 0xA6A40B1E | Rollbacks: 60 (Resim:  60) | Stalls:  0
[BOT:50005] Heartbeat - Sparse Mods Tracked: 2048
[HEARTBEAT] Node: 1 | Tick: 114301 | Conf: 114299 | Hash: 0x2BA81F2D | Rollbacks: 59 (Resim:  70) | Stalls:  0
[HEARTBEAT] Node: 1 | Tick: 114361 | Conf: 114359 | Hash: 0xEF216458 | Rollbacks: 59 (Resim:  60) | Stalls:  0
[HEARTBEAT] Node: 1 | Tick: 114421 | Conf: 114419 | Hash: 0x9FBB18EA | Rollbacks: 57 (Resim:  67) | Stalls:  0
[HEARTBEAT] Node: 1 | Tick: 114481 | Conf: 114479 | Hash: 0x45591BB4 | Rollbacks: 59 (Resim:  70) | Stalls:  0
[HEARTBEAT] Node: 1 | Tick: 114541 | Conf: 114539 | Hash: 0x85A1721C | Rollbacks: 52 (Resim:  52) | Stalls:  0
[HEARTBEAT] Node: 1 | Tick: 114601 | Conf: 114599 | Hash: 0xC7DF718D | Rollbacks: 53 (Resim:  71) | Stalls:  0
[HEARTBEAT] Node: 1 | Tick: 114661 | Conf: 114659 | Hash: 0x8BBC07F1 | Rollbacks: 47 (Resim:  47) | Stalls:  0
[HEARTBEAT] Node: 1 | Tick: 114721 | Conf: 114719 | Hash: 0xC2AE5097 | Rollbacks: 44 (Resim:  48) | Stalls:  0
[HEARTBEAT] Node: 1 | Tick: 114781 | Conf: 114779 | Hash: 0x31CADE75 | Rollbacks: 53 (Resim:  53) | Stalls:  0
[HEARTBEAT] Node: 1 | Tick: 114841 | Conf: 114839 | Hash: 0x801B8ED9 | Rollbacks: 53 (Resim:  74) | Stalls:  0
[BOT:50005] Heartbeat - Sparse Mods Tracked: 2048
[HEARTBEAT] Node: 1 | Tick: 114901 | Conf: 114899 | Hash: 0xF7B390BB | Rollbacks: 59 (Resim:  60) | Stalls:  0
[HEARTBEAT] Node: 1 | Tick: 114961 | Conf: 114959 | Hash: 0x9DF989A5 | Rollbacks: 59 (Resim:  64) | Stalls:  0
[HEARTBEAT] Node: 1 | Tick: 115021 | Conf: 115019 | Hash: 0x29FE399A | Rollbacks: 49 (Resim:  49) | Stalls:  0
[HEARTBEAT] Node: 1 | Tick: 115081 | Conf: 115078 | Hash: 0x6B6DBFDE | Rollbacks: 46 (Resim:  69) | Stalls:  0
[HEARTBEAT] Node: 1 | Tick: 115141 | Conf: 115139 | Hash: 0x01061675 | Rollbacks: 45 (Resim:  46) | Stalls:  0
[HEARTBEAT] Node: 1 | Tick: 115201 | Conf: 115199 | Hash: 0x2679B965 | Rollbacks: 49 (Resim:  49) | Stalls:  0
[HEARTBEAT] Node: 1 | Tick: 115261 | Conf: 115259 | Hash: 0x8F94DBB1 | Rollbacks: 59 (Resim:  72) | Stalls:  0
[HEARTBEAT] Node: 1 | Tick: 115321 | Conf: 115319 | Hash: 0x26BEF62D | Rollbacks: 60 (Resim:  60) | Stalls:  0
[HEARTBEAT] Node: 1 | Tick: 115381 | Conf: 115378 | Hash: 0x25D11575 | Rollbacks: 55 (Resim:  56) | Stalls:  0
[HEARTBEAT] Node: 1 | Tick: 115441 | Conf: 115439 | Hash: 0xDCA0AEFA | Rollbacks: 48 (Resim:  66) | Stalls:  0
[BOT:50005] Heartbeat - Sparse Mods Tracked: 2048
[HEARTBEAT] Node: 1 | Tick: 115501 | Conf: 115499 | Hash: 0xCF15D182 | Rollbacks: 59 (Resim:  60) | Stalls:  0
[HEARTBEAT] Node: 1 | Tick: 115561 | Conf: 115559 | Hash: 0xFBEDC959 | Rollbacks: 59 (Resim:  78) | Stalls:  0
[HEARTBEAT] Node: 1 | Tick: 115621 | Conf: 115619 | Hash: 0x953DD244 | Rollbacks: 47 (Resim:  49) | Stalls:  0
[HEARTBEAT] Node: 1 | Tick: 115681 | Conf: 115678 | Hash: 0xA7C4E3C2 | Rollbacks: 57 (Resim:  60) | Stalls:  0
[HEARTBEAT] Node: 1 | Tick: 115741 | Conf: 115739 | Hash: 0x38063462 | Rollbacks: 52 (Resim:  64) | Stalls:  0
[HEARTBEAT] Node: 1 | Tick: 115801 | Conf: 115799 | Hash: 0x4FA41ECD | Rollbacks: 60 (Resim:  60) | Stalls:  0
[HEARTBEAT] Node: 1 | Tick: 115861 | Conf: 115859 | Hash: 0xFB1413BA | Rollbacks: 59 (Resim:  68) | Stalls:  0
[HEARTBEAT] Node: 1 | Tick: 115921 | Conf: 115919 | Hash: 0xDCEB93BC | Rollbacks: 58 (Resim:  59) | Stalls:  0
[HEARTBEAT] Node: 1 | Tick: 115981 | Conf: 115979 | Hash: 0xFD8A792B | Rollbacks: 59 (Resim:  81) | Stalls:  0
[HEARTBEAT] Node: 1 | Tick: 116041 | Conf: 116039 | Hash: 0x56062B97 | Rollbacks: 50 (Resim:  53) | Stalls:  0
[BOT:50005] Heartbeat - Sparse Mods Tracked: 2048
[HEARTBEAT] Node: 1 | Tick: 116101 | Conf: 116099 | Hash: 0x1665AA60 | Rollbacks: 57 (Resim:  57) | Stalls:  0
[HEARTBEAT] Node: 1 | Tick: 116161 | Conf: 116159 | Hash: 0x4DA8BF0C | Rollbacks: 51 (Resim:  72) | Stalls:  0
[HEARTBEAT] Node: 1 | Tick: 116221 | Conf: 116219 | Hash: 0xF5FE7379 | Rollbacks: 50 (Resim:  52) | Stalls:  0
[HEARTBEAT] Node: 1 | Tick: 116281 | Conf: 116278 | Hash: 0x0BCBE52D | Rollbacks: 56 (Resim:  60) | Stalls:  0
[HEARTBEAT] Node: 1 | Tick: 116341 | Conf: 116339 | Hash: 0xAB05DCEE | Rollbacks: 59 (Resim:  78) | Stalls:  0
[HEARTBEAT] Node: 1 | Tick: 116401 | Conf: 116399 | Hash: 0x96BD718F | Rollbacks: 49 (Resim:  49) | Stalls:  0
[HEARTBEAT] Node: 1 | Tick: 116461 | Conf: 116459 | Hash: 0xB9A90ECD | Rollbacks: 59 (Resim:  68) | Stalls:  0
[HEARTBEAT] Node: 1 | Tick: 116521 | Conf: 116518 | Hash: 0x79B6695A | Rollbacks: 58 (Resim:  74) | Stalls:  0
[HEARTBEAT] Node: 1 | Tick: 116581 | Conf: 116579 | Hash: 0xFBE5014A | Rollbacks: 55 (Resim:  66) | Stalls:  0
[HEARTBEAT] Node: 1 | Tick: 116641 | Conf: 116639 | Hash: 0xD06A87D6 | Rollbacks: 57 (Resim:  58) | Stalls:  0
[BOT:50005] Heartbeat - Sparse Mods Tracked: 2048
[HEARTBEAT] Node: 1 | Tick: 116701 | Conf: 116699 | Hash: 0x4CEA09F5 | Rollbacks: 60 (Resim:  60) | Stalls:  0
[HEARTBEAT] Node: 1 | Tick: 116761 | Conf: 116759 | Hash: 0xC4685FA3 | Rollbacks: 43 (Resim:  63) | Stalls:  0
[HEARTBEAT] Node: 1 | Tick: 116821 | Conf: 116819 | Hash: 0x97457811 | Rollbacks: 55 (Resim:  55) | Stalls:  0
[HEARTBEAT] Node: 1 | Tick: 116881 | Conf: 116879 | Hash: 0x80E344F8 | Rollbacks: 59 (Resim:  78) | Stalls:  0
[HEARTBEAT] Node: 1 | Tick: 116941 | Conf: 116939 | Hash: 0x10AE81E0 | Rollbacks: 46 (Resim:  49) | Stalls:  0
[HEARTBEAT] Node: 1 | Tick: 117001 | Conf: 116999 | Hash: 0xEF262D4C | Rollbacks: 50 (Resim:  53) | Stalls:  0
[HEARTBEAT] Node: 1 | Tick: 117061 | Conf: 117059 | Hash: 0xA8792A35 | Rollbacks: 43 (Resim:  43) | Stalls:  0
[HEARTBEAT] Node: 1 | Tick: 117121 | Conf: 117119 | Hash: 0xDCD57B11 | Rollbacks: 51 (Resim:  54) | Stalls:  0
[HEARTBEAT] Node: 1 | Tick: 117181 | Conf: 117179 | Hash: 0x705D6599 | Rollbacks: 55 (Resim:  55) | Stalls:  0
[HEARTBEAT] Node: 1 | Tick: 117241 | Conf: 117239 | Hash: 0x9BC2757F | Rollbacks: 59 (Resim:  88) | Stalls:  0
[BOT:50005] Heartbeat - Sparse Mods Tracked: 2048
[HEARTBEAT] Node: 1 | Tick: 117301 | Conf: 117299 | Hash: 0xE5890597 | Rollbacks: 59 (Resim:  63) | Stalls:  0
[HEARTBEAT] Node: 1 | Tick: 117361 | Conf: 117359 | Hash: 0x8CAB2E43 | Rollbacks: 59 (Resim:  60) | Stalls:  0
[HEARTBEAT] Node: 1 | Tick: 117421 | Conf: 117419 | Hash: 0x5A2864E4 | Rollbacks: 44 (Resim:  52) | Stalls:  0
[HEARTBEAT] Node: 1 | Tick: 117481 | Conf: 117479 | Hash: 0xAE48CDEB | Rollbacks: 49 (Resim:  53) | Stalls:  0
[HEARTBEAT] Node: 1 | Tick: 117541 | Conf: 117539 | Hash: 0xE14A50B5 | Rollbacks: 44 (Resim:  46) | Stalls:  0
[HEARTBEAT] Node: 1 | Tick: 117601 | Conf: 117599 | Hash: 0x39EAB5A7 | Rollbacks: 56 (Resim:  56) | Stalls:  0
[HEARTBEAT] Node: 1 | Tick: 117661 | Conf: 117659 | Hash: 0x784082AE | Rollbacks: 52 (Resim:  74) | Stalls:  0
[HEARTBEAT] Node: 1 | Tick: 117721 | Conf: 117719 | Hash: 0xCC869B94 | Rollbacks: 53 (Resim:  56) | Stalls:  0
[HEARTBEAT] Node: 1 | Tick: 117781 | Conf: 117779 | Hash: 0x0B967792 | Rollbacks: 50 (Resim:  50) | Stalls:  0
[HEARTBEAT] Node: 1 | Tick: 117841 | Conf: 117839 | Hash: 0xDEC5A7DA | Rollbacks: 58 (Resim:  74) | Stalls:  0
[BOT:50005] Heartbeat - Sparse Mods Tracked: 2048
[HEARTBEAT] Node: 1 | Tick: 117901 | Conf: 117899 | Hash: 0x6F92F526 | Rollbacks: 51 (Resim:  53) | Stalls:  0
[HEARTBEAT] Node: 1 | Tick: 117961 | Conf: 117959 | Hash: 0xB0DA71BA | Rollbacks: 49 (Resim:  49) | Stalls:  0
[HEARTBEAT] Node: 1 | Tick: 118021 | Conf: 118019 | Hash: 0xD33B157C | Rollbacks: 59 (Resim:  65) | Stalls:  0
[HEARTBEAT] Node: 1 | Tick: 118081 | Conf: 118079 | Hash: 0xD00A53D4 | Rollbacks: 46 (Resim:  47) | Stalls:  0
[HEARTBEAT] Node: 1 | Tick: 118141 | Conf: 118139 | Hash: 0x4DF7180F | Rollbacks: 55 (Resim:  56) | Stalls:  0
[HEARTBEAT] Node: 1 | Tick: 118201 | Conf: 118198 | Hash: 0x6F81C536 | Rollbacks: 59 (Resim:  71) | Stalls:  0
[HEARTBEAT] Node: 1 | Tick: 118261 | Conf: 118259 | Hash: 0x3C41B49A | Rollbacks: 46 (Resim:  52) | Stalls:  0
[HEARTBEAT] Node: 1 | Tick: 118321 | Conf: 118319 | Hash: 0xC99873D2 | Rollbacks: 59 (Resim:  60) | Stalls:  0
[HEARTBEAT] Node: 1 | Tick: 118381 | Conf: 118379 | Hash: 0xF94539D3 | Rollbacks: 59 (Resim:  73) | Stalls:  0
[BOT:50005] Heartbeat - Sparse Mods Tracked: 2048
[HEARTBEAT] Node: 1 | Tick: 118441 | Conf: 118439 | Hash: 0x06C3A2C2 | Rollbacks: 45 (Resim:  45) | Stalls:  0
[HEARTBEAT] Node: 1 | Tick: 118501 | Conf: 118498 | Hash: 0x6E797E47 | Rollbacks: 59 (Resim:  69) | Stalls:  0
[HEARTBEAT] Node: 1 | Tick: 118561 | Conf: 118559 | Hash: 0x3E075712 | Rollbacks: 49 (Resim:  65) | Stalls:  0
[HEARTBEAT] Node: 1 | Tick: 118621 | Conf: 118619 | Hash: 0x7DAD5A69 | Rollbacks: 52 (Resim:  52) | Stalls:  0
[HEARTBEAT] Node: 1 | Tick: 118681 | Conf: 118679 | Hash: 0x5D497E24 | Rollbacks: 59 (Resim:  79) | Stalls:  0
[HEARTBEAT] Node: 1 | Tick: 118741 | Conf: 118739 | Hash: 0xC1C08C51 | Rollbacks: 59 (Resim:  62) | Stalls:  0
[HEARTBEAT] Node: 1 | Tick: 118801 | Conf: 118799 | Hash: 0x14900E48 | Rollbacks: 60 (Resim:  60) | Stalls:  0
[HEARTBEAT] Node: 1 | Tick: 118861 | Conf: 118859 | Hash: 0xF7A38763 | Rollbacks: 43 (Resim:  57) | Stalls:  0
[HEARTBEAT] Node: 1 | Tick: 118921 | Conf: 118919 | Hash: 0x45EAB758 | Rollbacks: 59 (Resim:  60) | Stalls:  0
[HEARTBEAT] Node: 1 | Tick: 118981 | Conf: 118979 | Hash: 0xFB51842C | Rollbacks: 59 (Resim:  72) | Stalls:  0
[BOT:50005] Heartbeat - Sparse Mods Tracked: 2048
[HEARTBEAT] Node: 1 | Tick: 119041 | Conf: 119039 | Hash: 0xA3DB9C77 | Rollbacks: 59 (Resim:  60) | Stalls:  0
[HEARTBEAT] Node: 1 | Tick: 119101 | Conf: 119099 | Hash: 0xC59C6C98 | Rollbacks: 58 (Resim:  58) | Stalls:  0
[HEARTBEAT] Node: 1 | Tick: 119161 | Conf: 119158 | Hash: 0x44F6D5BA | Rollbacks: 46 (Resim:  61) | Stalls:  0
[HEARTBEAT] Node: 1 | Tick: 119221 | Conf: 119219 | Hash: 0xA3C337AD | Rollbacks: 51 (Resim:  54) | Stalls:  0
[HEARTBEAT] Node: 1 | Tick: 119281 | Conf: 119279 | Hash: 0x22F368F1 | Rollbacks: 59 (Resim:  75) | Stalls:  0
[HEARTBEAT] Node: 1 | Tick: 119341 | Conf: 119339 | Hash: 0xAE29899E | Rollbacks: 58 (Resim:  62) | Stalls:  0
[HEARTBEAT] Node: 1 | Tick: 119401 | Conf: 119399 | Hash: 0x30F5A80B | Rollbacks: 45 (Resim:  48) | Stalls:  0
[HEARTBEAT] Node: 1 | Tick: 119461 | Conf: 119459 | Hash: 0xD298267C | Rollbacks: 44 (Resim:  44) | Stalls:  0
[HEARTBEAT] Node: 1 | Tick: 119521 | Conf: 119519 | Hash: 0xBBDB21EF | Rollbacks: 38 (Resim:  38) | Stalls:  0
[HEARTBEAT] Node: 1 | Tick: 119581 | Conf: 119579 | Hash: 0x0D386388 | Rollbacks: 49 (Resim:  52) | Stalls:  0
[BOT:50005] Heartbeat - Sparse Mods Tracked: 2048
[HEARTBEAT] Node: 1 | Tick: 119641 | Conf: 119639 | Hash: 0x2714786A | Rollbacks: 59 (Resim:  59) | Stalls:  0
[HEARTBEAT] Node: 1 | Tick: 119701 | Conf: 119699 | Hash: 0xA4CDC5DA | Rollbacks: 59 (Resim:  71) | Stalls:  0
[HEARTBEAT] Node: 1 | Tick: 119761 | Conf: 119759 | Hash: 0xB44B34CF | Rollbacks: 55 (Resim:  61) | Stalls:  0
[HEARTBEAT] Node: 1 | Tick: 119821 | Conf: 119819 | Hash: 0x554A4370 | Rollbacks: 51 (Resim:  51) | Stalls:  0
[HEARTBEAT] Node: 1 | Tick: 119881 | Conf: 119879 | Hash: 0x640BDD01 | Rollbacks: 59 (Resim:  81) | Stalls:  0
[HEARTBEAT] Node: 1 | Tick: 119941 | Conf: 119939 | Hash: 0x846F3C70 | Rollbacks: 58 (Resim:  60) | Stalls:  0
[HEARTBEAT] Node: 1 | Tick: 120001 | Conf: 119999 | Hash: 0x37A5060B | Rollbacks: 46 (Resim:  48) | Stalls:  0
[HEARTBEAT] Node: 1 | Tick: 120061 | Conf: 120059 | Hash: 0x01041962 | Rollbacks: 55 (Resim:  56) | Stalls:  0
[HEARTBEAT] Node: 1 | Tick: 120121 | Conf: 120118 | Hash: 0xC03E3EDC | Rollbacks: 59 (Resim:  82) | Stalls:  0
[HEARTBEAT] Node: 1 | Tick: 120181 | Conf: 120179 | Hash: 0xFC67111C | Rollbacks: 60 (Resim:  62) | Stalls:  0
[BOT:50005] Heartbeat - Sparse Mods Tracked: 2048
[HEARTBEAT] Node: 1 | Tick: 120241 | Conf: 120239 | Hash: 0xE54C0017 | Rollbacks: 45 (Resim:  48) | Stalls:  0
[HEARTBEAT] Node: 1 | Tick: 120301 | Conf: 120299 | Hash: 0x9E9B3B8B | Rollbacks: 57 (Resim:  60) | Stalls:  0
[HEARTBEAT] Node: 1 | Tick: 120361 | Conf: 120359 | Hash: 0xDD49E0C2 | Rollbacks: 49 (Resim:  52) | Stalls:  0
[HEARTBEAT] Node: 1 | Tick: 120421 | Conf: 120419 | Hash: 0xF0732B14 | Rollbacks: 42 (Resim:  44) | Stalls:  0
[HEARTBEAT] Node: 1 | Tick: 120481 | Conf: 120478 | Hash: 0x27897F63 | Rollbacks: 49 (Resim:  50) | Stalls:  0
[HEARTBEAT] Node: 1 | Tick: 120541 | Conf: 120539 | Hash: 0x77FFB260 | Rollbacks: 59 (Resim:  77) | Stalls:  0
[HEARTBEAT] Node: 1 | Tick: 120601 | Conf: 120599 | Hash: 0x92F60466 | Rollbacks: 54 (Resim:  54) | Stalls:  0
[HEARTBEAT] Node: 1 | Tick: 120661 | Conf: 120659 | Hash: 0x9ED22B97 | Rollbacks: 51 (Resim:  76) | Stalls:  0
[HEARTBEAT] Node: 1 | Tick: 120721 | Conf: 120719 | Hash: 0xB8DA0180 | Rollbacks: 58 (Resim:  60) | Stalls:  0
[HEARTBEAT] Node: 1 | Tick: 120781 | Conf: 120779 | Hash: 0x3BE04DD7 | Rollbacks: 59 (Resim:  73) | Stalls:  0
[BOT:50005] Heartbeat - Sparse Mods Tracked: 2048
[HEARTBEAT] Node: 1 | Tick: 120841 | Conf: 120839 | Hash: 0xBA33F784 | Rollbacks: 44 (Resim:  48) | Stalls:  0
[HEARTBEAT] Node: 1 | Tick: 120901 | Conf: 120899 | Hash: 0x9E5175EC | Rollbacks: 58 (Resim:  72) | Stalls:  0
[HEARTBEAT] Node: 1 | Tick: 120961 | Conf: 120959 | Hash: 0xBD05D3F2 | Rollbacks: 60 (Resim:  60) | Stalls:  0
[HEARTBEAT] Node: 1 | Tick: 121021 | Conf: 121019 | Hash: 0x02B08C81 | Rollbacks: 53 (Resim:  71) | Stalls:  0
[HEARTBEAT] Node: 1 | Tick: 121081 | Conf: 121079 | Hash: 0x8E028F13 | Rollbacks: 45 (Resim:  47) | Stalls:  0
[HEARTBEAT] Node: 1 | Tick: 121141 | Conf: 121139 | Hash: 0x1F727034 | Rollbacks: 44 (Resim:  44) | Stalls:  0
[HEARTBEAT] Node: 1 | Tick: 121201 | Conf: 121199 | Hash: 0x571B3A4A | Rollbacks: 60 (Resim:  60) | Stalls:  0
[HEARTBEAT] Node: 1 | Tick: 121261 | Conf: 121259 | Hash: 0xA6D7A0FD | Rollbacks: 47 (Resim:  60) | Stalls:  0
[HEARTBEAT] Node: 1 | Tick: 121321 | Conf: 121319 | Hash: 0xD0A9374A | Rollbacks: 55 (Resim:  55) | Stalls:  0
[HEARTBEAT] Node: 1 | Tick: 121381 | Conf: 121379 | Hash: 0xD9C3761D | Rollbacks: 49 (Resim:  72) | Stalls:  0
[BOT:50005] Heartbeat - Sparse Mods Tracked: 2048
[HEARTBEAT] Node: 1 | Tick: 121441 | Conf: 121439 | Hash: 0x9E4B0B69 | Rollbacks: 44 (Resim:  44) | Stalls:  0
[HEARTBEAT] Node: 1 | Tick: 121501 | Conf: 121499 | Hash: 0x76687217 | Rollbacks: 58 (Resim:  58) | Stalls:  0
[HEARTBEAT] Node: 1 | Tick: 121561 | Conf: 121558 | Hash: 0xD8D3AF68 | Rollbacks: 59 (Resim:  82) | Stalls:  0
[HEARTBEAT] Node: 1 | Tick: 121621 | Conf: 121619 | Hash: 0xD721D445 | Rollbacks: 45 (Resim:  48) | Stalls:  0
[HEARTBEAT] Node: 1 | Tick: 121681 | Conf: 121679 | Hash: 0x364BEC98 | Rollbacks: 52 (Resim:  54) | Stalls:  0
[HEARTBEAT] Node: 1 | Tick: 121741 | Conf: 121738 | Hash: 0xEFA4F891 | Rollbacks: 59 (Resim:  66) | Stalls:  0
[HEARTBEAT] Node: 1 | Tick: 121801 | Conf: 121799 | Hash: 0x504F4E0D | Rollbacks: 59 (Resim:  78) | Stalls:  0
[HEARTBEAT] Node: 1 | Tick: 121861 | Conf: 121859 | Hash: 0xCC59D94D | Rollbacks: 45 (Resim:  45) | Stalls:  0
[HEARTBEAT] Node: 1 | Tick: 121921 | Conf: 121919 | Hash: 0x651D6E78 | Rollbacks: 52 (Resim:  54) | Stalls:  0
[HEARTBEAT] Node: 1 | Tick: 121981 | Conf: 121979 | Hash: 0x5C23FAD0 | Rollbacks: 38 (Resim:  40) | Stalls:  0
[BOT:50005] Heartbeat - Sparse Mods Tracked: 2048
[HEARTBEAT] Node: 1 | Tick: 122041 | Conf: 122039 | Hash: 0x6C80E1D4 | Rollbacks: 57 (Resim:  57) | Stalls:  0
[HEARTBEAT] Node: 1 | Tick: 122101 | Conf: 122099 | Hash: 0x1A879A1E | Rollbacks: 59 (Resim:  72) | Stalls:  0
[HEARTBEAT] Node: 1 | Tick: 122161 | Conf: 122159 | Hash: 0x53BE2C1F | Rollbacks: 52 (Resim:  56) | Stalls:  0
[HEARTBEAT] Node: 1 | Tick: 122221 | Conf: 122218 | Hash: 0x302F9695 | Rollbacks: 58 (Resim:  66) | Stalls:  0
[HEARTBEAT] Node: 1 | Tick: 122281 | Conf: 122279 | Hash: 0x32281122 | Rollbacks: 44 (Resim:  55) | Stalls:  0
[HEARTBEAT] Node: 1 | Tick: 122341 | Conf: 122339 | Hash: 0x6C6F9DD2 | Rollbacks: 38 (Resim:  40) | Stalls:  0
[HEARTBEAT] Node: 1 | Tick: 122401 | Conf: 122399 | Hash: 0xAAF6B46A | Rollbacks: 55 (Resim:  56) | Stalls:  0
[HEARTBEAT] Node: 1 | Tick: 122461 | Conf: 122459 | Hash: 0xD4E47F66 | Rollbacks: 56 (Resim:  69) | Stalls:  0
[HEARTBEAT] Node: 1 | Tick: 122521 | Conf: 122519 | Hash: 0x29FBA5A6 | Rollbacks: 50 (Resim:  53) | Stalls:  0
[BOT:50005] Heartbeat - Sparse Mods Tracked: 2048
[HEARTBEAT] Node: 1 | Tick: 122581 | Conf: 122579 | Hash: 0xF97988B6 | Rollbacks: 58 (Resim:  72) | Stalls:  0
[HEARTBEAT] Node: 1 | Tick: 122641 | Conf: 122639 | Hash: 0x1D1442A4 | Rollbacks: 51 (Resim:  58) | Stalls:  0
[HEARTBEAT] Node: 1 | Tick: 122701 | Conf: 122699 | Hash: 0x228D2A44 | Rollbacks: 59 (Resim:  73) | Stalls:  0
[HEARTBEAT] Node: 1 | Tick: 122761 | Conf: 122759 | Hash: 0x0A32557D | Rollbacks: 50 (Resim:  56) | Stalls:  0
[HEARTBEAT] Node: 1 | Tick: 122821 | Conf: 122819 | Hash: 0xF613C11E | Rollbacks: 59 (Resim:  74) | Stalls:  0
[HEARTBEAT] Node: 1 | Tick: 122881 | Conf: 122879 | Hash: 0x50697035 | Rollbacks: 57 (Resim:  59) | Stalls:  0
[HEARTBEAT] Node: 1 | Tick: 122941 | Conf: 122939 | Hash: 0x5172AD7A | Rollbacks: 44 (Resim:  47) | Stalls:  0
[HEARTBEAT] Node: 1 | Tick: 123001 | Conf: 122999 | Hash: 0xD99863B4 | Rollbacks: 57 (Resim:  60) | Stalls:  0
[HEARTBEAT] Node: 1 | Tick: 123061 | Conf: 123059 | Hash: 0xE0E8B42A | Rollbacks: 52 (Resim:  56) | Stalls:  0
[HEARTBEAT] Node: 1 | Tick: 123121 | Conf: 123119 | Hash: 0xD1C91346 | Rollbacks: 58 (Resim:  74) | Stalls:  0
[BOT:50005] Heartbeat - Sparse Mods Tracked: 2048
[HEARTBEAT] Node: 1 | Tick: 123181 | Conf: 123179 | Hash: 0x9C813311 | Rollbacks: 46 (Resim:  48) | Stalls:  0
[HEARTBEAT] Node: 1 | Tick: 123241 | Conf: 123239 | Hash: 0x3D77B8A8 | Rollbacks: 57 (Resim:  60) | Stalls:  0
[HEARTBEAT] Node: 1 | Tick: 123301 | Conf: 123299 | Hash: 0x36BA37A7 | Rollbacks: 59 (Resim:  77) | Stalls:  0
[HEARTBEAT] Node: 1 | Tick: 123361 | Conf: 123359 | Hash: 0x2C20EA56 | Rollbacks: 50 (Resim:  52) | Stalls:  0
[HEARTBEAT] Node: 1 | Tick: 123421 | Conf: 123419 | Hash: 0x71A19C2D | Rollbacks: 51 (Resim:  51) | Stalls:  0
[HEARTBEAT] Node: 1 | Tick: 123481 | Conf: 123478 | Hash: 0x1B0740AD | Rollbacks: 58 (Resim:  80) | Stalls:  0
[HEARTBEAT] Node: 1 | Tick: 123541 | Conf: 123539 | Hash: 0x3CD7AD51 | Rollbacks: 52 (Resim:  58) | Stalls:  0
[HEARTBEAT] Node: 1 | Tick: 123601 | Conf: 123599 | Hash: 0x0CEDA93A | Rollbacks: 41 (Resim:  44) | Stalls:  0
[HEARTBEAT] Node: 1 | Tick: 123661 | Conf: 123659 | Hash: 0xE5B51F68 | Rollbacks: 57 (Resim:  57) | Stalls:  0
[HEARTBEAT] Node: 1 | Tick: 123721 | Conf: 123719 | Hash: 0x514E214B | Rollbacks: 59 (Resim:  77) | Stalls:  0
[BOT:50005] Heartbeat - Sparse Mods Tracked: 2048
[HEARTBEAT] Node: 1 | Tick: 123781 | Conf: 123779 | Hash: 0x9B5D67BD | Rollbacks: 47 (Resim:  49) | Stalls:  0
[HEARTBEAT] Node: 1 | Tick: 123841 | Conf: 123839 | Hash: 0x1B2D884D | Rollbacks: 56 (Resim:  56) | Stalls:  0
[HEARTBEAT] Node: 1 | Tick: 123901 | Conf: 123898 | Hash: 0xF8B6F0C4 | Rollbacks: 57 (Resim:  60) | Stalls:  0
[HEARTBEAT] Node: 1 | Tick: 123961 | Conf: 123959 | Hash: 0xF788B7CF | Rollbacks: 57 (Resim:  82) | Stalls:  0
[HEARTBEAT] Node: 1 | Tick: 124021 | Conf: 124019 | Hash: 0xE25B174F | Rollbacks: 53 (Resim:  53) | Stalls:  0
[HEARTBEAT] Node: 1 | Tick: 124081 | Conf: 124079 | Hash: 0xDBE860E7 | Rollbacks: 59 (Resim:  86) | Stalls:  0
[HEARTBEAT] Node: 1 | Tick: 124141 | Conf: 124138 | Hash: 0x14E25ACF | Rollbacks: 55 (Resim:  59) | Stalls:  0
[HEARTBEAT] Node: 1 | Tick: 124201 | Conf: 124199 | Hash: 0x88656BBE | Rollbacks: 51 (Resim:  72) | Stalls:  0
[HEARTBEAT] Node: 1 | Tick: 124261 | Conf: 124259 | Hash: 0x8522E10C | Rollbacks: 59 (Resim:  60) | Stalls:  0
[HEARTBEAT] Node: 1 | Tick: 124321 | Conf: 124319 | Hash: 0x7F9D2600 | Rollbacks: 54 (Resim:  63) | Stalls:  0
[BOT:50005] Heartbeat - Sparse Mods Tracked: 2048
[HEARTBEAT] Node: 1 | Tick: 124381 | Conf: 124379 | Hash: 0xB392243D | Rollbacks: 51 (Resim:  52) | Stalls:  0
[HEARTBEAT] Node: 1 | Tick: 124441 | Conf: 124439 | Hash: 0xD5BB52C2 | Rollbacks: 58 (Resim:  80) | Stalls:  0
[HEARTBEAT] Node: 1 | Tick: 124501 | Conf: 124499 | Hash: 0x746D392F | Rollbacks: 44 (Resim:  44) | Stalls:  0
[HEARTBEAT] Node: 1 | Tick: 124561 | Conf: 124558 | Hash: 0x714A1934 | Rollbacks: 58 (Resim:  59) | Stalls:  0
[HEARTBEAT] Node: 1 | Tick: 124621 | Conf: 124618 | Hash: 0x9938F39F | Rollbacks: 53 (Resim:  78) | Stalls:  0
[HEARTBEAT] Node: 1 | Tick: 124681 | Conf: 124679 | Hash: 0xFC090BE1 | Rollbacks: 45 (Resim:  46) | Stalls:  0
[HEARTBEAT] Node: 1 | Tick: 124741 | Conf: 124739 | Hash: 0xC7D7DC89 | Rollbacks: 51 (Resim:  54) | Stalls:  0
[HEARTBEAT] Node: 1 | Tick: 124801 | Conf: 124798 | Hash: 0x6B37AD11 | Rollbacks: 54 (Resim:  58) | Stalls:  0
[HEARTBEAT] Node: 1 | Tick: 124861 | Conf: 124859 | Hash: 0x1D5CF3B6 | Rollbacks: 59 (Resim:  72) | Stalls:  0
[HEARTBEAT] Node: 1 | Tick: 124921 | Conf: 124919 | Hash: 0x81DADF22 | Rollbacks: 50 (Resim:  50) | Stalls:  0
[BOT:50005] Heartbeat - Sparse Mods Tracked: 2048
[HEARTBEAT] Node: 1 | Tick: 124981 | Conf: 124979 | Hash: 0xA5873168 | Rollbacks: 59 (Resim:  60) | Stalls:  0
[HEARTBEAT] Node: 1 | Tick: 125041 | Conf: 125039 | Hash: 0xAB09F9F4 | Rollbacks: 59 (Resim:  78) | Stalls:  0
[HEARTBEAT] Node: 1 | Tick: 125101 | Conf: 125099 | Hash: 0x2A712185 | Rollbacks: 54 (Resim:  57) | Stalls:  0
[HEARTBEAT] Node: 1 | Tick: 125161 | Conf: 125159 | Hash: 0xD649815D | Rollbacks: 52 (Resim:  56) | Stalls:  0
[HEARTBEAT] Node: 1 | Tick: 125221 | Conf: 125219 | Hash: 0x43558C99 | Rollbacks: 47 (Resim:  49) | Stalls:  0
[HEARTBEAT] Node: 1 | Tick: 125281 | Conf: 125279 | Hash: 0xC09FC789 | Rollbacks: 49 (Resim:  49) | Stalls:  0
[HEARTBEAT] Node: 1 | Tick: 125341 | Conf: 125339 | Hash: 0xE330484C | Rollbacks: 59 (Resim:  69) | Stalls:  0
[HEARTBEAT] Node: 1 | Tick: 125401 | Conf: 125398 | Hash: 0xE8CC6E3B | Rollbacks: 58 (Resim:  83) | Stalls:  0
[HEARTBEAT] Node: 1 | Tick: 125461 | Conf: 125459 | Hash: 0x850E9840 | Rollbacks: 56 (Resim:  60) | Stalls:  0
[HEARTBEAT] Node: 1 | Tick: 125521 | Conf: 125519 | Hash: 0x036EF429 | Rollbacks: 59 (Resim:  59) | Stalls:  0
[BOT:50005] Heartbeat - Sparse Mods Tracked: 2048
[HEARTBEAT] Node: 1 | Tick: 125581 | Conf: 125579 | Hash: 0xA4C41149 | Rollbacks: 49 (Resim:  66) | Stalls:  0
[HEARTBEAT] Node: 1 | Tick: 125641 | Conf: 125639 | Hash: 0xA7C8A0CF | Rollbacks: 50 (Resim:  52) | Stalls:  0
[HEARTBEAT] Node: 1 | Tick: 125701 | Conf: 125699 | Hash: 0x8C9D1B7C | Rollbacks: 51 (Resim:  51) | Stalls:  0
[HEARTBEAT] Node: 1 | Tick: 125761 | Conf: 125759 | Hash: 0xBC4510F8 | Rollbacks: 59 (Resim:  74) | Stalls:  0
[HEARTBEAT] Node: 1 | Tick: 125821 | Conf: 125819 | Hash: 0x4B51EA17 | Rollbacks: 54 (Resim:  58) | Stalls:  0
[HEARTBEAT] Node: 1 | Tick: 125881 | Conf: 125878 | Hash: 0xFA3F66A9 | Rollbacks: 59 (Resim:  72) | Stalls:  0
[HEARTBEAT] Node: 1 | Tick: 125941 | Conf: 125939 | Hash: 0xA910BEF2 | Rollbacks: 59 (Resim:  74) | Stalls:  0
[HEARTBEAT] Node: 1 | Tick: 126001 | Conf: 125999 | Hash: 0xD49D51A5 | Rollbacks: 45 (Resim:  48) | Stalls:  0
[HEARTBEAT] Node: 1 | Tick: 126061 | Conf: 126059 | Hash: 0x26D08B69 | Rollbacks: 55 (Resim:  55) | Stalls:  0
[HEARTBEAT] Node: 1 | Tick: 126121 | Conf: 126119 | Hash: 0x2AAA857F | Rollbacks: 54 (Resim:  78) | Stalls:  0
[BOT:50005] Heartbeat - Sparse Mods Tracked: 2048
[HEARTBEAT] Node: 1 | Tick: 126181 | Conf: 126179 | Hash: 0xEDB40D22 | Rollbacks: 52 (Resim:  56) | Stalls:  0
[HEARTBEAT] Node: 1 | Tick: 126241 | Conf: 126239 | Hash: 0x998018C3 | Rollbacks: 54 (Resim:  58) | Stalls:  0
[HEARTBEAT] Node: 1 | Tick: 126301 | Conf: 126299 | Hash: 0x4DC0D123 | Rollbacks: 59 (Resim:  60) | Stalls:  0
[HEARTBEAT] Node: 1 | Tick: 126361 | Conf: 126359 | Hash: 0x3E154C8C | Rollbacks: 45 (Resim:  48) | Stalls:  0
[HEARTBEAT] Node: 1 | Tick: 126421 | Conf: 126419 | Hash: 0x67822BD0 | Rollbacks: 50 (Resim:  53) | Stalls:  0
[HEARTBEAT] Node: 1 | Tick: 126481 | Conf: 126479 | Hash: 0xF6C6BE8F | Rollbacks: 43 (Resim:  43) | Stalls:  0
[HEARTBEAT] Node: 1 | Tick: 126541 | Conf: 126539 | Hash: 0x744E7516 | Rollbacks: 44 (Resim:  44) | Stalls:  0
[HEARTBEAT] Node: 1 | Tick: 126601 | Conf: 126598 | Hash: 0x2A35C43D | Rollbacks: 50 (Resim:  58) | Stalls:  0
[HEARTBEAT] Node: 1 | Tick: 126661 | Conf: 126659 | Hash: 0x119EBA5D | Rollbacks: 59 (Resim:  69) | Stalls:  0
[BOT:50005] Heartbeat - Sparse Mods Tracked: 2048
[HEARTBEAT] Node: 1 | Tick: 126721 | Conf: 126719 | Hash: 0x0FE3A011 | Rollbacks: 43 (Resim:  45) | Stalls:  0
[HEARTBEAT] Node: 1 | Tick: 126781 | Conf: 126779 | Hash: 0x22D280C3 | Rollbacks: 52 (Resim:  52) | Stalls:  0
[HEARTBEAT] Node: 1 | Tick: 126841 | Conf: 126839 | Hash: 0xC359F7C7 | Rollbacks: 59 (Resim:  73) | Stalls:  0
[HEARTBEAT] Node: 1 | Tick: 126901 | Conf: 126899 | Hash: 0x40869E71 | Rollbacks: 43 (Resim:  45) | Stalls:  0
[HEARTBEAT] Node: 1 | Tick: 126961 | Conf: 126959 | Hash: 0x7BEB976F | Rollbacks: 58 (Resim:  58) | Stalls:  0
[HEARTBEAT] Node: 1 | Tick: 127021 | Conf: 127019 | Hash: 0xC2A2DB58 | Rollbacks: 59 (Resim:  77) | Stalls:  0
[HEARTBEAT] Node: 1 | Tick: 127081 | Conf: 127079 | Hash: 0x14150A24 | Rollbacks: 54 (Resim:  57) | Stalls:  0
[HEARTBEAT] Node: 1 | Tick: 127141 | Conf: 127139 | Hash: 0xDD75EEF5 | Rollbacks: 47 (Resim:  47) | Stalls:  0
[HEARTBEAT] Node: 1 | Tick: 127201 | Conf: 127198 | Hash: 0x6A264445 | Rollbacks: 58 (Resim:  68) | Stalls:  0
[HEARTBEAT] Node: 1 | Tick: 127261 | Conf: 127259 | Hash: 0xE1920ABF | Rollbacks: 57 (Resim:  71) | Stalls:  0
[BOT:50005] Heartbeat - Sparse Mods Tracked: 2048
[HEARTBEAT] Node: 1 | Tick: 127321 | Conf: 127318 | Hash: 0xB58872B3 | Rollbacks: 50 (Resim:  54) | Stalls:  0
[HEARTBEAT] Node: 1 | Tick: 127381 | Conf: 127379 | Hash: 0xCF29BCC2 | Rollbacks: 60 (Resim:  82) | Stalls:  0
[HEARTBEAT] Node: 1 | Tick: 127441 | Conf: 127439 | Hash: 0x83DF6846 | Rollbacks: 59 (Resim:  65) | Stalls:  0
[HEARTBEAT] Node: 1 | Tick: 127501 | Conf: 127499 | Hash: 0x00D7BBDA | Rollbacks: 49 (Resim:  63) | Stalls:  0
[HEARTBEAT] Node: 1 | Tick: 127561 | Conf: 127559 | Hash: 0x7E6CD070 | Rollbacks: 59 (Resim:  69) | Stalls:  0
[HEARTBEAT] Node: 1 | Tick: 127621 | Conf: 127618 | Hash: 0xFBECDA07 | Rollbacks: 58 (Resim:  77) | Stalls:  0
[HEARTBEAT] Node: 1 | Tick: 127681 | Conf: 127679 | Hash: 0xD226E530 | Rollbacks: 54 (Resim:  68) | Stalls:  0
[HEARTBEAT] Node: 1 | Tick: 127741 | Conf: 127739 | Hash: 0xE625CB0A | Rollbacks: 53 (Resim:  58) | Stalls:  0
[HEARTBEAT] Node: 1 | Tick: 127801 | Conf: 127799 | Hash: 0x2257B34B | Rollbacks: 51 (Resim:  53) | Stalls:  0
[HEARTBEAT] Node: 1 | Tick: 127861 | Conf: 127859 | Hash: 0x58E0698D | Rollbacks: 41 (Resim:  43) | Stalls:  0
[BOT:50005] Heartbeat - Sparse Mods Tracked: 2048
[HEARTBEAT] Node: 1 | Tick: 127921 | Conf: 127919 | Hash: 0x55704F0E | Rollbacks: 51 (Resim:  51) | Stalls:  0
[HEARTBEAT] Node: 1 | Tick: 127981 | Conf: 127978 | Hash: 0xB6BDD3BC | Rollbacks: 54 (Resim:  58) | Stalls:  0
[HEARTBEAT] Node: 1 | Tick: 128041 | Conf: 128039 | Hash: 0xB078C919 | Rollbacks: 59 (Resim:  71) | Stalls:  0
[HEARTBEAT] Node: 1 | Tick: 128101 | Conf: 128099 | Hash: 0xDF3D6925 | Rollbacks: 36 (Resim:  36) | Stalls:  0
[HEARTBEAT] Node: 1 | Tick: 128161 | Conf: 128159 | Hash: 0xA622DD01 | Rollbacks: 45 (Resim:  45) | Stalls:  0
[HEARTBEAT] Node: 1 | Tick: 128221 | Conf: 128219 | Hash: 0x749B112F | Rollbacks: 58 (Resim:  58) | Stalls:  0
[HEARTBEAT] Node: 1 | Tick: 128281 | Conf: 128279 | Hash: 0xB684B113 | Rollbacks: 56 (Resim:  79) | Stalls:  0
[HEARTBEAT] Node: 1 | Tick: 128341 | Conf: 128339 | Hash: 0x1608B629 | Rollbacks: 48 (Resim:  48) | Stalls:  0
[HEARTBEAT] Node: 1 | Tick: 128401 | Conf: 128399 | Hash: 0x3D57A5B9 | Rollbacks: 59 (Resim:  66) | Stalls:  0
[HEARTBEAT] Node: 1 | Tick: 128461 | Conf: 128459 | Hash: 0x0AE6C7E1 | Rollbacks: 59 (Resim:  67) | Stalls:  0
[BOT:50005] Heartbeat - Sparse Mods Tracked: 2048
[HEARTBEAT] Node: 1 | Tick: 128521 | Conf: 128519 | Hash: 0xD7809C33 | Rollbacks: 46 (Resim:  49) | Stalls:  0
[HEARTBEAT] Node: 1 | Tick: 128581 | Conf: 128578 | Hash: 0xD9C57A53 | Rollbacks: 56 (Resim:  64) | Stalls:  0
[HEARTBEAT] Node: 1 | Tick: 128641 | Conf: 128639 | Hash: 0x946B86C3 | Rollbacks: 59 (Resim:  78) | Stalls:  0
[HEARTBEAT] Node: 1 | Tick: 128701 | Conf: 128699 | Hash: 0xD1574C39 | Rollbacks: 44 (Resim:  46) | Stalls:  0
[HEARTBEAT] Node: 1 | Tick: 128761 | Conf: 128759 | Hash: 0x9BEB3CAC | Rollbacks: 49 (Resim:  49) | Stalls:  0
[HEARTBEAT] Node: 1 | Tick: 128821 | Conf: 128819 | Hash: 0x1603AD53 | Rollbacks: 59 (Resim:  73) | Stalls:  0
[HEARTBEAT] Node: 1 | Tick: 128881 | Conf: 128879 | Hash: 0xD407FBF3 | Rollbacks: 44 (Resim:  50) | Stalls:  0
[HEARTBEAT] Node: 1 | Tick: 128941 | Conf: 128939 | Hash: 0x063FE97F | Rollbacks: 50 (Resim:  50) | Stalls:  0
[HEARTBEAT] Node: 1 | Tick: 129001 | Conf: 128999 | Hash: 0x038330EC | Rollbacks: 59 (Resim:  69) | Stalls:  0
[HEARTBEAT] Node: 1 | Tick: 129061 | Conf: 129059 | Hash: 0x75636A99 | Rollbacks: 60 (Resim:  60) | Stalls:  0
[BOT:50005] Heartbeat - Sparse Mods Tracked: 2048
[HEARTBEAT] Node: 1 | Tick: 129121 | Conf: 129118 | Hash: 0x382A4D78 | Rollbacks: 58 (Resim:  70) | Stalls:  0
[HEARTBEAT] Node: 1 | Tick: 129181 | Conf: 129179 | Hash: 0x7AAD24B6 | Rollbacks: 47 (Resim:  48) | Stalls:  0
[HEARTBEAT] Node: 1 | Tick: 129241 | Conf: 129238 | Hash: 0x37F2A1CA | Rollbacks: 58 (Resim:  64) | Stalls:  0
[HEARTBEAT] Node: 1 | Tick: 129301 | Conf: 129299 | Hash: 0x94262208 | Rollbacks: 46 (Resim:  50) | Stalls:  0
[HEARTBEAT] Node: 1 | Tick: 129361 | Conf: 129358 | Hash: 0x5223F705 | Rollbacks: 55 (Resim:  70) | Stalls:  0
[HEARTBEAT] Node: 1 | Tick: 129421 | Conf: 129419 | Hash: 0x12525708 | Rollbacks: 50 (Resim:  58) | Stalls:  0
[HEARTBEAT] Node: 1 | Tick: 129481 | Conf: 129478 | Hash: 0x65985E2D | Rollbacks: 59 (Resim:  61) | Stalls:  0
[HEARTBEAT] Node: 1 | Tick: 129541 | Conf: 129539 | Hash: 0xCC7A17FC | Rollbacks: 51 (Resim:  60) | Stalls:  0
[HEARTBEAT] Node: 1 | Tick: 129601 | Conf: 129599 | Hash: 0xFCCB5B6F | Rollbacks: 51 (Resim:  54) | Stalls:  0
[HEARTBEAT] Node: 1 | Tick: 129661 | Conf: 129658 | Hash: 0xFAE55090 | Rollbacks: 59 (Resim:  62) | Stalls:  0
[BOT:50005] Heartbeat - Sparse Mods Tracked: 2048
[HEARTBEAT] Node: 1 | Tick: 129721 | Conf: 129719 | Hash: 0xA8B2A71D | Rollbacks: 50 (Resim:  64) | Stalls:  0
[HEARTBEAT] Node: 1 | Tick: 129781 | Conf: 129779 | Hash: 0x997438B6 | Rollbacks: 55 (Resim:  55) | Stalls:  0
[HEARTBEAT] Node: 1 | Tick: 129841 | Conf: 129839 | Hash: 0x94D86E3D | Rollbacks: 59 (Resim:  63) | Stalls:  0
[HEARTBEAT] Node: 1 | Tick: 129901 | Conf: 129899 | Hash: 0x49F57EDC | Rollbacks: 47 (Resim:  67) | Stalls:  0
[HEARTBEAT] Node: 1 | Tick: 129961 | Conf: 129959 | Hash: 0x45C7DFF6 | Rollbacks: 57 (Resim:  59) | Stalls:  0
[HEARTBEAT] Node: 1 | Tick: 130021 | Conf: 130018 | Hash: 0x996CB0CA | Rollbacks: 56 (Resim:  64) | Stalls:  0
[HEARTBEAT] Node: 1 | Tick: 130081 | Conf: 130079 | Hash: 0xE8AC005C | Rollbacks: 45 (Resim:  56) | Stalls:  0
[HEARTBEAT] Node: 1 | Tick: 130141 | Conf: 130139 | Hash: 0xF3897822 | Rollbacks: 59 (Resim:  61) | Stalls:  0
[HEARTBEAT] Node: 1 | Tick: 130201 | Conf: 130199 | Hash: 0xD99626D9 | Rollbacks: 56 (Resim:  69) | Stalls:  0
[HEARTBEAT] Node: 1 | Tick: 130261 | Conf: 130259 | Hash: 0x0434D315 | Rollbacks: 53 (Resim:  53) | Stalls:  0
[BOT:50005] Heartbeat - Sparse Mods Tracked: 2048
[HEARTBEAT] Node: 1 | Tick: 130321 | Conf: 130319 | Hash: 0x9517BCA2 | Rollbacks: 52 (Resim:  52) | Stalls:  0
[HEARTBEAT] Node: 1 | Tick: 130381 | Conf: 130379 | Hash: 0x97B9C545 | Rollbacks: 58 (Resim:  76) | Stalls:  0
[HEARTBEAT] Node: 1 | Tick: 130441 | Conf: 130439 | Hash: 0xD025A520 | Rollbacks: 44 (Resim:  44) | Stalls:  0
[HEARTBEAT] Node: 1 | Tick: 130501 | Conf: 130499 | Hash: 0x61DAEEAE | Rollbacks: 60 (Resim:  60) | Stalls:  0
[HEARTBEAT] Node: 1 | Tick: 130561 | Conf: 130559 | Hash: 0x90B0FDF6 | Rollbacks: 51 (Resim:  78) | Stalls:  0
[HEARTBEAT] Node: 1 | Tick: 130621 | Conf: 130619 | Hash: 0x9E8919EF | Rollbacks: 59 (Resim:  66) | Stalls:  0
[HEARTBEAT] Node: 1 | Tick: 130681 | Conf: 130679 | Hash: 0x5A4420F1 | Rollbacks: 58 (Resim:  61) | Stalls:  0
[HEARTBEAT] Node: 1 | Tick: 130741 | Conf: 130738 | Hash: 0x93DEE760 | Rollbacks: 59 (Resim:  85) | Stalls:  0
[HEARTBEAT] Node: 1 | Tick: 130801 | Conf: 130799 | Hash: 0xD5DDD199 | Rollbacks: 55 (Resim:  58) | Stalls:  0
[BOT:50005] Heartbeat - Sparse Mods Tracked: 2048
[HEARTBEAT] Node: 1 | Tick: 130861 | Conf: 130859 | Hash: 0x400CF2CA | Rollbacks: 50 (Resim:  51) | Stalls:  0
[HEARTBEAT] Node: 1 | Tick: 130921 | Conf: 130918 | Hash: 0x0E6FB060 | Rollbacks: 59 (Resim:  79) | Stalls:  0
[HEARTBEAT] Node: 1 | Tick: 130981 | Conf: 130979 | Hash: 0xC9E61A85 | Rollbacks: 53 (Resim:  62) | Stalls:  0
[HEARTBEAT] Node: 1 | Tick: 131041 | Conf: 131039 | Hash: 0xB641A929 | Rollbacks: 48 (Resim:  48) | Stalls:  0
[HEARTBEAT] Node: 1 | Tick: 131101 | Conf: 131098 | Hash: 0xA7266EC7 | Rollbacks: 58 (Resim:  64) | Stalls:  0
[HEARTBEAT] Node: 1 | Tick: 131161 | Conf: 131159 | Hash: 0x652DE7C3 | Rollbacks: 56 (Resim:  79) | Stalls:  0
[HEARTBEAT] Node: 1 | Tick: 131221 | Conf: 131219 | Hash: 0x9CEC88AA | Rollbacks: 60 (Resim:  60) | Stalls:  0
[HEARTBEAT] Node: 1 | Tick: 131281 | Conf: 131279 | Hash: 0xAEBE74BA | Rollbacks: 55 (Resim:  67) | Stalls:  0
[HEARTBEAT] Node: 1 | Tick: 131341 | Conf: 131339 | Hash: 0xBD30F496 | Rollbacks: 44 (Resim:  45) | Stalls:  0
[HEARTBEAT] Node: 1 | Tick: 131401 | Conf: 131398 | Hash: 0xC3997CF1 | Rollbacks: 59 (Resim:  76) | Stalls:  0
[BOT:50005] Heartbeat - Sparse Mods Tracked: 2048
[HEARTBEAT] Node: 1 | Tick: 131461 | Conf: 131459 | Hash: 0x7F1E4F25 | Rollbacks: 59 (Resim:  64) | Stalls:  0
[HEARTBEAT] Node: 1 | Tick: 131521 | Conf: 131519 | Hash: 0xCA6F1DDF | Rollbacks: 47 (Resim:  51) | Stalls:  0
[HEARTBEAT] Node: 1 | Tick: 131581 | Conf: 131579 | Hash: 0x052A2BB6 | Rollbacks: 45 (Resim:  48) | Stalls:  0
[HEARTBEAT] Node: 1 | Tick: 131641 | Conf: 131639 | Hash: 0x502CA253 | Rollbacks: 50 (Resim:  53) | Stalls:  0
[HEARTBEAT] Node: 1 | Tick: 131701 | Conf: 131699 | Hash: 0x6AE57751 | Rollbacks: 58 (Resim:  58) | Stalls:  0
[HEARTBEAT] Node: 1 | Tick: 131761 | Conf: 131759 | Hash: 0x84FF1AC6 | Rollbacks: 58 (Resim:  73) | Stalls:  0
[HEARTBEAT] Node: 1 | Tick: 131821 | Conf: 131819 | Hash: 0x082F3DA0 | Rollbacks: 56 (Resim:  59) | Stalls:  0
[HEARTBEAT] Node: 1 | Tick: 131881 | Conf: 131878 | Hash: 0xBFB40A93 | Rollbacks: 51 (Resim:  53) | Stalls:  0
[HEARTBEAT] Node: 1 | Tick: 131941 | Conf: 131939 | Hash: 0xC615D5C0 | Rollbacks: 59 (Resim:  74) | Stalls:  0
[HEARTBEAT] Node: 1 | Tick: 132001 | Conf: 131999 | Hash: 0xD817E4E6 | Rollbacks: 54 (Resim:  54) | Stalls:  0
[BOT:50005] Heartbeat - Sparse Mods Tracked: 2048
[HEARTBEAT] Node: 1 | Tick: 132061 | Conf: 132058 | Hash: 0xB9EE5AE1 | Rollbacks: 58 (Resim:  68) | Stalls:  0
[HEARTBEAT] Node: 1 | Tick: 132121 | Conf: 132119 | Hash: 0x59CFA135 | Rollbacks: 53 (Resim:  54) | Stalls:  0
[HEARTBEAT] Node: 1 | Tick: 132181 | Conf: 132179 | Hash: 0xC702AC5F | Rollbacks: 54 (Resim:  76) | Stalls:  0
[HEARTBEAT] Node: 1 | Tick: 132241 | Conf: 132239 | Hash: 0x026FDDDF | Rollbacks: 57 (Resim:  60) | Stalls:  0
[HEARTBEAT] Node: 1 | Tick: 132301 | Conf: 132299 | Hash: 0xABF60B61 | Rollbacks: 55 (Resim:  73) | Stalls:  0
[HEARTBEAT] Node: 1 | Tick: 132361 | Conf: 132359 | Hash: 0x71219FB5 | Rollbacks: 46 (Resim:  48) | Stalls:  0
[HEARTBEAT] Node: 1 | Tick: 132421 | Conf: 132419 | Hash: 0x32027E90 | Rollbacks: 46 (Resim:  48) | Stalls:  0
[HEARTBEAT] Node: 1 | Tick: 132481 | Conf: 132479 | Hash: 0xB97AB0A2 | Rollbacks: 58 (Resim:  76) | Stalls:  0
[HEARTBEAT] Node: 1 | Tick: 132541 | Conf: 132539 | Hash: 0x7E226F6E | Rollbacks: 52 (Resim:  52) | Stalls:  0
[HEARTBEAT] Node: 1 | Tick: 132601 | Conf: 132599 | Hash: 0xA9BCF3C9 | Rollbacks: 59 (Resim:  68) | Stalls:  0
[BOT:50005] Heartbeat - Sparse Mods Tracked: 2048
[HEARTBEAT] Node: 1 | Tick: 132661 | Conf: 132659 | Hash: 0x8D82453B | Rollbacks: 59 (Resim:  62) | Stalls:  0
[HEARTBEAT] Node: 1 | Tick: 132721 | Conf: 132719 | Hash: 0x835C4BDE | Rollbacks: 59 (Resim:  70) | Stalls:  0
[HEARTBEAT] Node: 1 | Tick: 132781 | Conf: 132779 | Hash: 0x1626B11F | Rollbacks: 45 (Resim:  45) | Stalls:  0
[HEARTBEAT] Node: 1 | Tick: 132841 | Conf: 132839 | Hash: 0xE86AC9A3 | Rollbacks: 58 (Resim:  69) | Stalls:  0
[HEARTBEAT] Node: 1 | Tick: 132901 | Conf: 132899 | Hash: 0x36986809 | Rollbacks: 46 (Resim:  46) | Stalls:  0
[HEARTBEAT] Node: 1 | Tick: 132961 | Conf: 132959 | Hash: 0x646BBE39 | Rollbacks: 59 (Resim:  59) | Stalls:  0
[HEARTBEAT] Node: 1 | Tick: 133021 | Conf: 133019 | Hash: 0x59D577B7 | Rollbacks: 44 (Resim:  58) | Stalls:  0
[HEARTBEAT] Node: 1 | Tick: 133081 | Conf: 133079 | Hash: 0x6DA301EF | Rollbacks: 58 (Resim:  60) | Stalls:  0
[HEARTBEAT] Node: 1 | Tick: 133141 | Conf: 133139 | Hash: 0x6D5327DF | Rollbacks: 54 (Resim:  73) | Stalls:  0
[HEARTBEAT] Node: 1 | Tick: 133201 | Conf: 133199 | Hash: 0x9846E8E5 | Rollbacks: 51 (Resim:  52) | Stalls:  0
[BOT:50005] Heartbeat - Sparse Mods Tracked: 2048
[HEARTBEAT] Node: 1 | Tick: 133261 | Conf: 133259 | Hash: 0x6F7FDB11 | Rollbacks: 54 (Resim:  56) | Stalls:  0
[HEARTBEAT] Node: 1 | Tick: 133321 | Conf: 133319 | Hash: 0xDC4F1C57 | Rollbacks: 59 (Resim:  70) | Stalls:  0
[HEARTBEAT] Node: 1 | Tick: 133381 | Conf: 133379 | Hash: 0x03F6E3CA | Rollbacks: 48 (Resim:  49) | Stalls:  0
[HEARTBEAT] Node: 1 | Tick: 133441 | Conf: 133439 | Hash: 0x07A32338 | Rollbacks: 56 (Resim:  74) | Stalls:  0
[HEARTBEAT] Node: 1 | Tick: 133501 | Conf: 133499 | Hash: 0x19895F71 | Rollbacks: 43 (Resim:  46) | Stalls:  0
[HEARTBEAT] Node: 1 | Tick: 133561 | Conf: 133559 | Hash: 0xB46642D7 | Rollbacks: 55 (Resim:  56) | Stalls:  0
[HEARTBEAT] Node: 1 | Tick: 133621 | Conf: 133619 | Hash: 0x555CE550 | Rollbacks: 59 (Resim:  75) | Stalls:  0
[HEARTBEAT] Node: 1 | Tick: 133681 | Conf: 133679 | Hash: 0x0CBBF8E7 | Rollbacks: 46 (Resim:  49) | Stalls:  0
[HEARTBEAT] Node: 1 | Tick: 133741 | Conf: 133739 | Hash: 0x9C96F5BE | Rollbacks: 56 (Resim:  56) | Stalls:  0
[HEARTBEAT] Node: 1 | Tick: 133801 | Conf: 133799 | Hash: 0xF710585C | Rollbacks: 59 (Resim:  82) | Stalls:  0
[BOT:50005] Heartbeat - Sparse Mods Tracked: 2048
[HEARTBEAT] Node: 1 | Tick: 133861 | Conf: 133859 | Hash: 0xB495B344 | Rollbacks: 56 (Resim:  61) | Stalls:  0
[HEARTBEAT] Node: 1 | Tick: 133921 | Conf: 133919 | Hash: 0xF3654C53 | Rollbacks: 52 (Resim:  52) | Stalls:  0
[HEARTBEAT] Node: 1 | Tick: 133981 | Conf: 133978 | Hash: 0xC78F53AC | Rollbacks: 58 (Resim:  73) | Stalls:  0
[HEARTBEAT] Node: 1 | Tick: 134041 | Conf: 134039 | Hash: 0xF0692C7A | Rollbacks: 58 (Resim:  69) | Stalls:  0
[HEARTBEAT] Node: 1 | Tick: 134101 | Conf: 134099 | Hash: 0x26E42882 | Rollbacks: 49 (Resim:  49) | Stalls:  0
[HEARTBEAT] Node: 1 | Tick: 134161 | Conf: 134159 | Hash: 0x89F5FFD3 | Rollbacks: 46 (Resim:  46) | Stalls:  0
[HEARTBEAT] Node: 1 | Tick: 134221 | Conf: 134219 | Hash: 0x7E1A74AF | Rollbacks: 55 (Resim:  55) | Stalls:  0
[HEARTBEAT] Node: 1 | Tick: 134281 | Conf: 134279 | Hash: 0xF70AAB56 | Rollbacks: 58 (Resim:  70) | Stalls:  0
[HEARTBEAT] Node: 1 | Tick: 134341 | Conf: 134339 | Hash: 0xCE363DD6 | Rollbacks: 59 (Resim:  59) | Stalls:  0
[HEARTBEAT] Node: 1 | Tick: 134401 | Conf: 134399 | Hash: 0x9ABCE8EF | Rollbacks: 54 (Resim:  70) | Stalls:  0
[BOT:50005] Heartbeat - Sparse Mods Tracked: 2048
[HEARTBEAT] Node: 1 | Tick: 134461 | Conf: 134459 | Hash: 0xA07F463E | Rollbacks: 49 (Resim:  49) | Stalls:  0
[HEARTBEAT] Node: 1 | Tick: 134521 | Conf: 134519 | Hash: 0x0D61EDCD | Rollbacks: 59 (Resim:  63) | Stalls:  0
[HEARTBEAT] Node: 1 | Tick: 134581 | Conf: 134579 | Hash: 0x7ED9F677 | Rollbacks: 56 (Resim:  64) | Stalls:  0
[HEARTBEAT] Node: 1 | Tick: 134641 | Conf: 134638 | Hash: 0x1C636CF9 | Rollbacks: 56 (Resim:  72) | Stalls:  0
[HEARTBEAT] Node: 1 | Tick: 134701 | Conf: 134699 | Hash: 0x52D22CB4 | Rollbacks: 46 (Resim:  47) | Stalls:  0
[HEARTBEAT] Node: 1 | Tick: 134761 | Conf: 134758 | Hash: 0x46E39F33 | Rollbacks: 55 (Resim:  58) | Stalls:  0
[HEARTBEAT] Node: 1 | Tick: 134821 | Conf: 134819 | Hash: 0xDB93D836 | Rollbacks: 54 (Resim:  74) | Stalls:  0
[HEARTBEAT] Node: 1 | Tick: 134881 | Conf: 134879 | Hash: 0x1BA61ED4 | Rollbacks: 46 (Resim:  46) | Stalls:  0
[HEARTBEAT] Node: 1 | Tick: 134941 | Conf: 134939 | Hash: 0xBEA4D036 | Rollbacks: 59 (Resim:  62) | Stalls:  0
[BOT:50005] Heartbeat - Sparse Mods Tracked: 2048
[HEARTBEAT] Node: 1 | Tick: 135001 | Conf: 134999 | Hash: 0x98FE4268 | Rollbacks: 50 (Resim:  70) | Stalls:  0
[HEARTBEAT] Node: 1 | Tick: 135061 | Conf: 135059 | Hash: 0xEAEBEC0C | Rollbacks: 50 (Resim:  53) | Stalls:  0
[HEARTBEAT] Node: 1 | Tick: 135121 | Conf: 135119 | Hash: 0xE45C0D58 | Rollbacks: 59 (Resim:  66) | Stalls:  0
[HEARTBEAT] Node: 1 | Tick: 135181 | Conf: 135179 | Hash: 0x9D1B4BEA | Rollbacks: 47 (Resim:  54) | Stalls:  0
[HEARTBEAT] Node: 1 | Tick: 135241 | Conf: 135239 | Hash: 0x7E4C728D | Rollbacks: 58 (Resim:  83) | Stalls:  0
[HEARTBEAT] Node: 1 | Tick: 135301 | Conf: 135299 | Hash: 0xF8828E1B | Rollbacks: 45 (Resim:  47) | Stalls:  0
[HEARTBEAT] Node: 1 | Tick: 135361 | Conf: 135358 | Hash: 0x0BC605E4 | Rollbacks: 57 (Resim:  61) | Stalls:  0
[HEARTBEAT] Node: 1 | Tick: 135421 | Conf: 135419 | Hash: 0xFCEAE239 | Rollbacks: 47 (Resim:  60) | Stalls:  0
[HEARTBEAT] Node: 1 | Tick: 135481 | Conf: 135479 | Hash: 0x97315E61 | Rollbacks: 60 (Resim:  60) | Stalls:  0
[HEARTBEAT] Node: 1 | Tick: 135541 | Conf: 135539 | Hash: 0x923B7830 | Rollbacks: 47 (Resim:  63) | Stalls:  0
[BOT:50005] Heartbeat - Sparse Mods Tracked: 2048
[HEARTBEAT] Node: 1 | Tick: 135601 | Conf: 135599 | Hash: 0x72265B50 | Rollbacks: 58 (Resim:  63) | Stalls:  0
[HEARTBEAT] Node: 1 | Tick: 135661 | Conf: 135659 | Hash: 0xA9FF02DE | Rollbacks: 54 (Resim:  68) | Stalls:  0
[HEARTBEAT] Node: 1 | Tick: 135721 | Conf: 135719 | Hash: 0xD8FA3676 | Rollbacks: 56 (Resim:  56) | Stalls:  0
[HEARTBEAT] Node: 1 | Tick: 135781 | Conf: 135779 | Hash: 0x90F3F5B0 | Rollbacks: 59 (Resim:  71) | Stalls:  0
[HEARTBEAT] Node: 1 | Tick: 135841 | Conf: 135839 | Hash: 0x5894D555 | Rollbacks: 51 (Resim:  54) | Stalls:  0
[HEARTBEAT] Node: 1 | Tick: 135901 | Conf: 135898 | Hash: 0x2E77D579 | Rollbacks: 57 (Resim:  69) | Stalls:  0
[HEARTBEAT] Node: 1 | Tick: 135961 | Conf: 135959 | Hash: 0x244EB05B | Rollbacks: 51 (Resim:  61) | Stalls:  0
[HEARTBEAT] Node: 1 | Tick: 136021 | Conf: 136019 | Hash: 0xB189A2A7 | Rollbacks: 48 (Resim:  48) | Stalls:  0
[HEARTBEAT] Node: 1 | Tick: 136081 | Conf: 136079 | Hash: 0x5AC1B415 | Rollbacks: 60 (Resim:  60) | Stalls:  0
[HEARTBEAT] Node: 1 | Tick: 136141 | Conf: 136139 | Hash: 0x06D472A4 | Rollbacks: 51 (Resim:  64) | Stalls:  0
[BOT:50005] Heartbeat - Sparse Mods Tracked: 2048
[HEARTBEAT] Node: 1 | Tick: 136201 | Conf: 136199 | Hash: 0x3539A5A5 | Rollbacks: 59 (Resim:  85) | Stalls:  0
[HEARTBEAT] Node: 1 | Tick: 136261 | Conf: 136259 | Hash: 0x1687EA32 | Rollbacks: 55 (Resim:  58) | Stalls:  0
[HEARTBEAT] Node: 1 | Tick: 136321 | Conf: 136319 | Hash: 0x732550F5 | Rollbacks: 35 (Resim:  37) | Stalls:  0
[HEARTBEAT] Node: 1 | Tick: 136381 | Conf: 136379 | Hash: 0x45F14109 | Rollbacks: 53 (Resim:  76) | Stalls:  0
[HEARTBEAT] Node: 1 | Tick: 136441 | Conf: 136439 | Hash: 0x849A7207 | Rollbacks: 54 (Resim:  60) | Stalls:  0
[HEARTBEAT] Node: 1 | Tick: 136501 | Conf: 136499 | Hash: 0x2C85AC83 | Rollbacks: 44 (Resim:  44) | Stalls:  0
[HEARTBEAT] Node: 1 | Tick: 136561 | Conf: 136559 | Hash: 0x6654DEAA | Rollbacks: 47 (Resim:  47) | Stalls:  0
[HEARTBEAT] Node: 1 | Tick: 136621 | Conf: 136619 | Hash: 0x68FDE930 | Rollbacks: 39 (Resim:  42) | Stalls:  0
[HEARTBEAT] Node: 1 | Tick: 136681 | Conf: 136679 | Hash: 0xA9A2D0D5 | Rollbacks: 54 (Resim:  79) | Stalls:  0
[HEARTBEAT] Node: 1 | Tick: 136741 | Conf: 136739 | Hash: 0xEFED506E | Rollbacks: 52 (Resim:  56) | Stalls:  0
[BOT:50005] Heartbeat - Sparse Mods Tracked: 2048
[HEARTBEAT] Node: 1 | Tick: 136801 | Conf: 136799 | Hash: 0xC0770646 | Rollbacks: 59 (Resim:  77) | Stalls:  0
[HEARTBEAT] Node: 1 | Tick: 136861 | Conf: 136859 | Hash: 0x820B8832 | Rollbacks: 59 (Resim:  66) | Stalls:  0
[HEARTBEAT] Node: 1 | Tick: 136921 | Conf: 136919 | Hash: 0x513EA2D2 | Rollbacks: 42 (Resim:  42) | Stalls:  0
[HEARTBEAT] Node: 1 | Tick: 136981 | Conf: 136979 | Hash: 0x77398680 | Rollbacks: 58 (Resim:  75) | Stalls:  0
[HEARTBEAT] Node: 1 | Tick: 137041 | Conf: 137039 | Hash: 0x796BB267 | Rollbacks: 59 (Resim:  68) | Stalls:  0
[HEARTBEAT] Node: 1 | Tick: 137101 | Conf: 137099 | Hash: 0xE964E2C5 | Rollbacks: 44 (Resim:  49) | Stalls:  0
[HEARTBEAT] Node: 1 | Tick: 137161 | Conf: 137159 | Hash: 0x5647AAD9 | Rollbacks: 44 (Resim:  49) | Stalls:  0
[HEARTBEAT] Node: 1 | Tick: 137221 | Conf: 137219 | Hash: 0x74119650 | Rollbacks: 42 (Resim:  42) | Stalls:  0
[HEARTBEAT] Node: 1 | Tick: 137281 | Conf: 137279 | Hash: 0x9E870A1F | Rollbacks: 59 (Resim:  74) | Stalls:  0
[HEARTBEAT] Node: 1 | Tick: 137341 | Conf: 137339 | Hash: 0x86F33D58 | Rollbacks: 59 (Resim:  61) | Stalls:  0
[BOT:50005] Heartbeat - Sparse Mods Tracked: 2048
[HEARTBEAT] Node: 1 | Tick: 137401 | Conf: 137398 | Hash: 0x8DA59879 | Rollbacks: 59 (Resim:  60) | Stalls:  0
[HEARTBEAT] Node: 1 | Tick: 137461 | Conf: 137459 | Hash: 0xE9304B8A | Rollbacks: 52 (Resim:  61) | Stalls:  0
[HEARTBEAT] Node: 1 | Tick: 137521 | Conf: 137519 | Hash: 0xABDEABB9 | Rollbacks: 58 (Resim:  80) | Stalls:  0
[HEARTBEAT] Node: 1 | Tick: 137581 | Conf: 137579 | Hash: 0x83F06440 | Rollbacks: 52 (Resim:  56) | Stalls:  0
[HEARTBEAT] Node: 1 | Tick: 137641 | Conf: 137638 | Hash: 0x8D9C8A89 | Rollbacks: 55 (Resim:  60) | Stalls:  0
[HEARTBEAT] Node: 1 | Tick: 137701 | Conf: 137699 | Hash: 0xA9C4C363 | Rollbacks: 49 (Resim:  71) | Stalls:  0
[HEARTBEAT] Node: 1 | Tick: 137761 | Conf: 137759 | Hash: 0xB9CAD5E0 | Rollbacks: 54 (Resim:  54) | Stalls:  0
[HEARTBEAT] Node: 1 | Tick: 137821 | Conf: 137819 | Hash: 0x03A553D7 | Rollbacks: 59 (Resim:  76) | Stalls:  0
[HEARTBEAT] Node: 1 | Tick: 137881 | Conf: 137879 | Hash: 0x83376965 | Rollbacks: 53 (Resim:  53) | Stalls:  0
[HEARTBEAT] Node: 1 | Tick: 137941 | Conf: 137939 | Hash: 0x7CE06406 | Rollbacks: 59 (Resim:  70) | Stalls:  0
[BOT:50005] Heartbeat - Sparse Mods Tracked: 2048
[HEARTBEAT] Node: 1 | Tick: 138001 | Conf: 137999 | Hash: 0x2DD6F8C5 | Rollbacks: 58 (Resim:  63) | Stalls:  0
[HEARTBEAT] Node: 1 | Tick: 138061 | Conf: 138058 | Hash: 0x7056A494 | Rollbacks: 59 (Resim:  76) | Stalls:  0
[HEARTBEAT] Node: 1 | Tick: 138121 | Conf: 138119 | Hash: 0x3CB072A2 | Rollbacks: 53 (Resim:  57) | Stalls:  0
[HEARTBEAT] Node: 1 | Tick: 138181 | Conf: 138179 | Hash: 0x8F154EBD | Rollbacks: 51 (Resim:  51) | Stalls:  0
[HEARTBEAT] Node: 1 | Tick: 138241 | Conf: 138239 | Hash: 0x372EEC2F | Rollbacks: 56 (Resim:  71) | Stalls:  0
[HEARTBEAT] Node: 1 | Tick: 138301 | Conf: 138299 | Hash: 0x84C319D8 | Rollbacks: 59 (Resim:  61) | Stalls:  0
[HEARTBEAT] Node: 1 | Tick: 138361 | Conf: 138359 | Hash: 0x9F07908F | Rollbacks: 45 (Resim:  45) | Stalls:  0
[HEARTBEAT] Node: 1 | Tick: 138421 | Conf: 138418 | Hash: 0x2AB72A31 | Rollbacks: 59 (Resim:  73) | Stalls:  0
[HEARTBEAT] Node: 1 | Tick: 138481 | Conf: 138479 | Hash: 0x59810BE4 | Rollbacks: 59 (Resim:  67) | Stalls:  0
[HEARTBEAT] Node: 1 | Tick: 138541 | Conf: 138539 | Hash: 0xC9BCF12E | Rollbacks: 58 (Resim:  58) | Stalls:  0
[BOT:50005] Heartbeat - Sparse Mods Tracked: 2048
[HEARTBEAT] Node: 1 | Tick: 138601 | Conf: 138599 | Hash: 0x5BFFE37A | Rollbacks: 58 (Resim:  62) | Stalls:  0
[HEARTBEAT] Node: 1 | Tick: 138661 | Conf: 138659 | Hash: 0x4BC6864F | Rollbacks: 45 (Resim:  45) | Stalls:  0
[HEARTBEAT] Node: 1 | Tick: 138721 | Conf: 138719 | Hash: 0xD338192B | Rollbacks: 49 (Resim:  53) | Stalls:  0
[HEARTBEAT] Node: 1 | Tick: 138781 | Conf: 138779 | Hash: 0xCC0C2C50 | Rollbacks: 46 (Resim:  46) | Stalls:  0
[HEARTBEAT] Node: 1 | Tick: 138841 | Conf: 138839 | Hash: 0xA2F6CE4D | Rollbacks: 54 (Resim:  54) | Stalls:  0
[HEARTBEAT] Node: 1 | Tick: 138901 | Conf: 138899 | Hash: 0x91A23299 | Rollbacks: 58 (Resim:  76) | Stalls:  0
[HEARTBEAT] Node: 1 | Tick: 138961 | Conf: 138959 | Hash: 0x86A83A29 | Rollbacks: 60 (Resim:  60) | Stalls:  0
[HEARTBEAT] Node: 1 | Tick: 139021 | Conf: 139019 | Hash: 0x1983FE60 | Rollbacks: 58 (Resim:  77) | Stalls:  0
[HEARTBEAT] Node: 1 | Tick: 139081 | Conf: 139079 | Hash: 0xB9C6B47D | Rollbacks: 56 (Resim:  59) | Stalls:  0
[BOT:50005] Heartbeat - Sparse Mods Tracked: 2048
[HEARTBEAT] Node: 1 | Tick: 139141 | Conf: 139138 | Hash: 0x50AD57DF | Rollbacks: 58 (Resim:  60) | Stalls:  0
[HEARTBEAT] Node: 1 | Tick: 139201 | Conf: 139199 | Hash: 0xC527EB9D | Rollbacks: 47 (Resim:  62) | Stalls:  0
[HEARTBEAT] Node: 1 | Tick: 139261 | Conf: 139259 | Hash: 0x2F56CBCA | Rollbacks: 54 (Resim:  54) | Stalls:  0
[HEARTBEAT] Node: 1 | Tick: 139321 | Conf: 139319 | Hash: 0xC53BE6A2 | Rollbacks: 59 (Resim:  73) | Stalls:  0
[HEARTBEAT] Node: 1 | Tick: 139381 | Conf: 139379 | Hash: 0x529174DF | Rollbacks: 60 (Resim:  60) | Stalls:  0
[HEARTBEAT] Node: 1 | Tick: 139441 | Conf: 139439 | Hash: 0x163DECAA | Rollbacks: 59 (Resim:  71) | Stalls:  0
[HEARTBEAT] Node: 1 | Tick: 139501 | Conf: 139498 | Hash: 0x4BFA02B6 | Rollbacks: 57 (Resim:  64) | Stalls:  0
[HEARTBEAT] Node: 1 | Tick: 139561 | Conf: 139559 | Hash: 0xFA9DE99D | Rollbacks: 52 (Resim:  64) | Stalls:  0
[HEARTBEAT] Node: 1 | Tick: 139621 | Conf: 139619 | Hash: 0xFDE97990 | Rollbacks: 47 (Resim:  47) | Stalls:  0
[HEARTBEAT] Node: 1 | Tick: 139681 | Conf: 139679 | Hash: 0x890C8361 | Rollbacks: 59 (Resim:  67) | Stalls:  0
[BOT:50005] Heartbeat - Sparse Mods Tracked: 2048
[HEARTBEAT] Node: 1 | Tick: 139741 | Conf: 139739 | Hash: 0xC561EC7E | Rollbacks: 57 (Resim:  71) | Stalls:  0
[HEARTBEAT] Node: 1 | Tick: 139801 | Conf: 139799 | Hash: 0x22EAF115 | Rollbacks: 44 (Resim:  65) | Stalls:  0
[HEARTBEAT] Node: 1 | Tick: 139861 | Conf: 139859 | Hash: 0xB43087E8 | Rollbacks: 52 (Resim:  53) | Stalls:  0
[HEARTBEAT] Node: 1 | Tick: 139921 | Conf: 139919 | Hash: 0x1670ABC1 | Rollbacks: 59 (Resim:  79) | Stalls:  0
[HEARTBEAT] Node: 1 | Tick: 139981 | Conf: 139979 | Hash: 0xE070A0BB | Rollbacks: 49 (Resim:  51) | Stalls:  0
[HEARTBEAT] Node: 1 | Tick: 140041 | Conf: 140039 | Hash: 0x4EF9AE50 | Rollbacks: 60 (Resim:  60) | Stalls:  0
[HEARTBEAT] Node: 1 | Tick: 140101 | Conf: 140099 | Hash: 0x3429E930 | Rollbacks: 52 (Resim:  69) | Stalls:  0
[HEARTBEAT] Node: 1 | Tick: 140161 | Conf: 140159 | Hash: 0xC699CB25 | Rollbacks: 60 (Resim:  60) | Stalls:  0
[HEARTBEAT] Node: 1 | Tick: 140221 | Conf: 140219 | Hash: 0xB3EFD913 | Rollbacks: 59 (Resim:  78) | Stalls:  0
[HEARTBEAT] Node: 1 | Tick: 140281 | Conf: 140279 | Hash: 0x1982C9CC | Rollbacks: 48 (Resim:  52) | Stalls:  0
[BOT:50005] Heartbeat - Sparse Mods Tracked: 2048
[HEARTBEAT] Node: 1 | Tick: 140341 | Conf: 140339 | Hash: 0x92CC539F | Rollbacks: 50 (Resim:  53) | Stalls:  0
[HEARTBEAT] Node: 1 | Tick: 140401 | Conf: 140398 | Hash: 0xD6853159 | Rollbacks: 59 (Resim:  72) | Stalls:  0
[HEARTBEAT] Node: 1 | Tick: 140461 | Conf: 140459 | Hash: 0x96DECA54 | Rollbacks: 57 (Resim:  75) | Stalls:  0
[HEARTBEAT] Node: 1 | Tick: 140521 | Conf: 140519 | Hash: 0x8038E841 | Rollbacks: 59 (Resim:  59) | Stalls:  0
[HEARTBEAT] Node: 1 | Tick: 140581 | Conf: 140579 | Hash: 0x36CC095C | Rollbacks: 53 (Resim:  68) | Stalls:  0
[HEARTBEAT] Node: 1 | Tick: 140641 | Conf: 140638 | Hash: 0xB5C547C5 | Rollbacks: 55 (Resim:  56) | Stalls:  0
[HEARTBEAT] Node: 1 | Tick: 140701 | Conf: 140699 | Hash: 0xE191A5DB | Rollbacks: 59 (Resim:  75) | Stalls:  0
[HEARTBEAT] Node: 1 | Tick: 140761 | Conf: 140759 | Hash: 0x469AE4D9 | Rollbacks: 48 (Resim:  48) | Stalls:  0
[HEARTBEAT] Node: 1 | Tick: 140821 | Conf: 140818 | Hash: 0x32780CDC | Rollbacks: 56 (Resim:  58) | Stalls:  0
[HEARTBEAT] Node: 1 | Tick: 140881 | Conf: 140879 | Hash: 0xDF2245EF | Rollbacks: 48 (Resim:  67) | Stalls:  0
[BOT:50005] Heartbeat - Sparse Mods Tracked: 2048
[HEARTBEAT] Node: 1 | Tick: 140941 | Conf: 140939 | Hash: 0x4F15B83F | Rollbacks: 60 (Resim:  60) | Stalls:  0
[HEARTBEAT] Node: 1 | Tick: 141001 | Conf: 140999 | Hash: 0x9473005C | Rollbacks: 48 (Resim:  60) | Stalls:  0
[HEARTBEAT] Node: 1 | Tick: 141061 | Conf: 141059 | Hash: 0x5EFC10FA | Rollbacks: 55 (Resim:  55) | Stalls:  0
[HEARTBEAT] Node: 1 | Tick: 141121 | Conf: 141119 | Hash: 0x782E5BDA | Rollbacks: 58 (Resim:  62) | Stalls:  0
[HEARTBEAT] Node: 1 | Tick: 141181 | Conf: 141178 | Hash: 0x400F06AA | Rollbacks: 54 (Resim:  60) | Stalls:  0
[HEARTBEAT] Node: 1 | Tick: 141241 | Conf: 141239 | Hash: 0xB0193F04 | Rollbacks: 55 (Resim:  78) | Stalls:  0
[HEARTBEAT] Node: 1 | Tick: 141301 | Conf: 141299 | Hash: 0xC7DA4EE6 | Rollbacks: 43 (Resim:  43) | Stalls:  0
[HEARTBEAT] Node: 1 | Tick: 141361 | Conf: 141359 | Hash: 0xBB5CEBDB | Rollbacks: 58 (Resim:  58) | Stalls:  0
[HEARTBEAT] Node: 1 | Tick: 141421 | Conf: 141419 | Hash: 0xB4281BE9 | Rollbacks: 41 (Resim:  57) | Stalls:  0
[HEARTBEAT] Node: 1 | Tick: 141481 | Conf: 141479 | Hash: 0xF63322AA | Rollbacks: 47 (Resim:  47) | Stalls:  0
[BOT:50005] Heartbeat - Sparse Mods Tracked: 2048
[HEARTBEAT] Node: 1 | Tick: 141541 | Conf: 141539 | Hash: 0x470038F4 | Rollbacks: 56 (Resim:  56) | Stalls:  0
[HEARTBEAT] Node: 1 | Tick: 141601 | Conf: 141599 | Hash: 0x9B1D5F7A | Rollbacks: 46 (Resim:  63) | Stalls:  0
[HEARTBEAT] Node: 1 | Tick: 141661 | Conf: 141659 | Hash: 0xEEF32A58 | Rollbacks: 59 (Resim:  70) | Stalls:  0
[HEARTBEAT] Node: 1 | Tick: 141721 | Conf: 141719 | Hash: 0xB9FFD91B | Rollbacks: 53 (Resim:  55) | Stalls:  0
[HEARTBEAT] Node: 1 | Tick: 141781 | Conf: 141778 | Hash: 0xE651794B | Rollbacks: 56 (Resim:  67) | Stalls:  0
[HEARTBEAT] Node: 1 | Tick: 141841 | Conf: 141839 | Hash: 0x9A71C73D | Rollbacks: 48 (Resim:  49) | Stalls:  0
[HEARTBEAT] Node: 1 | Tick: 141901 | Conf: 141899 | Hash: 0x1EAAD48F | Rollbacks: 47 (Resim:  53) | Stalls:  0
[HEARTBEAT] Node: 1 | Tick: 141961 | Conf: 141959 | Hash: 0x072B7FDB | Rollbacks: 59 (Resim:  64) | Stalls:  0
[HEARTBEAT] Node: 1 | Tick: 142021 | Conf: 142019 | Hash: 0x078527F2 | Rollbacks: 59 (Resim:  59) | Stalls:  0
[HEARTBEAT] Node: 1 | Tick: 142081 | Conf: 142079 | Hash: 0x561041FA | Rollbacks: 58 (Resim:  79) | Stalls:  0
[BOT:50005] Heartbeat - Sparse Mods Tracked: 2048
[HEARTBEAT] Node: 1 | Tick: 142141 | Conf: 142139 | Hash: 0x16ACD142 | Rollbacks: 60 (Resim:  60) | Stalls:  0
[HEARTBEAT] Node: 1 | Tick: 142201 | Conf: 142199 | Hash: 0x610D830F | Rollbacks: 54 (Resim:  66) | Stalls:  0
[HEARTBEAT] Node: 1 | Tick: 142261 | Conf: 142259 | Hash: 0x7AAC16FE | Rollbacks: 43 (Resim:  48) | Stalls:  0
[HEARTBEAT] Node: 1 | Tick: 142321 | Conf: 142318 | Hash: 0x3A04F7CE | Rollbacks: 59 (Resim:  76) | Stalls:  0
[HEARTBEAT] Node: 1 | Tick: 142381 | Conf: 142379 | Hash: 0xDFC8FA7B | Rollbacks: 43 (Resim:  46) | Stalls:  0
[HEARTBEAT] Node: 1 | Tick: 142441 | Conf: 142438 | Hash: 0x5D3C4F7B | Rollbacks: 57 (Resim:  59) | Stalls:  0
[HEARTBEAT] Node: 1 | Tick: 142501 | Conf: 142499 | Hash: 0x6D5E73D2 | Rollbacks: 48 (Resim:  66) | Stalls:  0
[HEARTBEAT] Node: 1 | Tick: 142561 | Conf: 142559 | Hash: 0xA96B3D88 | Rollbacks: 57 (Resim:  57) | Stalls:  0
[HEARTBEAT] Node: 1 | Tick: 142621 | Conf: 142619 | Hash: 0x9A9AD3A5 | Rollbacks: 59 (Resim:  86) | Stalls:  0
[HEARTBEAT] Node: 1 | Tick: 142681 | Conf: 142679 | Hash: 0x54922331 | Rollbacks: 59 (Resim:  61) | Stalls:  0
[BOT:50005] Heartbeat - Sparse Mods Tracked: 2048
[HEARTBEAT] Node: 1 | Tick: 142741 | Conf: 142738 | Hash: 0x98E299CF | Rollbacks: 52 (Resim:  57) | Stalls:  0
[HEARTBEAT] Node: 1 | Tick: 142801 | Conf: 142799 | Hash: 0xADC74659 | Rollbacks: 54 (Resim:  72) | Stalls:  0
[HEARTBEAT] Node: 1 | Tick: 142861 | Conf: 142859 | Hash: 0x4C2E4FE5 | Rollbacks: 59 (Resim:  74) | Stalls:  0
[HEARTBEAT] Node: 1 | Tick: 142921 | Conf: 142919 | Hash: 0x65BE461B | Rollbacks: 59 (Resim:  68) | Stalls:  0
[HEARTBEAT] Node: 1 | Tick: 142981 | Conf: 142979 | Hash: 0x089F45B3 | Rollbacks: 59 (Resim:  62) | Stalls:  0
[HEARTBEAT] Node: 1 | Tick: 143041 | Conf: 143039 | Hash: 0x22519163 | Rollbacks: 57 (Resim:  64) | Stalls:  0
[HEARTBEAT] Node: 1 | Tick: 143101 | Conf: 143099 | Hash: 0xD1D8949A | Rollbacks: 59 (Resim:  61) | Stalls:  0
[HEARTBEAT] Node: 1 | Tick: 143161 | Conf: 143159 | Hash: 0x97AC6A85 | Rollbacks: 59 (Resim:  63) | Stalls:  0
[HEARTBEAT] Node: 1 | Tick: 143221 | Conf: 143219 | Hash: 0x5B0EC72E | Rollbacks: 59 (Resim:  67) | Stalls:  0
[BOT:50005] Heartbeat - Sparse Mods Tracked: 2048
[HEARTBEAT] Node: 1 | Tick: 143281 | Conf: 143279 | Hash: 0xE9501173 | Rollbacks: 49 (Resim:  49) | Stalls:  0
[HEARTBEAT] Node: 1 | Tick: 143341 | Conf: 143338 | Hash: 0x5445D459 | Rollbacks: 58 (Resim:  73) | Stalls:  0
[HEARTBEAT] Node: 1 | Tick: 143401 | Conf: 143399 | Hash: 0x768993DE | Rollbacks: 56 (Resim:  57) | Stalls:  0
[HEARTBEAT] Node: 1 | Tick: 143461 | Conf: 143458 | Hash: 0xCAB5B772 | Rollbacks: 58 (Resim:  66) | Stalls:  0
[HEARTBEAT] Node: 1 | Tick: 143521 | Conf: 143519 | Hash: 0xDBD5D591 | Rollbacks: 59 (Resim:  60) | Stalls:  0
[HEARTBEAT] Node: 1 | Tick: 143581 | Conf: 143579 | Hash: 0x7C226165 | Rollbacks: 59 (Resim:  72) | Stalls:  0
[HEARTBEAT] Node: 1 | Tick: 143641 | Conf: 143639 | Hash: 0x79A789CE | Rollbacks: 42 (Resim:  42) | Stalls:  0
[HEARTBEAT] Node: 1 | Tick: 143701 | Conf: 143699 | Hash: 0x49C7C964 | Rollbacks: 57 (Resim:  57) | Stalls:  0
[HEARTBEAT] Node: 1 | Tick: 143761 | Conf: 143759 | Hash: 0x45BC227C | Rollbacks: 58 (Resim:  82) | Stalls:  0
[HEARTBEAT] Node: 1 | Tick: 143821 | Conf: 143819 | Hash: 0x63EB7B5F | Rollbacks: 59 (Resim:  59) | Stalls:  0
[BOT:50005] Heartbeat - Sparse Mods Tracked: 2048
[HEARTBEAT] Node: 1 | Tick: 143881 | Conf: 143879 | Hash: 0x2A75E4CD | Rollbacks: 53 (Resim:  73) | Stalls:  0
[HEARTBEAT] Node: 1 | Tick: 143941 | Conf: 143939 | Hash: 0xD52E0A40 | Rollbacks: 50 (Resim:  52) | Stalls:  0
[HEARTBEAT] Node: 1 | Tick: 144001 | Conf: 143998 | Hash: 0x7495719B | Rollbacks: 54 (Resim:  55) | Stalls:  0
[HEARTBEAT] Node: 1 | Tick: 144061 | Conf: 144059 | Hash: 0xCC9D3E25 | Rollbacks: 56 (Resim:  71) | Stalls:  0
[HEARTBEAT] Node: 1 | Tick: 144121 | Conf: 144119 | Hash: 0x4C9863E3 | Rollbacks: 53 (Resim:  53) | Stalls:  0
[HEARTBEAT] Node: 1 | Tick: 144181 | Conf: 144179 | Hash: 0xA7AF3914 | Rollbacks: 59 (Resim:  62) | Stalls:  0
[HEARTBEAT] Node: 1 | Tick: 144241 | Conf: 144238 | Hash: 0x2DE4CF9A | Rollbacks: 59 (Resim:  64) | Stalls:  0
[HEARTBEAT] Node: 1 | Tick: 144301 | Conf: 144299 | Hash: 0x82BF70B3 | Rollbacks: 55 (Resim:  58) | Stalls:  0
[HEARTBEAT] Node: 1 | Tick: 144361 | Conf: 144359 | Hash: 0x24CB7137 | Rollbacks: 51 (Resim:  69) | Stalls:  0
[HEARTBEAT] Node: 1 | Tick: 144421 | Conf: 144419 | Hash: 0x5CC6E4BB | Rollbacks: 55 (Resim:  57) | Stalls:  0
[BOT:50005] Heartbeat - Sparse Mods Tracked: 2048
[HEARTBEAT] Node: 1 | Tick: 144481 | Conf: 144479 | Hash: 0xC157A6E6 | Rollbacks: 59 (Resim:  72) | Stalls:  0
[HEARTBEAT] Node: 1 | Tick: 144541 | Conf: 144538 | Hash: 0x22990E48 | Rollbacks: 52 (Resim:  52) | Stalls:  0
[HEARTBEAT] Node: 1 | Tick: 144601 | Conf: 144599 | Hash: 0xCEA4AAE4 | Rollbacks: 54 (Resim:  81) | Stalls:  0
[HEARTBEAT] Node: 1 | Tick: 144661 | Conf: 144659 | Hash: 0x2CF2CD56 | Rollbacks: 52 (Resim:  55) | Stalls:  0
[HEARTBEAT] Node: 1 | Tick: 144721 | Conf: 144719 | Hash: 0x13CD529C | Rollbacks: 49 (Resim:  49) | Stalls:  0
[HEARTBEAT] Node: 1 | Tick: 144781 | Conf: 144779 | Hash: 0x9D96E916 | Rollbacks: 53 (Resim:  53) | Stalls:  0
[HEARTBEAT] Node: 1 | Tick: 144841 | Conf: 144838 | Hash: 0x1F5045BF | Rollbacks: 58 (Resim:  67) | Stalls:  0
[HEARTBEAT] Node: 1 | Tick: 144901 | Conf: 144899 | Hash: 0xDA1B265A | Rollbacks: 53 (Resim:  71) | Stalls:  0
[HEARTBEAT] Node: 1 | Tick: 144961 | Conf: 144959 | Hash: 0xDFC34A3D | Rollbacks: 47 (Resim:  51) | Stalls:  0
[HEARTBEAT] Node: 1 | Tick: 145021 | Conf: 145019 | Hash: 0x32EE477F | Rollbacks: 43 (Resim:  43) | Stalls:  0
[BOT:50005] Heartbeat - Sparse Mods Tracked: 2048
[HEARTBEAT] Node: 1 | Tick: 145081 | Conf: 145078 | Hash: 0x1D454100 | Rollbacks: 55 (Resim:  56) | Stalls:  0
[HEARTBEAT] Node: 1 | Tick: 145141 | Conf: 145139 | Hash: 0x9538102A | Rollbacks: 59 (Resim:  76) | Stalls:  0
[HEARTBEAT] Node: 1 | Tick: 145201 | Conf: 145199 | Hash: 0x69347F4B | Rollbacks: 47 (Resim:  49) | Stalls:  0
[HEARTBEAT] Node: 1 | Tick: 145261 | Conf: 145259 | Hash: 0xBB6CDECF | Rollbacks: 57 (Resim:  67) | Stalls:  0
[HEARTBEAT] Node: 1 | Tick: 145321 | Conf: 145319 | Hash: 0x218307FB | Rollbacks: 59 (Resim:  77) | Stalls:  0
[HEARTBEAT] Node: 1 | Tick: 145381 | Conf: 145379 | Hash: 0x8DD241C5 | Rollbacks: 47 (Resim:  47) | Stalls:  0
[HEARTBEAT] Node: 1 | Tick: 145441 | Conf: 145439 | Hash: 0x4F0404E2 | Rollbacks: 54 (Resim:  54) | Stalls:  0
[HEARTBEAT] Node: 1 | Tick: 145501 | Conf: 145498 | Hash: 0xF6CAA079 | Rollbacks: 58 (Resim:  71) | Stalls:  0
[HEARTBEAT] Node: 1 | Tick: 145561 | Conf: 145559 | Hash: 0x8050C884 | Rollbacks: 53 (Resim:  65) | Stalls:  0
[HEARTBEAT] Node: 1 | Tick: 145621 | Conf: 145619 | Hash: 0xE3177821 | Rollbacks: 43 (Resim:  43) | Stalls:  0
[BOT:50005] Heartbeat - Sparse Mods Tracked: 2048
[HEARTBEAT] Node: 1 | Tick: 145681 | Conf: 145679 | Hash: 0x7A0FDF64 | Rollbacks: 54 (Resim:  54) | Stalls:  0
[HEARTBEAT] Node: 1 | Tick: 145741 | Conf: 145739 | Hash: 0x08EA44EF | Rollbacks: 59 (Resim:  66) | Stalls:  0
[HEARTBEAT] Node: 1 | Tick: 145801 | Conf: 145799 | Hash: 0x3A7A0CC2 | Rollbacks: 50 (Resim:  66) | Stalls:  0
[HEARTBEAT] Node: 1 | Tick: 145861 | Conf: 145859 | Hash: 0x4C35F0C6 | Rollbacks: 42 (Resim:  42) | Stalls:  0
[HEARTBEAT] Node: 1 | Tick: 145921 | Conf: 145919 | Hash: 0x5FDA0A33 | Rollbacks: 57 (Resim:  57) | Stalls:  0
[HEARTBEAT] Node: 1 | Tick: 145981 | Conf: 145978 | Hash: 0xA0189073 | Rollbacks: 58 (Resim:  78) | Stalls:  0
[HEARTBEAT] Node: 1 | Tick: 146041 | Conf: 146039 | Hash: 0xA3BF4A8F | Rollbacks: 50 (Resim:  54) | Stalls:  0
[HEARTBEAT] Node: 1 | Tick: 146101 | Conf: 146099 | Hash: 0xBCABDEFB | Rollbacks: 47 (Resim:  47) | Stalls:  0
[HEARTBEAT] Node: 1 | Tick: 146161 | Conf: 146158 | Hash: 0xB3FBDDF4 | Rollbacks: 56 (Resim:  58) | Stalls:  0
[HEARTBEAT] Node: 1 | Tick: 146221 | Conf: 146219 | Hash: 0x33468650 | Rollbacks: 59 (Resim:  75) | Stalls:  0
[BOT:50005] Heartbeat - Sparse Mods Tracked: 2048
[HEARTBEAT] Node: 1 | Tick: 146281 | Conf: 146279 | Hash: 0xE2102BAB | Rollbacks: 46 (Resim:  46) | Stalls:  0
[HEARTBEAT] Node: 1 | Tick: 146341 | Conf: 146339 | Hash: 0xB80C6116 | Rollbacks: 59 (Resim:  66) | Stalls:  0
[HEARTBEAT] Node: 1 | Tick: 146401 | Conf: 146399 | Hash: 0xBC905E05 | Rollbacks: 49 (Resim:  61) | Stalls:  0
[HEARTBEAT] Node: 1 | Tick: 146461 | Conf: 146459 | Hash: 0x412F40AF | Rollbacks: 41 (Resim:  41) | Stalls:  0
[HEARTBEAT] Node: 1 | Tick: 146521 | Conf: 146519 | Hash: 0x8A31F1A2 | Rollbacks: 54 (Resim:  54) | Stalls:  0
[HEARTBEAT] Node: 1 | Tick: 146581 | Conf: 146578 | Hash: 0x383C8D90 | Rollbacks: 58 (Resim:  75) | Stalls:  0
[HEARTBEAT] Node: 1 | Tick: 146641 | Conf: 146639 | Hash: 0xE60E26C3 | Rollbacks: 47 (Resim:  53) | Stalls:  0
[HEARTBEAT] Node: 1 | Tick: 146701 | Conf: 146699 | Hash: 0x9F67B74A | Rollbacks: 51 (Resim:  53) | Stalls:  0
[HEARTBEAT] Node: 1 | Tick: 146761 | Conf: 146759 | Hash: 0xFC648A19 | Rollbacks: 56 (Resim:  73) | Stalls:  0
[BOT:50005] Heartbeat - Sparse Mods Tracked: 2048
[HEARTBEAT] Node: 1 | Tick: 146821 | Conf: 146819 | Hash: 0xE6E71310 | Rollbacks: 45 (Resim:  47) | Stalls:  0
[HEARTBEAT] Node: 1 | Tick: 146881 | Conf: 146879 | Hash: 0xF147AD51 | Rollbacks: 50 (Resim:  51) | Stalls:  0
[HEARTBEAT] Node: 1 | Tick: 146941 | Conf: 146939 | Hash: 0x884BFAC0 | Rollbacks: 58 (Resim:  66) | Stalls:  0
[HEARTBEAT] Node: 1 | Tick: 147001 | Conf: 146999 | Hash: 0xB196987B | Rollbacks: 56 (Resim:  56) | Stalls:  0
[HEARTBEAT] Node: 1 | Tick: 147061 | Conf: 147059 | Hash: 0x7A08CC83 | Rollbacks: 46 (Resim:  61) | Stalls:  0
[HEARTBEAT] Node: 1 | Tick: 147121 | Conf: 147119 | Hash: 0x3C281B83 | Rollbacks: 58 (Resim:  58) | Stalls:  0
[HEARTBEAT] Node: 1 | Tick: 147181 | Conf: 147179 | Hash: 0x13DE1799 | Rollbacks: 59 (Resim:  72) | Stalls:  0
[HEARTBEAT] Node: 1 | Tick: 147241 | Conf: 147239 | Hash: 0xE92963BB | Rollbacks: 45 (Resim:  45) | Stalls:  0
[HEARTBEAT] Node: 1 | Tick: 147301 | Conf: 147299 | Hash: 0x70C1D1DA | Rollbacks: 58 (Resim:  61) | Stalls:  0
[HEARTBEAT] Node: 1 | Tick: 147361 | Conf: 147359 | Hash: 0xD14F70BA | Rollbacks: 58 (Resim:  72) | Stalls:  0
[BOT:50005] Heartbeat - Sparse Mods Tracked: 2048
[HEARTBEAT] Node: 1 | Tick: 147421 | Conf: 147419 | Hash: 0xD3F74CAB | Rollbacks: 55 (Resim:  57) | Stalls:  0
[HEARTBEAT] Node: 1 | Tick: 147481 | Conf: 147479 | Hash: 0x8F823A9D | Rollbacks: 45 (Resim:  45) | Stalls:  0
[HEARTBEAT] Node: 1 | Tick: 147541 | Conf: 147538 | Hash: 0x697AB13C | Rollbacks: 59 (Resim:  65) | Stalls:  0
[HEARTBEAT] Node: 1 | Tick: 147601 | Conf: 147599 | Hash: 0x068DE623 | Rollbacks: 47 (Resim:  61) | Stalls:  0
[HEARTBEAT] Node: 1 | Tick: 147661 | Conf: 147659 | Hash: 0x7D63F9B9 | Rollbacks: 59 (Resim:  59) | Stalls:  0
[HEARTBEAT] Node: 1 | Tick: 147721 | Conf: 147719 | Hash: 0x9A43E5A5 | Rollbacks: 59 (Resim:  79) | Stalls:  0
[HEARTBEAT] Node: 1 | Tick: 147781 | Conf: 147779 | Hash: 0xA2C0E531 | Rollbacks: 46 (Resim:  49) | Stalls:  0
[HEARTBEAT] Node: 1 | Tick: 147841 | Conf: 147839 | Hash: 0xBAB9801E | Rollbacks: 58 (Resim:  61) | Stalls:  0
[HEARTBEAT] Node: 1 | Tick: 147901 | Conf: 147899 | Hash: 0x9842AA90 | Rollbacks: 59 (Resim:  64) | Stalls:  0
[HEARTBEAT] Node: 1 | Tick: 147961 | Conf: 147959 | Hash: 0x5DEFFD50 | Rollbacks: 59 (Resim:  71) | Stalls:  0
[BOT:50005] Heartbeat - Sparse Mods Tracked: 2048
[HEARTBEAT] Node: 1 | Tick: 148021 | Conf: 148019 | Hash: 0x0E217755 | Rollbacks: 59 (Resim:  62) | Stalls:  0
[HEARTBEAT] Node: 1 | Tick: 148081 | Conf: 148079 | Hash: 0x23872748 | Rollbacks: 58 (Resim:  67) | Stalls:  0
[HEARTBEAT] Node: 1 | Tick: 148141 | Conf: 148139 | Hash: 0xEF1B8CB4 | Rollbacks: 51 (Resim:  69) | Stalls:  0
[HEARTBEAT] Node: 1 | Tick: 148201 | Conf: 148198 | Hash: 0xCBB9A955 | Rollbacks: 52 (Resim:  56) | Stalls:  0
[HEARTBEAT] Node: 1 | Tick: 148261 | Conf: 148259 | Hash: 0xA96EAA01 | Rollbacks: 43 (Resim:  68) | Stalls:  0
[HEARTBEAT] Node: 1 | Tick: 148321 | Conf: 148319 | Hash: 0x862FFC75 | Rollbacks: 59 (Resim:  62) | Stalls:  0
[HEARTBEAT] Node: 1 | Tick: 148381 | Conf: 148379 | Hash: 0xBF708E0A | Rollbacks: 59 (Resim:  69) | Stalls:  0
[HEARTBEAT] Node: 1 | Tick: 148441 | Conf: 148439 | Hash: 0x551D955F | Rollbacks: 50 (Resim:  52) | Stalls:  0
[HEARTBEAT] Node: 1 | Tick: 148501 | Conf: 148499 | Hash: 0x61D60926 | Rollbacks: 53 (Resim:  53) | Stalls:  0
[HEARTBEAT] Node: 1 | Tick: 148561 | Conf: 148559 | Hash: 0x49D8719A | Rollbacks: 49 (Resim:  72) | Stalls:  0
[BOT:50005] Heartbeat - Sparse Mods Tracked: 2048
[HEARTBEAT] Node: 1 | Tick: 148621 | Conf: 148619 | Hash: 0x9C1218F2 | Rollbacks: 60 (Resim:  60) | Stalls:  0
[HEARTBEAT] Node: 1 | Tick: 148681 | Conf: 148678 | Hash: 0x3EFB9566 | Rollbacks: 58 (Resim:  74) | Stalls:  0
[HEARTBEAT] Node: 1 | Tick: 148741 | Conf: 148739 | Hash: 0x6ACDB6AD | Rollbacks: 57 (Resim:  74) | Stalls:  0
[HEARTBEAT] Node: 1 | Tick: 148801 | Conf: 148799 | Hash: 0x51E11B13 | Rollbacks: 48 (Resim:  51) | Stalls:  0
[HEARTBEAT] Node: 1 | Tick: 148861 | Conf: 148859 | Hash: 0xD5CBDB85 | Rollbacks: 47 (Resim:  54) | Stalls:  0
[HEARTBEAT] Node: 1 | Tick: 148921 | Conf: 148919 | Hash: 0xB64B3D90 | Rollbacks: 48 (Resim:  48) | Stalls:  0
[HEARTBEAT] Node: 1 | Tick: 148981 | Conf: 148979 | Hash: 0x2E42BC77 | Rollbacks: 51 (Resim:  51) | Stalls:  0
[HEARTBEAT] Node: 1 | Tick: 149041 | Conf: 149039 | Hash: 0x5E2313F0 | Rollbacks: 59 (Resim:  72) | Stalls:  0
[HEARTBEAT] Node: 1 | Tick: 149101 | Conf: 149099 | Hash: 0x9132AC09 | Rollbacks: 46 (Resim:  53) | Stalls:  0
[HEARTBEAT] Node: 1 | Tick: 149161 | Conf: 149159 | Hash: 0x7A77BD5E | Rollbacks: 54 (Resim:  54) | Stalls:  0
[BOT:50005] Heartbeat - Sparse Mods Tracked: 2048
[HEARTBEAT] Node: 1 | Tick: 149221 | Conf: 149219 | Hash: 0xD8EE6EF6 | Rollbacks: 59 (Resim:  80) | Stalls:  0
[HEARTBEAT] Node: 1 | Tick: 149281 | Conf: 149279 | Hash: 0x128D9B54 | Rollbacks: 49 (Resim:  52) | Stalls:  0
[HEARTBEAT] Node: 1 | Tick: 149341 | Conf: 149339 | Hash: 0xD0A37489 | Rollbacks: 59 (Resim:  61) | Stalls:  0
[HEARTBEAT] Node: 1 | Tick: 149401 | Conf: 149399 | Hash: 0x64473E1F | Rollbacks: 56 (Resim:  78) | Stalls:  0
[HEARTBEAT] Node: 1 | Tick: 149461 | Conf: 149459 | Hash: 0x9EC10374 | Rollbacks: 48 (Resim:  50) | Stalls:  0
[HEARTBEAT] Node: 1 | Tick: 149521 | Conf: 149519 | Hash: 0x3E5808B5 | Rollbacks: 48 (Resim:  48) | Stalls:  0
[HEARTBEAT] Node: 1 | Tick: 149581 | Conf: 149579 | Hash: 0x89CC4D54 | Rollbacks: 59 (Resim:  78) | Stalls:  0
[HEARTBEAT] Node: 1 | Tick: 149641 | Conf: 149639 | Hash: 0x6D16DBD3 | Rollbacks: 45 (Resim:  45) | Stalls:  0
[HEARTBEAT] Node: 1 | Tick: 149701 | Conf: 149699 | Hash: 0xDEBCE7EB | Rollbacks: 47 (Resim:  47) | Stalls:  0
[HEARTBEAT] Node: 1 | Tick: 149761 | Conf: 149759 | Hash: 0xF489FDDF | Rollbacks: 59 (Resim:  77) | Stalls:  0
[BOT:50005] Heartbeat - Sparse Mods Tracked: 2048
[HEARTBEAT] Node: 1 | Tick: 149821 | Conf: 149819 | Hash: 0x46B38246 | Rollbacks: 55 (Resim:  55) | Stalls:  0
[HEARTBEAT] Node: 1 | Tick: 149881 | Conf: 149878 | Hash: 0x54BDDB73 | Rollbacks: 50 (Resim:  52) | Stalls:  0
[HEARTBEAT] Node: 1 | Tick: 149941 | Conf: 149939 | Hash: 0x2FD33874 | Rollbacks: 59 (Resim:  82) | Stalls:  0
[HEARTBEAT] Node: 1 | Tick: 150001 | Conf: 149999 | Hash: 0xEA741078 | Rollbacks: 50 (Resim:  50) | Stalls:  0
[HEARTBEAT] Node: 1 | Tick: 150061 | Conf: 150059 | Hash: 0xA7501702 | Rollbacks: 60 (Resim:  60) | Stalls:  0
[HEARTBEAT] Node: 1 | Tick: 150121 | Conf: 150119 | Hash: 0x90AE2690 | Rollbacks: 51 (Resim:  64) | Stalls:  0
[HEARTBEAT] Node: 1 | Tick: 150181 | Conf: 150179 | Hash: 0x0479E8B6 | Rollbacks: 52 (Resim:  54) | Stalls:  0
[HEARTBEAT] Node: 1 | Tick: 150241 | Conf: 150239 | Hash: 0x46CD56D7 | Rollbacks: 48 (Resim:  48) | Stalls:  0
[HEARTBEAT] Node: 1 | Tick: 150301 | Conf: 150298 | Hash: 0xE6D8AA39 | Rollbacks: 58 (Resim:  70) | Stalls:  0
[HEARTBEAT] Node: 1 | Tick: 150361 | Conf: 150359 | Hash: 0x12EAB54D | Rollbacks: 60 (Resim:  63) | Stalls:  0
[BOT:50005] Heartbeat - Sparse Mods Tracked: 2048
[HEARTBEAT] Node: 1 | Tick: 150421 | Conf: 150419 | Hash: 0x862C528D | Rollbacks: 55 (Resim:  69) | Stalls:  0
[HEARTBEAT] Node: 1 | Tick: 150481 | Conf: 150479 | Hash: 0xFA2EC412 | Rollbacks: 59 (Resim:  71) | Stalls:  0
[HEARTBEAT] Node: 1 | Tick: 150541 | Conf: 150539 | Hash: 0x87785C8A | Rollbacks: 59 (Resim:  61) | Stalls:  0
[HEARTBEAT] Node: 1 | Tick: 150601 | Conf: 150598 | Hash: 0xEB515F5F | Rollbacks: 59 (Resim:  67) | Stalls:  0
[HEARTBEAT] Node: 1 | Tick: 150661 | Conf: 150659 | Hash: 0x9CD79ACA | Rollbacks: 55 (Resim:  81) | Stalls:  0
[HEARTBEAT] Node: 1 | Tick: 150721 | Conf: 150719 | Hash: 0x0F4C09C5 | Rollbacks: 58 (Resim:  62) | Stalls:  0
[HEARTBEAT] Node: 1 | Tick: 150781 | Conf: 150779 | Hash: 0xE0F1AA85 | Rollbacks: 59 (Resim:  73) | Stalls:  0
[HEARTBEAT] Node: 1 | Tick: 150841 | Conf: 150839 | Hash: 0xEFBDCE96 | Rollbacks: 43 (Resim:  43) | Stalls:  0
[HEARTBEAT] Node: 1 | Tick: 150901 | Conf: 150899 | Hash: 0xB366295C | Rollbacks: 60 (Resim:  60) | Stalls:  0
[BOT:50005] Heartbeat - Sparse Mods Tracked: 2048
[HEARTBEAT] Node: 1 | Tick: 150961 | Conf: 150959 | Hash: 0xC5FC3D62 | Rollbacks: 48 (Resim:  65) | Stalls:  0
[HEARTBEAT] Node: 1 | Tick: 151021 | Conf: 151019 | Hash: 0x7EBC8AED | Rollbacks: 54 (Resim:  57) | Stalls:  0
[HEARTBEAT] Node: 1 | Tick: 151081 | Conf: 151078 | Hash: 0x1CF1A966 | Rollbacks: 53 (Resim:  60) | Stalls:  0
[HEARTBEAT] Node: 1 | Tick: 151141 | Conf: 151139 | Hash: 0xBF7B5CA8 | Rollbacks: 51 (Resim:  72) | Stalls:  0
[HEARTBEAT] Node: 1 | Tick: 151201 | Conf: 151199 | Hash: 0xEE31ED7F | Rollbacks: 49 (Resim:  49) | Stalls:  0
[HEARTBEAT] Node: 1 | Tick: 151261 | Conf: 151259 | Hash: 0x136138DB | Rollbacks: 42 (Resim:  42) | Stalls:  0
[HEARTBEAT] Node: 1 | Tick: 151321 | Conf: 151319 | Hash: 0xF25D3AD7 | Rollbacks: 48 (Resim:  50) | Stalls:  0
[HEARTBEAT] Node: 1 | Tick: 151381 | Conf: 151379 | Hash: 0x44BEAC9F | Rollbacks: 60 (Resim:  60) | Stalls:  0
[HEARTBEAT] Node: 1 | Tick: 151441 | Conf: 151439 | Hash: 0x1DFDAE51 | Rollbacks: 59 (Resim:  78) | Stalls:  0
[HEARTBEAT] Node: 1 | Tick: 151501 | Conf: 151499 | Hash: 0x325E76C9 | Rollbacks: 51 (Resim:  54) | Stalls:  0
[BOT:50005] Heartbeat - Sparse Mods Tracked: 2048
[HEARTBEAT] Node: 1 | Tick: 151561 | Conf: 151559 | Hash: 0x6EA49FB6 | Rollbacks: 49 (Resim:  49) | Stalls:  0
[HEARTBEAT] Node: 1 | Tick: 151621 | Conf: 151619 | Hash: 0x4DE8DC92 | Rollbacks: 58 (Resim:  60) | Stalls:  0
[HEARTBEAT] Node: 1 | Tick: 151681 | Conf: 151679 | Hash: 0x9F7F005E | Rollbacks: 51 (Resim:  75) | Stalls:  0
[HEARTBEAT] Node: 1 | Tick: 151741 | Conf: 151739 | Hash: 0x16B96666 | Rollbacks: 48 (Resim:  52) | Stalls:  0
[HEARTBEAT] Node: 1 | Tick: 151801 | Conf: 151799 | Hash: 0xF60D22E5 | Rollbacks: 53 (Resim:  53) | Stalls:  0
[HEARTBEAT] Node: 1 | Tick: 151861 | Conf: 151858 | Hash: 0x5793B32F | Rollbacks: 55 (Resim:  58) | Stalls:  0
[HEARTBEAT] Node: 1 | Tick: 151921 | Conf: 151919 | Hash: 0x75FC29EC | Rollbacks: 59 (Resim:  74) | Stalls:  0
[HEARTBEAT] Node: 1 | Tick: 151981 | Conf: 151979 | Hash: 0xB1252BD8 | Rollbacks: 48 (Resim:  48) | Stalls:  0
[HEARTBEAT] Node: 1 | Tick: 152041 | Conf: 152039 | Hash: 0xF5D44BBE | Rollbacks: 59 (Resim:  59) | Stalls:  0
[HEARTBEAT] Node: 1 | Tick: 152101 | Conf: 152099 | Hash: 0x5B67908B | Rollbacks: 56 (Resim:  79) | Stalls:  0
[BOT:50005] Heartbeat - Sparse Mods Tracked: 2048
[HEARTBEAT] Node: 1 | Tick: 152161 | Conf: 152159 | Hash: 0xB11E2CC1 | Rollbacks: 55 (Resim:  59) | Stalls:  0
[HEARTBEAT] Node: 1 | Tick: 152221 | Conf: 152219 | Hash: 0x5479B8D1 | Rollbacks: 48 (Resim:  52) | Stalls:  0
[HEARTBEAT] Node: 1 | Tick: 152281 | Conf: 152279 | Hash: 0x2743F5D3 | Rollbacks: 41 (Resim:  41) | Stalls:  0
[HEARTBEAT] Node: 1 | Tick: 152341 | Conf: 152338 | Hash: 0x4ACF8A80 | Rollbacks: 55 (Resim:  62) | Stalls:  0
[HEARTBEAT] Node: 1 | Tick: 152401 | Conf: 152399 | Hash: 0xE921808F | Rollbacks: 59 (Resim:  75) | Stalls:  0
[HEARTBEAT] Node: 1 | Tick: 152461 | Conf: 152459 | Hash: 0xD6FDF5BF | Rollbacks: 47 (Resim:  47) | Stalls:  0
[HEARTBEAT] Node: 1 | Tick: 152521 | Conf: 152519 | Hash: 0x81F13C6F | Rollbacks: 59 (Resim:  60) | Stalls:  0
[HEARTBEAT] Node: 1 | Tick: 152581 | Conf: 152579 | Hash: 0x787BCE14 | Rollbacks: 58 (Resim:  81) | Stalls:  0
[HEARTBEAT] Node: 1 | Tick: 152641 | Conf: 152639 | Hash: 0xEDFAEDA2 | Rollbacks: 52 (Resim:  54) | Stalls:  0
[HEARTBEAT] Node: 1 | Tick: 152701 | Conf: 152699 | Hash: 0xDFE87862 | Rollbacks: 52 (Resim:  52) | Stalls:  0
[BOT:50005] Heartbeat - Sparse Mods Tracked: 2048
[HEARTBEAT] Node: 1 | Tick: 152761 | Conf: 152758 | Hash: 0xCB8026AC | Rollbacks: 58 (Resim:  78) | Stalls:  0
[HEARTBEAT] Node: 1 | Tick: 152821 | Conf: 152819 | Hash: 0x4144AB0E | Rollbacks: 51 (Resim:  58) | Stalls:  0
[HEARTBEAT] Node: 1 | Tick: 152881 | Conf: 152879 | Hash: 0xA7B8F538 | Rollbacks: 53 (Resim:  56) | Stalls:  0
[HEARTBEAT] Node: 1 | Tick: 152941 | Conf: 152939 | Hash: 0x99120662 | Rollbacks: 59 (Resim:  59) | Stalls:  0
[HEARTBEAT] Node: 1 | Tick: 153001 | Conf: 152999 | Hash: 0x7E21D644 | Rollbacks: 50 (Resim:  69) | Stalls:  0
[HEARTBEAT] Node: 1 | Tick: 153061 | Conf: 153058 | Hash: 0x56E1FB10 | Rollbacks: 54 (Resim:  55) | Stalls:  0
[HEARTBEAT] Node: 1 | Tick: 153121 | Conf: 153119 | Hash: 0x6E98965E | Rollbacks: 59 (Resim:  74) | Stalls:  0
[HEARTBEAT] Node: 1 | Tick: 153181 | Conf: 153179 | Hash: 0x4F6DCB63 | Rollbacks: 53 (Resim:  53) | Stalls:  0
[HEARTBEAT] Node: 1 | Tick: 153241 | Conf: 153238 | Hash: 0xDCB7C5B4 | Rollbacks: 58 (Resim:  72) | Stalls:  0
[HEARTBEAT] Node: 1 | Tick: 153301 | Conf: 153299 | Hash: 0xEDFDCB53 | Rollbacks: 48 (Resim:  51) | Stalls:  0
[BOT:50005] Heartbeat - Sparse Mods Tracked: 2048
[HEARTBEAT] Node: 1 | Tick: 153361 | Conf: 153359 | Hash: 0x6162ECC2 | Rollbacks: 43 (Resim:  47) | Stalls:  0
[HEARTBEAT] Node: 1 | Tick: 153421 | Conf: 153419 | Hash: 0x02A8F250 | Rollbacks: 43 (Resim:  43) | Stalls:  0
[HEARTBEAT] Node: 1 | Tick: 153481 | Conf: 153479 | Hash: 0x5E82687D | Rollbacks: 46 (Resim:  46) | Stalls:  0
[HEARTBEAT] Node: 1 | Tick: 153541 | Conf: 153539 | Hash: 0xBA3D811F | Rollbacks: 50 (Resim:  50) | Stalls:  0
[HEARTBEAT] Node: 1 | Tick: 153601 | Conf: 153599 | Hash: 0xD78623D2 | Rollbacks: 59 (Resim:  83) | Stalls:  0
[HEARTBEAT] Node: 1 | Tick: 153661 | Conf: 153659 | Hash: 0xFB3F822F | Rollbacks: 59 (Resim:  61) | Stalls:  0
[HEARTBEAT] Node: 1 | Tick: 153721 | Conf: 153719 | Hash: 0x37154FCD | Rollbacks: 58 (Resim:  58) | Stalls:  0
[HEARTBEAT] Node: 1 | Tick: 153781 | Conf: 153779 | Hash: 0x9C63E56E | Rollbacks: 52 (Resim:  70) | Stalls:  0
[HEARTBEAT] Node: 1 | Tick: 153841 | Conf: 153839 | Hash: 0x0911ACB8 | Rollbacks: 48 (Resim:  53) | Stalls:  0
[HEARTBEAT] Node: 1 | Tick: 153901 | Conf: 153899 | Hash: 0x0280FC82 | Rollbacks: 58 (Resim:  58) | Stalls:  0
[BOT:50005] Heartbeat - Sparse Mods Tracked: 2048
[HEARTBEAT] Node: 1 | Tick: 153961 | Conf: 153959 | Hash: 0x99FCC5E7 | Rollbacks: 59 (Resim:  81) | Stalls:  0
[HEARTBEAT] Node: 1 | Tick: 154021 | Conf: 154019 | Hash: 0xF9E8D9C9 | Rollbacks: 53 (Resim:  55) | Stalls:  0
[HEARTBEAT] Node: 1 | Tick: 154081 | Conf: 154078 | Hash: 0x481E3FF7 | Rollbacks: 56 (Resim:  62) | Stalls:  0
[HEARTBEAT] Node: 1 | Tick: 154141 | Conf: 154139 | Hash: 0xED0EF47A | Rollbacks: 48 (Resim:  63) | Stalls:  0
[HEARTBEAT] Node: 1 | Tick: 154201 | Conf: 154199 | Hash: 0xD497EE78 | Rollbacks: 54 (Resim:  71) | Stalls:  0
[HEARTBEAT] Node: 1 | Tick: 154261 | Conf: 154259 | Hash: 0x7D45AA23 | Rollbacks: 58 (Resim:  65) | Stalls:  0
[HEARTBEAT] Node: 1 | Tick: 154321 | Conf: 154319 | Hash: 0x67414C50 | Rollbacks: 59 (Resim:  61) | Stalls:  0
[HEARTBEAT] Node: 1 | Tick: 154381 | Conf: 154378 | Hash: 0xBDD62AF0 | Rollbacks: 52 (Resim:  58) | Stalls:  0
[HEARTBEAT] Node: 1 | Tick: 154441 | Conf: 154439 | Hash: 0x206DE051 | Rollbacks: 45 (Resim:  60) | Stalls:  0
[HEARTBEAT] Node: 1 | Tick: 154501 | Conf: 154499 | Hash: 0xE581ACD3 | Rollbacks: 46 (Resim:  46) | Stalls:  0
[BOT:50005] Heartbeat - Sparse Mods Tracked: 2048
[HEARTBEAT] Node: 1 | Tick: 154561 | Conf: 154559 | Hash: 0x5EF2C181 | Rollbacks: 56 (Resim:  56) | Stalls:  0
[HEARTBEAT] Node: 1 | Tick: 154621 | Conf: 154618 | Hash: 0xE58DC444 | Rollbacks: 54 (Resim:  70) | Stalls:  0
[HEARTBEAT] Node: 1 | Tick: 154681 | Conf: 154679 | Hash: 0x3B3C1265 | Rollbacks: 46 (Resim:  47) | Stalls:  0
[HEARTBEAT] Node: 1 | Tick: 154741 | Conf: 154739 | Hash: 0xBBA48A20 | Rollbacks: 50 (Resim:  53) | Stalls:  0
[HEARTBEAT] Node: 1 | Tick: 154801 | Conf: 154799 | Hash: 0x7F89CF0A | Rollbacks: 52 (Resim:  59) | Stalls:  0
[HEARTBEAT] Node: 1 | Tick: 154861 | Conf: 154859 | Hash: 0x49B693A8 | Rollbacks: 51 (Resim:  51) | Stalls:  0
[HEARTBEAT] Node: 1 | Tick: 154921 | Conf: 154919 | Hash: 0x9BBDB23A | Rollbacks: 59 (Resim:  73) | Stalls:  0
[HEARTBEAT] Node: 1 | Tick: 154981 | Conf: 154979 | Hash: 0xB707B0E6 | Rollbacks: 50 (Resim:  62) | Stalls:  0
[HEARTBEAT] Node: 1 | Tick: 155041 | Conf: 155039 | Hash: 0x0D0D4F0D | Rollbacks: 59 (Resim:  66) | Stalls:  0
[HEARTBEAT] Node: 1 | Tick: 155101 | Conf: 155099 | Hash: 0xBC6C434D | Rollbacks: 58 (Resim:  71) | Stalls:  0
[BOT:50005] Heartbeat - Sparse Mods Tracked: 2048
[HEARTBEAT] Node: 1 | Tick: 155161 | Conf: 155159 | Hash: 0x43B3203F | Rollbacks: 54 (Resim:  54) | Stalls:  0
[HEARTBEAT] Node: 1 | Tick: 155221 | Conf: 155218 | Hash: 0x1D6290E6 | Rollbacks: 58 (Resim:  77) | Stalls:  0
[HEARTBEAT] Node: 1 | Tick: 155281 | Conf: 155279 | Hash: 0xB9B4B922 | Rollbacks: 52 (Resim:  64) | Stalls:  0
[HEARTBEAT] Node: 1 | Tick: 155341 | Conf: 155339 | Hash: 0xDD3B6069 | Rollbacks: 48 (Resim:  48) | Stalls:  0
[HEARTBEAT] Node: 1 | Tick: 155401 | Conf: 155399 | Hash: 0x03C3713E | Rollbacks: 59 (Resim:  66) | Stalls:  0
[HEARTBEAT] Node: 1 | Tick: 155461 | Conf: 155459 | Hash: 0x52C22ACE | Rollbacks: 59 (Resim:  69) | Stalls:  0
[HEARTBEAT] Node: 1 | Tick: 155521 | Conf: 155519 | Hash: 0xE268A2D4 | Rollbacks: 43 (Resim:  43) | Stalls:  0
[HEARTBEAT] Node: 1 | Tick: 155581 | Conf: 155579 | Hash: 0x71794AA7 | Rollbacks: 60 (Resim:  60) | Stalls:  0
[HEARTBEAT] Node: 1 | Tick: 155641 | Conf: 155639 | Hash: 0x7A4AFACA | Rollbacks: 48 (Resim:  66) | Stalls:  0
[BOT:50005] Heartbeat - Sparse Mods Tracked: 2048
[HEARTBEAT] Node: 1 | Tick: 155701 | Conf: 155699 | Hash: 0xE3FAEB0B | Rollbacks: 56 (Resim:  59) | Stalls:  0
[HEARTBEAT] Node: 1 | Tick: 155761 | Conf: 155759 | Hash: 0x74A10D88 | Rollbacks: 52 (Resim:  54) | Stalls:  0
[HEARTBEAT] Node: 1 | Tick: 155821 | Conf: 155819 | Hash: 0x6A508CE2 | Rollbacks: 44 (Resim:  44) | Stalls:  0
[HEARTBEAT] Node: 1 | Tick: 155881 | Conf: 155879 | Hash: 0xF605609D | Rollbacks: 51 (Resim:  51) | Stalls:  0
[HEARTBEAT] Node: 1 | Tick: 155941 | Conf: 155939 | Hash: 0x5BD04312 | Rollbacks: 57 (Resim:  87) | Stalls:  0
[HEARTBEAT] Node: 1 | Tick: 156001 | Conf: 155999 | Hash: 0x8426CC48 | Rollbacks: 59 (Resim:  62) | Stalls:  0
[HEARTBEAT] Node: 1 | Tick: 156061 | Conf: 156059 | Hash: 0x43922841 | Rollbacks: 59 (Resim:  60) | Stalls:  0
[HEARTBEAT] Node: 1 | Tick: 156121 | Conf: 156119 | Hash: 0x520EE337 | Rollbacks: 59 (Resim:  59) | Stalls:  0
[HEARTBEAT] Node: 1 | Tick: 156181 | Conf: 156179 | Hash: 0x5FDBD5F1 | Rollbacks: 43 (Resim:  59) | Stalls:  0
[HEARTBEAT] Node: 1 | Tick: 156241 | Conf: 156239 | Hash: 0xCCD7B0F4 | Rollbacks: 48 (Resim:  48) | Stalls:  0
[BOT:50005] Heartbeat - Sparse Mods Tracked: 2048
[HEARTBEAT] Node: 1 | Tick: 156301 | Conf: 156299 | Hash: 0x9747B512 | Rollbacks: 39 (Resim:  39) | Stalls:  0
[HEARTBEAT] Node: 1 | Tick: 156361 | Conf: 156358 | Hash: 0x6C06AC1A | Rollbacks: 59 (Resim:  84) | Stalls:  0
[HEARTBEAT] Node: 1 | Tick: 156421 | Conf: 156419 | Hash: 0xC324775B | Rollbacks: 59 (Resim:  70) | Stalls:  0
[HEARTBEAT] Node: 1 | Tick: 156481 | Conf: 156479 | Hash: 0x156E5616 | Rollbacks: 51 (Resim:  51) | Stalls:  0
[HEARTBEAT] Node: 1 | Tick: 156541 | Conf: 156539 | Hash: 0x63626C8E | Rollbacks: 43 (Resim:  62) | Stalls:  0
[HEARTBEAT] Node: 1 | Tick: 156601 | Conf: 156598 | Hash: 0x64EF5FB0 | Rollbacks: 59 (Resim:  73) | Stalls:  0
[HEARTBEAT] Node: 1 | Tick: 156661 | Conf: 156659 | Hash: 0xF7774690 | Rollbacks: 56 (Resim:  73) | Stalls:  0
[HEARTBEAT] Node: 1 | Tick: 156721 | Conf: 156719 | Hash: 0x54EA3D97 | Rollbacks: 59 (Resim:  62) | Stalls:  0
[HEARTBEAT] Node: 1 | Tick: 156781 | Conf: 156779 | Hash: 0x92C96DEA | Rollbacks: 59 (Resim:  72) | Stalls:  0
[HEARTBEAT] Node: 1 | Tick: 156841 | Conf: 156839 | Hash: 0xABEF0504 | Rollbacks: 51 (Resim:  53) | Stalls:  0
[BOT:50005] Heartbeat - Sparse Mods Tracked: 2048
[HEARTBEAT] Node: 1 | Tick: 156901 | Conf: 156899 | Hash: 0xBB430BD0 | Rollbacks: 58 (Resim:  70) | Stalls:  0
[HEARTBEAT] Node: 1 | Tick: 156961 | Conf: 156959 | Hash: 0xE965DF32 | Rollbacks: 56 (Resim:  65) | Stalls:  0
[HEARTBEAT] Node: 1 | Tick: 157021 | Conf: 157019 | Hash: 0x2E28BB82 | Rollbacks: 51 (Resim:  51) | Stalls:  0
[HEARTBEAT] Node: 1 | Tick: 157081 | Conf: 157079 | Hash: 0x26BC2535 | Rollbacks: 59 (Resim:  88) | Stalls:  0
[HEARTBEAT] Node: 1 | Tick: 157141 | Conf: 157139 | Hash: 0xB4A37749 | Rollbacks: 59 (Resim:  62) | Stalls:  0
[HEARTBEAT] Node: 1 | Tick: 157201 | Conf: 157199 | Hash: 0x7BCAA4E6 | Rollbacks: 54 (Resim:  54) | Stalls:  0
[HEARTBEAT] Node: 1 | Tick: 157261 | Conf: 157259 | Hash: 0xE03F453E | Rollbacks: 54 (Resim:  79) | Stalls:  0
[HEARTBEAT] Node: 1 | Tick: 157321 | Conf: 157319 | Hash: 0x3D341FDB | Rollbacks: 60 (Resim:  60) | Stalls:  0
[HEARTBEAT] Node: 1 | Tick: 157381 | Conf: 157379 | Hash: 0xF5B8AC45 | Rollbacks: 60 (Resim:  60) | Stalls:  0
[HEARTBEAT] Node: 1 | Tick: 157441 | Conf: 157439 | Hash: 0xDC86EF95 | Rollbacks: 46 (Resim:  65) | Stalls:  0
[BOT:50005] Heartbeat - Sparse Mods Tracked: 2048
[HEARTBEAT] Node: 1 | Tick: 157501 | Conf: 157499 | Hash: 0x05B01D4C | Rollbacks: 51 (Resim:  54) | Stalls:  0
[HEARTBEAT] Node: 1 | Tick: 157561 | Conf: 157558 | Hash: 0x7E4A707D | Rollbacks: 57 (Resim:  60) | Stalls:  0
[HEARTBEAT] Node: 1 | Tick: 157621 | Conf: 157619 | Hash: 0x8DC91BEB | Rollbacks: 59 (Resim:  84) | Stalls:  0
[HEARTBEAT] Node: 1 | Tick: 157681 | Conf: 157679 | Hash: 0x206007DA | Rollbacks: 43 (Resim:  43) | Stalls:  0
[HEARTBEAT] Node: 1 | Tick: 157741 | Conf: 157739 | Hash: 0x6BE7BA0D | Rollbacks: 46 (Resim:  46) | Stalls:  0
[HEARTBEAT] Node: 1 | Tick: 157801 | Conf: 157799 | Hash: 0xBF60700D | Rollbacks: 54 (Resim:  54) | Stalls:  0
[HEARTBEAT] Node: 1 | Tick: 157861 | Conf: 157858 | Hash: 0x5CC1F7CA | Rollbacks: 59 (Resim:  74) | Stalls:  0
[HEARTBEAT] Node: 1 | Tick: 157921 | Conf: 157919 | Hash: 0xCCD37D05 | Rollbacks: 59 (Resim:  72) | Stalls:  0
[HEARTBEAT] Node: 1 | Tick: 157981 | Conf: 157979 | Hash: 0x7C84F8BD | Rollbacks: 45 (Resim:  45) | Stalls:  0
[HEARTBEAT] Node: 1 | Tick: 158041 | Conf: 158039 | Hash: 0x92FECAB1 | Rollbacks: 58 (Resim:  61) | Stalls:  0
[BOT:50005] Heartbeat - Sparse Mods Tracked: 2048
[HEARTBEAT] Node: 1 | Tick: 158101 | Conf: 158099 | Hash: 0x36A2BA66 | Rollbacks: 50 (Resim:  50) | Stalls:  0
[HEARTBEAT] Node: 1 | Tick: 158161 | Conf: 158159 | Hash: 0x5DDC8C47 | Rollbacks: 45 (Resim:  57) | Stalls:  0
[HEARTBEAT] Node: 1 | Tick: 158221 | Conf: 158219 | Hash: 0x61A08248 | Rollbacks: 55 (Resim:  55) | Stalls:  0
[HEARTBEAT] Node: 1 | Tick: 158281 | Conf: 158279 | Hash: 0x6CC67638 | Rollbacks: 59 (Resim:  69) | Stalls:  0
[HEARTBEAT] Node: 1 | Tick: 158341 | Conf: 158339 | Hash: 0xB462312F | Rollbacks: 51 (Resim:  51) | Stalls:  0
[HEARTBEAT] Node: 1 | Tick: 158401 | Conf: 158399 | Hash: 0x2BBA08A4 | Rollbacks: 56 (Resim:  83) | Stalls:  0
[HEARTBEAT] Node: 1 | Tick: 158461 | Conf: 158459 | Hash: 0xE8D61874 | Rollbacks: 45 (Resim:  49) | Stalls:  0
[HEARTBEAT] Node: 1 | Tick: 158521 | Conf: 158519 | Hash: 0xEB601413 | Rollbacks: 50 (Resim:  52) | Stalls:  0
[HEARTBEAT] Node: 1 | Tick: 158581 | Conf: 158579 | Hash: 0x48B29E88 | Rollbacks: 54 (Resim:  57) | Stalls:  0
[HEARTBEAT] Node: 1 | Tick: 158641 | Conf: 158639 | Hash: 0x0C40FCA5 | Rollbacks: 59 (Resim:  63) | Stalls:  0
[BOT:50005] Heartbeat - Sparse Mods Tracked: 2048
[HEARTBEAT] Node: 1 | Tick: 158701 | Conf: 158699 | Hash: 0xC271F832 | Rollbacks: 53 (Resim:  53) | Stalls:  0
[HEARTBEAT] Node: 1 | Tick: 158761 | Conf: 158759 | Hash: 0xBE1A999A | Rollbacks: 57 (Resim:  88) | Stalls:  0
[HEARTBEAT] Node: 1 | Tick: 158821 | Conf: 158818 | Hash: 0xE5087D18 | Rollbacks: 58 (Resim:  70) | Stalls:  0
[HEARTBEAT] Node: 1 | Tick: 158881 | Conf: 158879 | Hash: 0x0904A504 | Rollbacks: 51 (Resim:  64) | Stalls:  0
[HEARTBEAT] Node: 1 | Tick: 158941 | Conf: 158939 | Hash: 0x6AFBEF30 | Rollbacks: 58 (Resim:  58) | Stalls:  0
[HEARTBEAT] Node: 1 | Tick: 159001 | Conf: 158999 | Hash: 0x1284CA26 | Rollbacks: 56 (Resim:  56) | Stalls:  0
[HEARTBEAT] Node: 1 | Tick: 159061 | Conf: 159059 | Hash: 0xAC7D9057 | Rollbacks: 59 (Resim:  78) | Stalls:  0
[HEARTBEAT] Node: 1 | Tick: 159121 | Conf: 159119 | Hash: 0x95EC9049 | Rollbacks: 51 (Resim:  53) | Stalls:  0
[HEARTBEAT] Node: 1 | Tick: 159181 | Conf: 159179 | Hash: 0xDE5FA33E | Rollbacks: 46 (Resim:  50) | Stalls:  0
[HEARTBEAT] Node: 1 | Tick: 159241 | Conf: 159239 | Hash: 0x5FDE0DB5 | Rollbacks: 47 (Resim:  47) | Stalls:  0
[BOT:50005] Heartbeat - Sparse Mods Tracked: 2048
[HEARTBEAT] Node: 1 | Tick: 159301 | Conf: 159299 | Hash: 0x09F16BF1 | Rollbacks: 59 (Resim:  62) | Stalls:  0
[HEARTBEAT] Node: 1 | Tick: 159361 | Conf: 159359 | Hash: 0x0E480FDA | Rollbacks: 52 (Resim:  72) | Stalls:  0
[HEARTBEAT] Node: 1 | Tick: 159421 | Conf: 159419 | Hash: 0x7E63C952 | Rollbacks: 55 (Resim:  58) | Stalls:  0
[HEARTBEAT] Node: 1 | Tick: 159481 | Conf: 159479 | Hash: 0xC31F9554 | Rollbacks: 43 (Resim:  43) | Stalls:  0
[HEARTBEAT] Node: 1 | Tick: 159541 | Conf: 159539 | Hash: 0xB7554904 | Rollbacks: 49 (Resim:  49) | Stalls:  0
[HEARTBEAT] Node: 1 | Tick: 159601 | Conf: 159599 | Hash: 0xDCA9EFAC | Rollbacks: 57 (Resim:  88) | Stalls:  0
[HEARTBEAT] Node: 1 | Tick: 159661 | Conf: 159659 | Hash: 0xBAC905C0 | Rollbacks: 59 (Resim:  62) | Stalls:  0
[HEARTBEAT] Node: 1 | Tick: 159721 | Conf: 159719 | Hash: 0xE19CBA8C | Rollbacks: 56 (Resim:  56) | Stalls:  0
[HEARTBEAT] Node: 1 | Tick: 159781 | Conf: 159779 | Hash: 0x96B7E7CF | Rollbacks: 58 (Resim:  61) | Stalls:  0
[HEARTBEAT] Node: 1 | Tick: 159841 | Conf: 159839 | Hash: 0x199B9A2B | Rollbacks: 46 (Resim:  49) | Stalls:  0
[BOT:50005] Heartbeat - Sparse Mods Tracked: 2048
[HEARTBEAT] Node: 1 | Tick: 159901 | Conf: 159899 | Hash: 0x68679001 | Rollbacks: 55 (Resim:  55) | Stalls:  0
[HEARTBEAT] Node: 1 | Tick: 159961 | Conf: 159959 | Hash: 0x4ED426DA | Rollbacks: 56 (Resim:  56) | Stalls:  0
[HEARTBEAT] Node: 1 | Tick: 160021 | Conf: 160018 | Hash: 0x8CE3AD3A | Rollbacks: 58 (Resim:  65) | Stalls:  0
[HEARTBEAT] Node: 1 | Tick: 160081 | Conf: 160079 | Hash: 0x2839D374 | Rollbacks: 41 (Resim:  61) | Stalls:  0
[HEARTBEAT] Node: 1 | Tick: 160141 | Conf: 160139 | Hash: 0xE9B0E253 | Rollbacks: 45 (Resim:  48) | Stalls:  0
[HEARTBEAT] Node: 1 | Tick: 160201 | Conf: 160199 | Hash: 0xBCD733B9 | Rollbacks: 55 (Resim:  55) | Stalls:  0
[HEARTBEAT] Node: 1 | Tick: 160261 | Conf: 160258 | Hash: 0xE6892A8A | Rollbacks: 59 (Resim:  77) | Stalls:  0
[HEARTBEAT] Node: 1 | Tick: 160321 | Conf: 160319 | Hash: 0x7C1B77D9 | Rollbacks: 49 (Resim:  55) | Stalls:  0
[HEARTBEAT] Node: 1 | Tick: 160381 | Conf: 160379 | Hash: 0x37169123 | Rollbacks: 50 (Resim:  50) | Stalls:  0
[BOT:50005] Heartbeat - Sparse Mods Tracked: 2048
[HEARTBEAT] Node: 1 | Tick: 160441 | Conf: 160439 | Hash: 0x1C08C2D4 | Rollbacks: 59 (Resim:  60) | Stalls:  0
[HEARTBEAT] Node: 1 | Tick: 160501 | Conf: 160499 | Hash: 0xDAD0004E | Rollbacks: 59 (Resim:  76) | Stalls:  0
[HEARTBEAT] Node: 1 | Tick: 160561 | Conf: 160559 | Hash: 0xB3FE4728 | Rollbacks: 45 (Resim:  45) | Stalls:  0
[HEARTBEAT] Node: 1 | Tick: 160621 | Conf: 160619 | Hash: 0xBC889DA2 | Rollbacks: 60 (Resim:  60) | Stalls:  0
[HEARTBEAT] Node: 1 | Tick: 160681 | Conf: 160679 | Hash: 0x52F8FB00 | Rollbacks: 57 (Resim:  74) | Stalls:  0
[HEARTBEAT] Node: 1 | Tick: 160741 | Conf: 160739 | Hash: 0x03FDBBC1 | Rollbacks: 43 (Resim:  50) | Stalls:  0
[HEARTBEAT] Node: 1 | Tick: 160801 | Conf: 160799 | Hash: 0xA2B03274 | Rollbacks: 47 (Resim:  47) | Stalls:  0
[HEARTBEAT] Node: 1 | Tick: 160861 | Conf: 160859 | Hash: 0x3621288A | Rollbacks: 59 (Resim:  60) | Stalls:  0
[HEARTBEAT] Node: 1 | Tick: 160921 | Conf: 160919 | Hash: 0x9D3E736A | Rollbacks: 56 (Resim:  66) | Stalls:  0
[HEARTBEAT] Node: 1 | Tick: 160981 | Conf: 160979 | Hash: 0xD46B77D0 | Rollbacks: 46 (Resim:  46) | Stalls:  0
[BOT:50005] Heartbeat - Sparse Mods Tracked: 2048
[HEARTBEAT] Node: 1 | Tick: 161041 | Conf: 161039 | Hash: 0x1A786024 | Rollbacks: 58 (Resim:  72) | Stalls:  0
[HEARTBEAT] Node: 1 | Tick: 161101 | Conf: 161099 | Hash: 0x236C9A34 | Rollbacks: 44 (Resim:  44) | Stalls:  0
[HEARTBEAT] Node: 1 | Tick: 161161 | Conf: 161159 | Hash: 0x5F21A23B | Rollbacks: 59 (Resim:  59) | Stalls:  0
[HEARTBEAT] Node: 1 | Tick: 161221 | Conf: 161219 | Hash: 0x4E3400AD | Rollbacks: 57 (Resim:  77) | Stalls:  0
[HEARTBEAT] Node: 1 | Tick: 161281 | Conf: 161279 | Hash: 0xEE676458 | Rollbacks: 51 (Resim:  53) | Stalls:  0
[HEARTBEAT] Node: 1 | Tick: 161341 | Conf: 161339 | Hash: 0xC62E9037 | Rollbacks: 48 (Resim:  48) | Stalls:  0
[HEARTBEAT] Node: 1 | Tick: 161401 | Conf: 161399 | Hash: 0x5AC89936 | Rollbacks: 59 (Resim:  84) | Stalls:  0
[HEARTBEAT] Node: 1 | Tick: 161461 | Conf: 161459 | Hash: 0x03E8FB17 | Rollbacks: 52 (Resim:  52) | Stalls:  0
[HEARTBEAT] Node: 1 | Tick: 161521 | Conf: 161518 | Hash: 0x88F41A6D | Rollbacks: 59 (Resim:  72) | Stalls:  0
[HEARTBEAT] Node: 1 | Tick: 161581 | Conf: 161579 | Hash: 0x26F15061 | Rollbacks: 59 (Resim:  74) | Stalls:  0
[BOT:50005] Heartbeat - Sparse Mods Tracked: 2048
[HEARTBEAT] Node: 1 | Tick: 161641 | Conf: 161639 | Hash: 0x1BD971AC | Rollbacks: 55 (Resim:  55) | Stalls:  0
[HEARTBEAT] Node: 1 | Tick: 161701 | Conf: 161699 | Hash: 0xB9F757FB | Rollbacks: 55 (Resim:  82) | Stalls:  0
[HEARTBEAT] Node: 1 | Tick: 161761 | Conf: 161759 | Hash: 0xC5B30644 | Rollbacks: 52 (Resim:  56) | Stalls:  0
[HEARTBEAT] Node: 1 | Tick: 161821 | Conf: 161819 | Hash: 0x03A96D11 | Rollbacks: 43 (Resim:  43) | Stalls:  0
[HEARTBEAT] Node: 1 | Tick: 161881 | Conf: 161878 | Hash: 0xC1FB6A2B | Rollbacks: 59 (Resim:  71) | Stalls:  0
[HEARTBEAT] Node: 1 | Tick: 161941 | Conf: 161939 | Hash: 0xFEA3BBC8 | Rollbacks: 45 (Resim:  53) | Stalls:  0
[HEARTBEAT] Node: 1 | Tick: 162001 | Conf: 161999 | Hash: 0xD37559FE | Rollbacks: 59 (Resim:  60) | Stalls:  0
[HEARTBEAT] Node: 1 | Tick: 162061 | Conf: 162058 | Hash: 0xF9772F61 | Rollbacks: 58 (Resim:  64) | Stalls:  0
[HEARTBEAT] Node: 1 | Tick: 162121 | Conf: 162119 | Hash: 0x249BE47E | Rollbacks: 45 (Resim:  60) | Stalls:  0
[HEARTBEAT] Node: 1 | Tick: 162181 | Conf: 162179 | Hash: 0x122D5B9F | Rollbacks: 48 (Resim:  48) | Stalls:  0
[BOT:50005] Heartbeat - Sparse Mods Tracked: 2048
[HEARTBEAT] Node: 1 | Tick: 162241 | Conf: 162239 | Hash: 0x5D4F014B | Rollbacks: 59 (Resim:  70) | Stalls:  0
[HEARTBEAT] Node: 1 | Tick: 162301 | Conf: 162298 | Hash: 0x253E5A57 | Rollbacks: 57 (Resim:  70) | Stalls:  0
[HEARTBEAT] Node: 1 | Tick: 162361 | Conf: 162359 | Hash: 0xBF99CD45 | Rollbacks: 48 (Resim:  60) | Stalls:  0
[HEARTBEAT] Node: 1 | Tick: 162421 | Conf: 162419 | Hash: 0xF464D32D | Rollbacks: 58 (Resim:  58) | Stalls:  0
[HEARTBEAT] Node: 1 | Tick: 162481 | Conf: 162479 | Hash: 0x90742B5E | Rollbacks: 59 (Resim:  70) | Stalls:  0
[HEARTBEAT] Node: 1 | Tick: 162541 | Conf: 162539 | Hash: 0x230B0FDF | Rollbacks: 51 (Resim:  51) | Stalls:  0
[HEARTBEAT] Node: 1 | Tick: 162601 | Conf: 162599 | Hash: 0x44B7D8A9 | Rollbacks: 59 (Resim:  72) | Stalls:  0
[HEARTBEAT] Node: 1 | Tick: 162661 | Conf: 162658 | Hash: 0xA5C6A8B7 | Rollbacks: 49 (Resim:  62) | Stalls:  0
[HEARTBEAT] Node: 1 | Tick: 162721 | Conf: 162719 | Hash: 0x034AC86C | Rollbacks: 48 (Resim:  49) | Stalls:  0
[HEARTBEAT] Node: 1 | Tick: 162781 | Conf: 162779 | Hash: 0x5EFEEF2A | Rollbacks: 49 (Resim:  52) | Stalls:  0
[BOT:50005] Heartbeat - Sparse Mods Tracked: 2048
[HEARTBEAT] Node: 1 | Tick: 162841 | Conf: 162839 | Hash: 0x10045F40 | Rollbacks: 59 (Resim:  70) | Stalls:  0
[HEARTBEAT] Node: 1 | Tick: 162901 | Conf: 162899 | Hash: 0x5871B702 | Rollbacks: 59 (Resim:  61) | Stalls:  0
[HEARTBEAT] Node: 1 | Tick: 162961 | Conf: 162959 | Hash: 0x066120F0 | Rollbacks: 59 (Resim:  60) | Stalls:  0
[HEARTBEAT] Node: 1 | Tick: 163021 | Conf: 163019 | Hash: 0x54BA1F9B | Rollbacks: 45 (Resim:  55) | Stalls:  0
[HEARTBEAT] Node: 1 | Tick: 163081 | Conf: 163078 | Hash: 0xB4C9453A | Rollbacks: 59 (Resim:  74) | Stalls:  0
[HEARTBEAT] Node: 1 | Tick: 163141 | Conf: 163139 | Hash: 0xEB70F18D | Rollbacks: 58 (Resim:  62) | Stalls:  0
[HEARTBEAT] Node: 1 | Tick: 163201 | Conf: 163199 | Hash: 0x555BEB31 | Rollbacks: 59 (Resim:  59) | Stalls:  0
[HEARTBEAT] Node: 1 | Tick: 163261 | Conf: 163259 | Hash: 0x8EDCE80C | Rollbacks: 58 (Resim:  87) | Stalls:  0
[HEARTBEAT] Node: 1 | Tick: 163321 | Conf: 163319 | Hash: 0xA88F30F7 | Rollbacks: 51 (Resim:  53) | Stalls:  0
[HEARTBEAT] Node: 1 | Tick: 163381 | Conf: 163379 | Hash: 0x116BD99B | Rollbacks: 49 (Resim:  49) | Stalls:  0
[BOT:50005] Heartbeat - Sparse Mods Tracked: 2048
[HEARTBEAT] Node: 1 | Tick: 163441 | Conf: 163439 | Hash: 0xD93A3CEC | Rollbacks: 58 (Resim:  77) | Stalls:  0
[HEARTBEAT] Node: 1 | Tick: 163501 | Conf: 163499 | Hash: 0xE6CADBF4 | Rollbacks: 57 (Resim:  57) | Stalls:  0
[HEARTBEAT] Node: 1 | Tick: 163561 | Conf: 163559 | Hash: 0x255527D2 | Rollbacks: 58 (Resim:  75) | Stalls:  0
[HEARTBEAT] Node: 1 | Tick: 163621 | Conf: 163619 | Hash: 0xF79986DC | Rollbacks: 59 (Resim:  59) | Stalls:  0
[HEARTBEAT] Node: 1 | Tick: 163681 | Conf: 163679 | Hash: 0x744C0211 | Rollbacks: 50 (Resim:  67) | Stalls:  0
[HEARTBEAT] Node: 1 | Tick: 163741 | Conf: 163739 | Hash: 0x236B02BD | Rollbacks: 52 (Resim:  55) | Stalls:  0
[HEARTBEAT] Node: 1 | Tick: 163801 | Conf: 163799 | Hash: 0xAE8A416E | Rollbacks: 44 (Resim:  49) | Stalls:  0
[HEARTBEAT] Node: 1 | Tick: 163861 | Conf: 163859 | Hash: 0x26AB3D8D | Rollbacks: 48 (Resim:  52) | Stalls:  0
[HEARTBEAT] Node: 1 | Tick: 163921 | Conf: 163918 | Hash: 0x646B334D | Rollbacks: 54 (Resim:  60) | Stalls:  0
[HEARTBEAT] Node: 1 | Tick: 163981 | Conf: 163979 | Hash: 0x2888BF51 | Rollbacks: 59 (Resim:  68) | Stalls:  0
[BOT:50005] Heartbeat - Sparse Mods Tracked: 2048
[HEARTBEAT] Node: 1 | Tick: 164041 | Conf: 164039 | Hash: 0x1501CFB3 | Rollbacks: 51 (Resim:  51) | Stalls:  0
[HEARTBEAT] Node: 1 | Tick: 164101 | Conf: 164099 | Hash: 0xB7359E50 | Rollbacks: 54 (Resim:  73) | Stalls:  0
[HEARTBEAT] Node: 1 | Tick: 164161 | Conf: 164159 | Hash: 0x6A3FBAFB | Rollbacks: 55 (Resim:  55) | Stalls:  0
[HEARTBEAT] Node: 1 | Tick: 164221 | Conf: 164218 | Hash: 0xBBCA0A16 | Rollbacks: 59 (Resim:  67) | Stalls:  0
[HEARTBEAT] Node: 1 | Tick: 164281 | Conf: 164279 | Hash: 0x4ADACBDF | Rollbacks: 52 (Resim:  66) | Stalls:  0
[HEARTBEAT] Node: 1 | Tick: 164341 | Conf: 164339 | Hash: 0xBBAD32AB | Rollbacks: 55 (Resim:  55) | Stalls:  0
[HEARTBEAT] Node: 1 | Tick: 164401 | Conf: 164399 | Hash: 0x926B54AD | Rollbacks: 59 (Resim:  74) | Stalls:  0
[HEARTBEAT] Node: 1 | Tick: 164461 | Conf: 164459 | Hash: 0x3C1B8797 | Rollbacks: 46 (Resim:  48) | Stalls:  0
[HEARTBEAT] Node: 1 | Tick: 164521 | Conf: 164519 | Hash: 0x8F82FD66 | Rollbacks: 58 (Resim:  60) | Stalls:  0
[HEARTBEAT] Node: 1 | Tick: 164581 | Conf: 164579 | Hash: 0x8EF7FCA3 | Rollbacks: 55 (Resim:  69) | Stalls:  0
[BOT:50005] Heartbeat - Sparse Mods Tracked: 2048
[HEARTBEAT] Node: 1 | Tick: 164641 | Conf: 164639 | Hash: 0xE3FD6981 | Rollbacks: 46 (Resim:  48) | Stalls:  0
[HEARTBEAT] Node: 1 | Tick: 164701 | Conf: 164698 | Hash: 0x2F1206B6 | Rollbacks: 58 (Resim:  66) | Stalls:  0
[HEARTBEAT] Node: 1 | Tick: 164761 | Conf: 164759 | Hash: 0x63113759 | Rollbacks: 49 (Resim:  56) | Stalls:  0
[HEARTBEAT] Node: 1 | Tick: 164821 | Conf: 164818 | Hash: 0xAF73450E | Rollbacks: 58 (Resim:  67) | Stalls:  0
[HEARTBEAT] Node: 1 | Tick: 164881 | Conf: 164879 | Hash: 0xC83AC181 | Rollbacks: 51 (Resim:  58) | Stalls:  0
[HEARTBEAT] Node: 1 | Tick: 164941 | Conf: 164939 | Hash: 0x0C3D593E | Rollbacks: 59 (Resim:  65) | Stalls:  0
[HEARTBEAT] Node: 1 | Tick: 165001 | Conf: 164999 | Hash: 0xA4CD268F | Rollbacks: 51 (Resim:  68) | Stalls:  0
[HEARTBEAT] Node: 1 | Tick: 165061 | Conf: 165059 | Hash: 0x45155A3B | Rollbacks: 53 (Resim:  53) | Stalls:  0
[HEARTBEAT] Node: 1 | Tick: 165121 | Conf: 165119 | Hash: 0x7E85B191 | Rollbacks: 58 (Resim:  65) | Stalls:  0
[BOT:50005] Heartbeat - Sparse Mods Tracked: 2048
[HEARTBEAT] Node: 1 | Tick: 165181 | Conf: 165179 | Hash: 0x8CFC3E39 | Rollbacks: 59 (Resim:  59) | Stalls:  0
[HEARTBEAT] Node: 1 | Tick: 165241 | Conf: 165239 | Hash: 0x44078284 | Rollbacks: 47 (Resim:  57) | Stalls:  0
[HEARTBEAT] Node: 1 | Tick: 165301 | Conf: 165299 | Hash: 0x509B3ED0 | Rollbacks: 59 (Resim:  59) | Stalls:  0
[HEARTBEAT] Node: 1 | Tick: 165361 | Conf: 165359 | Hash: 0x890F5739 | Rollbacks: 43 (Resim:  63) | Stalls:  0
[HEARTBEAT] Node: 1 | Tick: 165421 | Conf: 165419 | Hash: 0x8559801D | Rollbacks: 60 (Resim:  60) | Stalls:  0
[HEARTBEAT] Node: 1 | Tick: 165481 | Conf: 165479 | Hash: 0x533D70CD | Rollbacks: 54 (Resim:  64) | Stalls:  0
[HEARTBEAT] Node: 1 | Tick: 165541 | Conf: 165539 | Hash: 0x91699271 | Rollbacks: 56 (Resim:  70) | Stalls:  0
[HEARTBEAT] Node: 1 | Tick: 165601 | Conf: 165599 | Hash: 0xE010DBF5 | Rollbacks: 51 (Resim:  51) | Stalls:  0
[HEARTBEAT] Node: 1 | Tick: 165661 | Conf: 165659 | Hash: 0x537155D5 | Rollbacks: 48 (Resim:  64) | Stalls:  0
[HEARTBEAT] Node: 1 | Tick: 165721 | Conf: 165719 | Hash: 0x898628F3 | Rollbacks: 54 (Resim:  80) | Stalls:  0
[BOT:50005] Heartbeat - Sparse Mods Tracked: 2048
[HEARTBEAT] Node: 1 | Tick: 165781 | Conf: 165779 | Hash: 0x5D02CD0F | Rollbacks: 59 (Resim:  59) | Stalls:  0
[HEARTBEAT] Node: 1 | Tick: 165841 | Conf: 165839 | Hash: 0x795E5E5B | Rollbacks: 58 (Resim:  63) | Stalls:  0
[HEARTBEAT] Node: 1 | Tick: 165901 | Conf: 165899 | Hash: 0x7A140307 | Rollbacks: 44 (Resim:  44) | Stalls:  0
[HEARTBEAT] Node: 1 | Tick: 165961 | Conf: 165958 | Hash: 0x38D05B4A | Rollbacks: 56 (Resim:  57) | Stalls:  0
[HEARTBEAT] Node: 1 | Tick: 166021 | Conf: 166019 | Hash: 0xDA02837A | Rollbacks: 59 (Resim:  86) | Stalls:  0
[HEARTBEAT] Node: 1 | Tick: 166081 | Conf: 166079 | Hash: 0xC7BF417B | Rollbacks: 52 (Resim:  52) | Stalls:  0
[HEARTBEAT] Node: 1 | Tick: 166141 | Conf: 166138 | Hash: 0xD1CDCBF9 | Rollbacks: 58 (Resim:  70) | Stalls:  0
[HEARTBEAT] Node: 1 | Tick: 166201 | Conf: 166199 | Hash: 0xACD29215 | Rollbacks: 57 (Resim:  70) | Stalls:  0
[HEARTBEAT] Node: 1 | Tick: 166261 | Conf: 166258 | Hash: 0x983998CF | Rollbacks: 54 (Resim:  59) | Stalls:  0
[HEARTBEAT] Node: 1 | Tick: 166321 | Conf: 166319 | Hash: 0x5E872FF5 | Rollbacks: 47 (Resim:  57) | Stalls:  0
[BOT:50005] Heartbeat - Sparse Mods Tracked: 2048
[HEARTBEAT] Node: 1 | Tick: 166381 | Conf: 166379 | Hash: 0x2222D359 | Rollbacks: 59 (Resim:  59) | Stalls:  0
[HEARTBEAT] Node: 1 | Tick: 166441 | Conf: 166439 | Hash: 0x69FFF679 | Rollbacks: 50 (Resim:  67) | Stalls:  0
[HEARTBEAT] Node: 1 | Tick: 166501 | Conf: 166499 | Hash: 0x5CBFBB6F | Rollbacks: 56 (Resim:  59) | Stalls:  0
[HEARTBEAT] Node: 1 | Tick: 166561 | Conf: 166559 | Hash: 0x51A5355F | Rollbacks: 58 (Resim:  76) | Stalls:  0
[HEARTBEAT] Node: 1 | Tick: 166621 | Conf: 166619 | Hash: 0x94F8E90E | Rollbacks: 43 (Resim:  43) | Stalls:  0
[HEARTBEAT] Node: 1 | Tick: 166681 | Conf: 166679 | Hash: 0x2E12219F | Rollbacks: 58 (Resim:  58) | Stalls:  0
[HEARTBEAT] Node: 1 | Tick: 166741 | Conf: 166739 | Hash: 0x29D0E691 | Rollbacks: 59 (Resim:  70) | Stalls:  0
[HEARTBEAT] Node: 1 | Tick: 166801 | Conf: 166799 | Hash: 0x8E6C9D9F | Rollbacks: 47 (Resim:  60) | Stalls:  0
[HEARTBEAT] Node: 1 | Tick: 166861 | Conf: 166859 | Hash: 0x6234BB36 | Rollbacks: 46 (Resim:  46) | Stalls:  0
[HEARTBEAT] Node: 1 | Tick: 166921 | Conf: 166919 | Hash: 0x508767B1 | Rollbacks: 59 (Resim:  74) | Stalls:  0
[BOT:50005] Heartbeat - Sparse Mods Tracked: 2048
[HEARTBEAT] Node: 1 | Tick: 166981 | Conf: 166979 | Hash: 0x44A49309 | Rollbacks: 56 (Resim:  60) | Stalls:  0
[HEARTBEAT] Node: 1 | Tick: 167041 | Conf: 167039 | Hash: 0x7691D90B | Rollbacks: 53 (Resim:  76) | Stalls:  0
[HEARTBEAT] Node: 1 | Tick: 167101 | Conf: 167099 | Hash: 0xFD5E6B7F | Rollbacks: 59 (Resim:  59) | Stalls:  0
[HEARTBEAT] Node: 1 | Tick: 167161 | Conf: 167159 | Hash: 0x554798BE | Rollbacks: 47 (Resim:  65) | Stalls:  0
[HEARTBEAT] Node: 1 | Tick: 167221 | Conf: 167219 | Hash: 0x7425FDDE | Rollbacks: 47 (Resim:  49) | Stalls:  0
[HEARTBEAT] Node: 1 | Tick: 167281 | Conf: 167279 | Hash: 0x2DD76A2E | Rollbacks: 52 (Resim:  52) | Stalls:  0
[HEARTBEAT] Node: 1 | Tick: 167341 | Conf: 167339 | Hash: 0xC02D1777 | Rollbacks: 59 (Resim:  60) | Stalls:  0
[HEARTBEAT] Node: 1 | Tick: 167401 | Conf: 167398 | Hash: 0xB92790C5 | Rollbacks: 55 (Resim:  73) | Stalls:  0
[HEARTBEAT] Node: 1 | Tick: 167461 | Conf: 167459 | Hash: 0x0DD4AC5E | Rollbacks: 58 (Resim:  59) | Stalls:  0
[HEARTBEAT] Node: 1 | Tick: 167521 | Conf: 167518 | Hash: 0x5B4F6CB7 | Rollbacks: 58 (Resim:  81) | Stalls:  0
[BOT:50005] Heartbeat - Sparse Mods Tracked: 2048
[HEARTBEAT] Node: 1 | Tick: 167581 | Conf: 167579 | Hash: 0x9DD3B8F9 | Rollbacks: 54 (Resim:  62) | Stalls:  0
[HEARTBEAT] Node: 1 | Tick: 167641 | Conf: 167639 | Hash: 0xA31665BC | Rollbacks: 50 (Resim:  50) | Stalls:  0
[HEARTBEAT] Node: 1 | Tick: 167701 | Conf: 167699 | Hash: 0x47AA0CFD | Rollbacks: 59 (Resim:  75) | Stalls:  0
[HEARTBEAT] Node: 1 | Tick: 167761 | Conf: 167759 | Hash: 0x5667FD2F | Rollbacks: 51 (Resim:  54) | Stalls:  0
[HEARTBEAT] Node: 1 | Tick: 167821 | Conf: 167818 | Hash: 0x6B013643 | Rollbacks: 57 (Resim:  59) | Stalls:  0
[HEARTBEAT] Node: 1 | Tick: 167881 | Conf: 167879 | Hash: 0x25ECC4A5 | Rollbacks: 59 (Resim:  83) | Stalls:  0
[HEARTBEAT] Node: 1 | Tick: 167941 | Conf: 167939 | Hash: 0x7F57A23D | Rollbacks: 48 (Resim:  50) | Stalls:  0
[HEARTBEAT] Node: 1 | Tick: 168001 | Conf: 167998 | Hash: 0xE1C17463 | Rollbacks: 55 (Resim:  56) | Stalls:  0
[HEARTBEAT] Node: 1 | Tick: 168061 | Conf: 168059 | Hash: 0xBE1A41A9 | Rollbacks: 55 (Resim:  77) | Stalls:  0
[HEARTBEAT] Node: 1 | Tick: 168121 | Conf: 168119 | Hash: 0x15B7651A | Rollbacks: 49 (Resim:  49) | Stalls:  0
[BOT:50005] Heartbeat - Sparse Mods Tracked: 2048
[HEARTBEAT] Node: 1 | Tick: 168181 | Conf: 168178 | Hash: 0x8DC57691 | Rollbacks: 55 (Resim:  55) | Stalls:  0
[HEARTBEAT] Node: 1 | Tick: 168241 | Conf: 168239 | Hash: 0x5CD3473E | Rollbacks: 59 (Resim:  81) | Stalls:  0
[HEARTBEAT] Node: 1 | Tick: 168301 | Conf: 168299 | Hash: 0xF1E0D304 | Rollbacks: 51 (Resim:  51) | Stalls:  0
[HEARTBEAT] Node: 1 | Tick: 168361 | Conf: 168359 | Hash: 0x32931784 | Rollbacks: 57 (Resim:  57) | Stalls:  0
[HEARTBEAT] Node: 1 | Tick: 168421 | Conf: 168419 | Hash: 0x2619262E | Rollbacks: 58 (Resim:  71) | Stalls:  0
[HEARTBEAT] Node: 1 | Tick: 168481 | Conf: 168479 | Hash: 0x5E4FAC62 | Rollbacks: 47 (Resim:  58) | Stalls:  0
[HEARTBEAT] Node: 1 | Tick: 168541 | Conf: 168539 | Hash: 0x3629B37D | Rollbacks: 49 (Resim:  49) | Stalls:  0
[HEARTBEAT] Node: 1 | Tick: 168601 | Conf: 168599 | Hash: 0xF97FC38A | Rollbacks: 54 (Resim:  54) | Stalls:  0
[HEARTBEAT] Node: 1 | Tick: 168661 | Conf: 168659 | Hash: 0x40D47E82 | Rollbacks: 58 (Resim:  76) | Stalls:  0
[BOT:50005] Heartbeat - Sparse Mods Tracked: 2048
[HEARTBEAT] Node: 1 | Tick: 168721 | Conf: 168718 | Hash: 0x276FF65B | Rollbacks: 57 (Resim:  66) | Stalls:  0
[HEARTBEAT] Node: 1 | Tick: 168781 | Conf: 168779 | Hash: 0x4885CAA2 | Rollbacks: 51 (Resim:  66) | Stalls:  0
[HEARTBEAT] Node: 1 | Tick: 168841 | Conf: 168839 | Hash: 0x14D37496 | Rollbacks: 48 (Resim:  48) | Stalls:  0
[HEARTBEAT] Node: 1 | Tick: 168901 | Conf: 168899 | Hash: 0x44443CA9 | Rollbacks: 59 (Resim:  59) | Stalls:  0
[HEARTBEAT] Node: 1 | Tick: 168961 | Conf: 168959 | Hash: 0xF21109C1 | Rollbacks: 58 (Resim:  78) | Stalls:  0
[HEARTBEAT] Node: 1 | Tick: 169021 | Conf: 169018 | Hash: 0x0F5D51E1 | Rollbacks: 52 (Resim:  52) | Stalls:  0
[HEARTBEAT] Node: 1 | Tick: 169081 | Conf: 169079 | Hash: 0xB6E62599 | Rollbacks: 59 (Resim:  75) | Stalls:  0
[HEARTBEAT] Node: 1 | Tick: 169141 | Conf: 169139 | Hash: 0xA64BA014 | Rollbacks: 38 (Resim:  38) | Stalls:  0
[HEARTBEAT] Node: 1 | Tick: 169201 | Conf: 169199 | Hash: 0x00462318 | Rollbacks: 60 (Resim:  60) | Stalls:  0
[HEARTBEAT] Node: 1 | Tick: 169261 | Conf: 169259 | Hash: 0xB1DB91B3 | Rollbacks: 58 (Resim:  78) | Stalls:  0
[BOT:50005] Heartbeat - Sparse Mods Tracked: 2048
[HEARTBEAT] Node: 1 | Tick: 169321 | Conf: 169319 | Hash: 0x80BBB506 | Rollbacks: 51 (Resim:  51) | Stalls:  0
[HEARTBEAT] Node: 1 | Tick: 169381 | Conf: 169379 | Hash: 0x4D7005D4 | Rollbacks: 55 (Resim:  56) | Stalls:  0
[HEARTBEAT] Node: 1 | Tick: 169441 | Conf: 169439 | Hash: 0x3A8649F4 | Rollbacks: 51 (Resim:  66) | Stalls:  0
[HEARTBEAT] Node: 1 | Tick: 169501 | Conf: 169498 | Hash: 0x4987F013 | Rollbacks: 54 (Resim:  61) | Stalls:  0
[HEARTBEAT] Node: 1 | Tick: 169561 | Conf: 169559 | Hash: 0x444852CE | Rollbacks: 45 (Resim:  63) | Stalls:  0
[HEARTBEAT] Node: 1 | Tick: 169621 | Conf: 169619 | Hash: 0xC7C23213 | Rollbacks: 60 (Resim:  60) | Stalls:  0
[HEARTBEAT] Node: 1 | Tick: 169681 | Conf: 169679 | Hash: 0xFDEDB2DA | Rollbacks: 47 (Resim:  50) | Stalls:  0
[HEARTBEAT] Node: 1 | Tick: 169741 | Conf: 169739 | Hash: 0x995CCFDC | Rollbacks: 58 (Resim:  58) | Stalls:  0
[HEARTBEAT] Node: 1 | Tick: 169801 | Conf: 169799 | Hash: 0x21C0778C | Rollbacks: 45 (Resim:  58) | Stalls:  0
[HEARTBEAT] Node: 1 | Tick: 169861 | Conf: 169859 | Hash: 0x3080AC88 | Rollbacks: 59 (Resim:  60) | Stalls:  0
[BOT:50005] Heartbeat - Sparse Mods Tracked: 2048
[HEARTBEAT] Node: 1 | Tick: 169921 | Conf: 169919 | Hash: 0x53B787A8 | Rollbacks: 59 (Resim:  68) | Stalls:  0
[HEARTBEAT] Node: 1 | Tick: 169981 | Conf: 169979 | Hash: 0x9261110C | Rollbacks: 50 (Resim:  52) | Stalls:  0
[HEARTBEAT] Node: 1 | Tick: 170041 | Conf: 170039 | Hash: 0x1231D0F4 | Rollbacks: 48 (Resim:  49) | Stalls:  0
[HEARTBEAT] Node: 1 | Tick: 170101 | Conf: 170099 | Hash: 0x81621B3F | Rollbacks: 59 (Resim:  70) | Stalls:  0
[HEARTBEAT] Node: 1 | Tick: 170161 | Conf: 170159 | Hash: 0x28868339 | Rollbacks: 60 (Resim:  60) | Stalls:  0
[HEARTBEAT] Node: 1 | Tick: 170221 | Conf: 170219 | Hash: 0xB8CB3298 | Rollbacks: 59 (Resim:  68) | Stalls:  0
[HEARTBEAT] Node: 1 | Tick: 170281 | Conf: 170279 | Hash: 0xE4D9C386 | Rollbacks: 52 (Resim:  52) | Stalls:  0
[HEARTBEAT] Node: 1 | Tick: 170341 | Conf: 170339 | Hash: 0x85276A4A | Rollbacks: 46 (Resim:  67) | Stalls:  0
[HEARTBEAT] Node: 1 | Tick: 170401 | Conf: 170399 | Hash: 0xA4284E87 | Rollbacks: 59 (Resim:  60) | Stalls:  0
[HEARTBEAT] Node: 1 | Tick: 170461 | Conf: 170459 | Hash: 0xA563D4F2 | Rollbacks: 59 (Resim:  67) | Stalls:  0
[BOT:50005] Heartbeat - Sparse Mods Tracked: 2048
[HEARTBEAT] Node: 1 | Tick: 170521 | Conf: 170519 | Hash: 0x946E87FB | Rollbacks: 59 (Resim:  65) | Stalls:  0
[HEARTBEAT] Node: 1 | Tick: 170581 | Conf: 170579 | Hash: 0x66BD9919 | Rollbacks: 59 (Resim:  63) | Stalls:  0
[HEARTBEAT] Node: 1 | Tick: 170641 | Conf: 170639 | Hash: 0xC53F456B | Rollbacks: 59 (Resim:  64) | Stalls:  0
[HEARTBEAT] Node: 1 | Tick: 170701 | Conf: 170699 | Hash: 0x18828513 | Rollbacks: 58 (Resim:  67) | Stalls:  0
[HEARTBEAT] Node: 1 | Tick: 170761 | Conf: 170759 | Hash: 0x06CF9E12 | Rollbacks: 59 (Resim:  59) | Stalls:  0
[HEARTBEAT] Node: 1 | Tick: 170821 | Conf: 170819 | Hash: 0x376CFB9B | Rollbacks: 59 (Resim:  64) | Stalls:  0
[HEARTBEAT] Node: 1 | Tick: 170881 | Conf: 170878 | Hash: 0x5E011945 | Rollbacks: 56 (Resim:  59) | Stalls:  0
[HEARTBEAT] Node: 1 | Tick: 170941 | Conf: 170939 | Hash: 0x6621F5EC | Rollbacks: 50 (Resim:  77) | Stalls:  0
[HEARTBEAT] Node: 1 | Tick: 171001 | Conf: 170999 | Hash: 0x83AFAB0D | Rollbacks: 51 (Resim:  51) | Stalls:  0
[HEARTBEAT] Node: 1 | Tick: 171061 | Conf: 171058 | Hash: 0xFC47F360 | Rollbacks: 59 (Resim:  64) | Stalls:  0
[BOT:50005] Heartbeat - Sparse Mods Tracked: 2048
[HEARTBEAT] Node: 1 | Tick: 171121 | Conf: 171119 | Hash: 0x0BCCC671 | Rollbacks: 55 (Resim:  65) | Stalls:  0
[HEARTBEAT] Node: 1 | Tick: 171181 | Conf: 171179 | Hash: 0xD8A2EECD | Rollbacks: 52 (Resim:  52) | Stalls:  0
[HEARTBEAT] Node: 1 | Tick: 171241 | Conf: 171239 | Hash: 0xF1409D2F | Rollbacks: 58 (Resim:  75) | Stalls:  0
[HEARTBEAT] Node: 1 | Tick: 171301 | Conf: 171299 | Hash: 0xD60AFC63 | Rollbacks: 50 (Resim:  53) | Stalls:  0
[HEARTBEAT] Node: 1 | Tick: 171361 | Conf: 171359 | Hash: 0x11E3FDF0 | Rollbacks: 58 (Resim:  58) | Stalls:  0
[HEARTBEAT] Node: 1 | Tick: 171421 | Conf: 171419 | Hash: 0xDE711A4E | Rollbacks: 55 (Resim:  66) | Stalls:  0
[HEARTBEAT] Node: 1 | Tick: 171481 | Conf: 171478 | Hash: 0x9F2ABEDA | Rollbacks: 59 (Resim:  75) | Stalls:  0
[HEARTBEAT] Node: 1 | Tick: 171541 | Conf: 171539 | Hash: 0x35ED9FC7 | Rollbacks: 59 (Resim:  67) | Stalls:  0
[HEARTBEAT] Node: 1 | Tick: 171601 | Conf: 171599 | Hash: 0x877D1475 | Rollbacks: 45 (Resim:  45) | Stalls:  0
[HEARTBEAT] Node: 1 | Tick: 171661 | Conf: 171658 | Hash: 0x63014EF6 | Rollbacks: 58 (Resim:  76) | Stalls:  0
[BOT:50005] Heartbeat - Sparse Mods Tracked: 2048
[HEARTBEAT] Node: 1 | Tick: 171721 | Conf: 171719 | Hash: 0xD299FDEB | Rollbacks: 42 (Resim:  43) | Stalls:  0
[HEARTBEAT] Node: 1 | Tick: 171781 | Conf: 171779 | Hash: 0x50CA0A8E | Rollbacks: 59 (Resim:  69) | Stalls:  0
[HEARTBEAT] Node: 1 | Tick: 171841 | Conf: 171839 | Hash: 0x3FA3A3F8 | Rollbacks: 59 (Resim:  61) | Stalls:  0
[HEARTBEAT] Node: 1 | Tick: 171901 | Conf: 171899 | Hash: 0x3D132B13 | Rollbacks: 47 (Resim:  51) | Stalls:  0
[HEARTBEAT] Node: 1 | Tick: 171961 | Conf: 171959 | Hash: 0x8C09AD0D | Rollbacks: 57 (Resim:  57) | Stalls:  0
[HEARTBEAT] Node: 1 | Tick: 172021 | Conf: 172019 | Hash: 0xB9A9860D | Rollbacks: 59 (Resim:  62) | Stalls:  0
[HEARTBEAT] Node: 1 | Tick: 172081 | Conf: 172079 | Hash: 0x2FF62AF9 | Rollbacks: 46 (Resim:  63) | Stalls:  0
[HEARTBEAT] Node: 1 | Tick: 172141 | Conf: 172139 | Hash: 0x97814FB3 | Rollbacks: 49 (Resim:  49) | Stalls:  0
[HEARTBEAT] Node: 1 | Tick: 172201 | Conf: 172198 | Hash: 0xA0496F37 | Rollbacks: 59 (Resim:  61) | Stalls:  0
[HEARTBEAT] Node: 1 | Tick: 172261 | Conf: 172259 | Hash: 0xDAB73339 | Rollbacks: 45 (Resim:  60) | Stalls:  0
[BOT:50005] Heartbeat - Sparse Mods Tracked: 2048
[HEARTBEAT] Node: 1 | Tick: 172321 | Conf: 172319 | Hash: 0xEAA0FCA8 | Rollbacks: 59 (Resim:  70) | Stalls:  0
[HEARTBEAT] Node: 1 | Tick: 172381 | Conf: 172379 | Hash: 0xF076A3BB | Rollbacks: 51 (Resim:  51) | Stalls:  0
[HEARTBEAT] Node: 1 | Tick: 172441 | Conf: 172439 | Hash: 0xBBE53A40 | Rollbacks: 49 (Resim:  51) | Stalls:  0
[HEARTBEAT] Node: 1 | Tick: 172501 | Conf: 172499 | Hash: 0x80911CA0 | Rollbacks: 52 (Resim:  56) | Stalls:  0
[HEARTBEAT] Node: 1 | Tick: 172561 | Conf: 172558 | Hash: 0x2E041ADE | Rollbacks: 56 (Resim:  59) | Stalls:  0
[HEARTBEAT] Node: 1 | Tick: 172621 | Conf: 172619 | Hash: 0x7F0FE359 | Rollbacks: 54 (Resim:  80) | Stalls:  0
[HEARTBEAT] Node: 1 | Tick: 172681 | Conf: 172679 | Hash: 0xDBA148FD | Rollbacks: 57 (Resim:  60) | Stalls:  0
[HEARTBEAT] Node: 1 | Tick: 172741 | Conf: 172739 | Hash: 0xDA16428F | Rollbacks: 45 (Resim:  53) | Stalls:  0
[HEARTBEAT] Node: 1 | Tick: 172801 | Conf: 172799 | Hash: 0x8410444A | Rollbacks: 55 (Resim:  55) | Stalls:  0
[BOT:50005] Heartbeat - Sparse Mods Tracked: 2048
[HEARTBEAT] Node: 1 | Tick: 172861 | Conf: 172859 | Hash: 0x353BE443 | Rollbacks: 59 (Resim:  79) | Stalls:  0
[HEARTBEAT] Node: 1 | Tick: 172921 | Conf: 172919 | Hash: 0xDD4DEA5F | Rollbacks: 46 (Resim:  46) | Stalls:  0
[HEARTBEAT] Node: 1 | Tick: 172981 | Conf: 172979 | Hash: 0x8ACE5F6F | Rollbacks: 49 (Resim:  52) | Stalls:  0
[HEARTBEAT] Node: 1 | Tick: 173041 | Conf: 173039 | Hash: 0xEB070D1C | Rollbacks: 47 (Resim:  51) | Stalls:  0
[HEARTBEAT] Node: 1 | Tick: 173101 | Conf: 173099 | Hash: 0x0A10A8D1 | Rollbacks: 43 (Resim:  43) | Stalls:  0
[HEARTBEAT] Node: 1 | Tick: 173161 | Conf: 173158 | Hash: 0x7D08C522 | Rollbacks: 50 (Resim:  50) | Stalls:  0
[HEARTBEAT] Node: 1 | Tick: 173221 | Conf: 173219 | Hash: 0x5706A6C4 | Rollbacks: 59 (Resim:  75) | Stalls:  0
[HEARTBEAT] Node: 1 | Tick: 173281 | Conf: 173279 | Hash: 0x8F8A1AED | Rollbacks: 51 (Resim:  51) | Stalls:  0
[HEARTBEAT] Node: 1 | Tick: 173341 | Conf: 173339 | Hash: 0x55DF6720 | Rollbacks: 59 (Resim:  60) | Stalls:  0
[HEARTBEAT] Node: 1 | Tick: 173401 | Conf: 173399 | Hash: 0x2EB0BDB7 | Rollbacks: 58 (Resim:  65) | Stalls:  0
[BOT:50005] Heartbeat - Sparse Mods Tracked: 2048
[HEARTBEAT] Node: 1 | Tick: 173461 | Conf: 173459 | Hash: 0x0783B28E | Rollbacks: 58 (Resim:  72) | Stalls:  0
[HEARTBEAT] Node: 1 | Tick: 173521 | Conf: 173519 | Hash: 0xBB51EBCB | Rollbacks: 58 (Resim:  79) | Stalls:  0
[HEARTBEAT] Node: 1 | Tick: 173581 | Conf: 173579 | Hash: 0x2B6C87AE | Rollbacks: 55 (Resim:  86) | Stalls:  0
[HEARTBEAT] Node: 1 | Tick: 173641 | Conf: 173639 | Hash: 0xA7141F25 | Rollbacks: 39 (Resim:  39) | Stalls:  0
[HEARTBEAT] Node: 1 | Tick: 173701 | Conf: 173699 | Hash: 0xE33C676C | Rollbacks: 42 (Resim:  45) | Stalls:  0
[HEARTBEAT] Node: 1 | Tick: 173761 | Conf: 173759 | Hash: 0x022E83DD | Rollbacks: 37 (Resim:  37) | Stalls:  0
[HEARTBEAT] Node: 1 | Tick: 173821 | Conf: 173819 | Hash: 0x90778016 | Rollbacks: 37 (Resim:  37) | Stalls:  0
[HEARTBEAT] Node: 1 | Tick: 173881 | Conf: 173879 | Hash: 0xC5EB138E | Rollbacks: 39 (Resim:  39) | Stalls:  0
[HEARTBEAT] Node: 1 | Tick: 173941 | Conf: 173939 | Hash: 0xF4FE1AB9 | Rollbacks: 38 (Resim:  38) | Stalls:  0
[HEARTBEAT] Node: 1 | Tick: 174001 | Conf: 173999 | Hash: 0xA1C31479 | Rollbacks: 56 (Resim:  70) | Stalls:  0
[BOT:50005] Heartbeat - Sparse Mods Tracked: 2048
[HEARTBEAT] Node: 1 | Tick: 174061 | Conf: 174058 | Hash: 0x1F995645 | Rollbacks: 57 (Resim:  83) | Stalls:  0
[HEARTBEAT] Node: 1 | Tick: 174121 | Conf: 174119 | Hash: 0x207BE48F | Rollbacks: 57 (Resim:  72) | Stalls:  0
[HEARTBEAT] Node: 1 | Tick: 174181 | Conf: 174179 | Hash: 0x393C03F8 | Rollbacks: 51 (Resim:  51) | Stalls:  0
[HEARTBEAT] Node: 1 | Tick: 174241 | Conf: 174239 | Hash: 0xEFDDF652 | Rollbacks: 53 (Resim:  77) | Stalls:  0
[HEARTBEAT] Node: 1 | Tick: 174301 | Conf: 174299 | Hash: 0x35C2BB48 | Rollbacks: 53 (Resim:  71) | Stalls:  0
[HEARTBEAT] Node: 1 | Tick: 174361 | Conf: 174359 | Hash: 0xA436A125 | Rollbacks: 49 (Resim:  49) | Stalls:  0
[HEARTBEAT] Node: 1 | Tick: 174421 | Conf: 174418 | Hash: 0x277B4B0D | Rollbacks: 47 (Resim:  51) | Stalls:  0
[HEARTBEAT] Node: 1 | Tick: 174481 | Conf: 174479 | Hash: 0x4CAC992A | Rollbacks: 44 (Resim:  47) | Stalls:  0
[HEARTBEAT] Node: 1 | Tick: 174541 | Conf: 174539 | Hash: 0x61E467DE | Rollbacks: 48 (Resim:  50) | Stalls:  0
[HEARTBEAT] Node: 1 | Tick: 174601 | Conf: 174599 | Hash: 0xDC01BFF3 | Rollbacks: 59 (Resim:  60) | Stalls:  0
[BOT:50005] Heartbeat - Sparse Mods Tracked: 2048
[HEARTBEAT] Node: 1 | Tick: 174661 | Conf: 174659 | Hash: 0x5457ED97 | Rollbacks: 54 (Resim:  63) | Stalls:  0
[HEARTBEAT] Node: 1 | Tick: 174721 | Conf: 174718 | Hash: 0xCCFA6E9B | Rollbacks: 59 (Resim:  73) | Stalls:  0
[HEARTBEAT] Node: 1 | Tick: 174781 | Conf: 174779 | Hash: 0x7D552534 | Rollbacks: 57 (Resim:  76) | Stalls:  0
[HEARTBEAT] Node: 1 | Tick: 174841 | Conf: 174839 | Hash: 0x9E4C9765 | Rollbacks: 45 (Resim:  47) | Stalls:  0
[HEARTBEAT] Node: 1 | Tick: 174901 | Conf: 174899 | Hash: 0x7C6F5A6D | Rollbacks: 52 (Resim:  52) | Stalls:  0
[HEARTBEAT] Node: 1 | Tick: 174961 | Conf: 174959 | Hash: 0x8983B3C4 | Rollbacks: 59 (Resim:  73) | Stalls:  0
[HEARTBEAT] Node: 1 | Tick: 175021 | Conf: 175019 | Hash: 0x2636C684 | Rollbacks: 59 (Resim:  72) | Stalls:  0
[HEARTBEAT] Node: 1 | Tick: 175081 | Conf: 175079 | Hash: 0x7B19A0F2 | Rollbacks: 42 (Resim:  44) | Stalls:  0
[HEARTBEAT] Node: 1 | Tick: 175141 | Conf: 175139 | Hash: 0xF09C94BB | Rollbacks: 47 (Resim:  47) | Stalls:  0
[HEARTBEAT] Node: 1 | Tick: 175201 | Conf: 175199 | Hash: 0x650F1CE4 | Rollbacks: 43 (Resim:  43) | Stalls:  0
[BOT:50005] Heartbeat - Sparse Mods Tracked: 2048
[HEARTBEAT] Node: 1 | Tick: 175261 | Conf: 175259 | Hash: 0x53061196 | Rollbacks: 50 (Resim:  53) | Stalls:  0
[HEARTBEAT] Node: 1 | Tick: 175321 | Conf: 175319 | Hash: 0x43E5A88C | Rollbacks: 45 (Resim:  47) | Stalls:  0
[HEARTBEAT] Node: 1 | Tick: 175381 | Conf: 175379 | Hash: 0x706BFBE6 | Rollbacks: 46 (Resim:  51) | Stalls:  0
[HEARTBEAT] Node: 1 | Tick: 175441 | Conf: 175439 | Hash: 0x977A2F70 | Rollbacks: 49 (Resim:  51) | Stalls:  0
[HEARTBEAT] Node: 1 | Tick: 175501 | Conf: 175499 | Hash: 0x12FD2855 | Rollbacks: 56 (Resim:  56) | Stalls:  0
[HEARTBEAT] Node: 1 | Tick: 175561 | Conf: 175559 | Hash: 0x298659B8 | Rollbacks: 42 (Resim:  46) | Stalls:  0
[HEARTBEAT] Node: 1 | Tick: 175621 | Conf: 175619 | Hash: 0xCD2E5A6A | Rollbacks: 53 (Resim:  53) | Stalls:  0
[HEARTBEAT] Node: 1 | Tick: 175681 | Conf: 175678 | Hash: 0x30F50E14 | Rollbacks: 59 (Resim:  79) | Stalls:  0
[HEARTBEAT] Node: 1 | Tick: 175741 | Conf: 175739 | Hash: 0x3E5D4CCB | Rollbacks: 59 (Resim:  67) | Stalls:  0
[HEARTBEAT] Node: 1 | Tick: 175801 | Conf: 175799 | Hash: 0x31C01627 | Rollbacks: 59 (Resim:  59) | Stalls:  0
[BOT:50005] Heartbeat - Sparse Mods Tracked: 2048
[HEARTBEAT] Node: 1 | Tick: 175861 | Conf: 175859 | Hash: 0xEF97BE94 | Rollbacks: 56 (Resim:  67) | Stalls:  0
[HEARTBEAT] Node: 1 | Tick: 175921 | Conf: 175919 | Hash: 0xE13ADCB5 | Rollbacks: 45 (Resim:  45) | Stalls:  0
[HEARTBEAT] Node: 1 | Tick: 175981 | Conf: 175979 | Hash: 0xB7E7807D | Rollbacks: 53 (Resim:  53) | Stalls:  0
[HEARTBEAT] Node: 1 | Tick: 176041 | Conf: 176039 | Hash: 0xE26D1DEF | Rollbacks: 58 (Resim:  74) | Stalls:  0
[HEARTBEAT] Node: 1 | Tick: 176101 | Conf: 176099 | Hash: 0xABA1EB25 | Rollbacks: 50 (Resim:  50) | Stalls:  0
[HEARTBEAT] Node: 1 | Tick: 176161 | Conf: 176159 | Hash: 0x55C70F87 | Rollbacks: 56 (Resim:  81) | Stalls:  0
[HEARTBEAT] Node: 1 | Tick: 176221 | Conf: 176219 | Hash: 0xAB997126 | Rollbacks: 58 (Resim:  59) | Stalls:  0
[HEARTBEAT] Node: 1 | Tick: 176281 | Conf: 176279 | Hash: 0xC60A4FBD | Rollbacks: 54 (Resim:  54) | Stalls:  0
[HEARTBEAT] Node: 1 | Tick: 176341 | Conf: 176339 | Hash: 0xD3787952 | Rollbacks: 59 (Resim:  83) | Stalls:  0
[BOT:50005] Heartbeat - Sparse Mods Tracked: 2048
[HEARTBEAT] Node: 1 | Tick: 176401 | Conf: 176399 | Hash: 0x122C44E1 | Rollbacks: 59 (Resim:  60) | Stalls:  0
[HEARTBEAT] Node: 1 | Tick: 176461 | Conf: 176459 | Hash: 0xBE2CC15A | Rollbacks: 59 (Resim:  80) | Stalls:  0
[HEARTBEAT] Node: 1 | Tick: 176521 | Conf: 176519 | Hash: 0x26F365E7 | Rollbacks: 59 (Resim:  62) | Stalls:  0
[HEARTBEAT] Node: 1 | Tick: 176581 | Conf: 176579 | Hash: 0x96DF761F | Rollbacks: 45 (Resim:  45) | Stalls:  0
[HEARTBEAT] Node: 1 | Tick: 176641 | Conf: 176638 | Hash: 0xE0DFE5AC | Rollbacks: 58 (Resim:  78) | Stalls:  0
[HEARTBEAT] Node: 1 | Tick: 176701 | Conf: 176699 | Hash: 0xA9C3D192 | Rollbacks: 59 (Resim:  66) | Stalls:  0
[HEARTBEAT] Node: 1 | Tick: 176761 | Conf: 176758 | Hash: 0x9152DB49 | Rollbacks: 54 (Resim:  68) | Stalls:  0
[HEARTBEAT] Node: 1 | Tick: 176821 | Conf: 176819 | Hash: 0x5D6D72A8 | Rollbacks: 52 (Resim:  58) | Stalls:  0
[HEARTBEAT] Node: 1 | Tick: 176881 | Conf: 176879 | Hash: 0xD54E4671 | Rollbacks: 56 (Resim:  56) | Stalls:  0
[HEARTBEAT] Node: 1 | Tick: 176941 | Conf: 176939 | Hash: 0x95D63569 | Rollbacks: 54 (Resim:  74) | Stalls:  0
[BOT:50005] Heartbeat - Sparse Mods Tracked: 2048
[HEARTBEAT] Node: 1 | Tick: 177001 | Conf: 176999 | Hash: 0xB9675F4A | Rollbacks: 57 (Resim:  60) | Stalls:  0
[HEARTBEAT] Node: 1 | Tick: 177061 | Conf: 177059 | Hash: 0xA1B1328E | Rollbacks: 50 (Resim:  50) | Stalls:  0
[HEARTBEAT] Node: 1 | Tick: 177121 | Conf: 177119 | Hash: 0x02F6CAFE | Rollbacks: 59 (Resim:  80) | Stalls:  0
[HEARTBEAT] Node: 1 | Tick: 177181 | Conf: 177179 | Hash: 0x3B679012 | Rollbacks: 48 (Resim:  52) | Stalls:  0
[HEARTBEAT] Node: 1 | Tick: 177241 | Conf: 177239 | Hash: 0x583AAAB5 | Rollbacks: 46 (Resim:  46) | Stalls:  0
[HEARTBEAT] Node: 1 | Tick: 177301 | Conf: 177299 | Hash: 0x185FCA7C | Rollbacks: 59 (Resim:  69) | Stalls:  0
[HEARTBEAT] Node: 1 | Tick: 177361 | Conf: 177359 | Hash: 0x67272E54 | Rollbacks: 51 (Resim:  58) | Stalls:  0
[HEARTBEAT] Node: 1 | Tick: 177421 | Conf: 177419 | Hash: 0xD0226A45 | Rollbacks: 51 (Resim:  58) | Stalls:  0
[HEARTBEAT] Node: 1 | Tick: 177481 | Conf: 177479 | Hash: 0x4320E4C7 | Rollbacks: 33 (Resim:  33) | Stalls:  0
[HEARTBEAT] Node: 1 | Tick: 177541 | Conf: 177539 | Hash: 0x78F1EEF2 | Rollbacks: 46 (Resim:  48) | Stalls:  0
[BOT:50005] Heartbeat - Sparse Mods Tracked: 2048
[HEARTBEAT] Node: 1 | Tick: 177601 | Conf: 177599 | Hash: 0xCCD72CF6 | Rollbacks: 43 (Resim:  43) | Stalls:  0
[HEARTBEAT] Node: 1 | Tick: 177661 | Conf: 177659 | Hash: 0xFED6A57A | Rollbacks: 54 (Resim:  54) | Stalls:  0
[HEARTBEAT] Node: 1 | Tick: 177721 | Conf: 177718 | Hash: 0x16643D88 | Rollbacks: 58 (Resim:  85) | Stalls:  0
[HEARTBEAT] Node: 1 | Tick: 177781 | Conf: 177779 | Hash: 0xE3DBBD85 | Rollbacks: 46 (Resim:  53) | Stalls:  0
[HEARTBEAT] Node: 1 | Tick: 177841 | Conf: 177839 | Hash: 0xE6887D82 | Rollbacks: 50 (Resim:  55) | Stalls:  0
[HEARTBEAT] Node: 1 | Tick: 177901 | Conf: 177899 | Hash: 0x665B5671 | Rollbacks: 52 (Resim:  52) | Stalls:  0
[HEARTBEAT] Node: 1 | Tick: 177961 | Conf: 177959 | Hash: 0x1BA5A637 | Rollbacks: 59 (Resim:  61) | Stalls:  0
[HEARTBEAT] Node: 1 | Tick: 178021 | Conf: 178019 | Hash: 0xFE8A4C6D | Rollbacks: 45 (Resim:  58) | Stalls:  0
[HEARTBEAT] Node: 1 | Tick: 178081 | Conf: 178079 | Hash: 0xC6FF96E4 | Rollbacks: 60 (Resim:  60) | Stalls:  0
[HEARTBEAT] Node: 1 | Tick: 178141 | Conf: 178139 | Hash: 0x19267B6B | Rollbacks: 53 (Resim:  72) | Stalls:  0
[BOT:50005] Heartbeat - Sparse Mods Tracked: 2048
[HEARTBEAT] Node: 1 | Tick: 178201 | Conf: 178199 | Hash: 0x02C0660E | Rollbacks: 59 (Resim:  62) | Stalls:  0
[HEARTBEAT] Node: 1 | Tick: 178261 | Conf: 178259 | Hash: 0xA512F976 | Rollbacks: 59 (Resim:  72) | Stalls:  0
[HEARTBEAT] Node: 1 | Tick: 178321 | Conf: 178319 | Hash: 0x6FD0501E | Rollbacks: 46 (Resim:  46) | Stalls:  0
[HEARTBEAT] Node: 1 | Tick: 178381 | Conf: 178379 | Hash: 0x5A814470 | Rollbacks: 57 (Resim:  59) | Stalls:  0
[HEARTBEAT] Node: 1 | Tick: 178441 | Conf: 178439 | Hash: 0x3DB114C9 | Rollbacks: 58 (Resim:  71) | Stalls:  0
[HEARTBEAT] Node: 1 | Tick: 178501 | Conf: 178499 | Hash: 0xFDB8EE6C | Rollbacks: 50 (Resim:  50) | Stalls:  0
[HEARTBEAT] Node: 1 | Tick: 178561 | Conf: 178559 | Hash: 0x09B4A3D2 | Rollbacks: 59 (Resim:  60) | Stalls:  0
[HEARTBEAT] Node: 1 | Tick: 178621 | Conf: 178619 | Hash: 0x4E463961 | Rollbacks: 57 (Resim:  77) | Stalls:  0
[HEARTBEAT] Node: 1 | Tick: 178681 | Conf: 178679 | Hash: 0x8D5061A3 | Rollbacks: 51 (Resim:  57) | Stalls:  0
[HEARTBEAT] Node: 1 | Tick: 178741 | Conf: 178739 | Hash: 0xF849193F | Rollbacks: 45 (Resim:  45) | Stalls:  0
[BOT:50005] Heartbeat - Sparse Mods Tracked: 2048
[HEARTBEAT] Node: 1 | Tick: 178801 | Conf: 178799 | Hash: 0xCA8AB593 | Rollbacks: 53 (Resim:  53) | Stalls:  0
[HEARTBEAT] Node: 1 | Tick: 178861 | Conf: 178859 | Hash: 0xF63EF523 | Rollbacks: 59 (Resim:  73) | Stalls:  0
[HEARTBEAT] Node: 1 | Tick: 178921 | Conf: 178919 | Hash: 0x5CA1D4CD | Rollbacks: 49 (Resim:  55) | Stalls:  0
[HEARTBEAT] Node: 1 | Tick: 178981 | Conf: 178979 | Hash: 0x78233791 | Rollbacks: 59 (Resim:  63) | Stalls:  0
[HEARTBEAT] Node: 1 | Tick: 179041 | Conf: 179039 | Hash: 0x21333E86 | Rollbacks: 51 (Resim:  63) | Stalls:  0
[HEARTBEAT] Node: 1 | Tick: 179101 | Conf: 179099 | Hash: 0x229923B7 | Rollbacks: 58 (Resim:  81) | Stalls:  0
[HEARTBEAT] Node: 1 | Tick: 179161 | Conf: 179159 | Hash: 0x0EACFAC4 | Rollbacks: 47 (Resim:  50) | Stalls:  0
[HEARTBEAT] Node: 1 | Tick: 179221 | Conf: 179219 | Hash: 0xF478065A | Rollbacks: 39 (Resim:  39) | Stalls:  0
[HEARTBEAT] Node: 1 | Tick: 179281 | Conf: 179279 | Hash: 0xFFEA8DC0 | Rollbacks: 58 (Resim:  58) | Stalls:  0
[HEARTBEAT] Node: 1 | Tick: 179341 | Conf: 179339 | Hash: 0x8B092A77 | Rollbacks: 56 (Resim:  59) | Stalls:  0
[BOT:50005] Heartbeat - Sparse Mods Tracked: 2048
[HEARTBEAT] Node: 1 | Tick: 179401 | Conf: 179399 | Hash: 0xB344E3AD | Rollbacks: 52 (Resim:  52) | Stalls:  0
[HEARTBEAT] Node: 1 | Tick: 179461 | Conf: 179459 | Hash: 0x68787C33 | Rollbacks: 58 (Resim:  85) | Stalls:  0
[HEARTBEAT] Node: 1 | Tick: 179521 | Conf: 179519 | Hash: 0x02422EA8 | Rollbacks: 52 (Resim:  55) | Stalls:  0
[HEARTBEAT] Node: 1 | Tick: 179581 | Conf: 179578 | Hash: 0xE84DB3F5 | Rollbacks: 53 (Resim:  57) | Stalls:  0
[HEARTBEAT] Node: 1 | Tick: 179641 | Conf: 179639 | Hash: 0x2EB93BF7 | Rollbacks: 55 (Resim:  78) | Stalls:  0
[HEARTBEAT] Node: 1 | Tick: 179701 | Conf: 179699 | Hash: 0xF86BD862 | Rollbacks: 60 (Resim:  60) | Stalls:  0
[HEARTBEAT] Node: 1 | Tick: 179761 | Conf: 179759 | Hash: 0x509367CF | Rollbacks: 59 (Resim:  70) | Stalls:  0
[HEARTBEAT] Node: 1 | Tick: 179821 | Conf: 179819 | Hash: 0x429611E6 | Rollbacks: 48 (Resim:  48) | Stalls:  0
[HEARTBEAT] Node: 1 | Tick: 179881 | Conf: 179879 | Hash: 0xE8C206F8 | Rollbacks: 58 (Resim:  77) | Stalls:  0
[HEARTBEAT] Node: 1 | Tick: 179941 | Conf: 179939 | Hash: 0x8582CAC9 | Rollbacks: 56 (Resim:  56) | Stalls:  0
[BOT:50005] Heartbeat - Sparse Mods Tracked: 2048
[HEARTBEAT] Node: 1 | Tick: 180001 | Conf: 179999 | Hash: 0x97530F28 | Rollbacks: 48 (Resim:  61) | Stalls:  0
[HEARTBEAT] Node: 1 | Tick: 180061 | Conf: 180058 | Hash: 0xC2CB6C8C | Rollbacks: 57 (Resim:  67) | Stalls:  0
[HEARTBEAT] Node: 1 | Tick: 180121 | Conf: 180119 | Hash: 0xAAA62472 | Rollbacks: 53 (Resim:  71) | Stalls:  0
[HEARTBEAT] Node: 1 | Tick: 180181 | Conf: 180179 | Hash: 0x18A86CC5 | Rollbacks: 58 (Resim:  58) | Stalls:  0
[HEARTBEAT] Node: 1 | Tick: 180241 | Conf: 180239 | Hash: 0x8B605F00 | Rollbacks: 55 (Resim:  72) | Stalls:  0
[HEARTBEAT] Node: 1 | Tick: 180301 | Conf: 180299 | Hash: 0xD7BE2F30 | Rollbacks: 59 (Resim:  61) | Stalls:  0
[HEARTBEAT] Node: 1 | Tick: 180361 | Conf: 180358 | Hash: 0x35A6A256 | Rollbacks: 53 (Resim:  58) | Stalls:  0
[HEARTBEAT] Node: 1 | Tick: 180421 | Conf: 180419 | Hash: 0x7F19BC99 | Rollbacks: 55 (Resim:  78) | Stalls:  0
[HEARTBEAT] Node: 1 | Tick: 180481 | Conf: 180479 | Hash: 0x1264BA69 | Rollbacks: 54 (Resim:  54) | Stalls:  0
[BOT:50005] Heartbeat - Sparse Mods Tracked: 2048
[HEARTBEAT] Node: 1 | Tick: 180541 | Conf: 180539 | Hash: 0xECB83849 | Rollbacks: 59 (Resim:  83) | Stalls:  0
[HEARTBEAT] Node: 1 | Tick: 180601 | Conf: 180599 | Hash: 0xA12F65B6 | Rollbacks: 55 (Resim:  59) | Stalls:  0
[HEARTBEAT] Node: 1 | Tick: 180661 | Conf: 180658 | Hash: 0x5250BED3 | Rollbacks: 55 (Resim:  57) | Stalls:  0
[HEARTBEAT] Node: 1 | Tick: 180721 | Conf: 180719 | Hash: 0x576EB9CC | Rollbacks: 53 (Resim:  74) | Stalls:  0
[HEARTBEAT] Node: 1 | Tick: 180781 | Conf: 180779 | Hash: 0x7EE9FE0F | Rollbacks: 53 (Resim:  53) | Stalls:  0
[HEARTBEAT] Node: 1 | Tick: 180841 | Conf: 180839 | Hash: 0x265202AE | Rollbacks: 50 (Resim:  75) | Stalls:  0
[HEARTBEAT] Node: 1 | Tick: 180901 | Conf: 180899 | Hash: 0x5935FD68 | Rollbacks: 57 (Resim:  59) | Stalls:  0
[HEARTBEAT] Node: 1 | Tick: 180961 | Conf: 180958 | Hash: 0x168A2049 | Rollbacks: 56 (Resim:  57) | Stalls:  0
[HEARTBEAT] Node: 1 | Tick: 181021 | Conf: 181019 | Hash: 0x561B4E57 | Rollbacks: 58 (Resim:  69) | Stalls:  0
[HEARTBEAT] Node: 1 | Tick: 181081 | Conf: 181079 | Hash: 0xBB107348 | Rollbacks: 59 (Resim:  65) | Stalls:  0
[BOT:50005] Heartbeat - Sparse Mods Tracked: 2048
[HEARTBEAT] Node: 1 | Tick: 181141 | Conf: 181138 | Hash: 0xD4D13E88 | Rollbacks: 57 (Resim:  59) | Stalls:  0
[HEARTBEAT] Node: 1 | Tick: 181201 | Conf: 181199 | Hash: 0x9220694B | Rollbacks: 59 (Resim:  65) | Stalls:  0
[HEARTBEAT] Node: 1 | Tick: 181261 | Conf: 181259 | Hash: 0x2DD8FCF7 | Rollbacks: 47 (Resim:  62) | Stalls:  0
[HEARTBEAT] Node: 1 | Tick: 181321 | Conf: 181319 | Hash: 0xEE326372 | Rollbacks: 58 (Resim:  61) | Stalls:  0
[HEARTBEAT] Node: 1 | Tick: 181381 | Conf: 181379 | Hash: 0xDA0882E4 | Rollbacks: 59 (Resim:  72) | Stalls:  0
[HEARTBEAT] Node: 1 | Tick: 181441 | Conf: 181439 | Hash: 0x0147C94F | Rollbacks: 47 (Resim:  47) | Stalls:  0
[HEARTBEAT] Node: 1 | Tick: 181501 | Conf: 181498 | Hash: 0x90CC7A25 | Rollbacks: 58 (Resim:  66) | Stalls:  0
[HEARTBEAT] Node: 1 | Tick: 181561 | Conf: 181559 | Hash: 0x683E5D0D | Rollbacks: 50 (Resim:  60) | Stalls:  0
[HEARTBEAT] Node: 1 | Tick: 181621 | Conf: 181618 | Hash: 0x25980889 | Rollbacks: 45 (Resim:  52) | Stalls:  0
[HEARTBEAT] Node: 1 | Tick: 181681 | Conf: 181679 | Hash: 0x994EB64D | Rollbacks: 48 (Resim:  54) | Stalls:  0
[BOT:50005] Heartbeat - Sparse Mods Tracked: 2048
[HEARTBEAT] Node: 1 | Tick: 181741 | Conf: 181739 | Hash: 0xF7651CC5 | Rollbacks: 53 (Resim:  56) | Stalls:  0
[HEARTBEAT] Node: 1 | Tick: 181801 | Conf: 181799 | Hash: 0xBE397467 | Rollbacks: 47 (Resim:  47) | Stalls:  0
[HEARTBEAT] Node: 1 | Tick: 181861 | Conf: 181858 | Hash: 0x2E7BBEE2 | Rollbacks: 59 (Resim:  66) | Stalls:  0
[HEARTBEAT] Node: 1 | Tick: 181921 | Conf: 181919 | Hash: 0xB1174909 | Rollbacks: 47 (Resim:  71) | Stalls:  0
[HEARTBEAT] Node: 1 | Tick: 181981 | Conf: 181979 | Hash: 0xB6E93A8C | Rollbacks: 58 (Resim:  84) | Stalls:  0
[HEARTBEAT] Node: 1 | Tick: 182041 | Conf: 182039 | Hash: 0xAE6816B7 | Rollbacks: 43 (Resim:  44) | Stalls:  0
[HEARTBEAT] Node: 1 | Tick: 182101 | Conf: 182099 | Hash: 0x50987CD7 | Rollbacks: 59 (Resim:  59) | Stalls:  0
[HEARTBEAT] Node: 1 | Tick: 182161 | Conf: 182159 | Hash: 0xA90F0049 | Rollbacks: 46 (Resim:  64) | Stalls:  0
[HEARTBEAT] Node: 1 | Tick: 182221 | Conf: 182219 | Hash: 0x2D8ED8D4 | Rollbacks: 57 (Resim:  57) | Stalls:  0
[HEARTBEAT] Node: 1 | Tick: 182281 | Conf: 182279 | Hash: 0x93E5EFFD | Rollbacks: 59 (Resim:  82) | Stalls:  0
[BOT:50005] Heartbeat - Sparse Mods Tracked: 2048
[HEARTBEAT] Node: 1 | Tick: 182341 | Conf: 182339 | Hash: 0xB931A34C | Rollbacks: 54 (Resim:  56) | Stalls:  0
[HEARTBEAT] Node: 1 | Tick: 182401 | Conf: 182399 | Hash: 0xFCA02BC3 | Rollbacks: 44 (Resim:  48) | Stalls:  0
[HEARTBEAT] Node: 1 | Tick: 182461 | Conf: 182459 | Hash: 0xE26B89BA | Rollbacks: 44 (Resim:  47) | Stalls:  0
[HEARTBEAT] Node: 1 | Tick: 182521 | Conf: 182519 | Hash: 0xC33BB30E | Rollbacks: 49 (Resim:  49) | Stalls:  0
[HEARTBEAT] Node: 1 | Tick: 182581 | Conf: 182579 | Hash: 0x1B540249 | Rollbacks: 42 (Resim:  42) | Stalls:  0
[HEARTBEAT] Node: 1 | Tick: 182641 | Conf: 182639 | Hash: 0x2292C0D7 | Rollbacks: 45 (Resim:  49) | Stalls:  0
[HEARTBEAT] Node: 1 | Tick: 182701 | Conf: 182699 | Hash: 0xFBA9D468 | Rollbacks: 46 (Resim:  49) | Stalls:  0
[HEARTBEAT] Node: 1 | Tick: 182761 | Conf: 182759 | Hash: 0x4C3D6308 | Rollbacks: 55 (Resim:  55) | Stalls:  0
[HEARTBEAT] Node: 1 | Tick: 182821 | Conf: 182819 | Hash: 0x19EDC380 | Rollbacks: 56 (Resim:  85) | Stalls:  0
[HEARTBEAT] Node: 1 | Tick: 182881 | Conf: 182879 | Hash: 0x346CFC2F | Rollbacks: 50 (Resim:  53) | Stalls:  0
[BOT:50005] Heartbeat - Sparse Mods Tracked: 2048
[HEARTBEAT] Node: 1 | Tick: 182941 | Conf: 182939 | Hash: 0xDA7BCD2A | Rollbacks: 43 (Resim:  43) | Stalls:  0
[HEARTBEAT] Node: 1 | Tick: 183001 | Conf: 182999 | Hash: 0x870982E7 | Rollbacks: 46 (Resim:  46) | Stalls:  0
[HEARTBEAT] Node: 1 | Tick: 183061 | Conf: 183059 | Hash: 0x1AB18D7B | Rollbacks: 58 (Resim:  58) | Stalls:  0
[HEARTBEAT] Node: 1 | Tick: 183121 | Conf: 183119 | Hash: 0xA6DF48B4 | Rollbacks: 52 (Resim:  77) | Stalls:  0
[HEARTBEAT] Node: 1 | Tick: 183181 | Conf: 183179 | Hash: 0xC15C3215 | Rollbacks: 47 (Resim:  52) | Stalls:  0
[HEARTBEAT] Node: 1 | Tick: 183241 | Conf: 183239 | Hash: 0xF38D928D | Rollbacks: 46 (Resim:  49) | Stalls:  0
[HEARTBEAT] Node: 1 | Tick: 183301 | Conf: 183299 | Hash: 0x4BEAA8C9 | Rollbacks: 48 (Resim:  48) | Stalls:  0
[HEARTBEAT] Node: 1 | Tick: 183361 | Conf: 183359 | Hash: 0x710EC32E | Rollbacks: 59 (Resim:  83) | Stalls:  0
[HEARTBEAT] Node: 1 | Tick: 183421 | Conf: 183419 | Hash: 0x67602056 | Rollbacks: 51 (Resim:  55) | Stalls:  0
[HEARTBEAT] Node: 1 | Tick: 183481 | Conf: 183479 | Hash: 0x104E316A | Rollbacks: 56 (Resim:  59) | Stalls:  0
[BOT:50005] Heartbeat - Sparse Mods Tracked: 2048
[HEARTBEAT] Node: 1 | Tick: 183541 | Conf: 183539 | Hash: 0x35AE5AAF | Rollbacks: 49 (Resim:  49) | Stalls:  0
[HEARTBEAT] Node: 1 | Tick: 183601 | Conf: 183599 | Hash: 0x4A6F7C8B | Rollbacks: 59 (Resim:  87) | Stalls:  0
[HEARTBEAT] Node: 1 | Tick: 183661 | Conf: 183659 | Hash: 0xA06E964C | Rollbacks: 46 (Resim:  49) | Stalls:  0
[HEARTBEAT] Node: 1 | Tick: 183721 | Conf: 183719 | Hash: 0x525AC155 | Rollbacks: 55 (Resim:  59) | Stalls:  0
[HEARTBEAT] Node: 1 | Tick: 183781 | Conf: 183779 | Hash: 0xC5153BB0 | Rollbacks: 53 (Resim:  61) | Stalls:  0
[HEARTBEAT] Node: 1 | Tick: 183841 | Conf: 183839 | Hash: 0xAA900378 | Rollbacks: 42 (Resim:  43) | Stalls:  0
[HEARTBEAT] Node: 1 | Tick: 183901 | Conf: 183899 | Hash: 0x14247A8F | Rollbacks: 55 (Resim:  55) | Stalls:  0
[HEARTBEAT] Node: 1 | Tick: 183961 | Conf: 183959 | Hash: 0x1FD9CC3C | Rollbacks: 49 (Resim:  53) | Stalls:  0
[HEARTBEAT] Node: 1 | Tick: 184021 | Conf: 184019 | Hash: 0x0BD3CCAE | Rollbacks: 59 (Resim:  59) | Stalls:  0
[HEARTBEAT] Node: 1 | Tick: 184081 | Conf: 184079 | Hash: 0xC4E275ED | Rollbacks: 53 (Resim:  76) | Stalls:  0
[BOT:50005] Heartbeat - Sparse Mods Tracked: 2048
[HEARTBEAT] Node: 1 | Tick: 184141 | Conf: 184139 | Hash: 0x9BA5A3DF | Rollbacks: 51 (Resim:  51) | Stalls:  0
[HEARTBEAT] Node: 1 | Tick: 184201 | Conf: 184199 | Hash: 0x5196DC88 | Rollbacks: 59 (Resim:  78) | Stalls:  0
[HEARTBEAT] Node: 1 | Tick: 184261 | Conf: 184258 | Hash: 0xF90162AB | Rollbacks: 58 (Resim:  76) | Stalls:  0
[HEARTBEAT] Node: 1 | Tick: 184321 | Conf: 184319 | Hash: 0x18B69949 | Rollbacks: 48 (Resim:  54) | Stalls:  0
[HEARTBEAT] Node: 1 | Tick: 184381 | Conf: 184379 | Hash: 0x655F8017 | Rollbacks: 52 (Resim:  57) | Stalls:  0
[HEARTBEAT] Node: 1 | Tick: 184441 | Conf: 184439 | Hash: 0xED9B4873 | Rollbacks: 50 (Resim:  50) | Stalls:  0
[HEARTBEAT] Node: 1 | Tick: 184501 | Conf: 184498 | Hash: 0xC4A9BC36 | Rollbacks: 58 (Resim:  69) | Stalls:  0
[HEARTBEAT] Node: 1 | Tick: 184561 | Conf: 184559 | Hash: 0x5215CDAB | Rollbacks: 46 (Resim:  59) | Stalls:  0
[HEARTBEAT] Node: 1 | Tick: 184621 | Conf: 184619 | Hash: 0x0567E898 | Rollbacks: 51 (Resim:  51) | Stalls:  0
[BOT:50005] Heartbeat - Sparse Mods Tracked: 2048
[HEARTBEAT] Node: 1 | Tick: 184681 | Conf: 184679 | Hash: 0x8DEC889D | Rollbacks: 59 (Resim:  80) | Stalls:  0
[HEARTBEAT] Node: 1 | Tick: 184741 | Conf: 184739 | Hash: 0xB35495A3 | Rollbacks: 58 (Resim:  62) | Stalls:  0
[HEARTBEAT] Node: 1 | Tick: 184801 | Conf: 184799 | Hash: 0xC3B57B8F | Rollbacks: 59 (Resim:  71) | Stalls:  0
[HEARTBEAT] Node: 1 | Tick: 184861 | Conf: 184859 | Hash: 0x6B9FA1C1 | Rollbacks: 49 (Resim:  49) | Stalls:  0
[HEARTBEAT] Node: 1 | Tick: 184921 | Conf: 184919 | Hash: 0x48254CCE | Rollbacks: 58 (Resim:  61) | Stalls:  0
[HEARTBEAT] Node: 1 | Tick: 184981 | Conf: 184979 | Hash: 0x0D3CEB0F | Rollbacks: 58 (Resim:  69) | Stalls:  0
[HEARTBEAT] Node: 1 | Tick: 185041 | Conf: 185039 | Hash: 0xB1B0A8A6 | Rollbacks: 58 (Resim:  75) | Stalls:  0
[HEARTBEAT] Node: 1 | Tick: 185101 | Conf: 185099 | Hash: 0x0EEF3F37 | Rollbacks: 58 (Resim:  83) | Stalls:  0
[HEARTBEAT] Node: 1 | Tick: 185161 | Conf: 185159 | Hash: 0xD9164E4D | Rollbacks: 49 (Resim:  66) | Stalls:  0
[HEARTBEAT] Node: 1 | Tick: 185221 | Conf: 185219 | Hash: 0xE50C263A | Rollbacks: 38 (Resim:  38) | Stalls:  0
[BOT:50005] Heartbeat - Sparse Mods Tracked: 2048
[HEARTBEAT] Node: 1 | Tick: 185281 | Conf: 185279 | Hash: 0xBB5E293F | Rollbacks: 38 (Resim:  38) | Stalls:  0
[HEARTBEAT] Node: 1 | Tick: 185341 | Conf: 185339 | Hash: 0x25BF339F | Rollbacks: 42 (Resim:  42) | Stalls:  0
[HEARTBEAT] Node: 1 | Tick: 185401 | Conf: 185399 | Hash: 0x89952B64 | Rollbacks: 44 (Resim:  44) | Stalls:  0
[HEARTBEAT] Node: 1 | Tick: 185461 | Conf: 185459 | Hash: 0x0BF78E1B | Rollbacks: 59 (Resim:  60) | Stalls:  0
[HEARTBEAT] Node: 1 | Tick: 185521 | Conf: 185519 | Hash: 0xC74C2BDC | Rollbacks: 59 (Resim:  60) | Stalls:  0
[HEARTBEAT] Node: 1 | Tick: 185581 | Conf: 185579 | Hash: 0xCB6A496B | Rollbacks: 47 (Resim:  68) | Stalls:  0
[HEARTBEAT] Node: 1 | Tick: 185641 | Conf: 185639 | Hash: 0x73938F5C | Rollbacks: 55 (Resim:  58) | Stalls:  0
[HEARTBEAT] Node: 1 | Tick: 185701 | Conf: 185698 | Hash: 0xB1D451EC | Rollbacks: 59 (Resim:  73) | Stalls:  0
[HEARTBEAT] Node: 1 | Tick: 185761 | Conf: 185759 | Hash: 0x1BF536C8 | Rollbacks: 44 (Resim:  51) | Stalls:  0
[HEARTBEAT] Node: 1 | Tick: 185821 | Conf: 185819 | Hash: 0xB713E8D9 | Rollbacks: 57 (Resim:  57) | Stalls:  0
[BOT:50005] Heartbeat - Sparse Mods Tracked: 2048
[HEARTBEAT] Node: 1 | Tick: 185881 | Conf: 185879 | Hash: 0x4AEF6652 | Rollbacks: 59 (Resim:  81) | Stalls:  0
[HEARTBEAT] Node: 1 | Tick: 185941 | Conf: 185939 | Hash: 0xC81B791A | Rollbacks: 59 (Resim:  62) | Stalls:  0
[HEARTBEAT] Node: 1 | Tick: 186001 | Conf: 185998 | Hash: 0xD15A43D5 | Rollbacks: 59 (Resim:  59) | Stalls:  0
[HEARTBEAT] Node: 1 | Tick: 186061 | Conf: 186059 | Hash: 0xC3CDE3EC | Rollbacks: 44 (Resim:  62) | Stalls:  0
[HEARTBEAT] Node: 1 | Tick: 186121 | Conf: 186119 | Hash: 0x5A687A32 | Rollbacks: 58 (Resim:  62) | Stalls:  0
[HEARTBEAT] Node: 1 | Tick: 186181 | Conf: 186179 | Hash: 0x4B1DF7AC | Rollbacks: 47 (Resim:  64) | Stalls:  0
[HEARTBEAT] Node: 1 | Tick: 186241 | Conf: 186239 | Hash: 0x7E269AFE | Rollbacks: 48 (Resim:  51) | Stalls:  0
[HEARTBEAT] Node: 1 | Tick: 186301 | Conf: 186299 | Hash: 0xF95C1548 | Rollbacks: 59 (Resim:  61) | Stalls:  0
[HEARTBEAT] Node: 1 | Tick: 186361 | Conf: 186359 | Hash: 0xD0D7A702 | Rollbacks: 59 (Resim:  76) | Stalls:  0
[HEARTBEAT] Node: 1 | Tick: 186421 | Conf: 186419 | Hash: 0x71365AD0 | Rollbacks: 45 (Resim:  45) | Stalls:  0
[BOT:50005] Heartbeat - Sparse Mods Tracked: 2048
[HEARTBEAT] Node: 1 | Tick: 186481 | Conf: 186478 | Hash: 0xD50D613F | Rollbacks: 58 (Resim:  74) | Stalls:  0
[HEARTBEAT] Node: 1 | Tick: 186541 | Conf: 186539 | Hash: 0x53B32904 | Rollbacks: 54 (Resim:  55) | Stalls:  0
[HEARTBEAT] Node: 1 | Tick: 186601 | Conf: 186599 | Hash: 0xA8A8A32C | Rollbacks: 50 (Resim:  69) | Stalls:  0
[HEARTBEAT] Node: 1 | Tick: 186661 | Conf: 186659 | Hash: 0x4D39D246 | Rollbacks: 59 (Resim:  63) | Stalls:  0
[HEARTBEAT] Node: 1 | Tick: 186721 | Conf: 186719 | Hash: 0x8B100712 | Rollbacks: 59 (Resim:  71) | Stalls:  0
[HEARTBEAT] Node: 1 | Tick: 186781 | Conf: 186778 | Hash: 0x032FEF65 | Rollbacks: 56 (Resim:  69) | Stalls:  0
[HEARTBEAT] Node: 1 | Tick: 186841 | Conf: 186839 | Hash: 0xC5F49B8C | Rollbacks: 59 (Resim:  65) | Stalls:  0
[HEARTBEAT] Node: 1 | Tick: 186901 | Conf: 186898 | Hash: 0x7FF9301E | Rollbacks: 58 (Resim:  66) | Stalls:  0
[HEARTBEAT] Node: 1 | Tick: 186961 | Conf: 186959 | Hash: 0xA78F4959 | Rollbacks: 47 (Resim:  50) | Stalls:  0
[HEARTBEAT] Node: 1 | Tick: 187021 | Conf: 187018 | Hash: 0x7135224B | Rollbacks: 59 (Resim:  62) | Stalls:  0
[BOT:50005] Heartbeat - Sparse Mods Tracked: 2048
[HEARTBEAT] Node: 1 | Tick: 187081 | Conf: 187079 | Hash: 0x8CD70B05 | Rollbacks: 48 (Resim:  67) | Stalls:  0
[HEARTBEAT] Node: 1 | Tick: 187141 | Conf: 187139 | Hash: 0x9AF0A8A4 | Rollbacks: 56 (Resim:  56) | Stalls:  0
[HEARTBEAT] Node: 1 | Tick: 187201 | Conf: 187199 | Hash: 0xDB13484D | Rollbacks: 55 (Resim:  79) | Stalls:  0
[HEARTBEAT] Node: 1 | Tick: 187261 | Conf: 187259 | Hash: 0x297A8CF0 | Rollbacks: 52 (Resim:  54) | Stalls:  0
[HEARTBEAT] Node: 1 | Tick: 187321 | Conf: 187319 | Hash: 0x09D17DED | Rollbacks: 59 (Resim:  71) | Stalls:  0
[HEARTBEAT] Node: 1 | Tick: 187381 | Conf: 187379 | Hash: 0x2B841B86 | Rollbacks: 47 (Resim:  51) | Stalls:  0
[HEARTBEAT] Node: 1 | Tick: 187441 | Conf: 187439 | Hash: 0x92BE6346 | Rollbacks: 60 (Resim:  60) | Stalls:  0
[HEARTBEAT] Node: 1 | Tick: 187501 | Conf: 187499 | Hash: 0x8163611A | Rollbacks: 59 (Resim:  79) | Stalls:  0
[HEARTBEAT] Node: 1 | Tick: 187561 | Conf: 187559 | Hash: 0xED9D9EBE | Rollbacks: 46 (Resim:  49) | Stalls:  0
[HEARTBEAT] Node: 1 | Tick: 187621 | Conf: 187619 | Hash: 0x5A16BDF2 | Rollbacks: 43 (Resim:  43) | Stalls:  0
[BOT:50005] Heartbeat - Sparse Mods Tracked: 2048
[HEARTBEAT] Node: 1 | Tick: 187681 | Conf: 187679 | Hash: 0x6F522405 | Rollbacks: 51 (Resim:  51) | Stalls:  0
[HEARTBEAT] Node: 1 | Tick: 187741 | Conf: 187739 | Hash: 0x6871D0D3 | Rollbacks: 60 (Resim:  60) | Stalls:  0
[HEARTBEAT] Node: 1 | Tick: 187801 | Conf: 187799 | Hash: 0x36AD0563 | Rollbacks: 51 (Resim:  76) | Stalls:  0
[HEARTBEAT] Node: 1 | Tick: 187861 | Conf: 187859 | Hash: 0x7A5FDBB2 | Rollbacks: 57 (Resim:  57) | Stalls:  0
[HEARTBEAT] Node: 1 | Tick: 187921 | Conf: 187919 | Hash: 0xB514B796 | Rollbacks: 59 (Resim:  74) | Stalls:  0
[HEARTBEAT] Node: 1 | Tick: 187981 | Conf: 187979 | Hash: 0xA92626CC | Rollbacks: 59 (Resim:  66) | Stalls:  0
[HEARTBEAT] Node: 1 | Tick: 188041 | Conf: 188039 | Hash: 0xFDCB47AE | Rollbacks: 43 (Resim:  43) | Stalls:  0
[HEARTBEAT] Node: 1 | Tick: 188101 | Conf: 188099 | Hash: 0x6B1AA500 | Rollbacks: 48 (Resim:  51) | Stalls:  0
[HEARTBEAT] Node: 1 | Tick: 188161 | Conf: 188159 | Hash: 0xACB1EA2C | Rollbacks: 51 (Resim:  51) | Stalls:  0
[BOT:50005] Heartbeat - Sparse Mods Tracked: 2048
[HEARTBEAT] Node: 1 | Tick: 188221 | Conf: 188219 | Hash: 0x4884D28F | Rollbacks: 53 (Resim:  77) | Stalls:  0
[HEARTBEAT] Node: 1 | Tick: 188281 | Conf: 188279 | Hash: 0xDCC1A966 | Rollbacks: 47 (Resim:  51) | Stalls:  0
[HEARTBEAT] Node: 1 | Tick: 188341 | Conf: 188339 | Hash: 0x92BCBF24 | Rollbacks: 58 (Resim:  58) | Stalls:  0
[HEARTBEAT] Node: 1 | Tick: 188401 | Conf: 188399 | Hash: 0xD83FAD20 | Rollbacks: 59 (Resim:  69) | Stalls:  0
[HEARTBEAT] Node: 1 | Tick: 188461 | Conf: 188459 | Hash: 0xCDAD8888 | Rollbacks: 47 (Resim:  47) | Stalls:  0
[HEARTBEAT] Node: 1 | Tick: 188521 | Conf: 188519 | Hash: 0x202F8A27 | Rollbacks: 46 (Resim:  46) | Stalls:  0
[HEARTBEAT] Node: 1 | Tick: 188581 | Conf: 188579 | Hash: 0x36EE5F58 | Rollbacks: 54 (Resim:  54) | Stalls:  0
[HEARTBEAT] Node: 1 | Tick: 188641 | Conf: 188639 | Hash: 0x92602F50 | Rollbacks: 59 (Resim:  60) | Stalls:  0
[HEARTBEAT] Node: 1 | Tick: 188701 | Conf: 188699 | Hash: 0x52259A3E | Rollbacks: 57 (Resim:  58) | Stalls:  0
[HEARTBEAT] Node: 1 | Tick: 188761 | Conf: 188759 | Hash: 0xE61AB5ED | Rollbacks: 55 (Resim:  77) | Stalls:  0
[BOT:50005] Heartbeat - Sparse Mods Tracked: 2048
[HEARTBEAT] Node: 1 | Tick: 188821 | Conf: 188819 | Hash: 0x6748EC91 | Rollbacks: 48 (Resim:  50) | Stalls:  0
[HEARTBEAT] Node: 1 | Tick: 188881 | Conf: 188879 | Hash: 0x41F356B5 | Rollbacks: 51 (Resim:  53) | Stalls:  0
[HEARTBEAT] Node: 1 | Tick: 188941 | Conf: 188939 | Hash: 0x71F3D96F | Rollbacks: 59 (Resim:  62) | Stalls:  0
[HEARTBEAT] Node: 1 | Tick: 189001 | Conf: 188999 | Hash: 0xDEFDD162 | Rollbacks: 58 (Resim:  68) | Stalls:  0
[HEARTBEAT] Node: 1 | Tick: 189061 | Conf: 189059 | Hash: 0x853EACF2 | Rollbacks: 52 (Resim:  58) | Stalls:  0
[HEARTBEAT] Node: 1 | Tick: 189121 | Conf: 189119 | Hash: 0x2C5790DC | Rollbacks: 58 (Resim:  62) | Stalls:  0
[HEARTBEAT] Node: 1 | Tick: 189181 | Conf: 189179 | Hash: 0xE1906D80 | Rollbacks: 59 (Resim:  79) | Stalls:  0
[HEARTBEAT] Node: 1 | Tick: 189241 | Conf: 189239 | Hash: 0x373CD3C0 | Rollbacks: 49 (Resim:  52) | Stalls:  0
[HEARTBEAT] Node: 1 | Tick: 189301 | Conf: 189299 | Hash: 0x0914E4FA | Rollbacks: 41 (Resim:  44) | Stalls:  0
[HEARTBEAT] Node: 1 | Tick: 189361 | Conf: 189359 | Hash: 0x8AF07BE9 | Rollbacks: 50 (Resim:  50) | Stalls:  0
[BOT:50005] Heartbeat - Sparse Mods Tracked: 2048
[HEARTBEAT] Node: 1 | Tick: 189421 | Conf: 189419 | Hash: 0x92A6D692 | Rollbacks: 60 (Resim:  60) | Stalls:  0
[HEARTBEAT] Node: 1 | Tick: 189481 | Conf: 189479 | Hash: 0xFEA17D3C | Rollbacks: 51 (Resim:  65) | Stalls:  0
[HEARTBEAT] Node: 1 | Tick: 189541 | Conf: 189539 | Hash: 0xE4CB87C8 | Rollbacks: 49 (Resim:  49) | Stalls:  0
[HEARTBEAT] Node: 1 | Tick: 189601 | Conf: 189599 | Hash: 0x49C374F1 | Rollbacks: 59 (Resim:  59) | Stalls:  0
[HEARTBEAT] Node: 1 | Tick: 189661 | Conf: 189659 | Hash: 0x7599905E | Rollbacks: 52 (Resim:  60) | Stalls:  0
[HEARTBEAT] Node: 1 | Tick: 189721 | Conf: 189719 | Hash: 0x4441F118 | Rollbacks: 49 (Resim:  49) | Stalls:  0
[HEARTBEAT] Node: 1 | Tick: 189781 | Conf: 189778 | Hash: 0xC72361F5 | Rollbacks: 58 (Resim:  64) | Stalls:  0
[HEARTBEAT] Node: 1 | Tick: 189841 | Conf: 189839 | Hash: 0x097212C7 | Rollbacks: 48 (Resim:  61) | Stalls:  0
[HEARTBEAT] Node: 1 | Tick: 189901 | Conf: 189898 | Hash: 0x0B481882 | Rollbacks: 58 (Resim:  59) | Stalls:  0
[HEARTBEAT] Node: 1 | Tick: 189961 | Conf: 189958 | Hash: 0xED5EACDD | Rollbacks: 57 (Resim:  87) | Stalls:  0
[BOT:50005] Heartbeat - Sparse Mods Tracked: 2048
[HEARTBEAT] Node: 1 | Tick: 190021 | Conf: 190019 | Hash: 0xDB38D527 | Rollbacks: 47 (Resim:  54) | Stalls:  0
[HEARTBEAT] Node: 1 | Tick: 190081 | Conf: 190079 | Hash: 0x9259F9A0 | Rollbacks: 49 (Resim:  49) | Stalls:  0
[HEARTBEAT] Node: 1 | Tick: 190141 | Conf: 190139 | Hash: 0xED523F37 | Rollbacks: 59 (Resim:  61) | Stalls:  0
[HEARTBEAT] Node: 1 | Tick: 190201 | Conf: 190199 | Hash: 0xE8214AEC | Rollbacks: 53 (Resim:  71) | Stalls:  0
[HEARTBEAT] Node: 1 | Tick: 190261 | Conf: 190259 | Hash: 0x772BAB5B | Rollbacks: 55 (Resim:  58) | Stalls:  0
[HEARTBEAT] Node: 1 | Tick: 190321 | Conf: 190318 | Hash: 0xD8380934 | Rollbacks: 57 (Resim:  67) | Stalls:  0
[HEARTBEAT] Node: 1 | Tick: 190381 | Conf: 190379 | Hash: 0xD24E28B7 | Rollbacks: 59 (Resim:  75) | Stalls:  0
[HEARTBEAT] Node: 1 | Tick: 190441 | Conf: 190439 | Hash: 0xC480CE85 | Rollbacks: 50 (Resim:  54) | Stalls:  0
[HEARTBEAT] Node: 1 | Tick: 190501 | Conf: 190499 | Hash: 0x082231DE | Rollbacks: 51 (Resim:  51) | Stalls:  0
[HEARTBEAT] Node: 1 | Tick: 190561 | Conf: 190559 | Hash: 0xBE4108E9 | Rollbacks: 58 (Resim:  58) | Stalls:  0
[BOT:50005] Heartbeat - Sparse Mods Tracked: 2048
[HEARTBEAT] Node: 1 | Tick: 190621 | Conf: 190619 | Hash: 0x614A19C9 | Rollbacks: 59 (Resim:  78) | Stalls:  0
[HEARTBEAT] Node: 1 | Tick: 190681 | Conf: 190679 | Hash: 0x0D3ACE16 | Rollbacks: 46 (Resim:  46) | Stalls:  0
[HEARTBEAT] Node: 1 | Tick: 190741 | Conf: 190738 | Hash: 0x85FAB744 | Rollbacks: 58 (Resim:  60) | Stalls:  0
[HEARTBEAT] Node: 1 | Tick: 190801 | Conf: 190799 | Hash: 0x1C1309D8 | Rollbacks: 58 (Resim:  86) | Stalls:  0
[HEARTBEAT] Node: 1 | Tick: 190861 | Conf: 190859 | Hash: 0x09F59A23 | Rollbacks: 49 (Resim:  49) | Stalls:  0
[HEARTBEAT] Node: 1 | Tick: 190921 | Conf: 190919 | Hash: 0x886E19F3 | Rollbacks: 58 (Resim:  58) | Stalls:  0
[HEARTBEAT] Node: 1 | Tick: 190981 | Conf: 190979 | Hash: 0x67CBC391 | Rollbacks: 46 (Resim:  66) | Stalls:  0
[HEARTBEAT] Node: 1 | Tick: 191041 | Conf: 191039 | Hash: 0x2D9D5F10 | Rollbacks: 44 (Resim:  47) | Stalls:  0
[HEARTBEAT] Node: 1 | Tick: 191101 | Conf: 191099 | Hash: 0xA2732BEB | Rollbacks: 47 (Resim:  47) | Stalls:  0
[HEARTBEAT] Node: 1 | Tick: 191161 | Conf: 191159 | Hash: 0x2DE2C60C | Rollbacks: 55 (Resim:  55) | Stalls:  0
[BOT:50005] Heartbeat - Sparse Mods Tracked: 2048
[HEARTBEAT] Node: 1 | Tick: 191221 | Conf: 191219 | Hash: 0xEDA37C50 | Rollbacks: 58 (Resim:  75) | Stalls:  0
[HEARTBEAT] Node: 1 | Tick: 191281 | Conf: 191279 | Hash: 0xDAE29554 | Rollbacks: 52 (Resim:  52) | Stalls:  0
[HEARTBEAT] Node: 1 | Tick: 191341 | Conf: 191339 | Hash: 0x46A1FCDF | Rollbacks: 59 (Resim:  64) | Stalls:  0
[HEARTBEAT] Node: 1 | Tick: 191401 | Conf: 191399 | Hash: 0x9AA00D4C | Rollbacks: 43 (Resim:  55) | Stalls:  0
[HEARTBEAT] Node: 1 | Tick: 191461 | Conf: 191459 | Hash: 0xD3C212FF | Rollbacks: 52 (Resim:  52) | Stalls:  0
[HEARTBEAT] Node: 1 | Tick: 191521 | Conf: 191519 | Hash: 0x6A8E1B3C | Rollbacks: 59 (Resim:  67) | Stalls:  0
[HEARTBEAT] Node: 1 | Tick: 191581 | Conf: 191579 | Hash: 0xE2216B7D | Rollbacks: 45 (Resim:  49) | Stalls:  0
[HEARTBEAT] Node: 1 | Tick: 191641 | Conf: 191639 | Hash: 0xC9273D2B | Rollbacks: 46 (Resim:  46) | Stalls:  0
[HEARTBEAT] Node: 1 | Tick: 191701 | Conf: 191699 | Hash: 0xE0415CA7 | Rollbacks: 53 (Resim:  53) | Stalls:  0
[BOT:50005] Heartbeat - Sparse Mods Tracked: 2048
[HEARTBEAT] Node: 1 | Tick: 191761 | Conf: 191759 | Hash: 0x9D84F343 | Rollbacks: 58 (Resim:  84) | Stalls:  0
[HEARTBEAT] Node: 1 | Tick: 191821 | Conf: 191819 | Hash: 0x1CB456AC | Rollbacks: 54 (Resim:  56) | Stalls:  0
[HEARTBEAT] Node: 1 | Tick: 191881 | Conf: 191879 | Hash: 0xBDF4E061 | Rollbacks: 58 (Resim:  74) | Stalls:  0
[HEARTBEAT] Node: 1 | Tick: 191941 | Conf: 191938 | Hash: 0x71ED75D1 | Rollbacks: 58 (Resim:  60) | Stalls:  0
[HEARTBEAT] Node: 1 | Tick: 192001 | Conf: 191998 | Hash: 0xDE84941C | Rollbacks: 59 (Resim:  75) | Stalls:  0
[HEARTBEAT] Node: 1 | Tick: 192061 | Conf: 192059 | Hash: 0x5BBC8E6E | Rollbacks: 49 (Resim:  57) | Stalls:  0
[HEARTBEAT] Node: 1 | Tick: 192121 | Conf: 192119 | Hash: 0x8E70CBB6 | Rollbacks: 57 (Resim:  57) | Stalls:  0
[HEARTBEAT] Node: 1 | Tick: 192181 | Conf: 192179 | Hash: 0xDD81F4AD | Rollbacks: 58 (Resim:  81) | Stalls:  0
[HEARTBEAT] Node: 1 | Tick: 192241 | Conf: 192239 | Hash: 0x21A4F8AD | Rollbacks: 51 (Resim:  54) | Stalls:  0
[HEARTBEAT] Node: 1 | Tick: 192301 | Conf: 192299 | Hash: 0x3F5B60CD | Rollbacks: 44 (Resim:  50) | Stalls:  0
[BOT:50005] Heartbeat - Sparse Mods Tracked: 2048
[HEARTBEAT] Node: 1 | Tick: 192361 | Conf: 192359 | Hash: 0x448B6F1F | Rollbacks: 50 (Resim:  53) | Stalls:  0
[HEARTBEAT] Node: 1 | Tick: 192421 | Conf: 192419 | Hash: 0xD281C3D7 | Rollbacks: 47 (Resim:  47) | Stalls:  0
[HEARTBEAT] Node: 1 | Tick: 192481 | Conf: 192478 | Hash: 0x303C028A | Rollbacks: 58 (Resim:  64) | Stalls:  0
[HEARTBEAT] Node: 1 | Tick: 192541 | Conf: 192539 | Hash: 0xDF2E424D | Rollbacks: 52 (Resim:  60) | Stalls:  0
[HEARTBEAT] Node: 1 | Tick: 192601 | Conf: 192599 | Hash: 0xE378E7D9 | Rollbacks: 59 (Resim:  59) | Stalls:  0
[HEARTBEAT] Node: 1 | Tick: 192661 | Conf: 192659 | Hash: 0x706D3A56 | Rollbacks: 59 (Resim:  63) | Stalls:  0
[HEARTBEAT] Node: 1 | Tick: 192721 | Conf: 192719 | Hash: 0x2CD8B815 | Rollbacks: 47 (Resim:  62) | Stalls:  0
[HEARTBEAT] Node: 1 | Tick: 192781 | Conf: 192779 | Hash: 0x348AE35E | Rollbacks: 46 (Resim:  46) | Stalls:  0
[HEARTBEAT] Node: 1 | Tick: 192841 | Conf: 192839 | Hash: 0x209A6B86 | Rollbacks: 58 (Resim:  71) | Stalls:  0
[HEARTBEAT] Node: 1 | Tick: 192901 | Conf: 192899 | Hash: 0x01040137 | Rollbacks: 59 (Resim:  65) | Stalls:  0
[BOT:50005] Heartbeat - Sparse Mods Tracked: 2048
[HEARTBEAT] Node: 1 | Tick: 192961 | Conf: 192958 | Hash: 0xFCCB6241 | Rollbacks: 55 (Resim:  59) | Stalls:  0
[HEARTBEAT] Node: 1 | Tick: 193021 | Conf: 193019 | Hash: 0x30B2A889 | Rollbacks: 59 (Resim:  76) | Stalls:  0
[HEARTBEAT] Node: 1 | Tick: 193081 | Conf: 193079 | Hash: 0x5B5EAEC7 | Rollbacks: 59 (Resim:  60) | Stalls:  0
[HEARTBEAT] Node: 1 | Tick: 193141 | Conf: 193139 | Hash: 0x2AD63E6F | Rollbacks: 58 (Resim:  73) | Stalls:  0
[HEARTBEAT] Node: 1 | Tick: 193201 | Conf: 193199 | Hash: 0xD3EDCF3A | Rollbacks: 53 (Resim:  67) | Stalls:  0
[HEARTBEAT] Node: 1 | Tick: 193261 | Conf: 193259 | Hash: 0x76BD89DB | Rollbacks: 55 (Resim:  55) | Stalls:  0
[HEARTBEAT] Node: 1 | Tick: 193321 | Conf: 193319 | Hash: 0x30C05FD9 | Rollbacks: 46 (Resim:  64) | Stalls:  0
[HEARTBEAT] Node: 1 | Tick: 193381 | Conf: 193379 | Hash: 0x7CA109AD | Rollbacks: 49 (Resim:  52) | Stalls:  0
[HEARTBEAT] Node: 1 | Tick: 193441 | Conf: 193439 | Hash: 0x8F884504 | Rollbacks: 50 (Resim:  54) | Stalls:  0
[HEARTBEAT] Node: 1 | Tick: 193501 | Conf: 193499 | Hash: 0xFEFB61D6 | Rollbacks: 52 (Resim:  56) | Stalls:  0
[BOT:50005] Heartbeat - Sparse Mods Tracked: 2048
[HEARTBEAT] Node: 1 | Tick: 193561 | Conf: 193558 | Hash: 0x8C573DBF | Rollbacks: 53 (Resim:  54) | Stalls:  0
[HEARTBEAT] Node: 1 | Tick: 193621 | Conf: 193619 | Hash: 0xD6BBF9D5 | Rollbacks: 60 (Resim:  71) | Stalls:  0
[HEARTBEAT] Node: 1 | Tick: 193681 | Conf: 193679 | Hash: 0xD0D611A6 | Rollbacks: 59 (Resim:  59) | Stalls:  0
[HEARTBEAT] Node: 1 | Tick: 193741 | Conf: 193739 | Hash: 0xE5B11B2A | Rollbacks: 57 (Resim:  77) | Stalls:  0
[HEARTBEAT] Node: 1 | Tick: 193801 | Conf: 193799 | Hash: 0x9C10DE3D | Rollbacks: 46 (Resim:  51) | Stalls:  0
[HEARTBEAT] Node: 1 | Tick: 193861 | Conf: 193859 | Hash: 0x8574A784 | Rollbacks: 57 (Resim:  57) | Stalls:  0
[HEARTBEAT] Node: 1 | Tick: 193921 | Conf: 193919 | Hash: 0x7B43C56F | Rollbacks: 59 (Resim:  80) | Stalls:  0
[HEARTBEAT] Node: 1 | Tick: 193981 | Conf: 193979 | Hash: 0x6E34957D | Rollbacks: 54 (Resim:  56) | Stalls:  0
[HEARTBEAT] Node: 1 | Tick: 194041 | Conf: 194039 | Hash: 0x6A70158A | Rollbacks: 59 (Resim:  71) | Stalls:  0
[HEARTBEAT] Node: 1 | Tick: 194101 | Conf: 194098 | Hash: 0xA558BFCF | Rollbacks: 59 (Resim:  74) | Stalls:  0
[BOT:50005] Heartbeat - Sparse Mods Tracked: 2048
[HEARTBEAT] Node: 1 | Tick: 194161 | Conf: 194159 | Hash: 0xB431F81A | Rollbacks: 59 (Resim:  65) | Stalls:  0
[HEARTBEAT] Node: 1 | Tick: 194221 | Conf: 194219 | Hash: 0xE3755835 | Rollbacks: 59 (Resim:  60) | Stalls:  0
[HEARTBEAT] Node: 1 | Tick: 194281 | Conf: 194279 | Hash: 0x61E30970 | Rollbacks: 55 (Resim:  66) | Stalls:  0
[HEARTBEAT] Node: 1 | Tick: 194341 | Conf: 194339 | Hash: 0x6F12C33C | Rollbacks: 58 (Resim:  60) | Stalls:  0
[HEARTBEAT] Node: 1 | Tick: 194401 | Conf: 194399 | Hash: 0x91CC3B59 | Rollbacks: 51 (Resim:  51) | Stalls:  0
[HEARTBEAT] Node: 1 | Tick: 194461 | Conf: 194459 | Hash: 0xEB1118B1 | Rollbacks: 59 (Resim:  83) | Stalls:  0
[HEARTBEAT] Node: 1 | Tick: 194521 | Conf: 194519 | Hash: 0xB8309D37 | Rollbacks: 52 (Resim:  56) | Stalls:  0
[HEARTBEAT] Node: 1 | Tick: 194581 | Conf: 194579 | Hash: 0x6684FACB | Rollbacks: 54 (Resim:  57) | Stalls:  0
[HEARTBEAT] Node: 1 | Tick: 194641 | Conf: 194639 | Hash: 0x7F2964D4 | Rollbacks: 48 (Resim:  48) | Stalls:  0
[HEARTBEAT] Node: 1 | Tick: 194701 | Conf: 194698 | Hash: 0xC10F54BD | Rollbacks: 58 (Resim:  64) | Stalls:  0
[BOT:50005] Heartbeat - Sparse Mods Tracked: 2048
[HEARTBEAT] Node: 1 | Tick: 194761 | Conf: 194759 | Hash: 0x3A7F65A8 | Rollbacks: 47 (Resim:  58) | Stalls:  0
[HEARTBEAT] Node: 1 | Tick: 194821 | Conf: 194819 | Hash: 0x56AE439B | Rollbacks: 59 (Resim:  63) | Stalls:  0
[HEARTBEAT] Node: 1 | Tick: 194881 | Conf: 194879 | Hash: 0x2D91B6E1 | Rollbacks: 59 (Resim:  71) | Stalls:  0
[HEARTBEAT] Node: 1 | Tick: 194941 | Conf: 194939 | Hash: 0x90612770 | Rollbacks: 44 (Resim:  47) | Stalls:  0
[HEARTBEAT] Node: 1 | Tick: 195001 | Conf: 194999 | Hash: 0x2CD449A8 | Rollbacks: 54 (Resim:  54) | Stalls:  0
[HEARTBEAT] Node: 1 | Tick: 195061 | Conf: 195059 | Hash: 0x8B189D73 | Rollbacks: 59 (Resim:  83) | Stalls:  0
[HEARTBEAT] Node: 1 | Tick: 195121 | Conf: 195119 | Hash: 0x47C3101C | Rollbacks: 47 (Resim:  50) | Stalls:  0
[HEARTBEAT] Node: 1 | Tick: 195181 | Conf: 195179 | Hash: 0x4D4E5B1D | Rollbacks: 57 (Resim:  57) | Stalls:  0
[HEARTBEAT] Node: 1 | Tick: 195241 | Conf: 195239 | Hash: 0x7F0E222D | Rollbacks: 44 (Resim:  63) | Stalls:  0
[HEARTBEAT] Node: 1 | Tick: 195301 | Conf: 195299 | Hash: 0x476832CD | Rollbacks: 56 (Resim:  59) | Stalls:  0
[BOT:50005] Heartbeat - Sparse Mods Tracked: 2048
[HEARTBEAT] Node: 1 | Tick: 195361 | Conf: 195358 | Hash: 0xE320162F | Rollbacks: 59 (Resim:  68) | Stalls:  0
[HEARTBEAT] Node: 1 | Tick: 195421 | Conf: 195419 | Hash: 0xB279962F | Rollbacks: 50 (Resim:  65) | Stalls:  0
[HEARTBEAT] Node: 1 | Tick: 195481 | Conf: 195479 | Hash: 0x6B52CC3C | Rollbacks: 51 (Resim:  51) | Stalls:  0
[HEARTBEAT] Node: 1 | Tick: 195541 | Conf: 195539 | Hash: 0x7BD6A4CE | Rollbacks: 59 (Resim:  87) | Stalls:  0
[HEARTBEAT] Node: 1 | Tick: 195601 | Conf: 195599 | Hash: 0xD0813961 | Rollbacks: 59 (Resim:  61) | Stalls:  0
[HEARTBEAT] Node: 1 | Tick: 195661 | Conf: 195659 | Hash: 0x2B25E870 | Rollbacks: 54 (Resim:  54) | Stalls:  0
[HEARTBEAT] Node: 1 | Tick: 195721 | Conf: 195719 | Hash: 0x055A3325 | Rollbacks: 52 (Resim:  71) | Stalls:  0
[HEARTBEAT] Node: 1 | Tick: 195781 | Conf: 195779 | Hash: 0x1813A646 | Rollbacks: 50 (Resim:  55) | Stalls:  0
[HEARTBEAT] Node: 1 | Tick: 195841 | Conf: 195839 | Hash: 0xBD251C35 | Rollbacks: 54 (Resim:  54) | Stalls:  0
[HEARTBEAT] Node: 1 | Tick: 195901 | Conf: 195899 | Hash: 0x46B372AA | Rollbacks: 59 (Resim:  73) | Stalls:  0
[BOT:50005] Heartbeat - Sparse Mods Tracked: 2048
[HEARTBEAT] Node: 1 | Tick: 195961 | Conf: 195959 | Hash: 0x25EC1C5C | Rollbacks: 54 (Resim:  75) | Stalls:  0
[HEARTBEAT] Node: 1 | Tick: 196021 | Conf: 196019 | Hash: 0x95CDB142 | Rollbacks: 50 (Resim:  54) | Stalls:  0
[HEARTBEAT] Node: 1 | Tick: 196081 | Conf: 196079 | Hash: 0x4A67B49F | Rollbacks: 44 (Resim:  44) | Stalls:  0
[HEARTBEAT] Node: 1 | Tick: 196141 | Conf: 196139 | Hash: 0x6B4E630E | Rollbacks: 51 (Resim:  54) | Stalls:  0
[HEARTBEAT] Node: 1 | Tick: 196201 | Conf: 196199 | Hash: 0x7F87C236 | Rollbacks: 58 (Resim:  72) | Stalls:  0
[HEARTBEAT] Node: 1 | Tick: 196261 | Conf: 196259 | Hash: 0x8485C518 | Rollbacks: 56 (Resim:  58) | Stalls:  0
[HEARTBEAT] Node: 1 | Tick: 196321 | Conf: 196319 | Hash: 0x2F2DB7CB | Rollbacks: 44 (Resim:  44) | Stalls:  0
[HEARTBEAT] Node: 1 | Tick: 196381 | Conf: 196378 | Hash: 0x4F3057B4 | Rollbacks: 50 (Resim:  52) | Stalls:  0
[HEARTBEAT] Node: 1 | Tick: 196441 | Conf: 196439 | Hash: 0xC7BFDC98 | Rollbacks: 59 (Resim:  78) | Stalls:  0
[BOT:50005] Heartbeat - Sparse Mods Tracked: 2048
[HEARTBEAT] Node: 1 | Tick: 196501 | Conf: 196499 | Hash: 0x085124DD | Rollbacks: 57 (Resim:  57) | Stalls:  0
[HEARTBEAT] Node: 1 | Tick: 196561 | Conf: 196559 | Hash: 0x0349B5D1 | Rollbacks: 47 (Resim:  60) | Stalls:  0
[HEARTBEAT] Node: 1 | Tick: 196621 | Conf: 196619 | Hash: 0xD9A99A87 | Rollbacks: 52 (Resim:  52) | Stalls:  0
[HEARTBEAT] Node: 1 | Tick: 196681 | Conf: 196679 | Hash: 0x6DF18E13 | Rollbacks: 58 (Resim:  86) | Stalls:  0
[HEARTBEAT] Node: 1 | Tick: 196741 | Conf: 196739 | Hash: 0xDFB99E6F | Rollbacks: 59 (Resim:  61) | Stalls:  0
[HEARTBEAT] Node: 1 | Tick: 196801 | Conf: 196798 | Hash: 0x8084729E | Rollbacks: 55 (Resim:  62) | Stalls:  0
[HEARTBEAT] Node: 1 | Tick: 196861 | Conf: 196859 | Hash: 0x9C5A5EF4 | Rollbacks: 50 (Resim:  71) | Stalls:  0
[HEARTBEAT] Node: 1 | Tick: 196921 | Conf: 196919 | Hash: 0xCF3E5E9F | Rollbacks: 56 (Resim:  76) | Stalls:  0
[HEARTBEAT] Node: 1 | Tick: 196981 | Conf: 196979 | Hash: 0x3374C5C8 | Rollbacks: 56 (Resim:  56) | Stalls:  0
[HEARTBEAT] Node: 1 | Tick: 197041 | Conf: 197039 | Hash: 0x988B3943 | Rollbacks: 48 (Resim:  73) | Stalls:  0
[BOT:50005] Heartbeat - Sparse Mods Tracked: 2048
[HEARTBEAT] Node: 1 | Tick: 197101 | Conf: 197099 | Hash: 0x2A0F7D6A | Rollbacks: 56 (Resim:  56) | Stalls:  0
[HEARTBEAT] Node: 1 | Tick: 197161 | Conf: 197159 | Hash: 0xC6F46EC0 | Rollbacks: 54 (Resim:  73) | Stalls:  0
[HEARTBEAT] Node: 1 | Tick: 197221 | Conf: 197219 | Hash: 0x28F1AD88 | Rollbacks: 43 (Resim:  62) | Stalls:  0
[HEARTBEAT] Node: 1 | Tick: 197281 | Conf: 197279 | Hash: 0x66D15B3F | Rollbacks: 57 (Resim:  57) | Stalls:  0
[HEARTBEAT] Node: 1 | Tick: 197341 | Conf: 197339 | Hash: 0x280418BF | Rollbacks: 59 (Resim:  74) | Stalls:  0
[HEARTBEAT] Node: 1 | Tick: 197401 | Conf: 197399 | Hash: 0xF26AEDCE | Rollbacks: 47 (Resim:  53) | Stalls:  0
[HEARTBEAT] Node: 1 | Tick: 197461 | Conf: 197459 | Hash: 0x25ADAD30 | Rollbacks: 60 (Resim:  60) | Stalls:  0
[HEARTBEAT] Node: 1 | Tick: 197521 | Conf: 197519 | Hash: 0xED545E68 | Rollbacks: 59 (Resim:  81) | Stalls:  0
[HEARTBEAT] Node: 1 | Tick: 197581 | Conf: 197579 | Hash: 0xB6F63187 | Rollbacks: 49 (Resim:  52) | Stalls:  0
[HEARTBEAT] Node: 1 | Tick: 197641 | Conf: 197639 | Hash: 0x7F4B0648 | Rollbacks: 58 (Resim:  58) | Stalls:  0
[BOT:50005] Heartbeat - Sparse Mods Tracked: 2048
[HEARTBEAT] Node: 1 | Tick: 197701 | Conf: 197699 | Hash: 0xE245681D | Rollbacks: 59 (Resim:  81) | Stalls:  0
[HEARTBEAT] Node: 1 | Tick: 197761 | Conf: 197759 | Hash: 0xE1E9BDCC | Rollbacks: 47 (Resim:  50) | Stalls:  0
[HEARTBEAT] Node: 1 | Tick: 197821 | Conf: 197818 | Hash: 0x1E400F6A | Rollbacks: 53 (Resim:  54) | Stalls:  0
[HEARTBEAT] Node: 1 | Tick: 197881 | Conf: 197878 | Hash: 0xDB1171FF | Rollbacks: 59 (Resim:  79) | Stalls:  0
[HEARTBEAT] Node: 1 | Tick: 197941 | Conf: 197939 | Hash: 0x56A8311E | Rollbacks: 55 (Resim:  64) | Stalls:  0
[HEARTBEAT] Node: 1 | Tick: 198001 | Conf: 197999 | Hash: 0xBD8DA34C | Rollbacks: 42 (Resim:  45) | Stalls:  0
[HEARTBEAT] Node: 1 | Tick: 198061 | Conf: 198059 | Hash: 0xE468B47C | Rollbacks: 56 (Resim:  56) | Stalls:  0
[HEARTBEAT] Node: 1 | Tick: 198121 | Conf: 198119 | Hash: 0xC97B47F8 | Rollbacks: 59 (Resim:  71) | Stalls:  0
[HEARTBEAT] Node: 1 | Tick: 198181 | Conf: 198179 | Hash: 0x460149C6 | Rollbacks: 55 (Resim:  61) | Stalls:  0
[HEARTBEAT] Node: 1 | Tick: 198241 | Conf: 198239 | Hash: 0xA115C59F | Rollbacks: 56 (Resim:  56) | Stalls:  0
[BOT:50005] Heartbeat - Sparse Mods Tracked: 2048
[HEARTBEAT] Node: 1 | Tick: 198301 | Conf: 198299 | Hash: 0x79DB2E4D | Rollbacks: 59 (Resim:  70) | Stalls:  0
[HEARTBEAT] Node: 1 | Tick: 198361 | Conf: 198359 | Hash: 0x913B626B | Rollbacks: 59 (Resim:  66) | Stalls:  0
[HEARTBEAT] Node: 1 | Tick: 198421 | Conf: 198419 | Hash: 0x2FF8D116 | Rollbacks: 54 (Resim:  54) | Stalls:  0
[HEARTBEAT] Node: 1 | Tick: 198481 | Conf: 198479 | Hash: 0x6F3FBECC | Rollbacks: 59 (Resim:  65) | Stalls:  0
[HEARTBEAT] Node: 1 | Tick: 198541 | Conf: 198539 | Hash: 0x43846008 | Rollbacks: 53 (Resim:  62) | Stalls:  0
[HEARTBEAT] Node: 1 | Tick: 198601 | Conf: 198599 | Hash: 0xF65C444F | Rollbacks: 59 (Resim:  60) | Stalls:  0
[HEARTBEAT] Node: 1 | Tick: 198661 | Conf: 198659 | Hash: 0x2A0AA663 | Rollbacks: 59 (Resim:  65) | Stalls:  0
[HEARTBEAT] Node: 1 | Tick: 198721 | Conf: 198719 | Hash: 0xD15AD375 | Rollbacks: 57 (Resim:  59) | Stalls:  0
[HEARTBEAT] Node: 1 | Tick: 198781 | Conf: 198779 | Hash: 0xBF52C365 | Rollbacks: 59 (Resim:  60) | Stalls:  0
[HEARTBEAT] Node: 1 | Tick: 198841 | Conf: 198839 | Hash: 0x40662921 | Rollbacks: 59 (Resim:  79) | Stalls:  0
[BOT:50005] Heartbeat - Sparse Mods Tracked: 2048
[HEARTBEAT] Node: 1 | Tick: 198901 | Conf: 198899 | Hash: 0xDC1192F9 | Rollbacks: 44 (Resim:  49) | Stalls:  0
[HEARTBEAT] Node: 1 | Tick: 198961 | Conf: 198959 | Hash: 0xD2B32437 | Rollbacks: 57 (Resim:  61) | Stalls:  0
[HEARTBEAT] Node: 1 | Tick: 199021 | Conf: 199018 | Hash: 0xC900FE62 | Rollbacks: 56 (Resim:  68) | Stalls:  0
[HEARTBEAT] Node: 1 | Tick: 199081 | Conf: 199079 | Hash: 0xECF19219 | Rollbacks: 44 (Resim:  51) | Stalls:  0
[HEARTBEAT] Node: 1 | Tick: 199141 | Conf: 199139 | Hash: 0x137A323A | Rollbacks: 53 (Resim:  70) | Stalls:  0
[HEARTBEAT] Node: 1 | Tick: 199201 | Conf: 199199 | Hash: 0x78116C33 | Rollbacks: 54 (Resim:  54) | Stalls:  0
[HEARTBEAT] Node: 1 | Tick: 199261 | Conf: 199258 | Hash: 0xABECD17A | Rollbacks: 58 (Resim:  62) | Stalls:  0
[HEARTBEAT] Node: 1 | Tick: 199321 | Conf: 199319 | Hash: 0x8573E0E5 | Rollbacks: 59 (Resim:  64) | Stalls:  0
[HEARTBEAT] Node: 1 | Tick: 199381 | Conf: 199379 | Hash: 0x3E9E00BE | Rollbacks: 59 (Resim:  70) | Stalls:  0
[HEARTBEAT] Node: 1 | Tick: 199441 | Conf: 199438 | Hash: 0x5B98F2C9 | Rollbacks: 57 (Resim:  66) | Stalls:  0
[BOT:50005] Heartbeat - Sparse Mods Tracked: 2048
[HEARTBEAT] Node: 1 | Tick: 199501 | Conf: 199499 | Hash: 0xFEA0E364 | Rollbacks: 46 (Resim:  56) | Stalls:  0
[HEARTBEAT] Node: 1 | Tick: 199561 | Conf: 199559 | Hash: 0xA702D40B | Rollbacks: 44 (Resim:  64) | Stalls:  0
[HEARTBEAT] Node: 1 | Tick: 199621 | Conf: 199619 | Hash: 0x10A9356D | Rollbacks: 54 (Resim:  57) | Stalls:  0
[HEARTBEAT] Node: 1 | Tick: 199681 | Conf: 199679 | Hash: 0xB4C942AB | Rollbacks: 59 (Resim:  66) | Stalls:  0
[HEARTBEAT] Node: 1 | Tick: 199741 | Conf: 199738 | Hash: 0xFF151EB8 | Rollbacks: 57 (Resim:  66) | Stalls:  0
[HEARTBEAT] Node: 1 | Tick: 199801 | Conf: 199799 | Hash: 0x51259069 | Rollbacks: 50 (Resim:  55) | Stalls:  0
[HEARTBEAT] Node: 1 | Tick: 199861 | Conf: 199859 | Hash: 0x3D663ECB | Rollbacks: 50 (Resim:  50) | Stalls:  0
[HEARTBEAT] Node: 1 | Tick: 199921 | Conf: 199919 | Hash: 0xBCE24659 | Rollbacks: 56 (Resim:  80) | Stalls:  0
[HEARTBEAT] Node: 1 | Tick: 199981 | Conf: 199979 | Hash: 0x3B7037BB | Rollbacks: 57 (Resim:  59) | Stalls:  0
[HEARTBEAT] Node: 1 | Tick: 200041 | Conf: 200039 | Hash: 0xC9F6E743 | Rollbacks: 45 (Resim:  45) | Stalls:  0
[BOT:50005] Heartbeat - Sparse Mods Tracked: 2048
[HEARTBEAT] Node: 1 | Tick: 200101 | Conf: 200098 | Hash: 0x52734B62 | Rollbacks: 59 (Resim:  77) | Stalls:  0
[HEARTBEAT] Node: 1 | Tick: 200161 | Conf: 200159 | Hash: 0x28DFE228 | Rollbacks: 53 (Resim:  61) | Stalls:  0
[HEARTBEAT] Node: 1 | Tick: 200221 | Conf: 200219 | Hash: 0x08B88ED5 | Rollbacks: 50 (Resim:  50) | Stalls:  0
[HEARTBEAT] Node: 1 | Tick: 200281 | Conf: 200279 | Hash: 0xEA1188B1 | Rollbacks: 58 (Resim:  76) | Stalls:  0
[HEARTBEAT] Node: 1 | Tick: 200341 | Conf: 200339 | Hash: 0xFE8A4C06 | Rollbacks: 52 (Resim:  52) | Stalls:  0
[HEARTBEAT] Node: 1 | Tick: 200401 | Conf: 200399 | Hash: 0x1F19E142 | Rollbacks: 59 (Resim:  83) | Stalls:  0
[HEARTBEAT] Node: 1 | Tick: 200461 | Conf: 200459 | Hash: 0x97A2DCB6 | Rollbacks: 44 (Resim:  46) | Stalls:  0
[HEARTBEAT] Node: 1 | Tick: 200521 | Conf: 200519 | Hash: 0x2BC279CE | Rollbacks: 49 (Resim:  49) | Stalls:  0
[HEARTBEAT] Node: 1 | Tick: 200581 | Conf: 200579 | Hash: 0x976A7C84 | Rollbacks: 59 (Resim:  66) | Stalls:  0
[BOT:50005] Heartbeat - Sparse Mods Tracked: 2048
[HEARTBEAT] Node: 1 | Tick: 200641 | Conf: 200639 | Hash: 0xC11B0EF6 | Rollbacks: 59 (Resim:  61) | Stalls:  0
[HEARTBEAT] Node: 1 | Tick: 200701 | Conf: 200698 | Hash: 0x0DF8502E | Rollbacks: 58 (Resim:  77) | Stalls:  0
[HEARTBEAT] Node: 1 | Tick: 200761 | Conf: 200759 | Hash: 0xBC0869B9 | Rollbacks: 55 (Resim:  62) | Stalls:  0
[HEARTBEAT] Node: 1 | Tick: 200821 | Conf: 200819 | Hash: 0x9FBBC486 | Rollbacks: 53 (Resim:  53) | Stalls:  0
[HEARTBEAT] Node: 1 | Tick: 200881 | Conf: 200879 | Hash: 0x3D4F0614 | Rollbacks: 51 (Resim:  72) | Stalls:  0
[HEARTBEAT] Node: 1 | Tick: 200941 | Conf: 200939 | Hash: 0x5DC4B627 | Rollbacks: 55 (Resim:  55) | Stalls:  0
[HEARTBEAT] Node: 1 | Tick: 201001 | Conf: 200999 | Hash: 0x300F632A | Rollbacks: 59 (Resim:  69) | Stalls:  0
[HEARTBEAT] Node: 1 | Tick: 201061 | Conf: 201059 | Hash: 0x29BD4605 | Rollbacks: 52 (Resim:  70) | Stalls:  0
[HEARTBEAT] Node: 1 | Tick: 201121 | Conf: 201119 | Hash: 0x3C64B530 | Rollbacks: 46 (Resim:  46) | Stalls:  0
[HEARTBEAT] Node: 1 | Tick: 201181 | Conf: 201179 | Hash: 0xACB91DA1 | Rollbacks: 59 (Resim:  59) | Stalls:  0
[BOT:50005] Heartbeat - Sparse Mods Tracked: 2048
[HEARTBEAT] Node: 1 | Tick: 201241 | Conf: 201238 | Hash: 0xCA0DD5E9 | Rollbacks: 59 (Resim:  79) | Stalls:  0
[HEARTBEAT] Node: 1 | Tick: 201301 | Conf: 201299 | Hash: 0xC9AEA5C7 | Rollbacks: 47 (Resim:  50) | Stalls:  0
[HEARTBEAT] Node: 1 | Tick: 201361 | Conf: 201358 | Hash: 0xC10FC325 | Rollbacks: 57 (Resim:  58) | Stalls:  0
[HEARTBEAT] Node: 1 | Tick: 201421 | Conf: 201418 | Hash: 0x1BD11B6A | Rollbacks: 50 (Resim:  69) | Stalls:  0
[HEARTBEAT] Node: 1 | Tick: 201481 | Conf: 201479 | Hash: 0xA87AF38A | Rollbacks: 58 (Resim:  62) | Stalls:  0
[HEARTBEAT] Node: 1 | Tick: 201541 | Conf: 201538 | Hash: 0x4D190B05 | Rollbacks: 56 (Resim:  59) | Stalls:  0
[HEARTBEAT] Node: 1 | Tick: 201601 | Conf: 201599 | Hash: 0x6D4F1D7A | Rollbacks: 47 (Resim:  61) | Stalls:  0
[HEARTBEAT] Node: 1 | Tick: 201661 | Conf: 201659 | Hash: 0x73F8BB4D | Rollbacks: 54 (Resim:  75) | Stalls:  0
[HEARTBEAT] Node: 1 | Tick: 201721 | Conf: 201719 | Hash: 0x2749A44E | Rollbacks: 59 (Resim:  61) | Stalls:  0
[HEARTBEAT] Node: 1 | Tick: 201781 | Conf: 201778 | Hash: 0xA8A040D9 | Rollbacks: 58 (Resim:  64) | Stalls:  0
[BOT:50005] Heartbeat - Sparse Mods Tracked: 2048
[HEARTBEAT] Node: 1 | Tick: 201841 | Conf: 201839 | Hash: 0x0A31F65F | Rollbacks: 51 (Resim:  74) | Stalls:  0
[HEARTBEAT] Node: 1 | Tick: 201901 | Conf: 201899 | Hash: 0xA55EFBCE | Rollbacks: 55 (Resim:  57) | Stalls:  0
[HEARTBEAT] Node: 1 | Tick: 201961 | Conf: 201959 | Hash: 0x9C2639D4 | Rollbacks: 44 (Resim:  46) | Stalls:  0
[HEARTBEAT] Node: 1 | Tick: 202021 | Conf: 202019 | Hash: 0xB5C5E100 | Rollbacks: 57 (Resim:  57) | Stalls:  0
[HEARTBEAT] Node: 1 | Tick: 202081 | Conf: 202079 | Hash: 0xFB96A963 | Rollbacks: 59 (Resim:  85) | Stalls:  0
[HEARTBEAT] Node: 1 | Tick: 202141 | Conf: 202139 | Hash: 0xF13B8D44 | Rollbacks: 55 (Resim:  58) | Stalls:  0
[HEARTBEAT] Node: 1 | Tick: 202201 | Conf: 202199 | Hash: 0x50784A5B | Rollbacks: 51 (Resim:  53) | Stalls:  0
[HEARTBEAT] Node: 1 | Tick: 202261 | Conf: 202258 | Hash: 0x8F6F5471 | Rollbacks: 52 (Resim:  58) | Stalls:  0
[HEARTBEAT] Node: 1 | Tick: 202321 | Conf: 202319 | Hash: 0xFE611FD0 | Rollbacks: 59 (Resim:  81) | Stalls:  0
[HEARTBEAT] Node: 1 | Tick: 202381 | Conf: 202379 | Hash: 0xAC4F6D2F | Rollbacks: 60 (Resim:  60) | Stalls:  0
[BOT:50005] Heartbeat - Sparse Mods Tracked: 2048
[HEARTBEAT] Node: 1 | Tick: 202441 | Conf: 202439 | Hash: 0x89FF3D93 | Rollbacks: 58 (Resim:  61) | Stalls:  0
[HEARTBEAT] Node: 1 | Tick: 202501 | Conf: 202499 | Hash: 0x561C10D3 | Rollbacks: 60 (Resim:  60) | Stalls:  0
[HEARTBEAT] Node: 1 | Tick: 202561 | Conf: 202559 | Hash: 0x88FF03BA | Rollbacks: 47 (Resim:  57) | Stalls:  0
[HEARTBEAT] Node: 1 | Tick: 202621 | Conf: 202618 | Hash: 0xB32CF1E0 | Rollbacks: 59 (Resim:  64) | Stalls:  0
[HEARTBEAT] Node: 1 | Tick: 202681 | Conf: 202679 | Hash: 0xE889BFBC | Rollbacks: 56 (Resim:  77) | Stalls:  0
[HEARTBEAT] Node: 1 | Tick: 202741 | Conf: 202739 | Hash: 0x25DD31FD | Rollbacks: 52 (Resim:  52) | Stalls:  0
[HEARTBEAT] Node: 1 | Tick: 202801 | Conf: 202799 | Hash: 0x9A6B4A6B | Rollbacks: 59 (Resim:  68) | Stalls:  0
[HEARTBEAT] Node: 1 | Tick: 202861 | Conf: 202859 | Hash: 0x317D788D | Rollbacks: 51 (Resim:  65) | Stalls:  0
[HEARTBEAT] Node: 1 | Tick: 202921 | Conf: 202919 | Hash: 0x78DEA931 | Rollbacks: 59 (Resim:  81) | Stalls:  0
[HEARTBEAT] Node: 1 | Tick: 202981 | Conf: 202979 | Hash: 0x51F8F6EF | Rollbacks: 59 (Resim:  61) | Stalls:  0
[BOT:50005] Heartbeat - Sparse Mods Tracked: 2048
[HEARTBEAT] Node: 1 | Tick: 203041 | Conf: 203038 | Hash: 0xDE348D66 | Rollbacks: 58 (Resim:  63) | Stalls:  0
[HEARTBEAT] Node: 1 | Tick: 203101 | Conf: 203099 | Hash: 0xD92AB4F7 | Rollbacks: 59 (Resim:  80) | Stalls:  0
[HEARTBEAT] Node: 1 | Tick: 203161 | Conf: 203159 | Hash: 0x05E2145E | Rollbacks: 45 (Resim:  49) | Stalls:  0
[HEARTBEAT] Node: 1 | Tick: 203221 | Conf: 203219 | Hash: 0xBFEC12BE | Rollbacks: 50 (Resim:  50) | Stalls:  0
[HEARTBEAT] Node: 1 | Tick: 203281 | Conf: 203278 | Hash: 0xB20F178C | Rollbacks: 59 (Resim:  63) | Stalls:  0
[HEARTBEAT] Node: 1 | Tick: 203341 | Conf: 203339 | Hash: 0x54D9BE49 | Rollbacks: 48 (Resim:  60) | Stalls:  0
[HEARTBEAT] Node: 1 | Tick: 203401 | Conf: 203399 | Hash: 0xD789460D | Rollbacks: 58 (Resim:  58) | Stalls:  0
[HEARTBEAT] Node: 1 | Tick: 203461 | Conf: 203459 | Hash: 0x52794AC7 | Rollbacks: 59 (Resim:  83) | Stalls:  0
[HEARTBEAT] Node: 1 | Tick: 203521 | Conf: 203519 | Hash: 0x91B8D994 | Rollbacks: 54 (Resim:  57) | Stalls:  0
[HEARTBEAT] Node: 1 | Tick: 203581 | Conf: 203579 | Hash: 0xAB9F42F1 | Rollbacks: 39 (Resim:  41) | Stalls:  0
[BOT:50005] Heartbeat - Sparse Mods Tracked: 2048
[HEARTBEAT] Node: 1 | Tick: 203641 | Conf: 203639 | Hash: 0x0E838943 | Rollbacks: 48 (Resim:  48) | Stalls:  0
[HEARTBEAT] Node: 1 | Tick: 203701 | Conf: 203699 | Hash: 0x25F6284C | Rollbacks: 58 (Resim:  61) | Stalls:  0
[HEARTBEAT] Node: 1 | Tick: 203761 | Conf: 203759 | Hash: 0xC8C64B07 | Rollbacks: 60 (Resim:  60) | Stalls:  0
[HEARTBEAT] Node: 1 | Tick: 203821 | Conf: 203818 | Hash: 0x111BAE50 | Rollbacks: 49 (Resim:  73) | Stalls:  0
[HEARTBEAT] Node: 1 | Tick: 203881 | Conf: 203879 | Hash: 0xDC88651E | Rollbacks: 49 (Resim:  50) | Stalls:  0
[HEARTBEAT] Node: 1 | Tick: 203941 | Conf: 203938 | Hash: 0xCDFE671A | Rollbacks: 59 (Resim:  79) | Stalls:  0
[HEARTBEAT] Node: 1 | Tick: 204001 | Conf: 203999 | Hash: 0x1767F1A1 | Rollbacks: 46 (Resim:  54) | Stalls:  0
[HEARTBEAT] Node: 1 | Tick: 204061 | Conf: 204059 | Hash: 0x8E520655 | Rollbacks: 60 (Resim:  60) | Stalls:  0
[HEARTBEAT] Node: 1 | Tick: 204121 | Conf: 204119 | Hash: 0x3F523893 | Rollbacks: 59 (Resim:  68) | Stalls:  0
[HEARTBEAT] Node: 1 | Tick: 204181 | Conf: 204179 | Hash: 0xF16AE4C6 | Rollbacks: 51 (Resim:  51) | Stalls:  0
[BOT:50005] Heartbeat - Sparse Mods Tracked: 2048
[HEARTBEAT] Node: 1 | Tick: 204241 | Conf: 204239 | Hash: 0x79C76343 | Rollbacks: 58 (Resim:  72) | Stalls:  0
[HEARTBEAT] Node: 1 | Tick: 204301 | Conf: 204299 | Hash: 0x4F73CA63 | Rollbacks: 52 (Resim:  52) | Stalls:  0
[HEARTBEAT] Node: 1 | Tick: 204361 | Conf: 204359 | Hash: 0x11CA067D | Rollbacks: 49 (Resim:  49) | Stalls:  0
[HEARTBEAT] Node: 1 | Tick: 204421 | Conf: 204419 | Hash: 0x680565B4 | Rollbacks: 59 (Resim:  67) | Stalls:  0
[HEARTBEAT] Node: 1 | Tick: 204481 | Conf: 204479 | Hash: 0xCC5682B7 | Rollbacks: 44 (Resim:  59) | Stalls:  0
[HEARTBEAT] Node: 1 | Tick: 204541 | Conf: 204539 | Hash: 0x204C8E7E | Rollbacks: 45 (Resim:  45) | Stalls:  0
[HEARTBEAT] Node: 1 | Tick: 204601 | Conf: 204599 | Hash: 0x97B98B91 | Rollbacks: 59 (Resim:  62) | Stalls:  0
[HEARTBEAT] Node: 1 | Tick: 204661 | Conf: 204659 | Hash: 0x9DB0698D | Rollbacks: 58 (Resim:  82) | Stalls:  0
[HEARTBEAT] Node: 1 | Tick: 204721 | Conf: 204719 | Hash: 0x1FD3D767 | Rollbacks: 56 (Resim:  58) | Stalls:  0
[HEARTBEAT] Node: 1 | Tick: 204781 | Conf: 204779 | Hash: 0x85598923 | Rollbacks: 54 (Resim:  54) | Stalls:  0
[BOT:50005] Heartbeat - Sparse Mods Tracked: 2048
[HEARTBEAT] Node: 1 | Tick: 204841 | Conf: 204839 | Hash: 0x2A4BD100 | Rollbacks: 53 (Resim:  73) | Stalls:  0
[HEARTBEAT] Node: 1 | Tick: 204901 | Conf: 204899 | Hash: 0x71021D8F | Rollbacks: 47 (Resim:  50) | Stalls:  0
[HEARTBEAT] Node: 1 | Tick: 204961 | Conf: 204959 | Hash: 0x503D8FF6 | Rollbacks: 59 (Resim:  61) | Stalls:  0
[HEARTBEAT] Node: 1 | Tick: 205021 | Conf: 205019 | Hash: 0x51B42288 | Rollbacks: 49 (Resim:  56) | Stalls:  0
[HEARTBEAT] Node: 1 | Tick: 205081 | Conf: 205079 | Hash: 0x91DAD912 | Rollbacks: 47 (Resim:  47) | Stalls:  0
[HEARTBEAT] Node: 1 | Tick: 205141 | Conf: 205138 | Hash: 0x376CF380 | Rollbacks: 59 (Resim:  70) | Stalls:  0
[HEARTBEAT] Node: 1 | Tick: 205201 | Conf: 205199 | Hash: 0x9F1CFF4C | Rollbacks: 59 (Resim:  68) | Stalls:  0
[HEARTBEAT] Node: 1 | Tick: 205261 | Conf: 205259 | Hash: 0x66E65E3A | Rollbacks: 60 (Resim:  60) | Stalls:  0
[HEARTBEAT] Node: 1 | Tick: 205321 | Conf: 205319 | Hash: 0x5F0FF80F | Rollbacks: 52 (Resim:  74) | Stalls:  0
[BOT:50005] Heartbeat - Sparse Mods Tracked: 2048
[HEARTBEAT] Node: 1 | Tick: 205381 | Conf: 205379 | Hash: 0x8EFA2C8F | Rollbacks: 57 (Resim:  57) | Stalls:  0
[HEARTBEAT] Node: 1 | Tick: 205441 | Conf: 205439 | Hash: 0xD27E3865 | Rollbacks: 51 (Resim:  64) | Stalls:  0
[HEARTBEAT] Node: 1 | Tick: 205501 | Conf: 205499 | Hash: 0xEC1547DB | Rollbacks: 58 (Resim:  61) | Stalls:  0
[HEARTBEAT] Node: 1 | Tick: 205561 | Conf: 205558 | Hash: 0x05F8A0E8 | Rollbacks: 59 (Resim:  71) | Stalls:  0
[HEARTBEAT] Node: 1 | Tick: 205621 | Conf: 205619 | Hash: 0xA6827F1A | Rollbacks: 48 (Resim:  55) | Stalls:  0
[HEARTBEAT] Node: 1 | Tick: 205681 | Conf: 205679 | Hash: 0x12E0AB0E | Rollbacks: 54 (Resim:  58) | Stalls:  0
[HEARTBEAT] Node: 1 | Tick: 205741 | Conf: 205739 | Hash: 0x6904906D | Rollbacks: 46 (Resim:  46) | Stalls:  0
[HEARTBEAT] Node: 1 | Tick: 205801 | Conf: 205799 | Hash: 0x98533DD6 | Rollbacks: 58 (Resim:  74) | Stalls:  0
[HEARTBEAT] Node: 1 | Tick: 205861 | Conf: 205859 | Hash: 0x134F8645 | Rollbacks: 59 (Resim:  60) | Stalls:  0
[HEARTBEAT] Node: 1 | Tick: 205921 | Conf: 205919 | Hash: 0x23DCA2D8 | Rollbacks: 54 (Resim:  74) | Stalls:  0
[BOT:50005] Heartbeat - Sparse Mods Tracked: 2048
[HEARTBEAT] Node: 1 | Tick: 205981 | Conf: 205979 | Hash: 0x9BC39441 | Rollbacks: 49 (Resim:  52) | Stalls:  0
[HEARTBEAT] Node: 1 | Tick: 206041 | Conf: 206039 | Hash: 0xC621F267 | Rollbacks: 53 (Resim:  56) | Stalls:  0
[HEARTBEAT] Node: 1 | Tick: 206101 | Conf: 206099 | Hash: 0xF5947E6C | Rollbacks: 59 (Resim:  76) | Stalls:  0
[HEARTBEAT] Node: 1 | Tick: 206161 | Conf: 206159 | Hash: 0xEAC3008D | Rollbacks: 45 (Resim:  45) | Stalls:  0
[HEARTBEAT] Node: 1 | Tick: 206221 | Conf: 206219 | Hash: 0xEA30A5C3 | Rollbacks: 59 (Resim:  59) | Stalls:  0
[HEARTBEAT] Node: 1 | Tick: 206281 | Conf: 206279 | Hash: 0x7511EA06 | Rollbacks: 58 (Resim:  84) | Stalls:  0
[HEARTBEAT] Node: 1 | Tick: 206341 | Conf: 206339 | Hash: 0x1A325495 | Rollbacks: 46 (Resim:  49) | Stalls:  0
[HEARTBEAT] Node: 1 | Tick: 206401 | Conf: 206399 | Hash: 0xB9E4F875 | Rollbacks: 45 (Resim:  45) | Stalls:  0
[HEARTBEAT] Node: 1 | Tick: 206461 | Conf: 206459 | Hash: 0x85C06B22 | Rollbacks: 56 (Resim:  57) | Stalls:  0
[HEARTBEAT] Node: 1 | Tick: 206521 | Conf: 206519 | Hash: 0x3B76DE41 | Rollbacks: 58 (Resim:  66) | Stalls:  0
[BOT:50005] Heartbeat - Sparse Mods Tracked: 2048
[HEARTBEAT] Node: 1 | Tick: 206581 | Conf: 206579 | Hash: 0xB069FE24 | Rollbacks: 49 (Resim:  68) | Stalls:  0
[HEARTBEAT] Node: 1 | Tick: 206641 | Conf: 206639 | Hash: 0xF633CE86 | Rollbacks: 48 (Resim:  48) | Stalls:  0
[HEARTBEAT] Node: 1 | Tick: 206701 | Conf: 206699 | Hash: 0xE5854052 | Rollbacks: 53 (Resim:  53) | Stalls:  0
[HEARTBEAT] Node: 1 | Tick: 206761 | Conf: 206758 | Hash: 0x268045AA | Rollbacks: 58 (Resim:  76) | Stalls:  0
[HEARTBEAT] Node: 1 | Tick: 206821 | Conf: 206819 | Hash: 0xE16B2D7E | Rollbacks: 42 (Resim:  52) | Stalls:  0
[HEARTBEAT] Node: 1 | Tick: 206881 | Conf: 206879 | Hash: 0x1AC8F60F | Rollbacks: 46 (Resim:  46) | Stalls:  0
[HEARTBEAT] Node: 1 | Tick: 206941 | Conf: 206939 | Hash: 0xB7891852 | Rollbacks: 46 (Resim:  46) | Stalls:  0
[HEARTBEAT] Node: 1 | Tick: 207001 | Conf: 206999 | Hash: 0xDC87AF42 | Rollbacks: 59 (Resim:  60) | Stalls:  0
[HEARTBEAT] Node: 1 | Tick: 207061 | Conf: 207059 | Hash: 0x062B6E56 | Rollbacks: 58 (Resim:  80) | Stalls:  0
[HEARTBEAT] Node: 1 | Tick: 207121 | Conf: 207119 | Hash: 0xAB2BBDD6 | Rollbacks: 48 (Resim:  50) | Stalls:  0
[BOT:50005] Heartbeat - Sparse Mods Tracked: 2048
[HEARTBEAT] Node: 1 | Tick: 207181 | Conf: 207179 | Hash: 0xFB97A0BC | Rollbacks: 50 (Resim:  50) | Stalls:  0
[HEARTBEAT] Node: 1 | Tick: 207241 | Conf: 207239 | Hash: 0xC1ECB713 | Rollbacks: 60 (Resim:  60) | Stalls:  0
[HEARTBEAT] Node: 1 | Tick: 207301 | Conf: 207299 | Hash: 0x429BE72C | Rollbacks: 58 (Resim:  83) | Stalls:  0
[HEARTBEAT] Node: 1 | Tick: 207361 | Conf: 207359 | Hash: 0xE8E9AB2B | Rollbacks: 45 (Resim:  48) | Stalls:  0
[HEARTBEAT] Node: 1 | Tick: 207421 | Conf: 207419 | Hash: 0xA9626FF9 | Rollbacks: 49 (Resim:  49) | Stalls:  0
[HEARTBEAT] Node: 1 | Tick: 207481 | Conf: 207479 | Hash: 0x78FFF9E1 | Rollbacks: 51 (Resim:  51) | Stalls:  0
[HEARTBEAT] Node: 1 | Tick: 207541 | Conf: 207538 | Hash: 0x7EE29211 | Rollbacks: 58 (Resim:  68) | Stalls:  0
[HEARTBEAT] Node: 1 | Tick: 207601 | Conf: 207599 | Hash: 0xEE63F1A3 | Rollbacks: 59 (Resim:  77) | Stalls:  0
[HEARTBEAT] Node: 1 | Tick: 207661 | Conf: 207659 | Hash: 0xB085E31A | Rollbacks: 51 (Resim:  51) | Stalls:  0
[HEARTBEAT] Node: 1 | Tick: 207721 | Conf: 207719 | Hash: 0x7C8F943C | Rollbacks: 59 (Resim:  69) | Stalls:  0
[BOT:50005] Heartbeat - Sparse Mods Tracked: 2048
[HEARTBEAT] Node: 1 | Tick: 207781 | Conf: 207779 | Hash: 0xD3CB9948 | Rollbacks: 54 (Resim:  75) | Stalls:  0
[HEARTBEAT] Node: 1 | Tick: 207841 | Conf: 207839 | Hash: 0x8BCA3571 | Rollbacks: 51 (Resim:  52) | Stalls:  0
[HEARTBEAT] Node: 1 | Tick: 207901 | Conf: 207898 | Hash: 0x7AB870D9 | Rollbacks: 58 (Resim:  69) | Stalls:  0
[HEARTBEAT] Node: 1 | Tick: 207961 | Conf: 207959 | Hash: 0xA75F8295 | Rollbacks: 51 (Resim:  59) | Stalls:  0
[HEARTBEAT] Node: 1 | Tick: 208021 | Conf: 208019 | Hash: 0x2F3CE6A7 | Rollbacks: 53 (Resim:  53) | Stalls:  0
[HEARTBEAT] Node: 1 | Tick: 208081 | Conf: 208078 | Hash: 0xC25C18E4 | Rollbacks: 58 (Resim:  71) | Stalls:  0
[HEARTBEAT] Node: 1 | Tick: 208141 | Conf: 208139 | Hash: 0x968F6257 | Rollbacks: 56 (Resim:  74) | Stalls:  0
[HEARTBEAT] Node: 1 | Tick: 208201 | Conf: 208199 | Hash: 0xE175CC50 | Rollbacks: 37 (Resim:  37) | Stalls:  0
[HEARTBEAT] Node: 1 | Tick: 208261 | Conf: 208259 | Hash: 0x22049E1D | Rollbacks: 57 (Resim:  57) | Stalls:  0
[BOT:50005] Heartbeat - Sparse Mods Tracked: 2048
[HEARTBEAT] Node: 1 | Tick: 208321 | Conf: 208318 | Hash: 0xED4B0671 | Rollbacks: 58 (Resim:  80) | Stalls:  0
[HEARTBEAT] Node: 1 | Tick: 208381 | Conf: 208379 | Hash: 0xF31910A4 | Rollbacks: 52 (Resim:  57) | Stalls:  0
[HEARTBEAT] Node: 1 | Tick: 208441 | Conf: 208439 | Hash: 0x71D50F1B | Rollbacks: 59 (Resim:  76) | Stalls:  0
[HEARTBEAT] Node: 1 | Tick: 208501 | Conf: 208499 | Hash: 0x0EFDBADC | Rollbacks: 52 (Resim:  55) | Stalls:  0
[HEARTBEAT] Node: 1 | Tick: 208561 | Conf: 208559 | Hash: 0x2AFC822B | Rollbacks: 42 (Resim:  42) | Stalls:  0
[HEARTBEAT] Node: 1 | Tick: 208621 | Conf: 208619 | Hash: 0xDF33B753 | Rollbacks: 40 (Resim:  43) | Stalls:  0
[HEARTBEAT] Node: 1 | Tick: 208681 | Conf: 208679 | Hash: 0x69351AAF | Rollbacks: 48 (Resim:  48) | Stalls:  0
[HEARTBEAT] Node: 1 | Tick: 208741 | Conf: 208739 | Hash: 0xBF02AC4E | Rollbacks: 58 (Resim:  61) | Stalls:  0
[HEARTBEAT] Node: 1 | Tick: 208801 | Conf: 208799 | Hash: 0x3FD722CF | Rollbacks: 53 (Resim:  53) | Stalls:  0
[HEARTBEAT] Node: 1 | Tick: 208861 | Conf: 208858 | Hash: 0xE22A85A3 | Rollbacks: 58 (Resim:  76) | Stalls:  0
[BOT:50005] Heartbeat - Sparse Mods Tracked: 2048
[HEARTBEAT] Node: 1 | Tick: 208921 | Conf: 208919 | Hash: 0x14552B6F | Rollbacks: 48 (Resim:  49) | Stalls:  0
[HEARTBEAT] Node: 1 | Tick: 208981 | Conf: 208979 | Hash: 0x3FA560BE | Rollbacks: 59 (Resim:  79) | Stalls:  0
[HEARTBEAT] Node: 1 | Tick: 209041 | Conf: 209039 | Hash: 0xF518CB31 | Rollbacks: 59 (Resim:  61) | Stalls:  0
[HEARTBEAT] Node: 1 | Tick: 209101 | Conf: 209098 | Hash: 0x365874B2 | Rollbacks: 58 (Resim:  61) | Stalls:  0
[HEARTBEAT] Node: 1 | Tick: 209161 | Conf: 209159 | Hash: 0xE0F61E8C | Rollbacks: 57 (Resim:  76) | Stalls:  0
[HEARTBEAT] Node: 1 | Tick: 209221 | Conf: 209219 | Hash: 0x0B4847D8 | Rollbacks: 58 (Resim:  60) | Stalls:  0
[HEARTBEAT] Node: 1 | Tick: 209281 | Conf: 209278 | Hash: 0x531B61A0 | Rollbacks: 59 (Resim:  75) | Stalls:  0
[HEARTBEAT] Node: 1 | Tick: 209341 | Conf: 209339 | Hash: 0x3A680262 | Rollbacks: 56 (Resim:  64) | Stalls:  0
[HEARTBEAT] Node: 1 | Tick: 209401 | Conf: 209399 | Hash: 0x37F5478F | Rollbacks: 59 (Resim:  65) | Stalls:  0
[HEARTBEAT] Node: 1 | Tick: 209461 | Conf: 209459 | Hash: 0xFF0DE4CF | Rollbacks: 59 (Resim:  70) | Stalls:  0
[BOT:50005] Heartbeat - Sparse Mods Tracked: 2048
[HEARTBEAT] Node: 1 | Tick: 209521 | Conf: 209519 | Hash: 0xBEEC8430 | Rollbacks: 41 (Resim:  41) | Stalls:  0
[HEARTBEAT] Node: 1 | Tick: 209581 | Conf: 209579 | Hash: 0xBAA54422 | Rollbacks: 58 (Resim:  61) | Stalls:  0
[HEARTBEAT] Node: 1 | Tick: 209641 | Conf: 209639 | Hash: 0x7575BBD4 | Rollbacks: 51 (Resim:  53) | Stalls:  0
[HEARTBEAT] Node: 1 | Tick: 209701 | Conf: 209699 | Hash: 0x1A1A14FE | Rollbacks: 57 (Resim:  57) | Stalls:  0
[HEARTBEAT] Node: 1 | Tick: 209761 | Conf: 209759 | Hash: 0xD8FC0D63 | Rollbacks: 59 (Resim:  85) | Stalls:  0
[HEARTBEAT] Node: 1 | Tick: 209821 | Conf: 209819 | Hash: 0xCDB84A8E | Rollbacks: 51 (Resim:  54) | Stalls:  0
[HEARTBEAT] Node: 1 | Tick: 209881 | Conf: 209879 | Hash: 0xE8961DA5 | Rollbacks: 60 (Resim:  60) | Stalls:  0
[HEARTBEAT] Node: 1 | Tick: 209941 | Conf: 209939 | Hash: 0x374547CB | Rollbacks: 52 (Resim:  67) | Stalls:  0
[HEARTBEAT] Node: 1 | Tick: 210001 | Conf: 209999 | Hash: 0xE11FC475 | Rollbacks: 48 (Resim:  48) | Stalls:  0
[HEARTBEAT] Node: 1 | Tick: 210061 | Conf: 210059 | Hash: 0xD027EA33 | Rollbacks: 51 (Resim:  51) | Stalls:  0
[BOT:50005] Heartbeat - Sparse Mods Tracked: 2048
[HEARTBEAT] Node: 1 | Tick: 210121 | Conf: 210119 | Hash: 0xA9440C7C | Rollbacks: 55 (Resim:  85) | Stalls:  0
[HEARTBEAT] Node: 1 | Tick: 210181 | Conf: 210179 | Hash: 0x1A60A123 | Rollbacks: 53 (Resim:  56) | Stalls:  0
[HEARTBEAT] Node: 1 | Tick: 210241 | Conf: 210238 | Hash: 0xBFFF9C78 | Rollbacks: 57 (Resim:  63) | Stalls:  0
[HEARTBEAT] Node: 1 | Tick: 210301 | Conf: 210299 | Hash: 0x76185A13 | Rollbacks: 50 (Resim:  71) | Stalls:  0
[HEARTBEAT] Node: 1 | Tick: 210361 | Conf: 210359 | Hash: 0xB9FE7DB9 | Rollbacks: 58 (Resim:  58) | Stalls:  0
[HEARTBEAT] Node: 1 | Tick: 210421 | Conf: 210418 | Hash: 0xA400AF77 | Rollbacks: 59 (Resim:  82) | Stalls:  0
[HEARTBEAT] Node: 1 | Tick: 210481 | Conf: 210479 | Hash: 0xADA2BA5E | Rollbacks: 59 (Resim:  66) | Stalls:  0
[HEARTBEAT] Node: 1 | Tick: 210541 | Conf: 210539 | Hash: 0xCAE19D81 | Rollbacks: 55 (Resim:  55) | Stalls:  0
[HEARTBEAT] Node: 1 | Tick: 210601 | Conf: 210599 | Hash: 0x48FDF64D | Rollbacks: 58 (Resim:  89) | Stalls:  0
[HEARTBEAT] Node: 1 | Tick: 210661 | Conf: 210659 | Hash: 0xA75A1E5B | Rollbacks: 59 (Resim:  61) | Stalls:  0
[BOT:50005] Heartbeat - Sparse Mods Tracked: 2048
[HEARTBEAT] Node: 1 | Tick: 210721 | Conf: 210719 | Hash: 0x408657DC | Rollbacks: 54 (Resim:  54) | Stalls:  0
[HEARTBEAT] Node: 1 | Tick: 210781 | Conf: 210779 | Hash: 0xF7266D50 | Rollbacks: 51 (Resim:  76) | Stalls:  0
[HEARTBEAT] Node: 1 | Tick: 210841 | Conf: 210839 | Hash: 0x2D39AEFB | Rollbacks: 56 (Resim:  59) | Stalls:  0
[HEARTBEAT] Node: 1 | Tick: 210901 | Conf: 210898 | Hash: 0x5F8A8CF3 | Rollbacks: 55 (Resim:  60) | Stalls:  0
[HEARTBEAT] Node: 1 | Tick: 210961 | Conf: 210959 | Hash: 0x2D03CE08 | Rollbacks: 59 (Resim:  83) | Stalls:  0
[HEARTBEAT] Node: 1 | Tick: 211021 | Conf: 211019 | Hash: 0xB54D4687 | Rollbacks: 46 (Resim:  46) | Stalls:  0
[HEARTBEAT] Node: 1 | Tick: 211081 | Conf: 211079 | Hash: 0x701FE6B8 | Rollbacks: 53 (Resim:  53) | Stalls:  0
[HEARTBEAT] Node: 1 | Tick: 211141 | Conf: 211139 | Hash: 0x8CDCE6BC | Rollbacks: 59 (Resim:  81) | Stalls:  0
[HEARTBEAT] Node: 1 | Tick: 211201 | Conf: 211199 | Hash: 0x82F89946 | Rollbacks: 59 (Resim:  61) | Stalls:  0
[HEARTBEAT] Node: 1 | Tick: 211261 | Conf: 211259 | Hash: 0x99B15EC9 | Rollbacks: 48 (Resim:  48) | Stalls:  0
[BOT:50005] Heartbeat - Sparse Mods Tracked: 2048
[HEARTBEAT] Node: 1 | Tick: 211321 | Conf: 211319 | Hash: 0x12037BF0 | Rollbacks: 59 (Resim:  60) | Stalls:  0
[HEARTBEAT] Node: 1 | Tick: 211381 | Conf: 211379 | Hash: 0xA4823812 | Rollbacks: 43 (Resim:  56) | Stalls:  0
[HEARTBEAT] Node: 1 | Tick: 211441 | Conf: 211439 | Hash: 0xB3D75C7D | Rollbacks: 53 (Resim:  53) | Stalls:  0
[HEARTBEAT] Node: 1 | Tick: 211501 | Conf: 211498 | Hash: 0x71A100A8 | Rollbacks: 59 (Resim:  73) | Stalls:  0
[HEARTBEAT] Node: 1 | Tick: 211561 | Conf: 211559 | Hash: 0xB1213CC4 | Rollbacks: 52 (Resim:  66) | Stalls:  0
[HEARTBEAT] Node: 1 | Tick: 211621 | Conf: 211619 | Hash: 0xC90FD8C5 | Rollbacks: 51 (Resim:  51) | Stalls:  0
[HEARTBEAT] Node: 1 | Tick: 211681 | Conf: 211679 | Hash: 0xCF7D9B9F | Rollbacks: 59 (Resim:  60) | Stalls:  0
[HEARTBEAT] Node: 1 | Tick: 211741 | Conf: 211739 | Hash: 0xFD2141D7 | Rollbacks: 59 (Resim:  78) | Stalls:  0
[HEARTBEAT] Node: 1 | Tick: 211801 | Conf: 211799 | Hash: 0x0BDFAE83 | Rollbacks: 50 (Resim:  52) | Stalls:  0
[HEARTBEAT] Node: 1 | Tick: 211861 | Conf: 211859 | Hash: 0x8BA71741 | Rollbacks: 52 (Resim:  52) | Stalls:  0
[BOT:50005] Heartbeat - Sparse Mods Tracked: 2048
[HEARTBEAT] Node: 1 | Tick: 211921 | Conf: 211919 | Hash: 0x862DAF97 | Rollbacks: 57 (Resim:  86) | Stalls:  0
[HEARTBEAT] Node: 1 | Tick: 211981 | Conf: 211979 | Hash: 0xF82F1311 | Rollbacks: 47 (Resim:  49) | Stalls:  0
[HEARTBEAT] Node: 1 | Tick: 212041 | Conf: 212039 | Hash: 0x931936D1 | Rollbacks: 54 (Resim:  56) | Stalls:  0
[HEARTBEAT] Node: 1 | Tick: 212101 | Conf: 212098 | Hash: 0x637B8AAF | Rollbacks: 54 (Resim:  58) | Stalls:  0
[HEARTBEAT] Node: 1 | Tick: 212161 | Conf: 212159 | Hash: 0x5F690A53 | Rollbacks: 55 (Resim:  81) | Stalls:  0
[HEARTBEAT] Node: 1 | Tick: 212221 | Conf: 212219 | Hash: 0xB2DFB516 | Rollbacks: 44 (Resim:  44) | Stalls:  0
[HEARTBEAT] Node: 1 | Tick: 212281 | Conf: 212279 | Hash: 0x651A3082 | Rollbacks: 47 (Resim:  47) | Stalls:  0
[HEARTBEAT] Node: 1 | Tick: 212341 | Conf: 212339 | Hash: 0xFAA3FFC4 | Rollbacks: 60 (Resim:  60) | Stalls:  0
[HEARTBEAT] Node: 1 | Tick: 212401 | Conf: 212399 | Hash: 0x29E3B99C | Rollbacks: 59 (Resim:  77) | Stalls:  0
[HEARTBEAT] Node: 1 | Tick: 212461 | Conf: 212459 | Hash: 0xCCA452DD | Rollbacks: 47 (Resim:  48) | Stalls:  0
[BOT:50005] Heartbeat - Sparse Mods Tracked: 2048
[HEARTBEAT] Node: 1 | Tick: 212521 | Conf: 212519 | Hash: 0xE2DC176E | Rollbacks: 59 (Resim:  71) | Stalls:  0
[HEARTBEAT] Node: 1 | Tick: 212581 | Conf: 212579 | Hash: 0xDE0C2735 | Rollbacks: 48 (Resim:  51) | Stalls:  0
[HEARTBEAT] Node: 1 | Tick: 212641 | Conf: 212638 | Hash: 0x1CFA9DE3 | Rollbacks: 59 (Resim:  70) | Stalls:  0
[HEARTBEAT] Node: 1 | Tick: 212701 | Conf: 212699 | Hash: 0xA0CAF9CA | Rollbacks: 59 (Resim:  64) | Stalls:  0
[HEARTBEAT] Node: 1 | Tick: 212761 | Conf: 212759 | Hash: 0xE8C80166 | Rollbacks: 51 (Resim:  51) | Stalls:  0
[HEARTBEAT] Node: 1 | Tick: 212821 | Conf: 212818 | Hash: 0x54959F4C | Rollbacks: 58 (Resim:  75) | Stalls:  0
[HEARTBEAT] Node: 1 | Tick: 212881 | Conf: 212879 | Hash: 0xF48EC851 | Rollbacks: 50 (Resim:  51) | Stalls:  0
[HEARTBEAT] Node: 1 | Tick: 212941 | Conf: 212939 | Hash: 0xC9367C6C | Rollbacks: 59 (Resim:  59) | Stalls:  0
[HEARTBEAT] Node: 1 | Tick: 213001 | Conf: 212998 | Hash: 0x12D9BA5B | Rollbacks: 59 (Resim:  73) | Stalls:  0
[BOT:50005] Heartbeat - Sparse Mods Tracked: 2048
[HEARTBEAT] Node: 1 | Tick: 213061 | Conf: 213059 | Hash: 0x64452D13 | Rollbacks: 47 (Resim:  53) | Stalls:  0
[HEARTBEAT] Node: 1 | Tick: 213121 | Conf: 213119 | Hash: 0x29E17C41 | Rollbacks: 51 (Resim:  51) | Stalls:  0
[HEARTBEAT] Node: 1 | Tick: 213181 | Conf: 213179 | Hash: 0x7EC1CD38 | Rollbacks: 59 (Resim:  68) | Stalls:  0
[HEARTBEAT] Node: 1 | Tick: 213241 | Conf: 213239 | Hash: 0x055DD619 | Rollbacks: 49 (Resim:  52) | Stalls:  0
[HEARTBEAT] Node: 1 | Tick: 213301 | Conf: 213298 | Hash: 0xA9AEF0B3 | Rollbacks: 59 (Resim:  76) | Stalls:  0
[HEARTBEAT] Node: 1 | Tick: 213361 | Conf: 213359 | Hash: 0xBC683DB3 | Rollbacks: 53 (Resim:  66) | Stalls:  0
[HEARTBEAT] Node: 1 | Tick: 213421 | Conf: 213419 | Hash: 0xCC606C84 | Rollbacks: 54 (Resim:  54) | Stalls:  0
[HEARTBEAT] Node: 1 | Tick: 213481 | Conf: 213478 | Hash: 0x70510E72 | Rollbacks: 59 (Resim:  72) | Stalls:  0
[HEARTBEAT] Node: 1 | Tick: 213541 | Conf: 213538 | Hash: 0xE5A78B72 | Rollbacks: 47 (Resim:  57) | Stalls:  0
[HEARTBEAT] Node: 1 | Tick: 213601 | Conf: 213599 | Hash: 0x922ACC29 | Rollbacks: 58 (Resim:  61) | Stalls:  0
[BOT:50005] Heartbeat - Sparse Mods Tracked: 2048
[HEARTBEAT] Node: 1 | Tick: 213661 | Conf: 213658 | Hash: 0x99354E85 | Rollbacks: 59 (Resim:  67) | Stalls:  0
[HEARTBEAT] Node: 1 | Tick: 213721 | Conf: 213719 | Hash: 0x272C89A0 | Rollbacks: 44 (Resim:  51) | Stalls:  0
[HEARTBEAT] Node: 1 | Tick: 213781 | Conf: 213779 | Hash: 0x8A3C996C | Rollbacks: 59 (Resim:  60) | Stalls:  0
[HEARTBEAT] Node: 1 | Tick: 213841 | Conf: 213839 | Hash: 0xF4A94850 | Rollbacks: 59 (Resim:  67) | Stalls:  0
[HEARTBEAT] Node: 1 | Tick: 213901 | Conf: 213899 | Hash: 0x7242BD76 | Rollbacks: 53 (Resim:  53) | Stalls:  0
[HEARTBEAT] Node: 1 | Tick: 213961 | Conf: 213959 | Hash: 0x86707764 | Rollbacks: 59 (Resim:  81) | Stalls:  0
[HEARTBEAT] Node: 1 | Tick: 214021 | Conf: 214019 | Hash: 0x527D729B | Rollbacks: 58 (Resim:  61) | Stalls:  0
[HEARTBEAT] Node: 1 | Tick: 214081 | Conf: 214079 | Hash: 0x299B441E | Rollbacks: 49 (Resim:  49) | Stalls:  0
[HEARTBEAT] Node: 1 | Tick: 214141 | Conf: 214138 | Hash: 0x18F756AD | Rollbacks: 58 (Resim:  68) | Stalls:  0
[HEARTBEAT] Node: 1 | Tick: 214201 | Conf: 214199 | Hash: 0x0F4E326B | Rollbacks: 51 (Resim:  56) | Stalls:  0
[BOT:50005] Heartbeat - Sparse Mods Tracked: 2048
[HEARTBEAT] Node: 1 | Tick: 214261 | Conf: 214258 | Hash: 0x66457A8C | Rollbacks: 59 (Resim:  68) | Stalls:  0
[HEARTBEAT] Node: 1 | Tick: 214321 | Conf: 214319 | Hash: 0x0CCC2FC1 | Rollbacks: 57 (Resim:  75) | Stalls:  0
[HEARTBEAT] Node: 1 | Tick: 214381 | Conf: 214379 | Hash: 0x99E188BE | Rollbacks: 56 (Resim:  59) | Stalls:  0
[HEARTBEAT] Node: 1 | Tick: 214441 | Conf: 214439 | Hash: 0xD37B7C40 | Rollbacks: 58 (Resim:  58) | Stalls:  0
[HEARTBEAT] Node: 1 | Tick: 214501 | Conf: 214499 | Hash: 0x5175F005 | Rollbacks: 59 (Resim:  79) | Stalls:  0
[HEARTBEAT] Node: 1 | Tick: 214561 | Conf: 214559 | Hash: 0xE987C0C0 | Rollbacks: 55 (Resim:  59) | Stalls:  0
[HEARTBEAT] Node: 1 | Tick: 214621 | Conf: 214619 | Hash: 0x4FC9A3BE | Rollbacks: 52 (Resim:  52) | Stalls:  0
[HEARTBEAT] Node: 1 | Tick: 214681 | Conf: 214679 | Hash: 0x5F80CC4D | Rollbacks: 59 (Resim:  72) | Stalls:  0
[HEARTBEAT] Node: 1 | Tick: 214741 | Conf: 214739 | Hash: 0x24187C28 | Rollbacks: 50 (Resim:  54) | Stalls:  0
[HEARTBEAT] Node: 1 | Tick: 214801 | Conf: 214799 | Hash: 0x146B5F05 | Rollbacks: 56 (Resim:  56) | Stalls:  0
[BOT:50005] Heartbeat - Sparse Mods Tracked: 2048
[HEARTBEAT] Node: 1 | Tick: 214861 | Conf: 214859 | Hash: 0xFA585613 | Rollbacks: 59 (Resim:  69) | Stalls:  0
[HEARTBEAT] Node: 1 | Tick: 214921 | Conf: 214919 | Hash: 0x5ED260AF | Rollbacks: 45 (Resim:  45) | Stalls:  0
[HEARTBEAT] Node: 1 | Tick: 214981 | Conf: 214979 | Hash: 0x39FFB6A6 | Rollbacks: 44 (Resim:  48) | Stalls:  0
[HEARTBEAT] Node: 1 | Tick: 215041 | Conf: 215039 | Hash: 0xFA11D598 | Rollbacks: 59 (Resim:  59) | Stalls:  0
[HEARTBEAT] Node: 1 | Tick: 215101 | Conf: 215099 | Hash: 0xDD809580 | Rollbacks: 59 (Resim:  78) | Stalls:  0
[HEARTBEAT] Node: 1 | Tick: 215161 | Conf: 215159 | Hash: 0xE620A788 | Rollbacks: 46 (Resim:  46) | Stalls:  0
[HEARTBEAT] Node: 1 | Tick: 215221 | Conf: 215219 | Hash: 0xA1DCE60E | Rollbacks: 58 (Resim:  58) | Stalls:  0
[HEARTBEAT] Node: 1 | Tick: 215281 | Conf: 215279 | Hash: 0x8BA34201 | Rollbacks: 55 (Resim:  84) | Stalls:  0
[HEARTBEAT] Node: 1 | Tick: 215341 | Conf: 215339 | Hash: 0x9AB1F69D | Rollbacks: 59 (Resim:  62) | Stalls:  0
[HEARTBEAT] Node: 1 | Tick: 215401 | Conf: 215399 | Hash: 0x6ED52CA6 | Rollbacks: 59 (Resim:  60) | Stalls:  0
[BOT:50005] Heartbeat - Sparse Mods Tracked: 2048
[HEARTBEAT] Node: 1 | Tick: 215461 | Conf: 215459 | Hash: 0xEE107799 | Rollbacks: 54 (Resim:  68) | Stalls:  0
[HEARTBEAT] Node: 1 | Tick: 215521 | Conf: 215518 | Hash: 0x1D26E448 | Rollbacks: 55 (Resim:  56) | Stalls:  0
[HEARTBEAT] Node: 1 | Tick: 215581 | Conf: 215578 | Hash: 0x212ACC13 | Rollbacks: 44 (Resim:  63) | Stalls:  0
[HEARTBEAT] Node: 1 | Tick: 215641 | Conf: 215639 | Hash: 0x37FB101A | Rollbacks: 59 (Resim:  60) | Stalls:  0
[HEARTBEAT] Node: 1 | Tick: 215701 | Conf: 215699 | Hash: 0x43E72F12 | Rollbacks: 59 (Resim:  75) | Stalls:  0
[HEARTBEAT] Node: 1 | Tick: 215761 | Conf: 215759 | Hash: 0x7A80F806 | Rollbacks: 49 (Resim:  49) | Stalls:  0
[HEARTBEAT] Node: 1 | Tick: 215821 | Conf: 215819 | Hash: 0xF302BA60 | Rollbacks: 59 (Resim:  77) | Stalls:  0
[HEARTBEAT] Node: 1 | Tick: 215881 | Conf: 215879 | Hash: 0x13CCFB7D | Rollbacks: 52 (Resim:  54) | Stalls:  0
[HEARTBEAT] Node: 1 | Tick: 215941 | Conf: 215938 | Hash: 0x5926975A | Rollbacks: 59 (Resim:  71) | Stalls:  0
[HEARTBEAT] Node: 1 | Tick: 216001 | Conf: 215999 | Hash: 0xE3B5A0F4 | Rollbacks: 54 (Resim:  70) | Stalls:  0
[BOT:50005] Heartbeat - Sparse Mods Tracked: 2048
[HEARTBEAT] Node: 1 | Tick: 216061 | Conf: 216059 | Hash: 0x2A8EEB4A | Rollbacks: 59 (Resim:  59) | Stalls:  0
[HEARTBEAT] Node: 1 | Tick: 216121 | Conf: 216119 | Hash: 0xAC89F1E0 | Rollbacks: 59 (Resim:  74) | Stalls:  0
[HEARTBEAT] Node: 1 | Tick: 216181 | Conf: 216179 | Hash: 0x9A05EF6A | Rollbacks: 41 (Resim:  41) | Stalls:  0
[HEARTBEAT] Node: 1 | Tick: 216241 | Conf: 216239 | Hash: 0xE7DD285D | Rollbacks: 58 (Resim:  69) | Stalls:  0
[HEARTBEAT] Node: 1 | Tick: 216301 | Conf: 216299 | Hash: 0x93760B3A | Rollbacks: 58 (Resim:  61) | Stalls:  0
[HEARTBEAT] Node: 1 | Tick: 216361 | Conf: 216359 | Hash: 0x84E45605 | Rollbacks: 59 (Resim:  66) | Stalls:  0
[HEARTBEAT] Node: 1 | Tick: 216421 | Conf: 216419 | Hash: 0x4717B457 | Rollbacks: 43 (Resim:  43) | Stalls:  0
[HEARTBEAT] Node: 1 | Tick: 216481 | Conf: 216479 | Hash: 0x16F2F979 | Rollbacks: 59 (Resim:  61) | Stalls:  0
[HEARTBEAT] Node: 1 | Tick: 216541 | Conf: 216539 | Hash: 0x8AC8F9CC | Rollbacks: 58 (Resim:  61) | Stalls:  0
[HEARTBEAT] Node: 1 | Tick: 216601 | Conf: 216599 | Hash: 0x4410D46F | Rollbacks: 59 (Resim:  60) | Stalls:  0
[BOT:50005] Heartbeat - Sparse Mods Tracked: 2048
[HEARTBEAT] Node: 1 | Tick: 216661 | Conf: 216659 | Hash: 0x3992505E | Rollbacks: 53 (Resim:  64) | Stalls:  0
[HEARTBEAT] Node: 1 | Tick: 216721 | Conf: 216719 | Hash: 0x960EDCB9 | Rollbacks: 59 (Resim:  78) | Stalls:  0
[HEARTBEAT] Node: 1 | Tick: 216781 | Conf: 216779 | Hash: 0xB4B5533B | Rollbacks: 46 (Resim:  46) | Stalls:  0
[HEARTBEAT] Node: 1 | Tick: 216841 | Conf: 216839 | Hash: 0xBEFF03EC | Rollbacks: 60 (Resim:  60) | Stalls:  0
[HEARTBEAT] Node: 1 | Tick: 216901 | Conf: 216899 | Hash: 0xA0658B54 | Rollbacks: 55 (Resim:  68) | Stalls:  0
[HEARTBEAT] Node: 1 | Tick: 216961 | Conf: 216958 | Hash: 0xA13C4819 | Rollbacks: 48 (Resim:  51) | Stalls:  0
[HEARTBEAT] Node: 1 | Tick: 217021 | Conf: 217019 | Hash: 0x25FC3C1C | Rollbacks: 60 (Resim:  68) | Stalls:  0
[HEARTBEAT] Node: 1 | Tick: 217081 | Conf: 217079 | Hash: 0xEDD74430 | Rollbacks: 60 (Resim:  60) | Stalls:  0
[HEARTBEAT] Node: 1 | Tick: 217141 | Conf: 217138 | Hash: 0x6D5EBE82 | Rollbacks: 50 (Resim:  69) | Stalls:  0
[HEARTBEAT] Node: 1 | Tick: 217201 | Conf: 217199 | Hash: 0x75D47A3C | Rollbacks: 45 (Resim:  48) | Stalls:  0
[BOT:50005] Heartbeat - Sparse Mods Tracked: 2048
[HEARTBEAT] Node: 1 | Tick: 217261 | Conf: 217259 | Hash: 0x70A19EEF | Rollbacks: 57 (Resim:  60) | Stalls:  0
[HEARTBEAT] Node: 1 | Tick: 217321 | Conf: 217319 | Hash: 0xF4DF26D9 | Rollbacks: 54 (Resim:  54) | Stalls:  0
[HEARTBEAT] Node: 1 | Tick: 217381 | Conf: 217379 | Hash: 0x4F7E7591 | Rollbacks: 57 (Resim:  81) | Stalls:  0
[HEARTBEAT] Node: 1 | Tick: 217441 | Conf: 217439 | Hash: 0xBC47B835 | Rollbacks: 39 (Resim:  39) | Stalls:  0
[HEARTBEAT] Node: 1 | Tick: 217501 | Conf: 217499 | Hash: 0x32618B94 | Rollbacks: 52 (Resim:  76) | Stalls:  0
[HEARTBEAT] Node: 1 | Tick: 217561 | Conf: 217559 | Hash: 0x3F30BAA6 | Rollbacks: 59 (Resim:  61) | Stalls:  0
[HEARTBEAT] Node: 1 | Tick: 217621 | Conf: 217619 | Hash: 0x351EFCD4 | Rollbacks: 52 (Resim:  52) | Stalls:  0
[HEARTBEAT] Node: 1 | Tick: 217681 | Conf: 217679 | Hash: 0xE95E860C | Rollbacks: 58 (Resim:  60) | Stalls:  0
[HEARTBEAT] Node: 1 | Tick: 217741 | Conf: 217739 | Hash: 0xD15BEC26 | Rollbacks: 59 (Resim:  77) | Stalls:  0
[HEARTBEAT] Node: 1 | Tick: 217801 | Conf: 217799 | Hash: 0xCFAF1AF3 | Rollbacks: 54 (Resim:  57) | Stalls:  0
[BOT:50005] Heartbeat - Sparse Mods Tracked: 2048
[HEARTBEAT] Node: 1 | Tick: 217861 | Conf: 217859 | Hash: 0x880C9C20 | Rollbacks: 53 (Resim:  53) | Stalls:  0
[HEARTBEAT] Node: 1 | Tick: 217921 | Conf: 217918 | Hash: 0x2DCC73F6 | Rollbacks: 58 (Resim:  69) | Stalls:  0
[HEARTBEAT] Node: 1 | Tick: 217981 | Conf: 217979 | Hash: 0x7D25BC9E | Rollbacks: 53 (Resim:  66) | Stalls:  0
[HEARTBEAT] Node: 1 | Tick: 218041 | Conf: 218039 | Hash: 0xA96D2032 | Rollbacks: 48 (Resim:  48) | Stalls:  0
[HEARTBEAT] Node: 1 | Tick: 218101 | Conf: 218099 | Hash: 0x3DBD52B8 | Rollbacks: 48 (Resim:  57) | Stalls:  0
[HEARTBEAT] Node: 1 | Tick: 218161 | Conf: 218159 | Hash: 0x3E72FC31 | Rollbacks: 60 (Resim:  60) | Stalls:  0
[HEARTBEAT] Node: 1 | Tick: 218221 | Conf: 218219 | Hash: 0x86964444 | Rollbacks: 58 (Resim:  85) | Stalls:  0
[HEARTBEAT] Node: 1 | Tick: 218281 | Conf: 218279 | Hash: 0x45BCF8BE | Rollbacks: 55 (Resim:  57) | Stalls:  0
[HEARTBEAT] Node: 1 | Tick: 218341 | Conf: 218338 | Hash: 0x7C5C8627 | Rollbacks: 50 (Resim:  50) | Stalls:  0
[BOT:50005] Heartbeat - Sparse Mods Tracked: 2048
[HEARTBEAT] Node: 1 | Tick: 218401 | Conf: 218399 | Hash: 0x7AB0202A | Rollbacks: 59 (Resim:  80) | Stalls:  0
[HEARTBEAT] Node: 1 | Tick: 218461 | Conf: 218459 | Hash: 0xA8CA9CD1 | Rollbacks: 59 (Resim:  60) | Stalls:  0
[HEARTBEAT] Node: 1 | Tick: 218521 | Conf: 218519 | Hash: 0xBAD18BB5 | Rollbacks: 49 (Resim:  56) | Stalls:  0
[HEARTBEAT] Node: 1 | Tick: 218581 | Conf: 218579 | Hash: 0x82D12816 | Rollbacks: 58 (Resim:  58) | Stalls:  0
[HEARTBEAT] Node: 1 | Tick: 218641 | Conf: 218638 | Hash: 0xCCBA9AF6 | Rollbacks: 59 (Resim:  69) | Stalls:  0
[HEARTBEAT] Node: 1 | Tick: 218701 | Conf: 218699 | Hash: 0xEE396CB5 | Rollbacks: 51 (Resim:  56) | Stalls:  0
[HEARTBEAT] Node: 1 | Tick: 218761 | Conf: 218759 | Hash: 0xF13850D6 | Rollbacks: 52 (Resim:  52) | Stalls:  0
[HEARTBEAT] Node: 1 | Tick: 218821 | Conf: 218819 | Hash: 0x826824FD | Rollbacks: 59 (Resim:  71) | Stalls:  0
[HEARTBEAT] Node: 1 | Tick: 218881 | Conf: 218879 | Hash: 0x14ABBF13 | Rollbacks: 48 (Resim:  50) | Stalls:  0
[HEARTBEAT] Node: 1 | Tick: 218941 | Conf: 218938 | Hash: 0xF59D372C | Rollbacks: 59 (Resim:  73) | Stalls:  0
[BOT:50005] Heartbeat - Sparse Mods Tracked: 2048
[HEARTBEAT] Node: 1 | Tick: 219001 | Conf: 218999 | Hash: 0x8C6E1281 | Rollbacks: 59 (Resim:  65) | Stalls:  0
[HEARTBEAT] Node: 1 | Tick: 219061 | Conf: 219059 | Hash: 0x445BA2B9 | Rollbacks: 55 (Resim:  55) | Stalls:  0
[HEARTBEAT] Node: 1 | Tick: 219121 | Conf: 219119 | Hash: 0x9D74F686 | Rollbacks: 42 (Resim:  65) | Stalls:  0
[HEARTBEAT] Node: 1 | Tick: 219181 | Conf: 219179 | Hash: 0xA8B0A968 | Rollbacks: 59 (Resim:  60) | Stalls:  0
[HEARTBEAT] Node: 1 | Tick: 219241 | Conf: 219239 | Hash: 0x1A545657 | Rollbacks: 59 (Resim:  69) | Stalls:  0
[HEARTBEAT] Node: 1 | Tick: 219301 | Conf: 219299 | Hash: 0x54609165 | Rollbacks: 44 (Resim:  44) | Stalls:  0
[HEARTBEAT] Node: 1 | Tick: 219361 | Conf: 219359 | Hash: 0xAAF0F55F | Rollbacks: 51 (Resim:  51) | Stalls:  0
[HEARTBEAT] Node: 1 | Tick: 219421 | Conf: 219418 | Hash: 0x0B72C09F | Rollbacks: 58 (Resim:  64) | Stalls:  0
[HEARTBEAT] Node: 1 | Tick: 219481 | Conf: 219479 | Hash: 0xB6E81B30 | Rollbacks: 42 (Resim:  61) | Stalls:  0
[HEARTBEAT] Node: 1 | Tick: 219541 | Conf: 219538 | Hash: 0xB772A82F | Rollbacks: 59 (Resim:  84) | Stalls:  0
[BOT:50005] Heartbeat - Sparse Mods Tracked: 2048
[HEARTBEAT] Node: 1 | Tick: 219601 | Conf: 219599 | Hash: 0x582A18D2 | Rollbacks: 44 (Resim:  45) | Stalls:  0
[HEARTBEAT] Node: 1 | Tick: 219661 | Conf: 219659 | Hash: 0x5AA9C721 | Rollbacks: 59 (Resim:  59) | Stalls:  0
[HEARTBEAT] Node: 1 | Tick: 219721 | Conf: 219718 | Hash: 0x1F0FAD4D | Rollbacks: 46 (Resim:  62) | Stalls:  0
[HEARTBEAT] Node: 1 | Tick: 219781 | Conf: 219779 | Hash: 0x6E9E7C21 | Rollbacks: 59 (Resim:  71) | Stalls:  0
[HEARTBEAT] Node: 1 | Tick: 219841 | Conf: 219839 | Hash: 0x2142C586 | Rollbacks: 56 (Resim:  64) | Stalls:  0
[HEARTBEAT] Node: 1 | Tick: 219901 | Conf: 219899 | Hash: 0xBE9688F8 | Rollbacks: 51 (Resim:  55) | Stalls:  0
[HEARTBEAT] Node: 1 | Tick: 219961 | Conf: 219959 | Hash: 0x6BAE8CF0 | Rollbacks: 47 (Resim:  47) | Stalls:  0
[HEARTBEAT] Node: 1 | Tick: 220021 | Conf: 220018 | Hash: 0x05906CB6 | Rollbacks: 59 (Resim:  63) | Stalls:  0
[HEARTBEAT] Node: 1 | Tick: 220081 | Conf: 220079 | Hash: 0x65EB6952 | Rollbacks: 53 (Resim:  65) | Stalls:  0
[HEARTBEAT] Node: 1 | Tick: 220141 | Conf: 220139 | Hash: 0x9995AF99 | Rollbacks: 54 (Resim:  78) | Stalls:  0
[BOT:50005] Heartbeat - Sparse Mods Tracked: 2048
[HEARTBEAT] Node: 1 | Tick: 220201 | Conf: 220199 | Hash: 0xB0A55E29 | Rollbacks: 59 (Resim:  62) | Stalls:  0
[HEARTBEAT] Node: 1 | Tick: 220261 | Conf: 220258 | Hash: 0x854B3B1B | Rollbacks: 52 (Resim:  56) | Stalls:  0
[HEARTBEAT] Node: 1 | Tick: 220321 | Conf: 220319 | Hash: 0xE624628B | Rollbacks: 45 (Resim:  58) | Stalls:  0
[HEARTBEAT] Node: 1 | Tick: 220381 | Conf: 220379 | Hash: 0x793DD3DF | Rollbacks: 53 (Resim:  53) | Stalls:  0
[HEARTBEAT] Node: 1 | Tick: 220441 | Conf: 220438 | Hash: 0x5C5B4A2B | Rollbacks: 59 (Resim:  80) | Stalls:  0
[HEARTBEAT] Node: 1 | Tick: 220501 | Conf: 220499 | Hash: 0x2693722E | Rollbacks: 57 (Resim:  70) | Stalls:  0
[HEARTBEAT] Node: 1 | Tick: 220561 | Conf: 220559 | Hash: 0xCB8CE15A | Rollbacks: 49 (Resim:  49) | Stalls:  0
[HEARTBEAT] Node: 1 | Tick: 220621 | Conf: 220619 | Hash: 0x40CEC1EB | Rollbacks: 57 (Resim:  84) | Stalls:  0
[HEARTBEAT] Node: 1 | Tick: 220681 | Conf: 220679 | Hash: 0x125C3345 | Rollbacks: 59 (Resim:  61) | Stalls:  0
[HEARTBEAT] Node: 1 | Tick: 220741 | Conf: 220738 | Hash: 0xC9A2A054 | Rollbacks: 58 (Resim:  61) | Stalls:  0
[BOT:50005] Heartbeat - Sparse Mods Tracked: 2048
[HEARTBEAT] Node: 1 | Tick: 220801 | Conf: 220799 | Hash: 0x660912BC | Rollbacks: 48 (Resim:  71) | Stalls:  0
[HEARTBEAT] Node: 1 | Tick: 220861 | Conf: 220859 | Hash: 0xC6A4334F | Rollbacks: 50 (Resim:  50) | Stalls:  0
[HEARTBEAT] Node: 1 | Tick: 220921 | Conf: 220918 | Hash: 0x382769E7 | Rollbacks: 59 (Resim:  74) | Stalls:  0
[HEARTBEAT] Node: 1 | Tick: 220981 | Conf: 220979 | Hash: 0x56966F11 | Rollbacks: 57 (Resim:  71) | Stalls:  0
[HEARTBEAT] Node: 1 | Tick: 221041 | Conf: 221039 | Hash: 0xC1442338 | Rollbacks: 60 (Resim:  60) | Stalls:  0
[HEARTBEAT] Node: 1 | Tick: 221101 | Conf: 221099 | Hash: 0x26B119FD | Rollbacks: 59 (Resim:  77) | Stalls:  0
[HEARTBEAT] Node: 1 | Tick: 221161 | Conf: 221159 | Hash: 0x687603C1 | Rollbacks: 56 (Resim:  63) | Stalls:  0
[HEARTBEAT] Node: 1 | Tick: 221221 | Conf: 221219 | Hash: 0x008EA140 | Rollbacks: 53 (Resim:  58) | Stalls:  0
[HEARTBEAT] Node: 1 | Tick: 221281 | Conf: 221278 | Hash: 0x012725C1 | Rollbacks: 42 (Resim:  46) | Stalls:  0
[HEARTBEAT] Node: 1 | Tick: 221341 | Conf: 221339 | Hash: 0x8C79A9B1 | Rollbacks: 57 (Resim:  83) | Stalls:  0
[BOT:50005] Heartbeat - Sparse Mods Tracked: 2048
[HEARTBEAT] Node: 1 | Tick: 221401 | Conf: 221399 | Hash: 0xF67A9448 | Rollbacks: 59 (Resim:  62) | Stalls:  0
[HEARTBEAT] Node: 1 | Tick: 221461 | Conf: 221459 | Hash: 0xFC68E3AE | Rollbacks: 53 (Resim:  53) | Stalls:  0
[HEARTBEAT] Node: 1 | Tick: 221521 | Conf: 221518 | Hash: 0x84767089 | Rollbacks: 58 (Resim:  82) | Stalls:  0
[HEARTBEAT] Node: 1 | Tick: 221581 | Conf: 221579 | Hash: 0x0C693231 | Rollbacks: 47 (Resim:  60) | Stalls:  0
[HEARTBEAT] Node: 1 | Tick: 221641 | Conf: 221639 | Hash: 0xF0E112D0 | Rollbacks: 53 (Resim:  53) | Stalls:  0
[HEARTBEAT] Node: 1 | Tick: 221701 | Conf: 221698 | Hash: 0xB5166B8B | Rollbacks: 59 (Resim:  77) | Stalls:  0
[HEARTBEAT] Node: 1 | Tick: 221761 | Conf: 221759 | Hash: 0xAE17D140 | Rollbacks: 59 (Resim:  73) | Stalls:  0
[HEARTBEAT] Node: 1 | Tick: 221821 | Conf: 221819 | Hash: 0xD48A1E6C | Rollbacks: 47 (Resim:  47) | Stalls:  0
[HEARTBEAT] Node: 1 | Tick: 221881 | Conf: 221879 | Hash: 0x8CD7DF90 | Rollbacks: 59 (Resim:  59) | Stalls:  0
[HEARTBEAT] Node: 1 | Tick: 221941 | Conf: 221939 | Hash: 0xB935D85F | Rollbacks: 59 (Resim:  81) | Stalls:  0
[BOT:50005] Heartbeat - Sparse Mods Tracked: 2048
[HEARTBEAT] Node: 1 | Tick: 222001 | Conf: 221999 | Hash: 0xF6E37477 | Rollbacks: 50 (Resim:  50) | Stalls:  0
[HEARTBEAT] Node: 1 | Tick: 222061 | Conf: 222059 | Hash: 0xB1D5D7E2 | Rollbacks: 59 (Resim:  59) | Stalls:  0
[HEARTBEAT] Node: 1 | Tick: 222121 | Conf: 222119 | Hash: 0x69338AC1 | Rollbacks: 57 (Resim:  74) | Stalls:  0
[HEARTBEAT] Node: 1 | Tick: 222181 | Conf: 222179 | Hash: 0x9F18F61B | Rollbacks: 59 (Resim:  62) | Stalls:  0
[HEARTBEAT] Node: 1 | Tick: 222241 | Conf: 222239 | Hash: 0x965FAF71 | Rollbacks: 56 (Resim:  56) | Stalls:  0
[HEARTBEAT] Node: 1 | Tick: 222301 | Conf: 222299 | Hash: 0x5FC2F586 | Rollbacks: 57 (Resim:  78) | Stalls:  0
[HEARTBEAT] Node: 1 | Tick: 222361 | Conf: 222359 | Hash: 0x1B9762B5 | Rollbacks: 54 (Resim:  57) | Stalls:  0
[HEARTBEAT] Node: 1 | Tick: 222421 | Conf: 222419 | Hash: 0xBD4D1BC1 | Rollbacks: 59 (Resim:  75) | Stalls:  0
[HEARTBEAT] Node: 1 | Tick: 222481 | Conf: 222479 | Hash: 0x10D01747 | Rollbacks: 47 (Resim:  47) | Stalls:  0
[HEARTBEAT] Node: 1 | Tick: 222541 | Conf: 222539 | Hash: 0x4B33FF9F | Rollbacks: 59 (Resim:  70) | Stalls:  0
[BOT:50005] Heartbeat - Sparse Mods Tracked: 2048
[HEARTBEAT] Node: 1 | Tick: 222601 | Conf: 222599 | Hash: 0x2D6A38A2 | Rollbacks: 49 (Resim:  53) | Stalls:  0
[HEARTBEAT] Node: 1 | Tick: 222661 | Conf: 222658 | Hash: 0x8A3CF091 | Rollbacks: 39 (Resim:  60) | Stalls:  0
[HEARTBEAT] Node: 1 | Tick: 222721 | Conf: 222718 | Hash: 0x437E31AE | Rollbacks: 59 (Resim:  72) | Stalls:  0
[HEARTBEAT] Node: 1 | Tick: 222781 | Conf: 222779 | Hash: 0xBCCCBF97 | Rollbacks: 59 (Resim:  71) | Stalls:  0
[HEARTBEAT] Node: 1 | Tick: 222841 | Conf: 222839 | Hash: 0x0FD663C4 | Rollbacks: 57 (Resim:  57) | Stalls:  0
[HEARTBEAT] Node: 1 | Tick: 222901 | Conf: 222899 | Hash: 0x2F91A188 | Rollbacks: 59 (Resim:  75) | Stalls:  0
[HEARTBEAT] Node: 1 | Tick: 222961 | Conf: 222959 | Hash: 0x56A14851 | Rollbacks: 48 (Resim:  50) | Stalls:  0
[HEARTBEAT] Node: 1 | Tick: 223021 | Conf: 223019 | Hash: 0xA688DC39 | Rollbacks: 60 (Resim:  60) | Stalls:  0
[HEARTBEAT] Node: 1 | Tick: 223081 | Conf: 223079 | Hash: 0x50FC095D | Rollbacks: 56 (Resim:  68) | Stalls:  0
[BOT:50005] Heartbeat - Sparse Mods Tracked: 2048
[HEARTBEAT] Node: 1 | Tick: 223141 | Conf: 223138 | Hash: 0x3E5DA509 | Rollbacks: 51 (Resim:  51) | Stalls:  0
[HEARTBEAT] Node: 1 | Tick: 223201 | Conf: 223199 | Hash: 0xE3FEA0B7 | Rollbacks: 56 (Resim:  81) | Stalls:  0
[HEARTBEAT] Node: 1 | Tick: 223261 | Conf: 223259 | Hash: 0x100B8743 | Rollbacks: 52 (Resim:  56) | Stalls:  0
[HEARTBEAT] Node: 1 | Tick: 223321 | Conf: 223319 | Hash: 0xD975935D | Rollbacks: 59 (Resim:  73) | Stalls:  0
[HEARTBEAT] Node: 1 | Tick: 223381 | Conf: 223379 | Hash: 0x3AE81953 | Rollbacks: 53 (Resim:  53) | Stalls:  0
[HEARTBEAT] Node: 1 | Tick: 223441 | Conf: 223439 | Hash: 0xC8232050 | Rollbacks: 44 (Resim:  63) | Stalls:  0
[HEARTBEAT] Node: 1 | Tick: 223501 | Conf: 223499 | Hash: 0x72BCD903 | Rollbacks: 59 (Resim:  59) | Stalls:  0
[HEARTBEAT] Node: 1 | Tick: 223561 | Conf: 223559 | Hash: 0x82C2D4A4 | Rollbacks: 59 (Resim:  65) | Stalls:  0
[HEARTBEAT] Node: 1 | Tick: 223621 | Conf: 223619 | Hash: 0x124AD19C | Rollbacks: 58 (Resim:  64) | Stalls:  0
[HEARTBEAT] Node: 1 | Tick: 223681 | Conf: 223678 | Hash: 0x73125BFF | Rollbacks: 51 (Resim:  51) | Stalls:  0
[BOT:50005] Heartbeat - Sparse Mods Tracked: 2048
[HEARTBEAT] Node: 1 | Tick: 223741 | Conf: 223739 | Hash: 0x00C818A5 | Rollbacks: 46 (Resim:  71) | Stalls:  0
[HEARTBEAT] Node: 1 | Tick: 223801 | Conf: 223799 | Hash: 0x9F2728AA | Rollbacks: 59 (Resim:  59) | Stalls:  0
[HEARTBEAT] Node: 1 | Tick: 223861 | Conf: 223859 | Hash: 0x120AB993 | Rollbacks: 59 (Resim:  68) | Stalls:  0
[HEARTBEAT] Node: 1 | Tick: 223921 | Conf: 223919 | Hash: 0xD92B3FF9 | Rollbacks: 60 (Resim:  60) | Stalls:  0
[HEARTBEAT] Node: 1 | Tick: 223981 | Conf: 223979 | Hash: 0xCEF4B2D9 | Rollbacks: 59 (Resim:  66) | Stalls:  0
[HEARTBEAT] Node: 1 | Tick: 224041 | Conf: 224039 | Hash: 0x10CE1211 | Rollbacks: 58 (Resim:  58) | Stalls:  0
[HEARTBEAT] Node: 1 | Tick: 224101 | Conf: 224099 | Hash: 0xCBDE7F8F | Rollbacks: 47 (Resim:  62) | Stalls:  0
[HEARTBEAT] Node: 1 | Tick: 224161 | Conf: 224159 | Hash: 0xAE889168 | Rollbacks: 52 (Resim:  55) | Stalls:  0
[HEARTBEAT] Node: 1 | Tick: 224221 | Conf: 224219 | Hash: 0xE2F8AA14 | Rollbacks: 53 (Resim:  53) | Stalls:  0
[HEARTBEAT] Node: 1 | Tick: 224281 | Conf: 224279 | Hash: 0xA6C4F692 | Rollbacks: 48 (Resim:  72) | Stalls:  0
[BOT:50005] Heartbeat - Sparse Mods Tracked: 2048
[HEARTBEAT] Node: 1 | Tick: 224341 | Conf: 224339 | Hash: 0x1A59E00C | Rollbacks: 59 (Resim:  62) | Stalls:  0
[HEARTBEAT] Node: 1 | Tick: 224401 | Conf: 224399 | Hash: 0x5261B1E2 | Rollbacks: 44 (Resim:  47) | Stalls:  0
[HEARTBEAT] Node: 1 | Tick: 224461 | Conf: 224459 | Hash: 0x255776CD | Rollbacks: 46 (Resim:  46) | Stalls:  0
[HEARTBEAT] Node: 1 | Tick: 224521 | Conf: 224519 | Hash: 0x5787634B | Rollbacks: 51 (Resim:  51) | Stalls:  0
[HEARTBEAT] Node: 1 | Tick: 224581 | Conf: 224579 | Hash: 0x3BC75558 | Rollbacks: 57 (Resim:  62) | Stalls:  0
[HEARTBEAT] Node: 1 | Tick: 224641 | Conf: 224639 | Hash: 0xA26C06A9 | Rollbacks: 55 (Resim:  59) | Stalls:  0
[HEARTBEAT] Node: 1 | Tick: 224701 | Conf: 224699 | Hash: 0xE8765C34 | Rollbacks: 59 (Resim:  74) | Stalls:  0
[HEARTBEAT] Node: 1 | Tick: 224761 | Conf: 224759 | Hash: 0x9B624D71 | Rollbacks: 54 (Resim:  54) | Stalls:  0
[HEARTBEAT] Node: 1 | Tick: 224821 | Conf: 224818 | Hash: 0xEE63CC9A | Rollbacks: 46 (Resim:  66) | Stalls:  0
[HEARTBEAT] Node: 1 | Tick: 224881 | Conf: 224879 | Hash: 0x803ADAA8 | Rollbacks: 56 (Resim:  58) | Stalls:  0
[BOT:50005] Heartbeat - Sparse Mods Tracked: 2048
[HEARTBEAT] Node: 1 | Tick: 224941 | Conf: 224939 | Hash: 0x10D705A3 | Rollbacks: 54 (Resim:  57) | Stalls:  0
[HEARTBEAT] Node: 1 | Tick: 225001 | Conf: 224999 | Hash: 0x3ECED6DB | Rollbacks: 39 (Resim:  43) | Stalls:  0
[HEARTBEAT] Node: 1 | Tick: 225061 | Conf: 225059 | Hash: 0x84731DEB | Rollbacks: 52 (Resim:  52) | Stalls:  0
[HEARTBEAT] Node: 1 | Tick: 225121 | Conf: 225119 | Hash: 0x3E6DD1E6 | Rollbacks: 47 (Resim:  47) | Stalls:  0
[HEARTBEAT] Node: 1 | Tick: 225181 | Conf: 225178 | Hash: 0x5B4EBAA7 | Rollbacks: 58 (Resim:  66) | Stalls:  0
[HEARTBEAT] Node: 1 | Tick: 225241 | Conf: 225239 | Hash: 0x19E82D2B | Rollbacks: 56 (Resim:  71) | Stalls:  0
[HEARTBEAT] Node: 1 | Tick: 225301 | Conf: 225299 | Hash: 0x5CFDEFEE | Rollbacks: 44 (Resim:  48) | Stalls:  0
[HEARTBEAT] Node: 1 | Tick: 225361 | Conf: 225359 | Hash: 0x97AA1A0E | Rollbacks: 51 (Resim:  51) | Stalls:  0
[HEARTBEAT] Node: 1 | Tick: 225421 | Conf: 225419 | Hash: 0x62D3BB1F | Rollbacks: 59 (Resim:  75) | Stalls:  0
[HEARTBEAT] Node: 1 | Tick: 225481 | Conf: 225479 | Hash: 0xE32736E3 | Rollbacks: 58 (Resim:  58) | Stalls:  0
[BOT:50005] Heartbeat - Sparse Mods Tracked: 2048
[HEARTBEAT] Node: 1 | Tick: 225541 | Conf: 225538 | Hash: 0xF85ED865 | Rollbacks: 58 (Resim:  65) | Stalls:  0
[HEARTBEAT] Node: 1 | Tick: 225601 | Conf: 225599 | Hash: 0xD1FC2AB5 | Rollbacks: 59 (Resim:  75) | Stalls:  0
[HEARTBEAT] Node: 1 | Tick: 225661 | Conf: 225659 | Hash: 0xF53744D8 | Rollbacks: 53 (Resim:  53) | Stalls:  0
[HEARTBEAT] Node: 1 | Tick: 225721 | Conf: 225719 | Hash: 0x070CCC26 | Rollbacks: 53 (Resim:  73) | Stalls:  0
[HEARTBEAT] Node: 1 | Tick: 225781 | Conf: 225779 | Hash: 0x888C1E49 | Rollbacks: 54 (Resim:  56) | Stalls:  0
[HEARTBEAT] Node: 1 | Tick: 225841 | Conf: 225839 | Hash: 0x08180484 | Rollbacks: 47 (Resim:  47) | Stalls:  0
[HEARTBEAT] Node: 1 | Tick: 225901 | Conf: 225898 | Hash: 0xF9556A7F | Rollbacks: 57 (Resim:  59) | Stalls:  0
[HEARTBEAT] Node: 1 | Tick: 225961 | Conf: 225959 | Hash: 0xC305B093 | Rollbacks: 47 (Resim:  72) | Stalls:  0
[HEARTBEAT] Node: 1 | Tick: 226021 | Conf: 226018 | Hash: 0x31716DBC | Rollbacks: 48 (Resim:  52) | Stalls:  0
[HEARTBEAT] Node: 1 | Tick: 226081 | Conf: 226079 | Hash: 0xC967C47A | Rollbacks: 43 (Resim:  44) | Stalls:  0
[BOT:50005] Heartbeat - Sparse Mods Tracked: 2048
[HEARTBEAT] Node: 1 | Tick: 226141 | Conf: 226138 | Hash: 0xCD998A56 | Rollbacks: 47 (Resim:  48) | Stalls:  0
[HEARTBEAT] Node: 1 | Tick: 226201 | Conf: 226199 | Hash: 0xFB397F68 | Rollbacks: 58 (Resim:  79) | Stalls:  0
[HEARTBEAT] Node: 1 | Tick: 226261 | Conf: 226259 | Hash: 0xC3766259 | Rollbacks: 44 (Resim:  44) | Stalls:  0
[HEARTBEAT] Node: 1 | Tick: 226321 | Conf: 226319 | Hash: 0xC6D239C9 | Rollbacks: 53 (Resim:  82) | Stalls:  0
[HEARTBEAT] Node: 1 | Tick: 226381 | Conf: 226379 | Hash: 0x4A2870C9 | Rollbacks: 47 (Resim:  49) | Stalls:  0
[HEARTBEAT] Node: 1 | Tick: 226441 | Conf: 226439 | Hash: 0x2636D963 | Rollbacks: 48 (Resim:  51) | Stalls:  0
[HEARTBEAT] Node: 1 | Tick: 226501 | Conf: 226499 | Hash: 0x539851DB | Rollbacks: 45 (Resim:  47) | Stalls:  0
[HEARTBEAT] Node: 1 | Tick: 226561 | Conf: 226559 | Hash: 0x0F2FDE25 | Rollbacks: 59 (Resim:  62) | Stalls:  0
[HEARTBEAT] Node: 1 | Tick: 226621 | Conf: 226619 | Hash: 0xA96521DC | Rollbacks: 59 (Resim:  70) | Stalls:  0
[HEARTBEAT] Node: 1 | Tick: 226681 | Conf: 226679 | Hash: 0x4F96A91E | Rollbacks: 60 (Resim:  60) | Stalls:  0
[BOT:50005] Heartbeat - Sparse Mods Tracked: 2048
[HEARTBEAT] Node: 1 | Tick: 226741 | Conf: 226739 | Hash: 0x18346915 | Rollbacks: 56 (Resim:  77) | Stalls:  0
[HEARTBEAT] Node: 1 | Tick: 226801 | Conf: 226799 | Hash: 0xE7682789 | Rollbacks: 55 (Resim:  58) | Stalls:  0
[HEARTBEAT] Node: 1 | Tick: 226861 | Conf: 226859 | Hash: 0x14F0B508 | Rollbacks: 47 (Resim:  68) | Stalls:  0
[HEARTBEAT] Node: 1 | Tick: 226921 | Conf: 226919 | Hash: 0xA323EAA7 | Rollbacks: 52 (Resim:  52) | Stalls:  0
[HEARTBEAT] Node: 1 | Tick: 226981 | Conf: 226978 | Hash: 0x47C91B0E | Rollbacks: 52 (Resim:  58) | Stalls:  0
[HEARTBEAT] Node: 1 | Tick: 227041 | Conf: 227039 | Hash: 0xC8A78B3E | Rollbacks: 54 (Resim:  77) | Stalls:  0
[HEARTBEAT] Node: 1 | Tick: 227101 | Conf: 227099 | Hash: 0x1C767CA7 | Rollbacks: 57 (Resim:  57) | Stalls:  0
[HEARTBEAT] Node: 1 | Tick: 227161 | Conf: 227159 | Hash: 0x73F4282F | Rollbacks: 59 (Resim:  74) | Stalls:  0
[HEARTBEAT] Node: 1 | Tick: 227221 | Conf: 227219 | Hash: 0x27ECE18A | Rollbacks: 43 (Resim:  44) | Stalls:  0
[HEARTBEAT] Node: 1 | Tick: 227281 | Conf: 227279 | Hash: 0x59F58A7B | Rollbacks: 50 (Resim:  50) | Stalls:  0
[BOT:50005] Heartbeat - Sparse Mods Tracked: 2048
[HEARTBEAT] Node: 1 | Tick: 227341 | Conf: 227339 | Hash: 0x7B945611 | Rollbacks: 57 (Resim:  70) | Stalls:  0
[HEARTBEAT] Node: 1 | Tick: 227401 | Conf: 227399 | Hash: 0x8718E07B | Rollbacks: 53 (Resim:  55) | Stalls:  0
[HEARTBEAT] Node: 1 | Tick: 227461 | Conf: 227458 | Hash: 0x6F8B3DE4 | Rollbacks: 59 (Resim:  75) | Stalls:  0
[HEARTBEAT] Node: 1 | Tick: 227521 | Conf: 227519 | Hash: 0x8A7F43FA | Rollbacks: 49 (Resim:  59) | Stalls:  0
[HEARTBEAT] Node: 1 | Tick: 227581 | Conf: 227579 | Hash: 0x54FA1F8F | Rollbacks: 59 (Resim:  63) | Stalls:  0
[HEARTBEAT] Node: 1 | Tick: 227641 | Conf: 227639 | Hash: 0x4A4ED2C7 | Rollbacks: 59 (Resim:  68) | Stalls:  0
[HEARTBEAT] Node: 1 | Tick: 227701 | Conf: 227699 | Hash: 0xAE9030EB | Rollbacks: 46 (Resim:  46) | Stalls:  0
[HEARTBEAT] Node: 1 | Tick: 227761 | Conf: 227758 | Hash: 0xAB51A9C1 | Rollbacks: 58 (Resim:  60) | Stalls:  0
[HEARTBEAT] Node: 1 | Tick: 227821 | Conf: 227819 | Hash: 0x1FBFAACE | Rollbacks: 44 (Resim:  49) | Stalls:  0
[BOT:50005] Heartbeat - Sparse Mods Tracked: 2048
[HEARTBEAT] Node: 1 | Tick: 227881 | Conf: 227879 | Hash: 0xC2CD581C | Rollbacks: 59 (Resim:  66) | Stalls:  0
[HEARTBEAT] Node: 1 | Tick: 227941 | Conf: 227939 | Hash: 0xFB93E307 | Rollbacks: 59 (Resim:  66) | Stalls:  0
[HEARTBEAT] Node: 1 | Tick: 228001 | Conf: 227999 | Hash: 0x642D6BD6 | Rollbacks: 60 (Resim:  60) | Stalls:  0
[HEARTBEAT] Node: 1 | Tick: 228061 | Conf: 228059 | Hash: 0x8C2EE134 | Rollbacks: 49 (Resim:  58) | Stalls:  0
[HEARTBEAT] Node: 1 | Tick: 228121 | Conf: 228119 | Hash: 0xB954F32F | Rollbacks: 58 (Resim:  83) | Stalls:  0
[HEARTBEAT] Node: 1 | Tick: 228181 | Conf: 228179 | Hash: 0x6E0B0357 | Rollbacks: 59 (Resim:  62) | Stalls:  0
[HEARTBEAT] Node: 1 | Tick: 228241 | Conf: 228239 | Hash: 0x80C2707D | Rollbacks: 56 (Resim:  56) | Stalls:  0
[HEARTBEAT] Node: 1 | Tick: 228301 | Conf: 228299 | Hash: 0xD5159FC1 | Rollbacks: 56 (Resim:  82) | Stalls:  0
[HEARTBEAT] Node: 1 | Tick: 228361 | Conf: 228359 | Hash: 0x2445FA9B | Rollbacks: 59 (Resim:  63) | Stalls:  0
[HEARTBEAT] Node: 1 | Tick: 228421 | Conf: 228418 | Hash: 0x5319F56C | Rollbacks: 59 (Resim:  69) | Stalls:  0
[BOT:50005] Heartbeat - Sparse Mods Tracked: 2048
[HEARTBEAT] Node: 1 | Tick: 228481 | Conf: 228479 | Hash: 0xB2BFF8FE | Rollbacks: 59 (Resim:  82) | Stalls:  0
[HEARTBEAT] Node: 1 | Tick: 228541 | Conf: 228539 | Hash: 0xC14652C3 | Rollbacks: 53 (Resim:  53) | Stalls:  0
[HEARTBEAT] Node: 1 | Tick: 228601 | Conf: 228599 | Hash: 0x40DFEE21 | Rollbacks: 59 (Resim:  59) | Stalls:  0
[HEARTBEAT] Node: 1 | Tick: 228661 | Conf: 228659 | Hash: 0xDD96A675 | Rollbacks: 56 (Resim:  74) | Stalls:  0
[HEARTBEAT] Node: 1 | Tick: 228721 | Conf: 228719 | Hash: 0xD7D8B2AF | Rollbacks: 43 (Resim:  43) | Stalls:  0
[HEARTBEAT] Node: 1 | Tick: 228781 | Conf: 228779 | Hash: 0xC32282F2 | Rollbacks: 50 (Resim:  50) | Stalls:  0
[HEARTBEAT] Node: 1 | Tick: 228841 | Conf: 228839 | Hash: 0x8D830103 | Rollbacks: 59 (Resim:  72) | Stalls:  0
[HEARTBEAT] Node: 1 | Tick: 228901 | Conf: 228899 | Hash: 0x7DB38A96 | Rollbacks: 58 (Resim:  64) | Stalls:  0
[HEARTBEAT] Node: 1 | Tick: 228961 | Conf: 228959 | Hash: 0x078F5447 | Rollbacks: 42 (Resim:  42) | Stalls:  0
[HEARTBEAT] Node: 1 | Tick: 229021 | Conf: 229018 | Hash: 0x7D95E083 | Rollbacks: 57 (Resim:  72) | Stalls:  0
[BOT:50005] Heartbeat - Sparse Mods Tracked: 2048
[HEARTBEAT] Node: 1 | Tick: 229081 | Conf: 229079 | Hash: 0x392537B4 | Rollbacks: 49 (Resim:  57) | Stalls:  0
[HEARTBEAT] Node: 1 | Tick: 229141 | Conf: 229139 | Hash: 0x34A2A783 | Rollbacks: 48 (Resim:  48) | Stalls:  0
[HEARTBEAT] Node: 1 | Tick: 229201 | Conf: 229199 | Hash: 0x7BE36912 | Rollbacks: 59 (Resim:  71) | Stalls:  0
[HEARTBEAT] Node: 1 | Tick: 229261 | Conf: 229259 | Hash: 0x02352BC6 | Rollbacks: 59 (Resim:  66) | Stalls:  0
[HEARTBEAT] Node: 1 | Tick: 229321 | Conf: 229319 | Hash: 0x93FA0FE9 | Rollbacks: 60 (Resim:  60) | Stalls:  0
[HEARTBEAT] Node: 1 | Tick: 229381 | Conf: 229379 | Hash: 0xA8DEA7EE | Rollbacks: 48 (Resim:  60) | Stalls:  0
[HEARTBEAT] Node: 1 | Tick: 229441 | Conf: 229439 | Hash: 0x41DE94FC | Rollbacks: 57 (Resim:  59) | Stalls:  0
[HEARTBEAT] Node: 1 | Tick: 229501 | Conf: 229499 | Hash: 0x9A751C20 | Rollbacks: 60 (Resim:  60) | Stalls:  0
[HEARTBEAT] Node: 1 | Tick: 229561 | Conf: 229559 | Hash: 0xCEB58451 | Rollbacks: 59 (Resim:  72) | Stalls:  0
[HEARTBEAT] Node: 1 | Tick: 229621 | Conf: 229619 | Hash: 0x2E20D2B6 | Rollbacks: 46 (Resim:  46) | Stalls:  0
[BOT:50005] Heartbeat - Sparse Mods Tracked: 2048
[HEARTBEAT] Node: 1 | Tick: 229681 | Conf: 229679 | Hash: 0x608BB360 | Rollbacks: 60 (Resim:  60) | Stalls:  0
[HEARTBEAT] Node: 1 | Tick: 229741 | Conf: 229739 | Hash: 0x1D13E50C | Rollbacks: 50 (Resim:  69) | Stalls:  0
[HEARTBEAT] Node: 1 | Tick: 229801 | Conf: 229799 | Hash: 0x27998BAA | Rollbacks: 49 (Resim:  49) | Stalls:  0
[HEARTBEAT] Node: 1 | Tick: 229861 | Conf: 229859 | Hash: 0xA4F854A7 | Rollbacks: 52 (Resim:  55) | Stalls:  0
[HEARTBEAT] Node: 1 | Tick: 229921 | Conf: 229919 | Hash: 0xE18D31B6 | Rollbacks: 47 (Resim:  52) | Stalls:  0
[HEARTBEAT] Node: 1 | Tick: 229981 | Conf: 229979 | Hash: 0x0CBFCFEF | Rollbacks: 53 (Resim:  55) | Stalls:  0
[HEARTBEAT] Node: 1 | Tick: 230041 | Conf: 230038 | Hash: 0xD104619E | Rollbacks: 57 (Resim:  68) | Stalls:  0
[HEARTBEAT] Node: 1 | Tick: 230101 | Conf: 230099 | Hash: 0x0268F909 | Rollbacks: 40 (Resim:  47) | Stalls:  0
[HEARTBEAT] Node: 1 | Tick: 230161 | Conf: 230159 | Hash: 0x71B69425 | Rollbacks: 54 (Resim:  54) | Stalls:  0
[HEARTBEAT] Node: 1 | Tick: 230221 | Conf: 230218 | Hash: 0xB85521BB | Rollbacks: 59 (Resim:  88) | Stalls:  0
[BOT:50005] Heartbeat - Sparse Mods Tracked: 2048
[HEARTBEAT] Node: 1 | Tick: 230281 | Conf: 230279 | Hash: 0xF0F11DC2 | Rollbacks: 56 (Resim:  60) | Stalls:  0
[HEARTBEAT] Node: 1 | Tick: 230341 | Conf: 230339 | Hash: 0x50C37B37 | Rollbacks: 44 (Resim:  44) | Stalls:  0
[HEARTBEAT] Node: 1 | Tick: 230401 | Conf: 230399 | Hash: 0xD7CDE1E1 | Rollbacks: 46 (Resim:  48) | Stalls:  0
[HEARTBEAT] Node: 1 | Tick: 230461 | Conf: 230458 | Hash: 0xFA986D9B | Rollbacks: 46 (Resim:  49) | Stalls:  0
[HEARTBEAT] Node: 1 | Tick: 230521 | Conf: 230519 | Hash: 0x40BD749D | Rollbacks: 48 (Resim:  53) | Stalls:  0
[HEARTBEAT] Node: 1 | Tick: 230581 | Conf: 230579 | Hash: 0x9C07A065 | Rollbacks: 58 (Resim:  61) | Stalls:  0
[HEARTBEAT] Node: 1 | Tick: 230641 | Conf: 230639 | Hash: 0x5047F7B0 | Rollbacks: 59 (Resim:  71) | Stalls:  0
[HEARTBEAT] Node: 1 | Tick: 230701 | Conf: 230699 | Hash: 0x0057029B | Rollbacks: 46 (Resim:  49) | Stalls:  0
[HEARTBEAT] Node: 1 | Tick: 230761 | Conf: 230759 | Hash: 0x44DFC725 | Rollbacks: 42 (Resim:  44) | Stalls:  0
[HEARTBEAT] Node: 1 | Tick: 230821 | Conf: 230819 | Hash: 0x5DBC77D7 | Rollbacks: 42 (Resim:  44) | Stalls:  0
[BOT:50005] Heartbeat - Sparse Mods Tracked: 2048
[HEARTBEAT] Node: 1 | Tick: 230881 | Conf: 230879 | Hash: 0xA83BDEEA | Rollbacks: 44 (Resim:  44) | Stalls:  0
[HEARTBEAT] Node: 1 | Tick: 230941 | Conf: 230939 | Hash: 0x59BC3311 | Rollbacks: 59 (Resim:  59) | Stalls:  0
[HEARTBEAT] Node: 1 | Tick: 231001 | Conf: 230999 | Hash: 0x7577ABFF | Rollbacks: 50 (Resim:  72) | Stalls:  0
[HEARTBEAT] Node: 1 | Tick: 231061 | Conf: 231059 | Hash: 0x5E79A303 | Rollbacks: 58 (Resim:  60) | Stalls:  0
[HEARTBEAT] Node: 1 | Tick: 231121 | Conf: 231118 | Hash: 0x925B2E89 | Rollbacks: 59 (Resim:  79) | Stalls:  0
[HEARTBEAT] Node: 1 | Tick: 231181 | Conf: 231179 | Hash: 0x77AA722D | Rollbacks: 55 (Resim:  63) | Stalls:  0
[HEARTBEAT] Node: 1 | Tick: 231241 | Conf: 231239 | Hash: 0xF6BC4CD5 | Rollbacks: 59 (Resim:  59) | Stalls:  0
[HEARTBEAT] Node: 1 | Tick: 231301 | Conf: 231298 | Hash: 0x82322F70 | Rollbacks: 49 (Resim:  54) | Stalls:  0
[HEARTBEAT] Node: 1 | Tick: 231361 | Conf: 231358 | Hash: 0x45C1DDBF | Rollbacks: 58 (Resim:  82) | Stalls:  0
[HEARTBEAT] Node: 1 | Tick: 231421 | Conf: 231419 | Hash: 0xC3D8083D | Rollbacks: 59 (Resim:  67) | Stalls:  0
[BOT:50005] Heartbeat - Sparse Mods Tracked: 2048
[HEARTBEAT] Node: 1 | Tick: 231481 | Conf: 231479 | Hash: 0xBD0F5BBE | Rollbacks: 59 (Resim:  59) | Stalls:  0
[HEARTBEAT] Node: 1 | Tick: 231541 | Conf: 231539 | Hash: 0xCAE206D8 | Rollbacks: 50 (Resim:  60) | Stalls:  0
[HEARTBEAT] Node: 1 | Tick: 231601 | Conf: 231598 | Hash: 0x52058810 | Rollbacks: 59 (Resim:  67) | Stalls:  0
[HEARTBEAT] Node: 1 | Tick: 231661 | Conf: 231659 | Hash: 0x7C36496F | Rollbacks: 56 (Resim:  80) | Stalls:  0
[HEARTBEAT] Node: 1 | Tick: 231721 | Conf: 231719 | Hash: 0x7050251D | Rollbacks: 50 (Resim:  50) | Stalls:  0
[HEARTBEAT] Node: 1 | Tick: 231781 | Conf: 231779 | Hash: 0xFDC5B40C | Rollbacks: 59 (Resim:  62) | Stalls:  0
[HEARTBEAT] Node: 1 | Tick: 231841 | Conf: 231839 | Hash: 0xB9CBF0D4 | Rollbacks: 59 (Resim:  72) | Stalls:  0
[HEARTBEAT] Node: 1 | Tick: 231901 | Conf: 231899 | Hash: 0xBEC7E645 | Rollbacks: 44 (Resim:  44) | Stalls:  0
[HEARTBEAT] Node: 1 | Tick: 231961 | Conf: 231959 | Hash: 0xC3D3DFC1 | Rollbacks: 57 (Resim:  57) | Stalls:  0
[HEARTBEAT] Node: 1 | Tick: 232021 | Conf: 232019 | Hash: 0xEB6CECF6 | Rollbacks: 58 (Resim:  67) | Stalls:  0
[BOT:50005] Heartbeat - Sparse Mods Tracked: 2048
[HEARTBEAT] Node: 1 | Tick: 232081 | Conf: 232079 | Hash: 0x3D58E8B3 | Rollbacks: 46 (Resim:  54) | Stalls:  0
[HEARTBEAT] Node: 1 | Tick: 232141 | Conf: 232139 | Hash: 0x23E60182 | Rollbacks: 53 (Resim:  58) | Stalls:  0
[HEARTBEAT] Node: 1 | Tick: 232201 | Conf: 232199 | Hash: 0xD1661064 | Rollbacks: 57 (Resim:  60) | Stalls:  0
[HEARTBEAT] Node: 1 | Tick: 232261 | Conf: 232258 | Hash: 0x07E05791 | Rollbacks: 54 (Resim:  57) | Stalls:  0
[HEARTBEAT] Node: 1 | Tick: 232321 | Conf: 232319 | Hash: 0xDE7ABCBA | Rollbacks: 55 (Resim:  60) | Stalls:  0
[HEARTBEAT] Node: 1 | Tick: 232381 | Conf: 232379 | Hash: 0x36C669E7 | Rollbacks: 60 (Resim:  60) | Stalls:  0
[HEARTBEAT] Node: 1 | Tick: 232441 | Conf: 232439 | Hash: 0x3FB98F76 | Rollbacks: 51 (Resim:  59) | Stalls:  0
[HEARTBEAT] Node: 1 | Tick: 232501 | Conf: 232498 | Hash: 0x0E37662D | Rollbacks: 57 (Resim:  60) | Stalls:  0
[HEARTBEAT] Node: 1 | Tick: 232561 | Conf: 232559 | Hash: 0xD2E76207 | Rollbacks: 56 (Resim:  82) | Stalls:  0
[BOT:50005] Heartbeat - Sparse Mods Tracked: 2048
[HEARTBEAT] Node: 1 | Tick: 232621 | Conf: 232618 | Hash: 0xB4B5947C | Rollbacks: 44 (Resim:  44) | Stalls:  0
[HEARTBEAT] Node: 1 | Tick: 232681 | Conf: 232679 | Hash: 0x8C00C5EA | Rollbacks: 46 (Resim:  48) | Stalls:  0
[HEARTBEAT] Node: 1 | Tick: 232741 | Conf: 232739 | Hash: 0x186644CA | Rollbacks: 56 (Resim:  61) | Stalls:  0
[HEARTBEAT] Node: 1 | Tick: 232801 | Conf: 232799 | Hash: 0x80A54615 | Rollbacks: 60 (Resim:  60) | Stalls:  0
[HEARTBEAT] Node: 1 | Tick: 232861 | Conf: 232859 | Hash: 0x6918B2F6 | Rollbacks: 59 (Resim:  75) | Stalls:  0
[HEARTBEAT] Node: 1 | Tick: 232921 | Conf: 232919 | Hash: 0xD3AAB91B | Rollbacks: 48 (Resim:  53) | Stalls:  0
[HEARTBEAT] Node: 1 | Tick: 232981 | Conf: 232978 | Hash: 0x7222128F | Rollbacks: 59 (Resim:  74) | Stalls:  0
[HEARTBEAT] Node: 1 | Tick: 233041 | Conf: 233039 | Hash: 0xCDF862BE | Rollbacks: 45 (Resim:  53) | Stalls:  0
[HEARTBEAT] Node: 1 | Tick: 233101 | Conf: 233099 | Hash: 0xEB3BD0BF | Rollbacks: 57 (Resim:  60) | Stalls:  0
[HEARTBEAT] Node: 1 | Tick: 233161 | Conf: 233159 | Hash: 0x9C8ECC91 | Rollbacks: 56 (Resim:  56) | Stalls:  0
[BOT:50005] Heartbeat - Sparse Mods Tracked: 2048
[HEARTBEAT] Node: 1 | Tick: 233221 | Conf: 233219 | Hash: 0x3F0AADED | Rollbacks: 56 (Resim:  81) | Stalls:  0
[HEARTBEAT] Node: 1 | Tick: 233281 | Conf: 233278 | Hash: 0xBE2E7BA6 | Rollbacks: 58 (Resim:  75) | Stalls:  0
[HEARTBEAT] Node: 1 | Tick: 233341 | Conf: 233339 | Hash: 0xAE4B311F | Rollbacks: 54 (Resim:  65) | Stalls:  0
[HEARTBEAT] Node: 1 | Tick: 233401 | Conf: 233399 | Hash: 0x9F5D3DE1 | Rollbacks: 60 (Resim:  60) | Stalls:  0
[HEARTBEAT] Node: 1 | Tick: 233461 | Conf: 233459 | Hash: 0x83ACF617 | Rollbacks: 59 (Resim:  67) | Stalls:  0
[HEARTBEAT] Node: 1 | Tick: 233521 | Conf: 233518 | Hash: 0x43C5ABD3 | Rollbacks: 46 (Resim:  51) | Stalls:  0
[HEARTBEAT] Node: 1 | Tick: 233581 | Conf: 233579 | Hash: 0x1B1BB3AF | Rollbacks: 59 (Resim:  78) | Stalls:  0
[HEARTBEAT] Node: 1 | Tick: 233641 | Conf: 233639 | Hash: 0x0E373072 | Rollbacks: 50 (Resim:  50) | Stalls:  0
[HEARTBEAT] Node: 1 | Tick: 233701 | Conf: 233698 | Hash: 0xA8519846 | Rollbacks: 59 (Resim:  74) | Stalls:  0
[HEARTBEAT] Node: 1 | Tick: 233761 | Conf: 233759 | Hash: 0xD241EAE7 | Rollbacks: 59 (Resim:  73) | Stalls:  0
[BOT:50005] Heartbeat - Sparse Mods Tracked: 2048
[HEARTBEAT] Node: 1 | Tick: 233821 | Conf: 233819 | Hash: 0xC0ED5226 | Rollbacks: 48 (Resim:  48) | Stalls:  0
[HEARTBEAT] Node: 1 | Tick: 233881 | Conf: 233879 | Hash: 0xD44B0855 | Rollbacks: 59 (Resim:  65) | Stalls:  0
[HEARTBEAT] Node: 1 | Tick: 233941 | Conf: 233939 | Hash: 0x699A337F | Rollbacks: 55 (Resim:  66) | Stalls:  0
[HEARTBEAT] Node: 1 | Tick: 234001 | Conf: 233999 | Hash: 0x382C124B | Rollbacks: 56 (Resim:  59) | Stalls:  0
[HEARTBEAT] Node: 1 | Tick: 234061 | Conf: 234059 | Hash: 0x2A4CDD71 | Rollbacks: 59 (Resim:  60) | Stalls:  0
[HEARTBEAT] Node: 1 | Tick: 234121 | Conf: 234119 | Hash: 0x39CD03FD | Rollbacks: 55 (Resim:  72) | Stalls:  0
[HEARTBEAT] Node: 1 | Tick: 234181 | Conf: 234178 | Hash: 0x8BB8EA73 | Rollbacks: 58 (Resim:  70) | Stalls:  0
[HEARTBEAT] Node: 1 | Tick: 234241 | Conf: 234239 | Hash: 0x5AA1B4AC | Rollbacks: 51 (Resim:  53) | Stalls:  0
[HEARTBEAT] Node: 1 | Tick: 234301 | Conf: 234299 | Hash: 0xE82EB6AD | Rollbacks: 59 (Resim:  77) | Stalls:  0
[HEARTBEAT] Node: 1 | Tick: 234361 | Conf: 234359 | Hash: 0x621DE0BB | Rollbacks: 60 (Resim:  60) | Stalls:  0
[BOT:50005] Heartbeat - Sparse Mods Tracked: 2048
[HEARTBEAT] Node: 1 | Tick: 234421 | Conf: 234419 | Hash: 0x94DED844 | Rollbacks: 54 (Resim:  54) | Stalls:  0
[HEARTBEAT] Node: 1 | Tick: 234481 | Conf: 234479 | Hash: 0xB89D0E27 | Rollbacks: 51 (Resim:  73) | Stalls:  0
[HEARTBEAT] Node: 1 | Tick: 234541 | Conf: 234539 | Hash: 0xEF69D95E | Rollbacks: 58 (Resim:  75) | Stalls:  0
[HEARTBEAT] Node: 1 | Tick: 234601 | Conf: 234599 | Hash: 0xB8F0BDC3 | Rollbacks: 59 (Resim:  62) | Stalls:  0
[HEARTBEAT] Node: 1 | Tick: 234661 | Conf: 234659 | Hash: 0xE152D741 | Rollbacks: 48 (Resim:  48) | Stalls:  0
[HEARTBEAT] Node: 1 | Tick: 234721 | Conf: 234719 | Hash: 0x6E7105CC | Rollbacks: 54 (Resim:  54) | Stalls:  0
[HEARTBEAT] Node: 1 | Tick: 234781 | Conf: 234779 | Hash: 0x177427E5 | Rollbacks: 55 (Resim:  74) | Stalls:  0
[HEARTBEAT] Node: 1 | Tick: 234841 | Conf: 234838 | Hash: 0x2534DED5 | Rollbacks: 58 (Resim:  71) | Stalls:  0
[HEARTBEAT] Node: 1 | Tick: 234901 | Conf: 234899 | Hash: 0x52768820 | Rollbacks: 42 (Resim:  52) | Stalls:  0
[HEARTBEAT] Node: 1 | Tick: 234961 | Conf: 234959 | Hash: 0xA6FF50B6 | Rollbacks: 60 (Resim:  60) | Stalls:  0
[BOT:50005] Heartbeat - Sparse Mods Tracked: 2048
[HEARTBEAT] Node: 1 | Tick: 235021 | Conf: 235019 | Hash: 0x13976DCD | Rollbacks: 57 (Resim:  69) | Stalls:  0
[HEARTBEAT] Node: 1 | Tick: 235081 | Conf: 235079 | Hash: 0xB90292A6 | Rollbacks: 59 (Resim:  75) | Stalls:  0
[HEARTBEAT] Node: 1 | Tick: 235141 | Conf: 235139 | Hash: 0x807A96FF | Rollbacks: 50 (Resim:  52) | Stalls:  0
[HEARTBEAT] Node: 1 | Tick: 235201 | Conf: 235199 | Hash: 0x99A4E458 | Rollbacks: 55 (Resim:  55) | Stalls:  0
[HEARTBEAT] Node: 1 | Tick: 235261 | Conf: 235259 | Hash: 0x39617F3A | Rollbacks: 59 (Resim:  72) | Stalls:  0
[HEARTBEAT] Node: 1 | Tick: 235321 | Conf: 235318 | Hash: 0xD5782013 | Rollbacks: 50 (Resim:  50) | Stalls:  0
[HEARTBEAT] Node: 1 | Tick: 235381 | Conf: 235379 | Hash: 0x63AC7ADD | Rollbacks: 51 (Resim:  68) | Stalls:  0
[HEARTBEAT] Node: 1 | Tick: 235441 | Conf: 235439 | Hash: 0x2D07E20F | Rollbacks: 54 (Resim:  69) | Stalls:  0
[HEARTBEAT] Node: 1 | Tick: 235501 | Conf: 235498 | Hash: 0x97EA365E | Rollbacks: 48 (Resim:  52) | Stalls:  0
[HEARTBEAT] Node: 1 | Tick: 235561 | Conf: 235559 | Hash: 0xF47FE066 | Rollbacks: 58 (Resim:  72) | Stalls:  0
[BOT:50005] Heartbeat - Sparse Mods Tracked: 2048
[HEARTBEAT] Node: 1 | Tick: 235621 | Conf: 235619 | Hash: 0xE0CA2D32 | Rollbacks: 59 (Resim:  59) | Stalls:  0
[HEARTBEAT] Node: 1 | Tick: 235681 | Conf: 235679 | Hash: 0x6237139C | Rollbacks: 59 (Resim:  84) | Stalls:  0
[HEARTBEAT] Node: 1 | Tick: 235741 | Conf: 235739 | Hash: 0xC8D46AF4 | Rollbacks: 52 (Resim:  54) | Stalls:  0
[HEARTBEAT] Node: 1 | Tick: 235801 | Conf: 235799 | Hash: 0xEFF4E99D | Rollbacks: 46 (Resim:  46) | Stalls:  0
[HEARTBEAT] Node: 1 | Tick: 235861 | Conf: 235859 | Hash: 0x1B5732AC | Rollbacks: 45 (Resim:  50) | Stalls:  0
[HEARTBEAT] Node: 1 | Tick: 235921 | Conf: 235919 | Hash: 0x0BAD94D9 | Rollbacks: 51 (Resim:  57) | Stalls:  0
[HEARTBEAT] Node: 1 | Tick: 235981 | Conf: 235979 | Hash: 0xD83F7400 | Rollbacks: 59 (Resim:  61) | Stalls:  0
[HEARTBEAT] Node: 1 | Tick: 236041 | Conf: 236039 | Hash: 0x572D88BA | Rollbacks: 55 (Resim:  55) | Stalls:  0
[HEARTBEAT] Node: 1 | Tick: 236101 | Conf: 236098 | Hash: 0x688EFD08 | Rollbacks: 57 (Resim:  60) | Stalls:  0
[HEARTBEAT] Node: 1 | Tick: 236161 | Conf: 236159 | Hash: 0x7B11EB9A | Rollbacks: 53 (Resim:  81) | Stalls:  0
[BOT:50005] Heartbeat - Sparse Mods Tracked: 2048
[HEARTBEAT] Node: 1 | Tick: 236221 | Conf: 236219 | Hash: 0x8B474762 | Rollbacks: 49 (Resim:  49) | Stalls:  0
[HEARTBEAT] Node: 1 | Tick: 236281 | Conf: 236279 | Hash: 0x2498B12D | Rollbacks: 59 (Resim:  62) | Stalls:  0
[HEARTBEAT] Node: 1 | Tick: 236341 | Conf: 236339 | Hash: 0x500069BC | Rollbacks: 59 (Resim:  68) | Stalls:  0
[HEARTBEAT] Node: 1 | Tick: 236401 | Conf: 236398 | Hash: 0x0C234761 | Rollbacks: 55 (Resim:  56) | Stalls:  0
[HEARTBEAT] Node: 1 | Tick: 236461 | Conf: 236459 | Hash: 0xDDAF6EF5 | Rollbacks: 50 (Resim:  69) | Stalls:  0
[HEARTBEAT] Node: 1 | Tick: 236521 | Conf: 236519 | Hash: 0xB858914F | Rollbacks: 50 (Resim:  63) | Stalls:  0
[HEARTBEAT] Node: 1 | Tick: 236581 | Conf: 236578 | Hash: 0xDD7462B1 | Rollbacks: 59 (Resim:  74) | Stalls:  0
[HEARTBEAT] Node: 1 | Tick: 236641 | Conf: 236639 | Hash: 0xC2260771 | Rollbacks: 55 (Resim:  69) | Stalls:  0
[HEARTBEAT] Node: 1 | Tick: 236701 | Conf: 236699 | Hash: 0xA74B1FDE | Rollbacks: 43 (Resim:  43) | Stalls:  0
[HEARTBEAT] Node: 1 | Tick: 236761 | Conf: 236759 | Hash: 0xA71F59DF | Rollbacks: 57 (Resim:  57) | Stalls:  0
[BOT:50005] Heartbeat - Sparse Mods Tracked: 2048
[HEARTBEAT] Node: 1 | Tick: 236821 | Conf: 236819 | Hash: 0x5962A21A | Rollbacks: 44 (Resim:  62) | Stalls:  0
[HEARTBEAT] Node: 1 | Tick: 236881 | Conf: 236879 | Hash: 0xE9C1BA04 | Rollbacks: 56 (Resim:  60) | Stalls:  0
[HEARTBEAT] Node: 1 | Tick: 236941 | Conf: 236939 | Hash: 0x28ED41FA | Rollbacks: 59 (Resim:  62) | Stalls:  0
[HEARTBEAT] Node: 1 | Tick: 237001 | Conf: 236999 | Hash: 0x16A5B4C8 | Rollbacks: 49 (Resim:  50) | Stalls:  0
[HEARTBEAT] Node: 1 | Tick: 237061 | Conf: 237059 | Hash: 0xA7C456F1 | Rollbacks: 58 (Resim:  62) | Stalls:  0
[HEARTBEAT] Node: 1 | Tick: 237121 | Conf: 237119 | Hash: 0xAB082AD6 | Rollbacks: 53 (Resim:  53) | Stalls:  0
[HEARTBEAT] Node: 1 | Tick: 237181 | Conf: 237179 | Hash: 0xB99FD44F | Rollbacks: 58 (Resim:  73) | Stalls:  0
[HEARTBEAT] Node: 1 | Tick: 237241 | Conf: 237239 | Hash: 0x63C25DC7 | Rollbacks: 48 (Resim:  48) | Stalls:  0
[HEARTBEAT] Node: 1 | Tick: 237301 | Conf: 237299 | Hash: 0x3B166A8C | Rollbacks: 59 (Resim:  79) | Stalls:  0
[BOT:50005] Heartbeat - Sparse Mods Tracked: 2048
[HEARTBEAT] Node: 1 | Tick: 237361 | Conf: 237358 | Hash: 0x2B23BF34 | Rollbacks: 58 (Resim:  69) | Stalls:  0
[HEARTBEAT] Node: 1 | Tick: 237421 | Conf: 237419 | Hash: 0xF73C12A3 | Rollbacks: 44 (Resim:  53) | Stalls:  0
[HEARTBEAT] Node: 1 | Tick: 237481 | Conf: 237479 | Hash: 0xA79E6089 | Rollbacks: 48 (Resim:  48) | Stalls:  0
[HEARTBEAT] Node: 1 | Tick: 237541 | Conf: 237539 | Hash: 0xB95C38C4 | Rollbacks: 59 (Resim:  65) | Stalls:  0
[HEARTBEAT] Node: 1 | Tick: 237601 | Conf: 237599 | Hash: 0x3C31FABC | Rollbacks: 59 (Resim:  64) | Stalls:  0
[HEARTBEAT] Node: 1 | Tick: 237661 | Conf: 237659 | Hash: 0xD7EFAFA4 | Rollbacks: 45 (Resim:  47) | Stalls:  0
[HEARTBEAT] Node: 1 | Tick: 237721 | Conf: 237719 | Hash: 0xCEEB6AA9 | Rollbacks: 50 (Resim:  50) | Stalls:  0
[HEARTBEAT] Node: 1 | Tick: 237781 | Conf: 237779 | Hash: 0x9648D41B | Rollbacks: 59 (Resim:  80) | Stalls:  0
[HEARTBEAT] Node: 1 | Tick: 237841 | Conf: 237839 | Hash: 0xB102AFB4 | Rollbacks: 52 (Resim:  55) | Stalls:  0
[HEARTBEAT] Node: 1 | Tick: 237901 | Conf: 237899 | Hash: 0x0B839C64 | Rollbacks: 52 (Resim:  52) | Stalls:  0
[BOT:50005] Heartbeat - Sparse Mods Tracked: 2048
[HEARTBEAT] Node: 1 | Tick: 237961 | Conf: 237958 | Hash: 0xD6EF3520 | Rollbacks: 59 (Resim:  70) | Stalls:  0
[HEARTBEAT] Node: 1 | Tick: 238021 | Conf: 238019 | Hash: 0x3F26A952 | Rollbacks: 45 (Resim:  48) | Stalls:  0
[HEARTBEAT] Node: 1 | Tick: 238081 | Conf: 238079 | Hash: 0xE58CABE0 | Rollbacks: 58 (Resim:  58) | Stalls:  0
[HEARTBEAT] Node: 1 | Tick: 238141 | Conf: 238139 | Hash: 0x1844B113 | Rollbacks: 59 (Resim:  73) | Stalls:  0
[HEARTBEAT] Node: 1 | Tick: 238201 | Conf: 238199 | Hash: 0x7A33A5AE | Rollbacks: 44 (Resim:  44) | Stalls:  0
[HEARTBEAT] Node: 1 | Tick: 238261 | Conf: 238259 | Hash: 0x6B3BC589 | Rollbacks: 59 (Resim:  60) | Stalls:  0
[HEARTBEAT] Node: 1 | Tick: 238321 | Conf: 238319 | Hash: 0x8295F8AD | Rollbacks: 53 (Resim:  58) | Stalls:  0
[HEARTBEAT] Node: 1 | Tick: 238381 | Conf: 238379 | Hash: 0x9121DC07 | Rollbacks: 55 (Resim:  55) | Stalls:  0
[HEARTBEAT] Node: 1 | Tick: 238441 | Conf: 238439 | Hash: 0xBF0BD092 | Rollbacks: 55 (Resim:  78) | Stalls:  0
[HEARTBEAT] Node: 1 | Tick: 238501 | Conf: 238499 | Hash: 0x38A5323F | Rollbacks: 54 (Resim:  56) | Stalls:  0
[BOT:50005] Heartbeat - Sparse Mods Tracked: 2048
[HEARTBEAT] Node: 1 | Tick: 238561 | Conf: 238559 | Hash: 0xC13718A1 | Rollbacks: 54 (Resim:  54) | Stalls:  0
[HEARTBEAT] Node: 1 | Tick: 238621 | Conf: 238619 | Hash: 0x875D79AC | Rollbacks: 55 (Resim:  80) | Stalls:  0
[HEARTBEAT] Node: 1 | Tick: 238681 | Conf: 238679 | Hash: 0x3D4BA6A4 | Rollbacks: 52 (Resim:  54) | Stalls:  0
[HEARTBEAT] Node: 1 | Tick: 238741 | Conf: 238738 | Hash: 0xCA82E082 | Rollbacks: 59 (Resim:  71) | Stalls:  0
[HEARTBEAT] Node: 1 | Tick: 238801 | Conf: 238799 | Hash: 0x8ABD0CB9 | Rollbacks: 55 (Resim:  70) | Stalls:  0
[HEARTBEAT] Node: 1 | Tick: 238861 | Conf: 238859 | Hash: 0x3AE7D36D | Rollbacks: 51 (Resim:  51) | Stalls:  0
[HEARTBEAT] Node: 1 | Tick: 238921 | Conf: 238918 | Hash: 0xC216D662 | Rollbacks: 58 (Resim:  79) | Stalls:  0
[HEARTBEAT] Node: 1 | Tick: 238981 | Conf: 238979 | Hash: 0xCEC91A22 | Rollbacks: 55 (Resim:  60) | Stalls:  0
[HEARTBEAT] Node: 1 | Tick: 239041 | Conf: 239039 | Hash: 0x4C424652 | Rollbacks: 60 (Resim:  60) | Stalls:  0
[HEARTBEAT] Node: 1 | Tick: 239101 | Conf: 239099 | Hash: 0xA6F8790F | Rollbacks: 52 (Resim:  72) | Stalls:  0
[BOT:50005] Heartbeat - Sparse Mods Tracked: 2048
[HEARTBEAT] Node: 1 | Tick: 239161 | Conf: 239159 | Hash: 0x25A02C40 | Rollbacks: 49 (Resim:  51) | Stalls:  0
[HEARTBEAT] Node: 1 | Tick: 239221 | Conf: 239219 | Hash: 0x3784ADD7 | Rollbacks: 54 (Resim:  57) | Stalls:  0
[HEARTBEAT] Node: 1 | Tick: 239281 | Conf: 239278 | Hash: 0xD6F29C64 | Rollbacks: 59 (Resim:  77) | Stalls:  0
[HEARTBEAT] Node: 1 | Tick: 239341 | Conf: 239339 | Hash: 0x9152F32C | Rollbacks: 52 (Resim:  61) | Stalls:  0
[HEARTBEAT] Node: 1 | Tick: 239401 | Conf: 239399 | Hash: 0x715E8FBD | Rollbacks: 48 (Resim:  48) | Stalls:  0
[HEARTBEAT] Node: 1 | Tick: 239461 | Conf: 239458 | Hash: 0x22B51D0F | Rollbacks: 58 (Resim:  69) | Stalls:  0
[HEARTBEAT] Node: 1 | Tick: 239521 | Conf: 239519 | Hash: 0x5821E9E9 | Rollbacks: 42 (Resim:  46) | Stalls:  0
[HEARTBEAT] Node: 1 | Tick: 239581 | Conf: 239579 | Hash: 0xD807A357 | Rollbacks: 59 (Resim:  59) | Stalls:  0
[HEARTBEAT] Node: 1 | Tick: 239641 | Conf: 239639 | Hash: 0x6F896157 | Rollbacks: 59 (Resim:  76) | Stalls:  0
[HEARTBEAT] Node: 1 | Tick: 239701 | Conf: 239699 | Hash: 0x1EFDD0BF | Rollbacks: 46 (Resim:  50) | Stalls:  0
[BOT:50005] Heartbeat - Sparse Mods Tracked: 2048
[HEARTBEAT] Node: 1 | Tick: 239761 | Conf: 239759 | Hash: 0x47F35464 | Rollbacks: 49 (Resim:  52) | Stalls:  0
[HEARTBEAT] Node: 1 | Tick: 239821 | Conf: 239819 | Hash: 0x17413D82 | Rollbacks: 53 (Resim:  57) | Stalls:  0
[HEARTBEAT] Node: 1 | Tick: 239881 | Conf: 239879 | Hash: 0x634AAD4F | Rollbacks: 38 (Resim:  38) | Stalls:  0
[HEARTBEAT] Node: 1 | Tick: 239941 | Conf: 239939 | Hash: 0xF0B5721D | Rollbacks: 46 (Resim:  48) | Stalls:  0
[HEARTBEAT] Node: 1 | Tick: 240001 | Conf: 239998 | Hash: 0x2EB73E07 | Rollbacks: 59 (Resim:  66) | Stalls:  0
[HEARTBEAT] Node: 1 | Tick: 240061 | Conf: 240059 | Hash: 0x428B9DC5 | Rollbacks: 49 (Resim:  71) | Stalls:  0
[HEARTBEAT] Node: 1 | Tick: 240121 | Conf: 240119 | Hash: 0x10C073CD | Rollbacks: 59 (Resim:  59) | Stalls:  0
[HEARTBEAT] Node: 1 | Tick: 240181 | Conf: 240179 | Hash: 0xD35B81CE | Rollbacks: 55 (Resim:  71) | Stalls:  0
[HEARTBEAT] Node: 1 | Tick: 240241 | Conf: 240239 | Hash: 0x56CDE734 | Rollbacks: 48 (Resim:  51) | Stalls:  0
[HEARTBEAT] Node: 1 | Tick: 240301 | Conf: 240298 | Hash: 0xF13A132B | Rollbacks: 55 (Resim:  64) | Stalls:  0
[BOT:50005] Heartbeat - Sparse Mods Tracked: 2048
[HEARTBEAT] Node: 1 | Tick: 240361 | Conf: 240359 | Hash: 0xAFC0A308 | Rollbacks: 57 (Resim:  70) | Stalls:  0
[HEARTBEAT] Node: 1 | Tick: 240421 | Conf: 240419 | Hash: 0x9B1DD3C3 | Rollbacks: 59 (Resim:  65) | Stalls:  0
[HEARTBEAT] Node: 1 | Tick: 240481 | Conf: 240479 | Hash: 0x6BBFBF22 | Rollbacks: 51 (Resim:  63) | Stalls:  0
[HEARTBEAT] Node: 1 | Tick: 240541 | Conf: 240539 | Hash: 0x30741607 | Rollbacks: 44 (Resim:  44) | Stalls:  0
[HEARTBEAT] Node: 1 | Tick: 240601 | Conf: 240599 | Hash: 0x65B4A8B4 | Rollbacks: 52 (Resim:  52) | Stalls:  0
[HEARTBEAT] Node: 1 | Tick: 240661 | Conf: 240658 | Hash: 0x6A16EA00 | Rollbacks: 59 (Resim:  78) | Stalls:  0
[HEARTBEAT] Node: 1 | Tick: 240721 | Conf: 240719 | Hash: 0xC6629C45 | Rollbacks: 50 (Resim:  58) | Stalls:  0
[HEARTBEAT] Node: 1 | Tick: 240781 | Conf: 240779 | Hash: 0xB7FEE540 | Rollbacks: 52 (Resim:  52) | Stalls:  0
[HEARTBEAT] Node: 1 | Tick: 240841 | Conf: 240839 | Hash: 0x03BE2326 | Rollbacks: 59 (Resim:  80) | Stalls:  0
[HEARTBEAT] Node: 1 | Tick: 240901 | Conf: 240899 | Hash: 0xCF3A4745 | Rollbacks: 58 (Resim:  60) | Stalls:  0
[BOT:50005] Heartbeat - Sparse Mods Tracked: 2048
[HEARTBEAT] Node: 1 | Tick: 240961 | Conf: 240958 | Hash: 0xD83613C0 | Rollbacks: 40 (Resim:  63) | Stalls:  0
[HEARTBEAT] Node: 1 | Tick: 241021 | Conf: 241019 | Hash: 0xD57886F8 | Rollbacks: 59 (Resim:  61) | Stalls:  0
[HEARTBEAT] Node: 1 | Tick: 241081 | Conf: 241078 | Hash: 0x0B662F22 | Rollbacks: 59 (Resim:  62) | Stalls:  0
[HEARTBEAT] Node: 1 | Tick: 241141 | Conf: 241139 | Hash: 0xF1E38C07 | Rollbacks: 42 (Resim:  59) | Stalls:  0
[HEARTBEAT] Node: 1 | Tick: 241201 | Conf: 241199 | Hash: 0x58BE9BC5 | Rollbacks: 54 (Resim:  54) | Stalls:  0
[HEARTBEAT] Node: 1 | Tick: 241261 | Conf: 241259 | Hash: 0x81626616 | Rollbacks: 59 (Resim:  73) | Stalls:  0
[HEARTBEAT] Node: 1 | Tick: 241321 | Conf: 241319 | Hash: 0xDBD0050A | Rollbacks: 59 (Resim:  62) | Stalls:  0
[HEARTBEAT] Node: 1 | Tick: 241381 | Conf: 241379 | Hash: 0x50396946 | Rollbacks: 49 (Resim:  49) | Stalls:  0
[HEARTBEAT] Node: 1 | Tick: 241441 | Conf: 241438 | Hash: 0x1DCA4D23 | Rollbacks: 58 (Resim:  70) | Stalls:  0
[HEARTBEAT] Node: 1 | Tick: 241501 | Conf: 241499 | Hash: 0x5911C39F | Rollbacks: 59 (Resim:  63) | Stalls:  0
[BOT:50005] Heartbeat - Sparse Mods Tracked: 2048
[HEARTBEAT] Node: 1 | Tick: 241561 | Conf: 241559 | Hash: 0xC8C8BC3F | Rollbacks: 59 (Resim:  70) | Stalls:  0
[HEARTBEAT] Node: 1 | Tick: 241621 | Conf: 241619 | Hash: 0x5B0326DD | Rollbacks: 48 (Resim:  48) | Stalls:  0
[HEARTBEAT] Node: 1 | Tick: 241681 | Conf: 241679 | Hash: 0xAB068713 | Rollbacks: 59 (Resim:  66) | Stalls:  0
[HEARTBEAT] Node: 1 | Tick: 241741 | Conf: 241739 | Hash: 0xCBE6D3DC | Rollbacks: 47 (Resim:  55) | Stalls:  0
[HEARTBEAT] Node: 1 | Tick: 241801 | Conf: 241799 | Hash: 0xFBC8F31E | Rollbacks: 59 (Resim:  60) | Stalls:  0
[HEARTBEAT] Node: 1 | Tick: 241861 | Conf: 241859 | Hash: 0xECB84EEB | Rollbacks: 59 (Resim:  74) | Stalls:  0
[HEARTBEAT] Node: 1 | Tick: 241921 | Conf: 241918 | Hash: 0x6E80F897 | Rollbacks: 58 (Resim:  61) | Stalls:  0
[HEARTBEAT] Node: 1 | Tick: 241981 | Conf: 241979 | Hash: 0xA3BB9CDC | Rollbacks: 42 (Resim:  59) | Stalls:  0
[HEARTBEAT] Node: 1 | Tick: 242041 | Conf: 242039 | Hash: 0x575473B5 | Rollbacks: 50 (Resim:  50) | Stalls:  0
[BOT:50005] Heartbeat - Sparse Mods Tracked: 2048
[HEARTBEAT] Node: 1 | Tick: 242101 | Conf: 242099 | Hash: 0x15DDED8D | Rollbacks: 59 (Resim:  60) | Stalls:  0
[HEARTBEAT] Node: 1 | Tick: 242161 | Conf: 242159 | Hash: 0x16DB7AC3 | Rollbacks: 56 (Resim:  63) | Stalls:  0
[HEARTBEAT] Node: 1 | Tick: 242221 | Conf: 242218 | Hash: 0xEF8122BE | Rollbacks: 59 (Resim:  80) | Stalls:  0
[HEARTBEAT] Node: 1 | Tick: 242281 | Conf: 242279 | Hash: 0xD8F9BB0E | Rollbacks: 52 (Resim:  58) | Stalls:  0
[HEARTBEAT] Node: 1 | Tick: 242341 | Conf: 242339 | Hash: 0x28689C08 | Rollbacks: 59 (Resim:  59) | Stalls:  0
[HEARTBEAT] Node: 1 | Tick: 242401 | Conf: 242399 | Hash: 0x31E9EE49 | Rollbacks: 52 (Resim:  65) | Stalls:  0
[HEARTBEAT] Node: 1 | Tick: 242461 | Conf: 242459 | Hash: 0x7045FAD9 | Rollbacks: 50 (Resim:  52) | Stalls:  0
[HEARTBEAT] Node: 1 | Tick: 242521 | Conf: 242518 | Hash: 0x4BAE86BA | Rollbacks: 51 (Resim:  54) | Stalls:  0
[HEARTBEAT] Node: 1 | Tick: 242581 | Conf: 242579 | Hash: 0x83A2544A | Rollbacks: 60 (Resim:  73) | Stalls:  0
[HEARTBEAT] Node: 1 | Tick: 242641 | Conf: 242639 | Hash: 0x1489CAFF | Rollbacks: 59 (Resim:  67) | Stalls:  0
[BOT:50005] Heartbeat - Sparse Mods Tracked: 2048
[HEARTBEAT] Node: 1 | Tick: 242701 | Conf: 242699 | Hash: 0x63A7A142 | Rollbacks: 59 (Resim:  65) | Stalls:  0
[HEARTBEAT] Node: 1 | Tick: 242761 | Conf: 242759 | Hash: 0x9A7F57DC | Rollbacks: 45 (Resim:  48) | Stalls:  0
[HEARTBEAT] Node: 1 | Tick: 242821 | Conf: 242819 | Hash: 0xC22D7C3A | Rollbacks: 51 (Resim:  51) | Stalls:  0
[HEARTBEAT] Node: 1 | Tick: 242881 | Conf: 242879 | Hash: 0x3DD63E7C | Rollbacks: 59 (Resim:  83) | Stalls:  0
[HEARTBEAT] Node: 1 | Tick: 242941 | Conf: 242939 | Hash: 0x59344A6E | Rollbacks: 58 (Resim:  63) | Stalls:  0
[HEARTBEAT] Node: 1 | Tick: 243001 | Conf: 242999 | Hash: 0x3EA0C4A1 | Rollbacks: 43 (Resim:  46) | Stalls:  0
[HEARTBEAT] Node: 1 | Tick: 243061 | Conf: 243059 | Hash: 0x07589B1F | Rollbacks: 44 (Resim:  46) | Stalls:  0
[HEARTBEAT] Node: 1 | Tick: 243121 | Conf: 243119 | Hash: 0xEBE1D1D5 | Rollbacks: 45 (Resim:  45) | Stalls:  0
[HEARTBEAT] Node: 1 | Tick: 243181 | Conf: 243179 | Hash: 0xD8C6B560 | Rollbacks: 59 (Resim:  59) | Stalls:  0
[HEARTBEAT] Node: 1 | Tick: 243241 | Conf: 243239 | Hash: 0x2C6C86F7 | Rollbacks: 58 (Resim:  87) | Stalls:  0
[BOT:50005] Heartbeat - Sparse Mods Tracked: 2048
[HEARTBEAT] Node: 1 | Tick: 243301 | Conf: 243299 | Hash: 0xF1CC3F47 | Rollbacks: 49 (Resim:  52) | Stalls:  0
[HEARTBEAT] Node: 1 | Tick: 243361 | Conf: 243359 | Hash: 0xB752BA07 | Rollbacks: 52 (Resim:  52) | Stalls:  0
[HEARTBEAT] Node: 1 | Tick: 243421 | Conf: 243419 | Hash: 0x3673F89B | Rollbacks: 56 (Resim:  56) | Stalls:  0
[HEARTBEAT] Node: 1 | Tick: 243481 | Conf: 243479 | Hash: 0x1DC018E5 | Rollbacks: 47 (Resim:  71) | Stalls:  0
[HEARTBEAT] Node: 1 | Tick: 243541 | Conf: 243539 | Hash: 0x2D317922 | Rollbacks: 60 (Resim:  60) | Stalls:  0
[HEARTBEAT] Node: 1 | Tick: 243601 | Conf: 243599 | Hash: 0xA223405D | Rollbacks: 59 (Resim:  60) | Stalls:  0
[HEARTBEAT] Node: 1 | Tick: 243661 | Conf: 243659 | Hash: 0xC6A79097 | Rollbacks: 46 (Resim:  55) | Stalls:  0
[HEARTBEAT] Node: 1 | Tick: 243721 | Conf: 243719 | Hash: 0xFFAA2A69 | Rollbacks: 59 (Resim:  60) | Stalls:  0
[HEARTBEAT] Node: 1 | Tick: 243781 | Conf: 243779 | Hash: 0xE1B93F9C | Rollbacks: 59 (Resim:  79) | Stalls:  0
[HEARTBEAT] Node: 1 | Tick: 243841 | Conf: 243839 | Hash: 0x3EE5145D | Rollbacks: 52 (Resim:  54) | Stalls:  0
[BOT:50005] Heartbeat - Sparse Mods Tracked: 2048
[HEARTBEAT] Node: 1 | Tick: 243901 | Conf: 243899 | Hash: 0xC24C4064 | Rollbacks: 58 (Resim:  65) | Stalls:  0
[HEARTBEAT] Node: 1 | Tick: 243961 | Conf: 243959 | Hash: 0x89063107 | Rollbacks: 57 (Resim:  67) | Stalls:  0
[HEARTBEAT] Node: 1 | Tick: 244021 | Conf: 244019 | Hash: 0x1B7162A1 | Rollbacks: 46 (Resim:  46) | Stalls:  0
[HEARTBEAT] Node: 1 | Tick: 244081 | Conf: 244079 | Hash: 0x17161066 | Rollbacks: 56 (Resim:  56) | Stalls:  0
[HEARTBEAT] Node: 1 | Tick: 244141 | Conf: 244139 | Hash: 0xA6E814E4 | Rollbacks: 59 (Resim:  81) | Stalls:  0
[HEARTBEAT] Node: 1 | Tick: 244201 | Conf: 244199 | Hash: 0xA4DB234C | Rollbacks: 54 (Resim:  57) | Stalls:  0
[HEARTBEAT] Node: 1 | Tick: 244261 | Conf: 244258 | Hash: 0x38D4C6A8 | Rollbacks: 59 (Resim:  62) | Stalls:  0
[HEARTBEAT] Node: 1 | Tick: 244321 | Conf: 244319 | Hash: 0x8C9C088C | Rollbacks: 52 (Resim:  76) | Stalls:  0
[HEARTBEAT] Node: 1 | Tick: 244381 | Conf: 244379 | Hash: 0xE4098DCF | Rollbacks: 55 (Resim:  55) | Stalls:  0
[HEARTBEAT] Node: 1 | Tick: 244441 | Conf: 244439 | Hash: 0x63154E50 | Rollbacks: 58 (Resim:  61) | Stalls:  0
[BOT:50005] Heartbeat - Sparse Mods Tracked: 2048
[HEARTBEAT] Node: 1 | Tick: 244501 | Conf: 244498 | Hash: 0x54293F4D | Rollbacks: 58 (Resim:  65) | Stalls:  0
[HEARTBEAT] Node: 1 | Tick: 244561 | Conf: 244559 | Hash: 0x9CBD0D9A | Rollbacks: 50 (Resim:  55) | Stalls:  0
[HEARTBEAT] Node: 1 | Tick: 244621 | Conf: 244619 | Hash: 0x23EBE59E | Rollbacks: 59 (Resim:  76) | Stalls:  0
[HEARTBEAT] Node: 1 | Tick: 244681 | Conf: 244679 | Hash: 0x1E70B130 | Rollbacks: 47 (Resim:  47) | Stalls:  0
[HEARTBEAT] Node: 1 | Tick: 244741 | Conf: 244739 | Hash: 0xC878878B | Rollbacks: 60 (Resim:  60) | Stalls:  0
[HEARTBEAT] Node: 1 | Tick: 244801 | Conf: 244799 | Hash: 0x5B533BAC | Rollbacks: 47 (Resim:  61) | Stalls:  0
[HEARTBEAT] Node: 1 | Tick: 244861 | Conf: 244859 | Hash: 0xEC696E28 | Rollbacks: 56 (Resim:  56) | Stalls:  0
[HEARTBEAT] Node: 1 | Tick: 244921 | Conf: 244919 | Hash: 0xF72E06AC | Rollbacks: 57 (Resim:  65) | Stalls:  0
[HEARTBEAT] Node: 1 | Tick: 244981 | Conf: 244979 | Hash: 0xCD0C575C | Rollbacks: 56 (Resim:  74) | Stalls:  0
[HEARTBEAT] Node: 1 | Tick: 245041 | Conf: 245039 | Hash: 0xF517B9A1 | Rollbacks: 46 (Resim:  52) | Stalls:  0
[BOT:50005] Heartbeat - Sparse Mods Tracked: 2048
[HEARTBEAT] Node: 1 | Tick: 245101 | Conf: 245099 | Hash: 0xB3B885FB | Rollbacks: 53 (Resim:  53) | Stalls:  0
[HEARTBEAT] Node: 1 | Tick: 245161 | Conf: 245159 | Hash: 0xDFBACF58 | Rollbacks: 58 (Resim:  62) | Stalls:  0
[HEARTBEAT] Node: 1 | Tick: 245221 | Conf: 245219 | Hash: 0x1C07387B | Rollbacks: 59 (Resim:  79) | Stalls:  0
[HEARTBEAT] Node: 1 | Tick: 245281 | Conf: 245279 | Hash: 0xAB0E15DE | Rollbacks: 51 (Resim:  54) | Stalls:  0
[HEARTBEAT] Node: 1 | Tick: 245341 | Conf: 245338 | Hash: 0xCF7E7B59 | Rollbacks: 57 (Resim:  64) | Stalls:  0
[HEARTBEAT] Node: 1 | Tick: 245401 | Conf: 245399 | Hash: 0xE67BFAD4 | Rollbacks: 59 (Resim:  79) | Stalls:  0
[HEARTBEAT] Node: 1 | Tick: 245461 | Conf: 245459 | Hash: 0x297A6386 | Rollbacks: 58 (Resim:  60) | Stalls:  0
[HEARTBEAT] Node: 1 | Tick: 245521 | Conf: 245518 | Hash: 0x67880FB5 | Rollbacks: 57 (Resim:  67) | Stalls:  0
[HEARTBEAT] Node: 1 | Tick: 245581 | Conf: 245579 | Hash: 0xA581A7DA | Rollbacks: 49 (Resim:  60) | Stalls:  0
[HEARTBEAT] Node: 1 | Tick: 245641 | Conf: 245639 | Hash: 0xDF7C251B | Rollbacks: 44 (Resim:  48) | Stalls:  0
[BOT:50005] Heartbeat - Sparse Mods Tracked: 2048
[HEARTBEAT] Node: 1 | Tick: 245701 | Conf: 245699 | Hash: 0xD3B87391 | Rollbacks: 47 (Resim:  47) | Stalls:  0
[HEARTBEAT] Node: 1 | Tick: 245761 | Conf: 245759 | Hash: 0xAE675E97 | Rollbacks: 53 (Resim:  53) | Stalls:  0
[HEARTBEAT] Node: 1 | Tick: 245821 | Conf: 245819 | Hash: 0x809CE018 | Rollbacks: 58 (Resim:  74) | Stalls:  0
[HEARTBEAT] Node: 1 | Tick: 245881 | Conf: 245879 | Hash: 0x4DA75319 | Rollbacks: 54 (Resim:  54) | Stalls:  0
[HEARTBEAT] Node: 1 | Tick: 245941 | Conf: 245939 | Hash: 0x3B9AACE7 | Rollbacks: 59 (Resim:  81) | Stalls:  0
[HEARTBEAT] Node: 1 | Tick: 246001 | Conf: 245999 | Hash: 0x4EAE1939 | Rollbacks: 48 (Resim:  48) | Stalls:  0
[HEARTBEAT] Node: 1 | Tick: 246061 | Conf: 246059 | Hash: 0x9B8B4E4E | Rollbacks: 58 (Resim:  58) | Stalls:  0
[HEARTBEAT] Node: 1 | Tick: 246121 | Conf: 246119 | Hash: 0x51CD8E45 | Rollbacks: 58 (Resim:  83) | Stalls:  0
[HEARTBEAT] Node: 1 | Tick: 246181 | Conf: 246179 | Hash: 0xD50F4C22 | Rollbacks: 37 (Resim:  37) | Stalls:  0
[HEARTBEAT] Node: 1 | Tick: 246241 | Conf: 246239 | Hash: 0xB1B6975F | Rollbacks: 57 (Resim:  57) | Stalls:  0
[BOT:50005] Heartbeat - Sparse Mods Tracked: 2048
[HEARTBEAT] Node: 1 | Tick: 246301 | Conf: 246299 | Hash: 0xB427E53F | Rollbacks: 59 (Resim:  73) | Stalls:  0
[HEARTBEAT] Node: 1 | Tick: 246361 | Conf: 246358 | Hash: 0x904087D7 | Rollbacks: 58 (Resim:  59) | Stalls:  0
[HEARTBEAT] Node: 1 | Tick: 246421 | Conf: 246419 | Hash: 0xC1DF2EDB | Rollbacks: 59 (Resim:  76) | Stalls:  0
[HEARTBEAT] Node: 1 | Tick: 246481 | Conf: 246479 | Hash: 0x5FA5AA75 | Rollbacks: 59 (Resim:  73) | Stalls:  0
[HEARTBEAT] Node: 1 | Tick: 246541 | Conf: 246539 | Hash: 0xB7507394 | Rollbacks: 59 (Resim:  60) | Stalls:  0
[HEARTBEAT] Node: 1 | Tick: 246601 | Conf: 246599 | Hash: 0x7C5CEE76 | Rollbacks: 52 (Resim:  67) | Stalls:  0
[HEARTBEAT] Node: 1 | Tick: 246661 | Conf: 246658 | Hash: 0xED317C6B | Rollbacks: 44 (Resim:  44) | Stalls:  0
[HEARTBEAT] Node: 1 | Tick: 246721 | Conf: 246719 | Hash: 0x11695F69 | Rollbacks: 60 (Resim:  70) | Stalls:  0
[HEARTBEAT] Node: 1 | Tick: 246781 | Conf: 246779 | Hash: 0x22D959D1 | Rollbacks: 43 (Resim:  43) | Stalls:  0
[BOT:50005] Heartbeat - Sparse Mods Tracked: 2048
[HEARTBEAT] Node: 1 | Tick: 246841 | Conf: 246838 | Hash: 0xEE256C90 | Rollbacks: 59 (Resim:  59) | Stalls:  0
[HEARTBEAT] Node: 1 | Tick: 246901 | Conf: 246899 | Hash: 0xA62B1C7E | Rollbacks: 41 (Resim:  60) | Stalls:  0
[HEARTBEAT] Node: 1 | Tick: 246961 | Conf: 246959 | Hash: 0x29EE8D91 | Rollbacks: 45 (Resim:  45) | Stalls:  0
[HEARTBEAT] Node: 1 | Tick: 247021 | Conf: 247019 | Hash: 0x1D3F8B1C | Rollbacks: 53 (Resim:  53) | Stalls:  0
[HEARTBEAT] Node: 1 | Tick: 247081 | Conf: 247079 | Hash: 0xBD0EF39A | Rollbacks: 59 (Resim:  83) | Stalls:  0
[HEARTBEAT] Node: 1 | Tick: 247141 | Conf: 247139 | Hash: 0xB4AC61AF | Rollbacks: 59 (Resim:  61) | Stalls:  0
[HEARTBEAT] Node: 1 | Tick: 247201 | Conf: 247198 | Hash: 0x6F291136 | Rollbacks: 59 (Resim:  70) | Stalls:  0
[HEARTBEAT] Node: 1 | Tick: 247261 | Conf: 247259 | Hash: 0xCC21A046 | Rollbacks: 58 (Resim:  72) | Stalls:  0
[HEARTBEAT] Node: 1 | Tick: 247321 | Conf: 247319 | Hash: 0xDE15CAFC | Rollbacks: 41 (Resim:  44) | Stalls:  0
[HEARTBEAT] Node: 1 | Tick: 247381 | Conf: 247379 | Hash: 0x84CC5A6A | Rollbacks: 53 (Resim:  53) | Stalls:  0
[BOT:50005] Heartbeat - Sparse Mods Tracked: 2048
[HEARTBEAT] Node: 1 | Tick: 247441 | Conf: 247439 | Hash: 0xFAD108F8 | Rollbacks: 46 (Resim:  62) | Stalls:  0
[HEARTBEAT] Node: 1 | Tick: 247501 | Conf: 247499 | Hash: 0x232F0193 | Rollbacks: 48 (Resim:  48) | Stalls:  0
[HEARTBEAT] Node: 1 | Tick: 247561 | Conf: 247559 | Hash: 0x984F3BCA | Rollbacks: 59 (Resim:  60) | Stalls:  0
[HEARTBEAT] Node: 1 | Tick: 247621 | Conf: 247619 | Hash: 0xA423FDEA | Rollbacks: 48 (Resim:  63) | Stalls:  0
[HEARTBEAT] Node: 1 | Tick: 247681 | Conf: 247679 | Hash: 0x6AC7CF27 | Rollbacks: 59 (Resim:  78) | Stalls:  0
[HEARTBEAT] Node: 1 | Tick: 247741 | Conf: 247739 | Hash: 0x466FFD07 | Rollbacks: 58 (Resim:  58) | Stalls:  0
[HEARTBEAT] Node: 1 | Tick: 247801 | Conf: 247798 | Hash: 0xC4198B98 | Rollbacks: 54 (Resim:  56) | Stalls:  0
[HEARTBEAT] Node: 1 | Tick: 247861 | Conf: 247859 | Hash: 0x980A2943 | Rollbacks: 59 (Resim:  76) | Stalls:  0
[HEARTBEAT] Node: 1 | Tick: 247921 | Conf: 247919 | Hash: 0x6CF5113A | Rollbacks: 56 (Resim:  56) | Stalls:  0
[HEARTBEAT] Node: 1 | Tick: 247981 | Conf: 247979 | Hash: 0xBD90D19E | Rollbacks: 58 (Resim:  75) | Stalls:  0
[BOT:50005] Heartbeat - Sparse Mods Tracked: 2048
[HEARTBEAT] Node: 1 | Tick: 248041 | Conf: 248039 | Hash: 0x87AE72C0 | Rollbacks: 53 (Resim:  53) | Stalls:  0
[HEARTBEAT] Node: 1 | Tick: 248101 | Conf: 248099 | Hash: 0xD84A1754 | Rollbacks: 55 (Resim:  55) | Stalls:  0
[HEARTBEAT] Node: 1 | Tick: 248161 | Conf: 248159 | Hash: 0x907723E7 | Rollbacks: 59 (Resim:  73) | Stalls:  0
[HEARTBEAT] Node: 1 | Tick: 248221 | Conf: 248219 | Hash: 0x8566635F | Rollbacks: 58 (Resim:  62) | Stalls:  0
[HEARTBEAT] Node: 1 | Tick: 248281 | Conf: 248279 | Hash: 0x6183D330 | Rollbacks: 52 (Resim:  56) | Stalls:  0
[HEARTBEAT] Node: 1 | Tick: 248341 | Conf: 248339 | Hash: 0x2587B57E | Rollbacks: 56 (Resim:  59) | Stalls:  0
[HEARTBEAT] Node: 1 | Tick: 248401 | Conf: 248399 | Hash: 0x3BF9CD75 | Rollbacks: 53 (Resim:  53) | Stalls:  0
[HEARTBEAT] Node: 1 | Tick: 248461 | Conf: 248459 | Hash: 0x4E2EFCBE | Rollbacks: 59 (Resim:  83) | Stalls:  0
[HEARTBEAT] Node: 1 | Tick: 248521 | Conf: 248518 | Hash: 0xBF913922 | Rollbacks: 58 (Resim:  65) | Stalls:  0
[HEARTBEAT] Node: 1 | Tick: 248581 | Conf: 248579 | Hash: 0xD8816D9E | Rollbacks: 54 (Resim:  78) | Stalls:  0
[BOT:50005] Heartbeat - Sparse Mods Tracked: 2048
[HEARTBEAT] Node: 1 | Tick: 248641 | Conf: 248639 | Hash: 0x61EAF0F8 | Rollbacks: 53 (Resim:  53) | Stalls:  0
[HEARTBEAT] Node: 1 | Tick: 248701 | Conf: 248698 | Hash: 0x47EA8A29 | Rollbacks: 59 (Resim:  78) | Stalls:  0
[HEARTBEAT] Node: 1 | Tick: 248761 | Conf: 248759 | Hash: 0xC06B27C8 | Rollbacks: 55 (Resim:  66) | Stalls:  0
[HEARTBEAT] Node: 1 | Tick: 248821 | Conf: 248819 | Hash: 0x6ABF29D1 | Rollbacks: 60 (Resim:  60) | Stalls:  0
[HEARTBEAT] Node: 1 | Tick: 248881 | Conf: 248879 | Hash: 0x2199C959 | Rollbacks: 55 (Resim:  76) | Stalls:  0
[HEARTBEAT] Node: 1 | Tick: 248941 | Conf: 248939 | Hash: 0xA28F46FF | Rollbacks: 51 (Resim:  54) | Stalls:  0
[HEARTBEAT] Node: 1 | Tick: 249001 | Conf: 248999 | Hash: 0x7342F8E6 | Rollbacks: 56 (Resim:  56) | Stalls:  0
[HEARTBEAT] Node: 1 | Tick: 249061 | Conf: 249059 | Hash: 0x4D6EB7DC | Rollbacks: 51 (Resim:  74) | Stalls:  0
[HEARTBEAT] Node: 1 | Tick: 249121 | Conf: 249119 | Hash: 0x51F85B38 | Rollbacks: 51 (Resim:  53) | Stalls:  0
[HEARTBEAT] Node: 1 | Tick: 249181 | Conf: 249178 | Hash: 0x65757145 | Rollbacks: 59 (Resim:  69) | Stalls:  0
[BOT:50005] Heartbeat - Sparse Mods Tracked: 2048
[HEARTBEAT] Node: 1 | Tick: 249241 | Conf: 249239 | Hash: 0x9359557B | Rollbacks: 59 (Resim:  78) | Stalls:  0
[HEARTBEAT] Node: 1 | Tick: 249301 | Conf: 249299 | Hash: 0x083316E0 | Rollbacks: 52 (Resim:  52) | Stalls:  0
[HEARTBEAT] Node: 1 | Tick: 249361 | Conf: 249359 | Hash: 0x6CD24491 | Rollbacks: 59 (Resim:  63) | Stalls:  0
[HEARTBEAT] Node: 1 | Tick: 249421 | Conf: 249419 | Hash: 0x0C64A685 | Rollbacks: 52 (Resim:  68) | Stalls:  0
[HEARTBEAT] Node: 1 | Tick: 249481 | Conf: 249478 | Hash: 0x783D952B | Rollbacks: 59 (Resim:  71) | Stalls:  0
[HEARTBEAT] Node: 1 | Tick: 249541 | Conf: 249539 | Hash: 0x942D25E9 | Rollbacks: 54 (Resim:  71) | Stalls:  0
[HEARTBEAT] Node: 1 | Tick: 249601 | Conf: 249599 | Hash: 0x1F6B7BE4 | Rollbacks: 59 (Resim:  60) | Stalls:  0
[HEARTBEAT] Node: 1 | Tick: 249661 | Conf: 249658 | Hash: 0x8015B109 | Rollbacks: 59 (Resim:  75) | Stalls:  0
[HEARTBEAT] Node: 1 | Tick: 249721 | Conf: 249719 | Hash: 0x5FFB4C22 | Rollbacks: 50 (Resim:  55) | Stalls:  0
[HEARTBEAT] Node: 1 | Tick: 249781 | Conf: 249779 | Hash: 0x42CFC6A2 | Rollbacks: 59 (Resim:  67) | Stalls:  0
[BOT:50005] Heartbeat - Sparse Mods Tracked: 2048
[HEARTBEAT] Node: 1 | Tick: 249841 | Conf: 249839 | Hash: 0x89DBA276 | Rollbacks: 59 (Resim:  62) | Stalls:  0
[HEARTBEAT] Node: 1 | Tick: 249901 | Conf: 249899 | Hash: 0x067D1A71 | Rollbacks: 60 (Resim:  60) | Stalls:  0
[HEARTBEAT] Node: 1 | Tick: 249961 | Conf: 249959 | Hash: 0xFB201A00 | Rollbacks: 47 (Resim:  57) | Stalls:  0
[HEARTBEAT] Node: 1 | Tick: 250021 | Conf: 250019 | Hash: 0x45EE891A | Rollbacks: 58 (Resim:  61) | Stalls:  0
[HEARTBEAT] Node: 1 | Tick: 250081 | Conf: 250078 | Hash: 0xB61B2087 | Rollbacks: 58 (Resim:  67) | Stalls:  0
[HEARTBEAT] Node: 1 | Tick: 250141 | Conf: 250139 | Hash: 0x9BA22817 | Rollbacks: 47 (Resim:  56) | Stalls:  0
[HEARTBEAT] Node: 1 | Tick: 250201 | Conf: 250199 | Hash: 0xC297C909 | Rollbacks: 53 (Resim:  53) | Stalls:  0
[HEARTBEAT] Node: 1 | Tick: 250261 | Conf: 250259 | Hash: 0xC294558C | Rollbacks: 58 (Resim:  84) | Stalls:  0
[HEARTBEAT] Node: 1 | Tick: 250321 | Conf: 250319 | Hash: 0xB20D7E58 | Rollbacks: 48 (Resim:  48) | Stalls:  0
[HEARTBEAT] Node: 1 | Tick: 250381 | Conf: 250379 | Hash: 0xAB0857B6 | Rollbacks: 46 (Resim:  48) | Stalls:  0
[BOT:50005] Heartbeat - Sparse Mods Tracked: 2048
[HEARTBEAT] Node: 1 | Tick: 250441 | Conf: 250439 | Hash: 0x565F6F87 | Rollbacks: 38 (Resim:  38) | Stalls:  0
[HEARTBEAT] Node: 1 | Tick: 250501 | Conf: 250499 | Hash: 0x8AC6DC6A | Rollbacks: 50 (Resim:  50) | Stalls:  0
[HEARTBEAT] Node: 1 | Tick: 250561 | Conf: 250559 | Hash: 0xD8CD898A | Rollbacks: 59 (Resim:  70) | Stalls:  0
[HEARTBEAT] Node: 1 | Tick: 250621 | Conf: 250619 | Hash: 0x4CDAC0A6 | Rollbacks: 59 (Resim:  74) | Stalls:  0
[HEARTBEAT] Node: 1 | Tick: 250681 | Conf: 250679 | Hash: 0x5BD0E4BC | Rollbacks: 48 (Resim:  48) | Stalls:  0
[HEARTBEAT] Node: 1 | Tick: 250741 | Conf: 250738 | Hash: 0xCEA0ACED | Rollbacks: 46 (Resim:  49) | Stalls:  0
[HEARTBEAT] Node: 1 | Tick: 250801 | Conf: 250799 | Hash: 0xA6A473AB | Rollbacks: 53 (Resim:  76) | Stalls:  0
[HEARTBEAT] Node: 1 | Tick: 250861 | Conf: 250859 | Hash: 0x0FD7A6B3 | Rollbacks: 56 (Resim:  56) | Stalls:  0
[HEARTBEAT] Node: 1 | Tick: 250921 | Conf: 250919 | Hash: 0x2981258A | Rollbacks: 59 (Resim:  73) | Stalls:  0
[HEARTBEAT] Node: 1 | Tick: 250981 | Conf: 250979 | Hash: 0x7C48749D | Rollbacks: 44 (Resim:  44) | Stalls:  0
[BOT:50005] Heartbeat - Sparse Mods Tracked: 2048
[HEARTBEAT] Node: 1 | Tick: 251041 | Conf: 251038 | Hash: 0xC5E86400 | Rollbacks: 58 (Resim:  64) | Stalls:  0
[HEARTBEAT] Node: 1 | Tick: 251101 | Conf: 251099 | Hash: 0x6EAFE535 | Rollbacks: 59 (Resim:  65) | Stalls:  0
[HEARTBEAT] Node: 1 | Tick: 251161 | Conf: 251159 | Hash: 0x22B0116F | Rollbacks: 47 (Resim:  61) | Stalls:  0
[HEARTBEAT] Node: 1 | Tick: 251221 | Conf: 251219 | Hash: 0x5DA4C83B | Rollbacks: 46 (Resim:  48) | Stalls:  0
[HEARTBEAT] Node: 1 | Tick: 251281 | Conf: 251279 | Hash: 0xCFFD2069 | Rollbacks: 55 (Resim:  55) | Stalls:  0
[HEARTBEAT] Node: 1 | Tick: 251341 | Conf: 251338 | Hash: 0x57C264FF | Rollbacks: 59 (Resim:  74) | Stalls:  0
[HEARTBEAT] Node: 1 | Tick: 251401 | Conf: 251399 | Hash: 0xC15C4EA8 | Rollbacks: 49 (Resim:  62) | Stalls:  0
[HEARTBEAT] Node: 1 | Tick: 251461 | Conf: 251459 | Hash: 0xA5AF605A | Rollbacks: 60 (Resim:  60) | Stalls:  0
[HEARTBEAT] Node: 1 | Tick: 251521 | Conf: 251519 | Hash: 0x6800C0D8 | Rollbacks: 51 (Resim:  64) | Stalls:  0
[BOT:50005] Heartbeat - Sparse Mods Tracked: 2048
[HEARTBEAT] Node: 1 | Tick: 251581 | Conf: 251579 | Hash: 0x90444ECC | Rollbacks: 38 (Resim:  40) | Stalls:  0
[HEARTBEAT] Node: 1 | Tick: 251641 | Conf: 251639 | Hash: 0xCD5E74AD | Rollbacks: 57 (Resim:  57) | Stalls:  0
[HEARTBEAT] Node: 1 | Tick: 251701 | Conf: 251699 | Hash: 0x8D703C02 | Rollbacks: 59 (Resim:  72) | Stalls:  0
[HEARTBEAT] Node: 1 | Tick: 251761 | Conf: 251758 | Hash: 0xCFE10FB2 | Rollbacks: 47 (Resim:  48) | Stalls:  0
[HEARTBEAT] Node: 1 | Tick: 251821 | Conf: 251818 | Hash: 0x790A0D00 | Rollbacks: 59 (Resim:  74) | Stalls:  0
[HEARTBEAT] Node: 1 | Tick: 251881 | Conf: 251879 | Hash: 0x03BAE3B1 | Rollbacks: 53 (Resim:  56) | Stalls:  0
[HEARTBEAT] Node: 1 | Tick: 251941 | Conf: 251938 | Hash: 0x8F4E9DC7 | Rollbacks: 59 (Resim:  81) | Stalls:  0
[HEARTBEAT] Node: 1 | Tick: 252001 | Conf: 251999 | Hash: 0x9317509E | Rollbacks: 53 (Resim:  61) | Stalls:  0
[HEARTBEAT] Node: 1 | Tick: 252061 | Conf: 252059 | Hash: 0x55E0AEAA | Rollbacks: 53 (Resim:  53) | Stalls:  0
[HEARTBEAT] Node: 1 | Tick: 252121 | Conf: 252119 | Hash: 0x3210DCCE | Rollbacks: 59 (Resim:  84) | Stalls:  0
[BOT:50005] Heartbeat - Sparse Mods Tracked: 2048
[HEARTBEAT] Node: 1 | Tick: 252181 | Conf: 252179 | Hash: 0x3EFC647C | Rollbacks: 51 (Resim:  51) | Stalls:  0
[HEARTBEAT] Node: 1 | Tick: 252241 | Conf: 252239 | Hash: 0x3AB2926A | Rollbacks: 59 (Resim:  64) | Stalls:  0
[HEARTBEAT] Node: 1 | Tick: 252301 | Conf: 252299 | Hash: 0x823690F5 | Rollbacks: 58 (Resim:  68) | Stalls:  0
[HEARTBEAT] Node: 1 | Tick: 252361 | Conf: 252358 | Hash: 0x60607BBE | Rollbacks: 50 (Resim:  56) | Stalls:  0
[HEARTBEAT] Node: 1 | Tick: 252421 | Conf: 252419 | Hash: 0x1DE877F5 | Rollbacks: 57 (Resim:  77) | Stalls:  0
[HEARTBEAT] Node: 1 | Tick: 252481 | Conf: 252479 | Hash: 0x8EF72AAE | Rollbacks: 59 (Resim:  63) | Stalls:  0
[HEARTBEAT] Node: 1 | Tick: 252541 | Conf: 252539 | Hash: 0x4ADBD077 | Rollbacks: 56 (Resim:  62) | Stalls:  0
[HEARTBEAT] Node: 1 | Tick: 252601 | Conf: 252598 | Hash: 0x787B4B5E | Rollbacks: 58 (Resim:  74) | Stalls:  0
[HEARTBEAT] Node: 1 | Tick: 252661 | Conf: 252659 | Hash: 0xD426ECBA | Rollbacks: 48 (Resim:  50) | Stalls:  0
[HEARTBEAT] Node: 1 | Tick: 252721 | Conf: 252719 | Hash: 0x6B588F5F | Rollbacks: 43 (Resim:  45) | Stalls:  0
[BOT:50005] Heartbeat - Sparse Mods Tracked: 2048
[HEARTBEAT] Node: 1 | Tick: 252781 | Conf: 252779 | Hash: 0xD22BBCC6 | Rollbacks: 52 (Resim:  52) | Stalls:  0
[HEARTBEAT] Node: 1 | Tick: 252841 | Conf: 252838 | Hash: 0x373824ED | Rollbacks: 57 (Resim:  72) | Stalls:  0
[HEARTBEAT] Node: 1 | Tick: 252901 | Conf: 252899 | Hash: 0x08544C6A | Rollbacks: 57 (Resim:  63) | Stalls:  0
[HEARTBEAT] Node: 1 | Tick: 252961 | Conf: 252959 | Hash: 0x2BA4B10A | Rollbacks: 57 (Resim:  61) | Stalls:  0
[HEARTBEAT] Node: 1 | Tick: 253021 | Conf: 253019 | Hash: 0x1ED47932 | Rollbacks: 50 (Resim:  63) | Stalls:  0
[HEARTBEAT] Node: 1 | Tick: 253081 | Conf: 253079 | Hash: 0x7F639A6A | Rollbacks: 54 (Resim:  54) | Stalls:  0
[HEARTBEAT] Node: 1 | Tick: 253141 | Conf: 253139 | Hash: 0x92946DF2 | Rollbacks: 56 (Resim:  56) | Stalls:  0
[HEARTBEAT] Node: 1 | Tick: 253201 | Conf: 253199 | Hash: 0xFF108F74 | Rollbacks: 59 (Resim:  60) | Stalls:  0
[HEARTBEAT] Node: 1 | Tick: 253261 | Conf: 253259 | Hash: 0x277E1BEA | Rollbacks: 58 (Resim:  82) | Stalls:  0
[HEARTBEAT] Node: 1 | Tick: 253321 | Conf: 253319 | Hash: 0xC037F2FC | Rollbacks: 54 (Resim:  54) | Stalls:  0
[BOT:50005] Heartbeat - Sparse Mods Tracked: 2048
[HEARTBEAT] Node: 1 | Tick: 253381 | Conf: 253379 | Hash: 0xF4725D28 | Rollbacks: 58 (Resim:  76) | Stalls:  0
[HEARTBEAT] Node: 1 | Tick: 253441 | Conf: 253439 | Hash: 0xC0D05CB1 | Rollbacks: 54 (Resim:  54) | Stalls:  0
[HEARTBEAT] Node: 1 | Tick: 253501 | Conf: 253499 | Hash: 0xA35FA373 | Rollbacks: 58 (Resim:  74) | Stalls:  0
[HEARTBEAT] Node: 1 | Tick: 253561 | Conf: 253559 | Hash: 0x41DA9EF7 | Rollbacks: 60 (Resim:  60) | Stalls:  0
[HEARTBEAT] Node: 1 | Tick: 253621 | Conf: 253619 | Hash: 0xD17FCE5B | Rollbacks: 52 (Resim:  68) | Stalls:  0
[HEARTBEAT] Node: 1 | Tick: 253681 | Conf: 253679 | Hash: 0x98D8169B | Rollbacks: 58 (Resim:  59) | Stalls:  0
[HEARTBEAT] Node: 1 | Tick: 253741 | Conf: 253739 | Hash: 0x53F0FC84 | Rollbacks: 57 (Resim:  61) | Stalls:  0
[HEARTBEAT] Node: 1 | Tick: 253801 | Conf: 253798 | Hash: 0x0287B03A | Rollbacks: 58 (Resim:  79) | Stalls:  0
[HEARTBEAT] Node: 1 | Tick: 253861 | Conf: 253859 | Hash: 0x3D2BA704 | Rollbacks: 52 (Resim:  53) | Stalls:  0
[HEARTBEAT] Node: 1 | Tick: 253921 | Conf: 253918 | Hash: 0x52CBFE55 | Rollbacks: 58 (Resim:  68) | Stalls:  0
[BOT:50005] Heartbeat - Sparse Mods Tracked: 2048
[HEARTBEAT] Node: 1 | Tick: 253981 | Conf: 253979 | Hash: 0x90AEB37B | Rollbacks: 46 (Resim:  59) | Stalls:  0
[HEARTBEAT] Node: 1 | Tick: 254041 | Conf: 254039 | Hash: 0x2C5ED282 | Rollbacks: 44 (Resim:  44) | Stalls:  0
[HEARTBEAT] Node: 1 | Tick: 254101 | Conf: 254099 | Hash: 0x9B077399 | Rollbacks: 51 (Resim:  51) | Stalls:  0
[HEARTBEAT] Node: 1 | Tick: 254161 | Conf: 254159 | Hash: 0x49956BA9 | Rollbacks: 59 (Resim:  68) | Stalls:  0
[HEARTBEAT] Node: 1 | Tick: 254221 | Conf: 254219 | Hash: 0x6638A2A7 | Rollbacks: 59 (Resim:  72) | Stalls:  0
[HEARTBEAT] Node: 1 | Tick: 254281 | Conf: 254279 | Hash: 0xEEFCFF88 | Rollbacks: 57 (Resim:  59) | Stalls:  0
[HEARTBEAT] Node: 1 | Tick: 254341 | Conf: 254339 | Hash: 0xA1443998 | Rollbacks: 59 (Resim:  81) | Stalls:  0
[HEARTBEAT] Node: 1 | Tick: 254401 | Conf: 254399 | Hash: 0x6BBB9042 | Rollbacks: 48 (Resim:  50) | Stalls:  0
[HEARTBEAT] Node: 1 | Tick: 254461 | Conf: 254459 | Hash: 0xCB72FAC6 | Rollbacks: 46 (Resim:  46) | Stalls:  0
[HEARTBEAT] Node: 1 | Tick: 254521 | Conf: 254518 | Hash: 0xB1DB8E4F | Rollbacks: 58 (Resim:  75) | Stalls:  0
[BOT:50005] Heartbeat - Sparse Mods Tracked: 2048
[HEARTBEAT] Node: 1 | Tick: 254581 | Conf: 254579 | Hash: 0x46101B73 | Rollbacks: 50 (Resim:  51) | Stalls:  0
[HEARTBEAT] Node: 1 | Tick: 254641 | Conf: 254639 | Hash: 0x532EDEFC | Rollbacks: 55 (Resim:  60) | Stalls:  0
[HEARTBEAT] Node: 1 | Tick: 254701 | Conf: 254698 | Hash: 0xC76630EA | Rollbacks: 49 (Resim:  61) | Stalls:  0
[HEARTBEAT] Node: 1 | Tick: 254761 | Conf: 254759 | Hash: 0x6D8BDD97 | Rollbacks: 45 (Resim:  46) | Stalls:  0
[HEARTBEAT] Node: 1 | Tick: 254821 | Conf: 254819 | Hash: 0xAFB05C72 | Rollbacks: 40 (Resim:  41) | Stalls:  0
[HEARTBEAT] Node: 1 | Tick: 254881 | Conf: 254879 | Hash: 0xCDC717A1 | Rollbacks: 60 (Resim:  60) | Stalls:  0
[HEARTBEAT] Node: 1 | Tick: 254941 | Conf: 254939 | Hash: 0x33E3FAE4 | Rollbacks: 58 (Resim:  74) | Stalls:  0
[HEARTBEAT] Node: 1 | Tick: 255001 | Conf: 254999 | Hash: 0x1CF61AB7 | Rollbacks: 39 (Resim:  39) | Stalls:  0
[HEARTBEAT] Node: 1 | Tick: 255061 | Conf: 255059 | Hash: 0x6EEA476D | Rollbacks: 47 (Resim:  48) | Stalls:  0
[BOT:50005] Heartbeat - Sparse Mods Tracked: 2048
[HEARTBEAT] Node: 1 | Tick: 255121 | Conf: 255119 | Hash: 0x4CA7A9C8 | Rollbacks: 56 (Resim:  56) | Stalls:  0
[HEARTBEAT] Node: 1 | Tick: 255181 | Conf: 255178 | Hash: 0xCC7A7B2C | Rollbacks: 58 (Resim:  65) | Stalls:  0
[HEARTBEAT] Node: 1 | Tick: 255241 | Conf: 255239 | Hash: 0x1686E505 | Rollbacks: 55 (Resim:  77) | Stalls:  0
[HEARTBEAT] Node: 1 | Tick: 255301 | Conf: 255299 | Hash: 0xE756CBE6 | Rollbacks: 52 (Resim:  52) | Stalls:  0
[HEARTBEAT] Node: 1 | Tick: 255361 | Conf: 255359 | Hash: 0x082EF8C3 | Rollbacks: 58 (Resim:  74) | Stalls:  0
[HEARTBEAT] Node: 1 | Tick: 255421 | Conf: 255419 | Hash: 0xE1CCF4AE | Rollbacks: 52 (Resim:  52) | Stalls:  0
[HEARTBEAT] Node: 1 | Tick: 255481 | Conf: 255479 | Hash: 0x90FCFB9B | Rollbacks: 59 (Resim:  73) | Stalls:  0
[HEARTBEAT] Node: 1 | Tick: 255541 | Conf: 255539 | Hash: 0xE4889341 | Rollbacks: 43 (Resim:  53) | Stalls:  0
[HEARTBEAT] Node: 1 | Tick: 255601 | Conf: 255599 | Hash: 0x94355E78 | Rollbacks: 58 (Resim:  58) | Stalls:  0
[HEARTBEAT] Node: 1 | Tick: 255661 | Conf: 255659 | Hash: 0x02AF3743 | Rollbacks: 59 (Resim:  74) | Stalls:  0
[BOT:50005] Heartbeat - Sparse Mods Tracked: 2048
[HEARTBEAT] Node: 1 | Tick: 255721 | Conf: 255719 | Hash: 0x1F6FB045 | Rollbacks: 39 (Resim:  39) | Stalls:  0
[HEARTBEAT] Node: 1 | Tick: 255781 | Conf: 255779 | Hash: 0x9431636F | Rollbacks: 56 (Resim:  63) | Stalls:  0
[HEARTBEAT] Node: 1 | Tick: 255841 | Conf: 255839 | Hash: 0xECAC28C4 | Rollbacks: 59 (Resim:  67) | Stalls:  0
[HEARTBEAT] Node: 1 | Tick: 255901 | Conf: 255898 | Hash: 0x9AA418AF | Rollbacks: 58 (Resim:  60) | Stalls:  0
[HEARTBEAT] Node: 1 | Tick: 255961 | Conf: 255959 | Hash: 0x7A1FF297 | Rollbacks: 59 (Resim:  83) | Stalls:  0
[HEARTBEAT] Node: 1 | Tick: 256021 | Conf: 256019 | Hash: 0x8F8F3FBF | Rollbacks: 46 (Resim:  46) | Stalls:  0
[HEARTBEAT] Node: 1 | Tick: 256081 | Conf: 256078 | Hash: 0xA725E92F | Rollbacks: 55 (Resim:  57) | Stalls:  0
[HEARTBEAT] Node: 1 | Tick: 256141 | Conf: 256139 | Hash: 0xD13E6FA1 | Rollbacks: 53 (Resim:  74) | Stalls:  0
[HEARTBEAT] Node: 1 | Tick: 256201 | Conf: 256199 | Hash: 0x51C4BE09 | Rollbacks: 51 (Resim:  51) | Stalls:  0
[HEARTBEAT] Node: 1 | Tick: 256261 | Conf: 256259 | Hash: 0x09C9B7F6 | Rollbacks: 59 (Resim:  68) | Stalls:  0
[BOT:50005] Heartbeat - Sparse Mods Tracked: 2048
[HEARTBEAT] Node: 1 | Tick: 256321 | Conf: 256319 | Hash: 0x7FA53A54 | Rollbacks: 50 (Resim:  53) | Stalls:  0
[HEARTBEAT] Node: 1 | Tick: 256381 | Conf: 256379 | Hash: 0x540AAB93 | Rollbacks: 60 (Resim:  60) | Stalls:  0
[HEARTBEAT] Node: 1 | Tick: 256441 | Conf: 256439 | Hash: 0xAF8AE1CE | Rollbacks: 58 (Resim:  83) | Stalls:  0
[HEARTBEAT] Node: 1 | Tick: 256501 | Conf: 256499 | Hash: 0xD0AC7B40 | Rollbacks: 48 (Resim:  48) | Stalls:  0
[HEARTBEAT] Node: 1 | Tick: 256561 | Conf: 256559 | Hash: 0x87E36974 | Rollbacks: 45 (Resim:  45) | Stalls:  0
[HEARTBEAT] Node: 1 | Tick: 256621 | Conf: 256619 | Hash: 0xF4DCD763 | Rollbacks: 59 (Resim:  69) | Stalls:  0
[HEARTBEAT] Node: 1 | Tick: 256681 | Conf: 256679 | Hash: 0xAF446480 | Rollbacks: 48 (Resim:  61) | Stalls:  0
[HEARTBEAT] Node: 1 | Tick: 256741 | Conf: 256739 | Hash: 0x96135C09 | Rollbacks: 37 (Resim:  37) | Stalls:  0
[HEARTBEAT] Node: 1 | Tick: 256801 | Conf: 256799 | Hash: 0x1C42B157 | Rollbacks: 58 (Resim:  58) | Stalls:  0
[HEARTBEAT] Node: 1 | Tick: 256861 | Conf: 256859 | Hash: 0xE920C928 | Rollbacks: 58 (Resim:  72) | Stalls:  0
[BOT:50005] Heartbeat - Sparse Mods Tracked: 2048
[HEARTBEAT] Node: 1 | Tick: 256921 | Conf: 256919 | Hash: 0x1D347A0E | Rollbacks: 59 (Resim:  79) | Stalls:  0
[HEARTBEAT] Node: 1 | Tick: 256981 | Conf: 256979 | Hash: 0x46DFE1A6 | Rollbacks: 49 (Resim:  52) | Stalls:  0
[HEARTBEAT] Node: 1 | Tick: 257041 | Conf: 257038 | Hash: 0xA43E1A08 | Rollbacks: 56 (Resim:  56) | Stalls:  0
[HEARTBEAT] Node: 1 | Tick: 257101 | Conf: 257099 | Hash: 0xD33894FF | Rollbacks: 50 (Resim:  73) | Stalls:  0
[HEARTBEAT] Node: 1 | Tick: 257161 | Conf: 257159 | Hash: 0x0915054A | Rollbacks: 55 (Resim:  55) | Stalls:  0
[HEARTBEAT] Node: 1 | Tick: 257221 | Conf: 257218 | Hash: 0xA0D406F7 | Rollbacks: 59 (Resim:  70) | Stalls:  0
[HEARTBEAT] Node: 1 | Tick: 257281 | Conf: 257279 | Hash: 0x9F5C51BB | Rollbacks: 47 (Resim:  55) | Stalls:  0
[HEARTBEAT] Node: 1 | Tick: 257341 | Conf: 257339 | Hash: 0x1FE6F7C6 | Rollbacks: 48 (Resim:  48) | Stalls:  0
[HEARTBEAT] Node: 1 | Tick: 257401 | Conf: 257399 | Hash: 0xF2636160 | Rollbacks: 51 (Resim:  51) | Stalls:  0
[HEARTBEAT] Node: 1 | Tick: 257461 | Conf: 257459 | Hash: 0xA561BE9D | Rollbacks: 59 (Resim:  78) | Stalls:  0
[BOT:50005] Heartbeat - Sparse Mods Tracked: 2048
[HEARTBEAT] Node: 1 | Tick: 257521 | Conf: 257519 | Hash: 0xAC197D6E | Rollbacks: 48 (Resim:  48) | Stalls:  0
[HEARTBEAT] Node: 1 | Tick: 257581 | Conf: 257579 | Hash: 0x6F26B48F | Rollbacks: 57 (Resim:  57) | Stalls:  0
[HEARTBEAT] Node: 1 | Tick: 257641 | Conf: 257638 | Hash: 0x5057243B | Rollbacks: 58 (Resim:  69) | Stalls:  0
[HEARTBEAT] Node: 1 | Tick: 257701 | Conf: 257699 | Hash: 0xAEBB6E8F | Rollbacks: 54 (Resim:  60) | Stalls:  0
[HEARTBEAT] Node: 1 | Tick: 257761 | Conf: 257759 | Hash: 0xF172A5AA | Rollbacks: 60 (Resim:  60) | Stalls:  0
[HEARTBEAT] Node: 1 | Tick: 257821 | Conf: 257819 | Hash: 0xF35BF26D | Rollbacks: 49 (Resim:  70) | Stalls:  0
[HEARTBEAT] Node: 1 | Tick: 257881 | Conf: 257879 | Hash: 0x09439CEF | Rollbacks: 51 (Resim:  51) | Stalls:  0
[HEARTBEAT] Node: 1 | Tick: 257941 | Conf: 257938 | Hash: 0x72DF79F3 | Rollbacks: 58 (Resim:  70) | Stalls:  0
[HEARTBEAT] Node: 1 | Tick: 258001 | Conf: 257999 | Hash: 0x2EA57B05 | Rollbacks: 50 (Resim:  55) | Stalls:  0
[HEARTBEAT] Node: 1 | Tick: 258061 | Conf: 258059 | Hash: 0x33D8A06F | Rollbacks: 58 (Resim:  58) | Stalls:  0
[BOT:50005] Heartbeat - Sparse Mods Tracked: 2048
[HEARTBEAT] Node: 1 | Tick: 258121 | Conf: 258119 | Hash: 0x5F088062 | Rollbacks: 55 (Resim:  84) | Stalls:  0
[HEARTBEAT] Node: 1 | Tick: 258181 | Conf: 258179 | Hash: 0xAAB7ED66 | Rollbacks: 50 (Resim:  50) | Stalls:  0
[HEARTBEAT] Node: 1 | Tick: 258241 | Conf: 258238 | Hash: 0x5AA50AB2 | Rollbacks: 58 (Resim:  61) | Stalls:  0
[HEARTBEAT] Node: 1 | Tick: 258301 | Conf: 258299 | Hash: 0x23DFE21A | Rollbacks: 58 (Resim:  80) | Stalls:  0
[HEARTBEAT] Node: 1 | Tick: 258361 | Conf: 258359 | Hash: 0x10AC8A08 | Rollbacks: 51 (Resim:  51) | Stalls:  0
[HEARTBEAT] Node: 1 | Tick: 258421 | Conf: 258418 | Hash: 0x78D5B98F | Rollbacks: 53 (Resim:  57) | Stalls:  0
[HEARTBEAT] Node: 1 | Tick: 258481 | Conf: 258479 | Hash: 0xF9083579 | Rollbacks: 59 (Resim:  74) | Stalls:  0
[HEARTBEAT] Node: 1 | Tick: 258541 | Conf: 258539 | Hash: 0x9201CA18 | Rollbacks: 42 (Resim:  42) | Stalls:  0
[HEARTBEAT] Node: 1 | Tick: 258601 | Conf: 258599 | Hash: 0xEB1A30F8 | Rollbacks: 59 (Resim:  72) | Stalls:  0
[BOT:50005] Heartbeat - Sparse Mods Tracked: 2048
[HEARTBEAT] Node: 1 | Tick: 258661 | Conf: 258659 | Hash: 0x57707D5C | Rollbacks: 52 (Resim:  61) | Stalls:  0
[HEARTBEAT] Node: 1 | Tick: 258721 | Conf: 258719 | Hash: 0x0469A8C6 | Rollbacks: 45 (Resim:  45) | Stalls:  0
[HEARTBEAT] Node: 1 | Tick: 258781 | Conf: 258778 | Hash: 0x19C40660 | Rollbacks: 59 (Resim:  75) | Stalls:  0
[HEARTBEAT] Node: 1 | Tick: 258841 | Conf: 258839 | Hash: 0x4BC72799 | Rollbacks: 60 (Resim:  65) | Stalls:  0
[HEARTBEAT] Node: 1 | Tick: 258901 | Conf: 258898 | Hash: 0x31C73854 | Rollbacks: 58 (Resim:  68) | Stalls:  0
[HEARTBEAT] Node: 1 | Tick: 258961 | Conf: 258959 | Hash: 0x0900521A | Rollbacks: 54 (Resim:  67) | Stalls:  0
[HEARTBEAT] Node: 1 | Tick: 259021 | Conf: 259019 | Hash: 0x6651D51D | Rollbacks: 55 (Resim:  55) | Stalls:  0
[HEARTBEAT] Node: 1 | Tick: 259081 | Conf: 259079 | Hash: 0x12DB53EB | Rollbacks: 59 (Resim:  82) | Stalls:  0
[HEARTBEAT] Node: 1 | Tick: 259141 | Conf: 259139 | Hash: 0xCF254C1D | Rollbacks: 59 (Resim:  59) | Stalls:  0
[HEARTBEAT] Node: 1 | Tick: 259201 | Conf: 259198 | Hash: 0x71EBB95F | Rollbacks: 58 (Resim:  73) | Stalls:  0
[BOT:50005] Heartbeat - Sparse Mods Tracked: 2048
[HEARTBEAT] Node: 1 | Tick: 259261 | Conf: 259258 | Hash: 0x84CD1313 | Rollbacks: 50 (Resim:  58) | Stalls:  0
[HEARTBEAT] Node: 1 | Tick: 259321 | Conf: 259319 | Hash: 0x7E673534 | Rollbacks: 49 (Resim:  53) | Stalls:  0
[HEARTBEAT] Node: 1 | Tick: 259381 | Conf: 259379 | Hash: 0x071AB7CC | Rollbacks: 36 (Resim:  36) | Stalls:  0
[HEARTBEAT] Node: 1 | Tick: 259441 | Conf: 259439 | Hash: 0x9E4729F9 | Rollbacks: 52 (Resim:  52) | Stalls:  0
[HEARTBEAT] Node: 1 | Tick: 259501 | Conf: 259499 | Hash: 0x89B63B7D | Rollbacks: 55 (Resim:  55) | Stalls:  0
[HEARTBEAT] Node: 1 | Tick: 259561 | Conf: 259559 | Hash: 0x3265F5C8 | Rollbacks: 56 (Resim:  76) | Stalls:  0
[HEARTBEAT] Node: 1 | Tick: 259621 | Conf: 259619 | Hash: 0x69A28588 | Rollbacks: 49 (Resim:  49) | Stalls:  0
[HEARTBEAT] Node: 1 | Tick: 259681 | Conf: 259679 | Hash: 0xA92A4654 | Rollbacks: 59 (Resim:  63) | Stalls:  0
[HEARTBEAT] Node: 1 | Tick: 259741 | Conf: 259739 | Hash: 0x96C3909F | Rollbacks: 54 (Resim:  75) | Stalls:  0
[HEARTBEAT] Node: 1 | Tick: 259801 | Conf: 259799 | Hash: 0x6703B5A5 | Rollbacks: 51 (Resim:  55) | Stalls:  0
[BOT:50005] Heartbeat - Sparse Mods Tracked: 2048
[HEARTBEAT] Node: 1 | Tick: 259861 | Conf: 259859 | Hash: 0x7C898FC0 | Rollbacks: 51 (Resim:  51) | Stalls:  0
[HEARTBEAT] Node: 1 | Tick: 259921 | Conf: 259918 | Hash: 0xB99B49EA | Rollbacks: 58 (Resim:  69) | Stalls:  0
[HEARTBEAT] Node: 1 | Tick: 259981 | Conf: 259979 | Hash: 0x76A175F1 | Rollbacks: 48 (Resim:  52) | Stalls:  0
[HEARTBEAT] Node: 1 | Tick: 260041 | Conf: 260039 | Hash: 0x6CBD775D | Rollbacks: 57 (Resim:  57) | Stalls:  0
[HEARTBEAT] Node: 1 | Tick: 260101 | Conf: 260098 | Hash: 0xA2F4B0AC | Rollbacks: 56 (Resim:  80) | Stalls:  0
[HEARTBEAT] Node: 1 | Tick: 260161 | Conf: 260159 | Hash: 0x298DCF3B | Rollbacks: 60 (Resim:  61) | Stalls:  0
[HEARTBEAT] Node: 1 | Tick: 260221 | Conf: 260219 | Hash: 0x03B53DC2 | Rollbacks: 58 (Resim:  62) | Stalls:  0
[HEARTBEAT] Node: 1 | Tick: 260281 | Conf: 260279 | Hash: 0x9F9AF017 | Rollbacks: 58 (Resim:  76) | Stalls:  0
[HEARTBEAT] Node: 1 | Tick: 260341 | Conf: 260339 | Hash: 0xAB3EAB5A | Rollbacks: 42 (Resim:  42) | Stalls:  0
[HEARTBEAT] Node: 1 | Tick: 260401 | Conf: 260399 | Hash: 0x742D583D | Rollbacks: 52 (Resim:  52) | Stalls:  0
[BOT:50005] Heartbeat - Sparse Mods Tracked: 2048
[HEARTBEAT] Node: 1 | Tick: 260461 | Conf: 260459 | Hash: 0xAD3C250F | Rollbacks: 60 (Resim:  60) | Stalls:  0
[HEARTBEAT] Node: 1 | Tick: 260521 | Conf: 260519 | Hash: 0x4C5401C6 | Rollbacks: 49 (Resim:  65) | Stalls:  0
[HEARTBEAT] Node: 1 | Tick: 260581 | Conf: 260579 | Hash: 0x1D1FC736 | Rollbacks: 46 (Resim:  49) | Stalls:  0
[HEARTBEAT] Node: 1 | Tick: 260641 | Conf: 260639 | Hash: 0x82951A59 | Rollbacks: 49 (Resim:  52) | Stalls:  0
[HEARTBEAT] Node: 1 | Tick: 260701 | Conf: 260698 | Hash: 0xD9025DDD | Rollbacks: 58 (Resim:  73) | Stalls:  0
[HEARTBEAT] Node: 1 | Tick: 260761 | Conf: 260759 | Hash: 0x5301ACC0 | Rollbacks: 52 (Resim:  60) | Stalls:  0
[HEARTBEAT] Node: 1 | Tick: 260821 | Conf: 260818 | Hash: 0x1853386B | Rollbacks: 57 (Resim:  69) | Stalls:  0
[HEARTBEAT] Node: 1 | Tick: 260881 | Conf: 260879 | Hash: 0xC5A11DC5 | Rollbacks: 59 (Resim:  71) | Stalls:  0
[HEARTBEAT] Node: 1 | Tick: 260941 | Conf: 260939 | Hash: 0xE6024783 | Rollbacks: 41 (Resim:  44) | Stalls:  0
[HEARTBEAT] Node: 1 | Tick: 261001 | Conf: 260999 | Hash: 0x9E8A177B | Rollbacks: 59 (Resim:  67) | Stalls:  0
[BOT:50005] Heartbeat - Sparse Mods Tracked: 2048
[HEARTBEAT] Node: 1 | Tick: 261061 | Conf: 261059 | Hash: 0xF2EB832E | Rollbacks: 57 (Resim:  67) | Stalls:  0
[HEARTBEAT] Node: 1 | Tick: 261121 | Conf: 261119 | Hash: 0x560D4D4E | Rollbacks: 55 (Resim:  77) | Stalls:  0
[HEARTBEAT] Node: 1 | Tick: 261181 | Conf: 261179 | Hash: 0x31DD91F2 | Rollbacks: 49 (Resim:  49) | Stalls:  0
[HEARTBEAT] Node: 1 | Tick: 261241 | Conf: 261238 | Hash: 0x254EBA2C | Rollbacks: 58 (Resim:  60) | Stalls:  0
[HEARTBEAT] Node: 1 | Tick: 261301 | Conf: 261299 | Hash: 0x193B8469 | Rollbacks: 45 (Resim:  62) | Stalls:  0
[HEARTBEAT] Node: 1 | Tick: 261361 | Conf: 261358 | Hash: 0xC67D27BF | Rollbacks: 58 (Resim:  58) | Stalls:  0
[HEARTBEAT] Node: 1 | Tick: 261421 | Conf: 261419 | Hash: 0x8D924389 | Rollbacks: 60 (Resim:  83) | Stalls:  0
[HEARTBEAT] Node: 1 | Tick: 261481 | Conf: 261479 | Hash: 0x85886A06 | Rollbacks: 52 (Resim:  52) | Stalls:  0
[HEARTBEAT] Node: 1 | Tick: 261541 | Conf: 261538 | Hash: 0xEC7F3551 | Rollbacks: 58 (Resim:  75) | Stalls:  0
[HEARTBEAT] Node: 1 | Tick: 261601 | Conf: 261599 | Hash: 0x7D7D2E7C | Rollbacks: 48 (Resim:  59) | Stalls:  0
[BOT:50005] Heartbeat - Sparse Mods Tracked: 2048
[HEARTBEAT] Node: 1 | Tick: 261661 | Conf: 261659 | Hash: 0x3703302F | Rollbacks: 51 (Resim:  51) | Stalls:  0
[HEARTBEAT] Node: 1 | Tick: 261721 | Conf: 261718 | Hash: 0xF90E1E5D | Rollbacks: 58 (Resim:  68) | Stalls:  0
[HEARTBEAT] Node: 1 | Tick: 261781 | Conf: 261779 | Hash: 0x73E0F138 | Rollbacks: 59 (Resim:  75) | Stalls:  0
[HEARTBEAT] Node: 1 | Tick: 261841 | Conf: 261839 | Hash: 0x385D0BB6 | Rollbacks: 46 (Resim:  46) | Stalls:  0
[HEARTBEAT] Node: 1 | Tick: 261901 | Conf: 261899 | Hash: 0x338BB876 | Rollbacks: 48 (Resim:  48) | Stalls:  0
[HEARTBEAT] Node: 1 | Tick: 261961 | Conf: 261958 | Hash: 0x55F6C146 | Rollbacks: 57 (Resim:  62) | Stalls:  0
[HEARTBEAT] Node: 1 | Tick: 262021 | Conf: 262019 | Hash: 0x39488E62 | Rollbacks: 52 (Resim:  67) | Stalls:  0
[HEARTBEAT] Node: 1 | Tick: 262081 | Conf: 262079 | Hash: 0x30423022 | Rollbacks: 50 (Resim:  50) | Stalls:  0
[HEARTBEAT] Node: 1 | Tick: 262141 | Conf: 262139 | Hash: 0x8579B1DA | Rollbacks: 59 (Resim:  72) | Stalls:  0
[BOT:50005] Heartbeat - Sparse Mods Tracked: 2048
[HEARTBEAT] Node: 1 | Tick: 262201 | Conf: 262199 | Hash: 0xF1318197 | Rollbacks: 50 (Resim:  54) | Stalls:  0
[HEARTBEAT] Node: 1 | Tick: 262261 | Conf: 262259 | Hash: 0xEBF28A76 | Rollbacks: 51 (Resim:  51) | Stalls:  0
[HEARTBEAT] Node: 1 | Tick: 262321 | Conf: 262318 | Hash: 0xCBE92A0F | Rollbacks: 53 (Resim:  54) | Stalls:  0
[HEARTBEAT] Node: 1 | Tick: 262381 | Conf: 262379 | Hash: 0x7FC31602 | Rollbacks: 59 (Resim:  79) | Stalls:  0
[HEARTBEAT] Node: 1 | Tick: 262441 | Conf: 262439 | Hash: 0xA91BA75B | Rollbacks: 44 (Resim:  47) | Stalls:  0
[HEARTBEAT] Node: 1 | Tick: 262501 | Conf: 262499 | Hash: 0xD7DB30EA | Rollbacks: 45 (Resim:  45) | Stalls:  0
[HEARTBEAT] Node: 1 | Tick: 262561 | Conf: 262559 | Hash: 0x04EC1898 | Rollbacks: 60 (Resim:  60) | Stalls:  0
[HEARTBEAT] Node: 1 | Tick: 262621 | Conf: 262619 | Hash: 0x78504722 | Rollbacks: 54 (Resim:  78) | Stalls:  0
[HEARTBEAT] Node: 1 | Tick: 262681 | Conf: 262679 | Hash: 0xE6F1115C | Rollbacks: 57 (Resim:  60) | Stalls:  0
[HEARTBEAT] Node: 1 | Tick: 262741 | Conf: 262739 | Hash: 0xFA6542E4 | Rollbacks: 50 (Resim:  50) | Stalls:  0
[BOT:50005] Heartbeat - Sparse Mods Tracked: 2048
[HEARTBEAT] Node: 1 | Tick: 262801 | Conf: 262799 | Hash: 0x1F2288D2 | Rollbacks: 59 (Resim:  64) | Stalls:  0
[HEARTBEAT] Node: 1 | Tick: 262861 | Conf: 262859 | Hash: 0xD40F278C | Rollbacks: 59 (Resim:  70) | Stalls:  0
[HEARTBEAT] Node: 1 | Tick: 262921 | Conf: 262919 | Hash: 0x55DE9A41 | Rollbacks: 52 (Resim:  72) | Stalls:  0
[HEARTBEAT] Node: 1 | Tick: 262981 | Conf: 262979 | Hash: 0x75B2464A | Rollbacks: 50 (Resim:  52) | Stalls:  0
[HEARTBEAT] Node: 1 | Tick: 263041 | Conf: 263039 | Hash: 0x850EFC2D | Rollbacks: 57 (Resim:  80) | Stalls:  0
[HEARTBEAT] Node: 1 | Tick: 263101 | Conf: 263099 | Hash: 0x31F4057A | Rollbacks: 58 (Resim:  58) | Stalls:  0
[HEARTBEAT] Node: 1 | Tick: 263161 | Conf: 263159 | Hash: 0xFDD7FDB1 | Rollbacks: 59 (Resim:  74) | Stalls:  0
[HEARTBEAT] Node: 1 | Tick: 263221 | Conf: 263219 | Hash: 0x5367F074 | Rollbacks: 36 (Resim:  38) | Stalls:  0
[HEARTBEAT] Node: 1 | Tick: 263281 | Conf: 263279 | Hash: 0xBE829420 | Rollbacks: 60 (Resim:  60) | Stalls:  0
[HEARTBEAT] Node: 1 | Tick: 263341 | Conf: 263339 | Hash: 0xA2B3F98F | Rollbacks: 47 (Resim:  56) | Stalls:  0
[BOT:50005] Heartbeat - Sparse Mods Tracked: 2048
[HEARTBEAT] Node: 1 | Tick: 263401 | Conf: 263399 | Hash: 0x91CA66C6 | Rollbacks: 46 (Resim:  48) | Stalls:  0
[HEARTBEAT] Node: 1 | Tick: 263461 | Conf: 263459 | Hash: 0xDB116A13 | Rollbacks: 44 (Resim:  44) | Stalls:  0
[HEARTBEAT] Node: 1 | Tick: 263521 | Conf: 263519 | Hash: 0x9CA9048A | Rollbacks: 50 (Resim:  50) | Stalls:  0
[HEARTBEAT] Node: 1 | Tick: 263581 | Conf: 263579 | Hash: 0x96BEA70B | Rollbacks: 46 (Resim:  46) | Stalls:  0
[HEARTBEAT] Node: 1 | Tick: 263641 | Conf: 263639 | Hash: 0x24AD4248 | Rollbacks: 46 (Resim:  52) | Stalls:  0
[HEARTBEAT] Node: 1 | Tick: 263701 | Conf: 263699 | Hash: 0xB75B8848 | Rollbacks: 43 (Resim:  45) | Stalls:  0
[HEARTBEAT] Node: 1 | Tick: 263761 | Conf: 263759 | Hash: 0xA1617A84 | Rollbacks: 59 (Resim:  81) | Stalls:  0
[HEARTBEAT] Node: 1 | Tick: 263821 | Conf: 263819 | Hash: 0xEEC7A269 | Rollbacks: 60 (Resim:  60) | Stalls:  0
[HEARTBEAT] Node: 1 | Tick: 263881 | Conf: 263879 | Hash: 0x384586AE | Rollbacks: 58 (Resim:  67) | Stalls:  0
[HEARTBEAT] Node: 1 | Tick: 263941 | Conf: 263939 | Hash: 0x4ECA44E7 | Rollbacks: 58 (Resim:  70) | Stalls:  0
[BOT:50005] Heartbeat - Sparse Mods Tracked: 2048
[HEARTBEAT] Node: 1 | Tick: 264001 | Conf: 263999 | Hash: 0xA1D9D04B | Rollbacks: 59 (Resim:  61) | Stalls:  0
[HEARTBEAT] Node: 1 | Tick: 264061 | Conf: 264059 | Hash: 0xD8A8AEB1 | Rollbacks: 52 (Resim:  75) | Stalls:  0
[HEARTBEAT] Node: 1 | Tick: 264121 | Conf: 264119 | Hash: 0xA1C51F50 | Rollbacks: 48 (Resim:  50) | Stalls:  0
[HEARTBEAT] Node: 1 | Tick: 264181 | Conf: 264178 | Hash: 0xED5E940E | Rollbacks: 59 (Resim:  77) | Stalls:  0
[HEARTBEAT] Node: 1 | Tick: 264241 | Conf: 264239 | Hash: 0x8D993AEF | Rollbacks: 50 (Resim:  53) | Stalls:  0
[HEARTBEAT] Node: 1 | Tick: 264301 | Conf: 264299 | Hash: 0x4F47A532 | Rollbacks: 46 (Resim:  46) | Stalls:  0
[HEARTBEAT] Node: 1 | Tick: 264361 | Conf: 264358 | Hash: 0xECAD3974 | Rollbacks: 55 (Resim:  71) | Stalls:  0
[HEARTBEAT] Node: 1 | Tick: 264421 | Conf: 264419 | Hash: 0x92F0C5C3 | Rollbacks: 57 (Resim:  63) | Stalls:  0
[HEARTBEAT] Node: 1 | Tick: 264481 | Conf: 264479 | Hash: 0x1BFDCBB3 | Rollbacks: 46 (Resim:  49) | Stalls:  0
[HEARTBEAT] Node: 1 | Tick: 264541 | Conf: 264538 | Hash: 0x3A35CF32 | Rollbacks: 54 (Resim:  68) | Stalls:  0
[BOT:50005] Heartbeat - Sparse Mods Tracked: 2048
[HEARTBEAT] Node: 1 | Tick: 264601 | Conf: 264599 | Hash: 0xD684473D | Rollbacks: 44 (Resim:  48) | Stalls:  0
[HEARTBEAT] Node: 1 | Tick: 264661 | Conf: 264659 | Hash: 0xFCEF4F7C | Rollbacks: 48 (Resim:  48) | Stalls:  0
[HEARTBEAT] Node: 1 | Tick: 264721 | Conf: 264719 | Hash: 0xBAF52679 | Rollbacks: 59 (Resim:  68) | Stalls:  0
[HEARTBEAT] Node: 1 | Tick: 264781 | Conf: 264779 | Hash: 0x793A60A9 | Rollbacks: 55 (Resim:  70) | Stalls:  0
[HEARTBEAT] Node: 1 | Tick: 264841 | Conf: 264839 | Hash: 0x803EF848 | Rollbacks: 52 (Resim:  55) | Stalls:  0
[HEARTBEAT] Node: 1 | Tick: 264901 | Conf: 264898 | Hash: 0xFDD73DEC | Rollbacks: 58 (Resim:  64) | Stalls:  0
[HEARTBEAT] Node: 1 | Tick: 264961 | Conf: 264959 | Hash: 0x837F8752 | Rollbacks: 46 (Resim:  62) | Stalls:  0
[HEARTBEAT] Node: 1 | Tick: 265021 | Conf: 265018 | Hash: 0x02116DE9 | Rollbacks: 59 (Resim:  60) | Stalls:  0
[HEARTBEAT] Node: 1 | Tick: 265081 | Conf: 265079 | Hash: 0xFA17D3AF | Rollbacks: 48 (Resim:  70) | Stalls:  0
[HEARTBEAT] Node: 1 | Tick: 265141 | Conf: 265139 | Hash: 0x5466D645 | Rollbacks: 49 (Resim:  51) | Stalls:  0
[BOT:50005] Heartbeat - Sparse Mods Tracked: 2048
[HEARTBEAT] Node: 1 | Tick: 265201 | Conf: 265199 | Hash: 0xD75230D0 | Rollbacks: 58 (Resim:  65) | Stalls:  0
[HEARTBEAT] Node: 1 | Tick: 265261 | Conf: 265259 | Hash: 0xA66E8FC6 | Rollbacks: 47 (Resim:  65) | Stalls:  0
[HEARTBEAT] Node: 1 | Tick: 265321 | Conf: 265319 | Hash: 0xB95B9ED5 | Rollbacks: 47 (Resim:  47) | Stalls:  0
[HEARTBEAT] Node: 1 | Tick: 265381 | Conf: 265378 | Hash: 0x31D94A98 | Rollbacks: 58 (Resim:  67) | Stalls:  0
[HEARTBEAT] Node: 1 | Tick: 265441 | Conf: 265439 | Hash: 0x1CF65A69 | Rollbacks: 51 (Resim:  67) | Stalls:  0
[HEARTBEAT] Node: 1 | Tick: 265501 | Conf: 265498 | Hash: 0xF7EC6306 | Rollbacks: 53 (Resim:  57) | Stalls:  0
[HEARTBEAT] Node: 1 | Tick: 265561 | Conf: 265559 | Hash: 0x8E4EF116 | Rollbacks: 54 (Resim:  78) | Stalls:  0
[HEARTBEAT] Node: 1 | Tick: 265621 | Conf: 265619 | Hash: 0xA18C2980 | Rollbacks: 54 (Resim:  62) | Stalls:  0
[HEARTBEAT] Node: 1 | Tick: 265681 | Conf: 265679 | Hash: 0xF45C3712 | Rollbacks: 58 (Resim:  58) | Stalls:  0
[BOT:50005] Heartbeat - Sparse Mods Tracked: 2048
[HEARTBEAT] Node: 1 | Tick: 265741 | Conf: 265739 | Hash: 0x5324122A | Rollbacks: 59 (Resim:  71) | Stalls:  0
[HEARTBEAT] Node: 1 | Tick: 265801 | Conf: 265799 | Hash: 0xB34B78FC | Rollbacks: 54 (Resim:  54) | Stalls:  0
[HEARTBEAT] Node: 1 | Tick: 265861 | Conf: 265859 | Hash: 0x4BB7F524 | Rollbacks: 58 (Resim:  60) | Stalls:  0
[HEARTBEAT] Node: 1 | Tick: 265921 | Conf: 265919 | Hash: 0xADB63694 | Rollbacks: 55 (Resim:  69) | Stalls:  0
[HEARTBEAT] Node: 1 | Tick: 265981 | Conf: 265979 | Hash: 0x8F98562B | Rollbacks: 48 (Resim:  50) | Stalls:  0
[HEARTBEAT] Node: 1 | Tick: 266041 | Conf: 266039 | Hash: 0xB292DA22 | Rollbacks: 59 (Resim:  61) | Stalls:  0
[HEARTBEAT] Node: 1 | Tick: 266101 | Conf: 266099 | Hash: 0x82B16AC8 | Rollbacks: 50 (Resim:  63) | Stalls:  0
[HEARTBEAT] Node: 1 | Tick: 266161 | Conf: 266159 | Hash: 0x4BA05578 | Rollbacks: 55 (Resim:  81) | Stalls:  0
[HEARTBEAT] Node: 1 | Tick: 266221 | Conf: 266219 | Hash: 0x70697BC5 | Rollbacks: 60 (Resim:  60) | Stalls:  0
[HEARTBEAT] Node: 1 | Tick: 266281 | Conf: 266279 | Hash: 0x312DD324 | Rollbacks: 47 (Resim:  61) | Stalls:  0
[BOT:50005] Heartbeat - Sparse Mods Tracked: 2048
[HEARTBEAT] Node: 1 | Tick: 266341 | Conf: 266339 | Hash: 0x026A94C3 | Rollbacks: 59 (Resim:  61) | Stalls:  0
[HEARTBEAT] Node: 1 | Tick: 266401 | Conf: 266399 | Hash: 0x7650005E | Rollbacks: 51 (Resim:  71) | Stalls:  0
[HEARTBEAT] Node: 1 | Tick: 266461 | Conf: 266459 | Hash: 0xB8D7FDAF | Rollbacks: 44 (Resim:  44) | Stalls:  0
[HEARTBEAT] Node: 1 | Tick: 266521 | Conf: 266519 | Hash: 0x63C9ED1F | Rollbacks: 50 (Resim:  54) | Stalls:  0
[HEARTBEAT] Node: 1 | Tick: 266581 | Conf: 266579 | Hash: 0xC805F49B | Rollbacks: 38 (Resim:  38) | Stalls:  0
[HEARTBEAT] Node: 1 | Tick: 266641 | Conf: 266639 | Hash: 0x7DD13D77 | Rollbacks: 59 (Resim:  64) | Stalls:  0
[HEARTBEAT] Node: 1 | Tick: 266701 | Conf: 266699 | Hash: 0x63C73DAD | Rollbacks: 52 (Resim:  65) | Stalls:  0
[HEARTBEAT] Node: 1 | Tick: 266761 | Conf: 266759 | Hash: 0xF12F9E3C | Rollbacks: 45 (Resim:  50) | Stalls:  0
[HEARTBEAT] Node: 1 | Tick: 266821 | Conf: 266819 | Hash: 0xF600C7F9 | Rollbacks: 47 (Resim:  47) | Stalls:  0
[HEARTBEAT] Node: 1 | Tick: 266881 | Conf: 266879 | Hash: 0xAA9E7158 | Rollbacks: 49 (Resim:  49) | Stalls:  0
[BOT:50005] Heartbeat - Sparse Mods Tracked: 2048
[HEARTBEAT] Node: 1 | Tick: 266941 | Conf: 266938 | Hash: 0xBF8B68CA | Rollbacks: 58 (Resim:  69) | Stalls:  0
[HEARTBEAT] Node: 1 | Tick: 267001 | Conf: 266999 | Hash: 0x07F7C3DB | Rollbacks: 47 (Resim:  53) | Stalls:  0
[HEARTBEAT] Node: 1 | Tick: 267061 | Conf: 267059 | Hash: 0x953027AB | Rollbacks: 60 (Resim:  60) | Stalls:  0
[HEARTBEAT] Node: 1 | Tick: 267121 | Conf: 267119 | Hash: 0x3189696D | Rollbacks: 45 (Resim:  61) | Stalls:  0
[HEARTBEAT] Node: 1 | Tick: 267181 | Conf: 267179 | Hash: 0x2EEF39FA | Rollbacks: 53 (Resim:  53) | Stalls:  0
[HEARTBEAT] Node: 1 | Tick: 267241 | Conf: 267239 | Hash: 0x881AFDBB | Rollbacks: 58 (Resim:  78) | Stalls:  0
[HEARTBEAT] Node: 1 | Tick: 267301 | Conf: 267299 | Hash: 0x667D5463 | Rollbacks: 54 (Resim:  54) | Stalls:  0
[HEARTBEAT] Node: 1 | Tick: 267361 | Conf: 267359 | Hash: 0x558913DF | Rollbacks: 59 (Resim:  61) | Stalls:  0
[HEARTBEAT] Node: 1 | Tick: 267421 | Conf: 267419 | Hash: 0xBA2C1EAA | Rollbacks: 47 (Resim:  70) | Stalls:  0
[HEARTBEAT] Node: 1 | Tick: 267481 | Conf: 267479 | Hash: 0x28F32B1D | Rollbacks: 52 (Resim:  52) | Stalls:  0
[BOT:50005] Heartbeat - Sparse Mods Tracked: 2048
[HEARTBEAT] Node: 1 | Tick: 267541 | Conf: 267539 | Hash: 0xF5D45828 | Rollbacks: 59 (Resim:  60) | Stalls:  0
[HEARTBEAT] Node: 1 | Tick: 267601 | Conf: 267599 | Hash: 0xC3556350 | Rollbacks: 58 (Resim:  83) | Stalls:  0
[HEARTBEAT] Node: 1 | Tick: 267661 | Conf: 267659 | Hash: 0xDF155AC5 | Rollbacks: 50 (Resim:  50) | Stalls:  0
[HEARTBEAT] Node: 1 | Tick: 267721 | Conf: 267719 | Hash: 0x666EE89F | Rollbacks: 56 (Resim:  56) | Stalls:  0
[HEARTBEAT] Node: 1 | Tick: 267781 | Conf: 267779 | Hash: 0x613F531A | Rollbacks: 55 (Resim:  75) | Stalls:  0
[HEARTBEAT] Node: 1 | Tick: 267841 | Conf: 267839 | Hash: 0x79DC8C85 | Rollbacks: 52 (Resim:  58) | Stalls:  0
[HEARTBEAT] Node: 1 | Tick: 267901 | Conf: 267899 | Hash: 0x4763E2EC | Rollbacks: 45 (Resim:  48) | Stalls:  0
[HEARTBEAT] Node: 1 | Tick: 267961 | Conf: 267959 | Hash: 0xD0CC38A5 | Rollbacks: 43 (Resim:  49) | Stalls:  0
[HEARTBEAT] Node: 1 | Tick: 268021 | Conf: 268019 | Hash: 0x68238C56 | Rollbacks: 41 (Resim:  41) | Stalls:  0
[HEARTBEAT] Node: 1 | Tick: 268081 | Conf: 268079 | Hash: 0x9BBE779D | Rollbacks: 51 (Resim:  51) | Stalls:  0
[BOT:50005] Heartbeat - Sparse Mods Tracked: 2048
[HEARTBEAT] Node: 1 | Tick: 268141 | Conf: 268138 | Hash: 0xA00F95D5 | Rollbacks: 58 (Resim:  67) | Stalls:  0
[HEARTBEAT] Node: 1 | Tick: 268201 | Conf: 268199 | Hash: 0xDD541F90 | Rollbacks: 55 (Resim:  67) | Stalls:  0
[HEARTBEAT] Node: 1 | Tick: 268261 | Conf: 268259 | Hash: 0xB734363E | Rollbacks: 43 (Resim:  43) | Stalls:  0
[HEARTBEAT] Node: 1 | Tick: 268321 | Conf: 268319 | Hash: 0x8DD2530F | Rollbacks: 59 (Resim:  63) | Stalls:  0
[HEARTBEAT] Node: 1 | Tick: 268381 | Conf: 268379 | Hash: 0x89A1A31C | Rollbacks: 51 (Resim:  66) | Stalls:  0
[HEARTBEAT] Node: 1 | Tick: 268441 | Conf: 268439 | Hash: 0xD6849AFC | Rollbacks: 47 (Resim:  47) | Stalls:  0
[HEARTBEAT] Node: 1 | Tick: 268501 | Conf: 268499 | Hash: 0x91A5662A | Rollbacks: 42 (Resim:  44) | Stalls:  0
[HEARTBEAT] Node: 1 | Tick: 268561 | Conf: 268559 | Hash: 0x1F6342AB | Rollbacks: 53 (Resim:  53) | Stalls:  0
[HEARTBEAT] Node: 1 | Tick: 268621 | Conf: 268619 | Hash: 0x2BE86E64 | Rollbacks: 58 (Resim:  69) | Stalls:  0
[HEARTBEAT] Node: 1 | Tick: 268681 | Conf: 268679 | Hash: 0x9FEA215C | Rollbacks: 52 (Resim:  66) | Stalls:  0
[BOT:50005] Heartbeat - Sparse Mods Tracked: 2048
[HEARTBEAT] Node: 1 | Tick: 268741 | Conf: 268739 | Hash: 0x18C7DACE | Rollbacks: 51 (Resim:  57) | Stalls:  0
[HEARTBEAT] Node: 1 | Tick: 268801 | Conf: 268799 | Hash: 0xBAFC2862 | Rollbacks: 44 (Resim:  44) | Stalls:  0
[HEARTBEAT] Node: 1 | Tick: 268861 | Conf: 268859 | Hash: 0xBA1C9C57 | Rollbacks: 59 (Resim:  60) | Stalls:  0
[HEARTBEAT] Node: 1 | Tick: 268921 | Conf: 268918 | Hash: 0xF75E9C16 | Rollbacks: 58 (Resim:  76) | Stalls:  0
[HEARTBEAT] Node: 1 | Tick: 268981 | Conf: 268979 | Hash: 0x35F112EE | Rollbacks: 52 (Resim:  61) | Stalls:  0
[HEARTBEAT] Node: 1 | Tick: 269041 | Conf: 269039 | Hash: 0xF35EAF95 | Rollbacks: 45 (Resim:  45) | Stalls:  0
[HEARTBEAT] Node: 1 | Tick: 269101 | Conf: 269099 | Hash: 0x35EB2F50 | Rollbacks: 57 (Resim:  57) | Stalls:  0
[HEARTBEAT] Node: 1 | Tick: 269161 | Conf: 269158 | Hash: 0xCCC4C334 | Rollbacks: 58 (Resim:  82) | Stalls:  0
[HEARTBEAT] Node: 1 | Tick: 269221 | Conf: 269219 | Hash: 0x32F79347 | Rollbacks: 45 (Resim:  48) | Stalls:  0
[BOT:50005] Heartbeat - Sparse Mods Tracked: 2048
[HEARTBEAT] Node: 1 | Tick: 269281 | Conf: 269279 | Hash: 0x17B2DA8D | Rollbacks: 50 (Resim:  50) | Stalls:  0
[HEARTBEAT] Node: 1 | Tick: 269341 | Conf: 269338 | Hash: 0x308D4F8E | Rollbacks: 55 (Resim:  60) | Stalls:  0
[HEARTBEAT] Node: 1 | Tick: 269401 | Conf: 269399 | Hash: 0x239444BA | Rollbacks: 59 (Resim:  66) | Stalls:  0
[HEARTBEAT] Node: 1 | Tick: 269461 | Conf: 269459 | Hash: 0x230EDDF1 | Rollbacks: 47 (Resim:  47) | Stalls:  0
[HEARTBEAT] Node: 1 | Tick: 269521 | Conf: 269519 | Hash: 0x489657F1 | Rollbacks: 58 (Resim:  64) | Stalls:  0
[HEARTBEAT] Node: 1 | Tick: 269581 | Conf: 269579 | Hash: 0x68256CDB | Rollbacks: 53 (Resim:  53) | Stalls:  0
[HEARTBEAT] Node: 1 | Tick: 269641 | Conf: 269639 | Hash: 0xA6F04B90 | Rollbacks: 60 (Resim:  60) | Stalls:  0
[HEARTBEAT] Node: 1 | Tick: 269701 | Conf: 269698 | Hash: 0xFA571FC9 | Rollbacks: 54 (Resim:  74) | Stalls:  0
[HEARTBEAT] Node: 1 | Tick: 269761 | Conf: 269759 | Hash: 0xD9EA2F1C | Rollbacks: 48 (Resim:  49) | Stalls:  0
[HEARTBEAT] Node: 1 | Tick: 269821 | Conf: 269819 | Hash: 0x99E17267 | Rollbacks: 59 (Resim:  65) | Stalls:  0
[BOT:50005] Heartbeat - Sparse Mods Tracked: 2048
[HEARTBEAT] Node: 1 | Tick: 269881 | Conf: 269879 | Hash: 0x91D6978D | Rollbacks: 53 (Resim:  72) | Stalls:  0
[HEARTBEAT] Node: 1 | Tick: 269941 | Conf: 269939 | Hash: 0x2ABACCF6 | Rollbacks: 54 (Resim:  54) | Stalls:  0
[HEARTBEAT] Node: 1 | Tick: 270001 | Conf: 269998 | Hash: 0xCF9A152F | Rollbacks: 59 (Resim:  65) | Stalls:  0
[HEARTBEAT] Node: 1 | Tick: 270061 | Conf: 270059 | Hash: 0x007ED537 | Rollbacks: 59 (Resim:  70) | Stalls:  0
[HEARTBEAT] Node: 1 | Tick: 270121 | Conf: 270119 | Hash: 0x0A14E3D9 | Rollbacks: 45 (Resim:  48) | Stalls:  0
[HEARTBEAT] Node: 1 | Tick: 270181 | Conf: 270179 | Hash: 0xDF4F1D98 | Rollbacks: 52 (Resim:  53) | Stalls:  0
[HEARTBEAT] Node: 1 | Tick: 270241 | Conf: 270239 | Hash: 0xC459763D | Rollbacks: 54 (Resim:  56) | Stalls:  0
[HEARTBEAT] Node: 1 | Tick: 270301 | Conf: 270299 | Hash: 0x565F8159 | Rollbacks: 49 (Resim:  70) | Stalls:  0
[HEARTBEAT] Node: 1 | Tick: 270361 | Conf: 270359 | Hash: 0xB7A6265D | Rollbacks: 57 (Resim:  58) | Stalls:  0
[HEARTBEAT] Node: 1 | Tick: 270421 | Conf: 270419 | Hash: 0xC400CE11 | Rollbacks: 54 (Resim:  65) | Stalls:  0
[BOT:50005] Heartbeat - Sparse Mods Tracked: 2048
[HEARTBEAT] Node: 1 | Tick: 270481 | Conf: 270479 | Hash: 0x4DF2258B | Rollbacks: 55 (Resim:  65) | Stalls:  0
[HEARTBEAT] Node: 1 | Tick: 270541 | Conf: 270539 | Hash: 0xDB7D53F9 | Rollbacks: 57 (Resim:  57) | Stalls:  0
[HEARTBEAT] Node: 1 | Tick: 270601 | Conf: 270599 | Hash: 0x3981E360 | Rollbacks: 49 (Resim:  49) | Stalls:  0
[HEARTBEAT] Node: 1 | Tick: 270661 | Conf: 270659 | Hash: 0x956A9BD7 | Rollbacks: 59 (Resim:  77) | Stalls:  0
[HEARTBEAT] Node: 1 | Tick: 270721 | Conf: 270719 | Hash: 0x91C7165D | Rollbacks: 57 (Resim:  57) | Stalls:  0
[HEARTBEAT] Node: 1 | Tick: 270781 | Conf: 270778 | Hash: 0x4ACEC623 | Rollbacks: 57 (Resim:  75) | Stalls:  0
[HEARTBEAT] Node: 1 | Tick: 270841 | Conf: 270839 | Hash: 0x673D7AB9 | Rollbacks: 52 (Resim:  57) | Stalls:  0
[HEARTBEAT] Node: 1 | Tick: 270901 | Conf: 270899 | Hash: 0x6030D5A1 | Rollbacks: 53 (Resim:  55) | Stalls:  0
[HEARTBEAT] Node: 1 | Tick: 270961 | Conf: 270958 | Hash: 0xEF509D51 | Rollbacks: 59 (Resim:  76) | Stalls:  0
[HEARTBEAT] Node: 1 | Tick: 271021 | Conf: 271019 | Hash: 0x640B8D54 | Rollbacks: 59 (Resim:  69) | Stalls:  0
[BOT:50005] Heartbeat - Sparse Mods Tracked: 2048
[HEARTBEAT] Node: 1 | Tick: 271081 | Conf: 271079 | Hash: 0x2028A47C | Rollbacks: 44 (Resim:  46) | Stalls:  0
[HEARTBEAT] Node: 1 | Tick: 271141 | Conf: 271139 | Hash: 0x3E8D4FB2 | Rollbacks: 59 (Resim:  63) | Stalls:  0
[HEARTBEAT] Node: 1 | Tick: 271201 | Conf: 271198 | Hash: 0x5C073253 | Rollbacks: 51 (Resim:  72) | Stalls:  0
[HEARTBEAT] Node: 1 | Tick: 271261 | Conf: 271259 | Hash: 0xB72F67C5 | Rollbacks: 48 (Resim:  51) | Stalls:  0
[HEARTBEAT] Node: 1 | Tick: 271321 | Conf: 271318 | Hash: 0xCB45ADE1 | Rollbacks: 56 (Resim:  58) | Stalls:  0
[HEARTBEAT] Node: 1 | Tick: 271381 | Conf: 271379 | Hash: 0x92BD5F71 | Rollbacks: 59 (Resim:  84) | Stalls:  0
[HEARTBEAT] Node: 1 | Tick: 271441 | Conf: 271439 | Hash: 0xF096129F | Rollbacks: 52 (Resim:  57) | Stalls:  0
[HEARTBEAT] Node: 1 | Tick: 271501 | Conf: 271499 | Hash: 0x875FBA26 | Rollbacks: 59 (Resim:  60) | Stalls:  0
[HEARTBEAT] Node: 1 | Tick: 271561 | Conf: 271559 | Hash: 0x909C9237 | Rollbacks: 51 (Resim:  67) | Stalls:  0
[HEARTBEAT] Node: 1 | Tick: 271621 | Conf: 271619 | Hash: 0x834FC4AC | Rollbacks: 48 (Resim:  51) | Stalls:  0
[BOT:50005] Heartbeat - Sparse Mods Tracked: 2048
[HEARTBEAT] Node: 1 | Tick: 271681 | Conf: 271679 | Hash: 0x5FBAF19A | Rollbacks: 56 (Resim:  56) | Stalls:  0
[HEARTBEAT] Node: 1 | Tick: 271741 | Conf: 271739 | Hash: 0x4F8CEA0A | Rollbacks: 41 (Resim:  43) | Stalls:  0
[HEARTBEAT] Node: 1 | Tick: 271801 | Conf: 271799 | Hash: 0x3A19E293 | Rollbacks: 49 (Resim:  54) | Stalls:  0
[HEARTBEAT] Node: 1 | Tick: 271861 | Conf: 271859 | Hash: 0x44C14891 | Rollbacks: 50 (Resim:  53) | Stalls:  0
[HEARTBEAT] Node: 1 | Tick: 271921 | Conf: 271919 | Hash: 0x9D76C844 | Rollbacks: 60 (Resim:  60) | Stalls:  0
[HEARTBEAT] Node: 1 | Tick: 271981 | Conf: 271979 | Hash: 0xA7D249F7 | Rollbacks: 52 (Resim:  74) | Stalls:  0
[HEARTBEAT] Node: 1 | Tick: 272041 | Conf: 272039 | Hash: 0x4127341A | Rollbacks: 50 (Resim:  50) | Stalls:  0
[HEARTBEAT] Node: 1 | Tick: 272101 | Conf: 272098 | Hash: 0xA6431607 | Rollbacks: 58 (Resim:  69) | Stalls:  0
[HEARTBEAT] Node: 1 | Tick: 272161 | Conf: 272159 | Hash: 0x1119B6F7 | Rollbacks: 59 (Resim:  70) | Stalls:  0
[BOT:50005] Heartbeat - Sparse Mods Tracked: 2048
[HEARTBEAT] Node: 1 | Tick: 272221 | Conf: 272218 | Hash: 0xE387E2D1 | Rollbacks: 55 (Resim:  58) | Stalls:  0
[HEARTBEAT] Node: 1 | Tick: 272281 | Conf: 272279 | Hash: 0x2A6A643A | Rollbacks: 59 (Resim:  73) | Stalls:  0
[HEARTBEAT] Node: 1 | Tick: 272341 | Conf: 272339 | Hash: 0x686B5518 | Rollbacks: 46 (Resim:  54) | Stalls:  0
[HEARTBEAT] Node: 1 | Tick: 272401 | Conf: 272399 | Hash: 0xFEDC6BCE | Rollbacks: 54 (Resim:  54) | Stalls:  0
[HEARTBEAT] Node: 1 | Tick: 272461 | Conf: 272458 | Hash: 0x3D30F70F | Rollbacks: 58 (Resim:  70) | Stalls:  0
[HEARTBEAT] Node: 1 | Tick: 272521 | Conf: 272519 | Hash: 0xE6A2AD98 | Rollbacks: 51 (Resim:  58) | Stalls:  0
[HEARTBEAT] Node: 1 | Tick: 272581 | Conf: 272578 | Hash: 0xC460304F | Rollbacks: 58 (Resim:  67) | Stalls:  0
[HEARTBEAT] Node: 1 | Tick: 272641 | Conf: 272639 | Hash: 0x64D0CFF8 | Rollbacks: 47 (Resim:  58) | Stalls:  0
[HEARTBEAT] Node: 1 | Tick: 272701 | Conf: 272699 | Hash: 0x83B49B78 | Rollbacks: 46 (Resim:  51) | Stalls:  0
[HEARTBEAT] Node: 1 | Tick: 272761 | Conf: 272759 | Hash: 0x5D412873 | Rollbacks: 41 (Resim:  43) | Stalls:  0
[BOT:50005] Heartbeat - Sparse Mods Tracked: 2048
[HEARTBEAT] Node: 1 | Tick: 272821 | Conf: 272819 | Hash: 0xE82510D1 | Rollbacks: 51 (Resim:  51) | Stalls:  0
[HEARTBEAT] Node: 1 | Tick: 272881 | Conf: 272878 | Hash: 0x8A6542BF | Rollbacks: 57 (Resim:  62) | Stalls:  0
[HEARTBEAT] Node: 1 | Tick: 272941 | Conf: 272939 | Hash: 0x59304C9B | Rollbacks: 56 (Resim:  80) | Stalls:  0
[HEARTBEAT] Node: 1 | Tick: 273001 | Conf: 272999 | Hash: 0xBEB6CF05 | Rollbacks: 46 (Resim:  51) | Stalls:  0
[HEARTBEAT] Node: 1 | Tick: 273061 | Conf: 273059 | Hash: 0x3DD98E21 | Rollbacks: 49 (Resim:  49) | Stalls:  0
[HEARTBEAT] Node: 1 | Tick: 273121 | Conf: 273119 | Hash: 0x76AFA1F0 | Rollbacks: 55 (Resim:  55) | Stalls:  0
[HEARTBEAT] Node: 1 | Tick: 273181 | Conf: 273179 | Hash: 0x9DD1B3C7 | Rollbacks: 59 (Resim:  74) | Stalls:  0
[HEARTBEAT] Node: 1 | Tick: 273241 | Conf: 273239 | Hash: 0x8ACB30A5 | Rollbacks: 48 (Resim:  52) | Stalls:  0
[HEARTBEAT] Node: 1 | Tick: 273301 | Conf: 273299 | Hash: 0x3D27FB09 | Rollbacks: 54 (Resim:  54) | Stalls:  0
[HEARTBEAT] Node: 1 | Tick: 273361 | Conf: 273359 | Hash: 0xDCDAEAB4 | Rollbacks: 58 (Resim:  65) | Stalls:  0
[BOT:50005] Heartbeat - Sparse Mods Tracked: 2048
[HEARTBEAT] Node: 1 | Tick: 273421 | Conf: 273419 | Hash: 0x90BD9F98 | Rollbacks: 58 (Resim:  79) | Stalls:  0
[HEARTBEAT] Node: 1 | Tick: 273481 | Conf: 273479 | Hash: 0x9226A215 | Rollbacks: 54 (Resim:  66) | Stalls:  0
[HEARTBEAT] Node: 1 | Tick: 273541 | Conf: 273539 | Hash: 0x2729E2F8 | Rollbacks: 40 (Resim:  40) | Stalls:  0
[HEARTBEAT] Node: 1 | Tick: 273601 | Conf: 273599 | Hash: 0xEB811755 | Rollbacks: 59 (Resim:  59) | Stalls:  0
[HEARTBEAT] Node: 1 | Tick: 273661 | Conf: 273658 | Hash: 0xF7EA6133 | Rollbacks: 58 (Resim:  80) | Stalls:  0
[HEARTBEAT] Node: 1 | Tick: 273721 | Conf: 273719 | Hash: 0x836C6B9D | Rollbacks: 47 (Resim:  50) | Stalls:  0
[HEARTBEAT] Node: 1 | Tick: 273781 | Conf: 273779 | Hash: 0xFD365CF3 | Rollbacks: 51 (Resim:  54) | Stalls:  0
[HEARTBEAT] Node: 1 | Tick: 273841 | Conf: 273839 | Hash: 0xC4E241DD | Rollbacks: 36 (Resim:  36) | Stalls:  0
[HEARTBEAT] Node: 1 | Tick: 273901 | Conf: 273899 | Hash: 0xBB9F98EE | Rollbacks: 54 (Resim:  54) | Stalls:  0
[HEARTBEAT] Node: 1 | Tick: 273961 | Conf: 273959 | Hash: 0x6D60C45A | Rollbacks: 58 (Resim:  65) | Stalls:  0
[BOT:50005] Heartbeat - Sparse Mods Tracked: 2048
[HEARTBEAT] Node: 1 | Tick: 274021 | Conf: 274019 | Hash: 0x5657D52C | Rollbacks: 56 (Resim:  77) | Stalls:  0
[HEARTBEAT] Node: 1 | Tick: 274081 | Conf: 274079 | Hash: 0x919B4DD2 | Rollbacks: 47 (Resim:  51) | Stalls:  0
[HEARTBEAT] Node: 1 | Tick: 274141 | Conf: 274139 | Hash: 0x5D90BBEB | Rollbacks: 45 (Resim:  45) | Stalls:  0
[HEARTBEAT] Node: 1 | Tick: 274201 | Conf: 274199 | Hash: 0xDAD4F929 | Rollbacks: 39 (Resim:  41) | Stalls:  0
[HEARTBEAT] Node: 1 | Tick: 274261 | Conf: 274259 | Hash: 0x1C04B0CC | Rollbacks: 53 (Resim:  53) | Stalls:  0
[HEARTBEAT] Node: 1 | Tick: 274321 | Conf: 274318 | Hash: 0x875D7215 | Rollbacks: 58 (Resim:  69) | Stalls:  0
[HEARTBEAT] Node: 1 | Tick: 274381 | Conf: 274379 | Hash: 0xD1CF25F2 | Rollbacks: 57 (Resim:  68) | Stalls:  0
[HEARTBEAT] Node: 1 | Tick: 274441 | Conf: 274439 | Hash: 0xA6DEA886 | Rollbacks: 43 (Resim:  43) | Stalls:  0
[HEARTBEAT] Node: 1 | Tick: 274501 | Conf: 274499 | Hash: 0xEDDC4EE0 | Rollbacks: 59 (Resim:  62) | Stalls:  0
[HEARTBEAT] Node: 1 | Tick: 274561 | Conf: 274559 | Hash: 0xCB308F79 | Rollbacks: 58 (Resim:  78) | Stalls:  0
[BOT:50005] Heartbeat - Sparse Mods Tracked: 2048
[HEARTBEAT] Node: 1 | Tick: 274621 | Conf: 274619 | Hash: 0x752C65DC | Rollbacks: 48 (Resim:  50) | Stalls:  0
[HEARTBEAT] Node: 1 | Tick: 274681 | Conf: 274679 | Hash: 0x3AC3B299 | Rollbacks: 51 (Resim:  51) | Stalls:  0
[HEARTBEAT] Node: 1 | Tick: 274741 | Conf: 274739 | Hash: 0x25EC044C | Rollbacks: 59 (Resim:  75) | Stalls:  0
[HEARTBEAT] Node: 1 | Tick: 274801 | Conf: 274799 | Hash: 0x87DC4ED0 | Rollbacks: 48 (Resim:  51) | Stalls:  0
[HEARTBEAT] Node: 1 | Tick: 274861 | Conf: 274859 | Hash: 0xE06926E3 | Rollbacks: 57 (Resim:  57) | Stalls:  0
[HEARTBEAT] Node: 1 | Tick: 274921 | Conf: 274919 | Hash: 0x3CA6362F | Rollbacks: 58 (Resim:  80) | Stalls:  0
[HEARTBEAT] Node: 1 | Tick: 274981 | Conf: 274979 | Hash: 0x9A538256 | Rollbacks: 50 (Resim:  53) | Stalls:  0
[HEARTBEAT] Node: 1 | Tick: 275041 | Conf: 275039 | Hash: 0x37C720E9 | Rollbacks: 44 (Resim:  44) | Stalls:  0
[HEARTBEAT] Node: 1 | Tick: 275101 | Conf: 275099 | Hash: 0x6C6341AE | Rollbacks: 59 (Resim:  61) | Stalls:  0
[BOT:50005] Heartbeat - Sparse Mods Tracked: 2048
[HEARTBEAT] Node: 1 | Tick: 275161 | Conf: 275159 | Hash: 0xD2589246 | Rollbacks: 58 (Resim:  81) | Stalls:  0
[HEARTBEAT] Node: 1 | Tick: 275221 | Conf: 275219 | Hash: 0x03B10039 | Rollbacks: 51 (Resim:  51) | Stalls:  0
[HEARTBEAT] Node: 1 | Tick: 275281 | Conf: 275279 | Hash: 0x73798036 | Rollbacks: 59 (Resim:  72) | Stalls:  0
[HEARTBEAT] Node: 1 | Tick: 275341 | Conf: 275339 | Hash: 0x980D3DD5 | Rollbacks: 52 (Resim:  57) | Stalls:  0
[HEARTBEAT] Node: 1 | Tick: 275401 | Conf: 275399 | Hash: 0x94DC8F80 | Rollbacks: 48 (Resim:  48) | Stalls:  0
[HEARTBEAT] Node: 1 | Tick: 275461 | Conf: 275458 | Hash: 0x2EED7D1B | Rollbacks: 58 (Resim:  59) | Stalls:  0
[HEARTBEAT] Node: 1 | Tick: 275521 | Conf: 275519 | Hash: 0xAB7EE2C7 | Rollbacks: 59 (Resim:  77) | Stalls:  0
[HEARTBEAT] Node: 1 | Tick: 275581 | Conf: 275579 | Hash: 0x54D424C1 | Rollbacks: 35 (Resim:  37) | Stalls:  0
[HEARTBEAT] Node: 1 | Tick: 275641 | Conf: 275638 | Hash: 0xCEDBAE8D | Rollbacks: 57 (Resim:  64) | Stalls:  0
[HEARTBEAT] Node: 1 | Tick: 275701 | Conf: 275699 | Hash: 0xD75CA9AF | Rollbacks: 50 (Resim:  68) | Stalls:  0
[BOT:50005] Heartbeat - Sparse Mods Tracked: 2048
[HEARTBEAT] Node: 1 | Tick: 275761 | Conf: 275759 | Hash: 0x060874E1 | Rollbacks: 51 (Resim:  51) | Stalls:  0
[HEARTBEAT] Node: 1 | Tick: 275821 | Conf: 275819 | Hash: 0x11D9BA4B | Rollbacks: 59 (Resim:  71) | Stalls:  0
[HEARTBEAT] Node: 1 | Tick: 275881 | Conf: 275879 | Hash: 0xD1AA960C | Rollbacks: 46 (Resim:  53) | Stalls:  0
[HEARTBEAT] Node: 1 | Tick: 275941 | Conf: 275939 | Hash: 0xDC148F74 | Rollbacks: 52 (Resim:  52) | Stalls:  0
[HEARTBEAT] Node: 1 | Tick: 276001 | Conf: 275999 | Hash: 0x7294F9BC | Rollbacks: 59 (Resim:  71) | Stalls:  0
[HEARTBEAT] Node: 1 | Tick: 276061 | Conf: 276059 | Hash: 0x24E52C6C | Rollbacks: 54 (Resim:  61) | Stalls:  0
[HEARTBEAT] Node: 1 | Tick: 276121 | Conf: 276119 | Hash: 0x9202D33B | Rollbacks: 53 (Resim:  53) | Stalls:  0
[HEARTBEAT] Node: 1 | Tick: 276181 | Conf: 276178 | Hash: 0x86861E33 | Rollbacks: 58 (Resim:  69) | Stalls:  0
[HEARTBEAT] Node: 1 | Tick: 276241 | Conf: 276239 | Hash: 0x6B56799C | Rollbacks: 49 (Resim:  59) | Stalls:  0
[HEARTBEAT] Node: 1 | Tick: 276301 | Conf: 276299 | Hash: 0x639A0657 | Rollbacks: 56 (Resim:  56) | Stalls:  0
[BOT:50005] Heartbeat - Sparse Mods Tracked: 2048
[HEARTBEAT] Node: 1 | Tick: 276361 | Conf: 276359 | Hash: 0x88492C05 | Rollbacks: 56 (Resim:  79) | Stalls:  0
[HEARTBEAT] Node: 1 | Tick: 276421 | Conf: 276419 | Hash: 0x176CBC7A | Rollbacks: 45 (Resim:  48) | Stalls:  0
[HEARTBEAT] Node: 1 | Tick: 276481 | Conf: 276479 | Hash: 0xA369B41B | Rollbacks: 54 (Resim:  54) | Stalls:  0
[HEARTBEAT] Node: 1 | Tick: 276541 | Conf: 276539 | Hash: 0x6ECB4C49 | Rollbacks: 58 (Resim:  82) | Stalls:  0
[HEARTBEAT] Node: 1 | Tick: 276601 | Conf: 276599 | Hash: 0x41C453FF | Rollbacks: 51 (Resim:  55) | Stalls:  0
[HEARTBEAT] Node: 1 | Tick: 276661 | Conf: 276659 | Hash: 0x3BE495F6 | Rollbacks: 59 (Resim:  60) | Stalls:  0
[HEARTBEAT] Node: 1 | Tick: 276721 | Conf: 276719 | Hash: 0x916B0FA3 | Rollbacks: 48 (Resim:  66) | Stalls:  0
[HEARTBEAT] Node: 1 | Tick: 276781 | Conf: 276779 | Hash: 0x9C88B6AF | Rollbacks: 52 (Resim:  56) | Stalls:  0
[HEARTBEAT] Node: 1 | Tick: 276841 | Conf: 276839 | Hash: 0x80D0326E | Rollbacks: 51 (Resim:  51) | Stalls:  0
[HEARTBEAT] Node: 1 | Tick: 276901 | Conf: 276899 | Hash: 0xAC42ACBB | Rollbacks: 57 (Resim:  57) | Stalls:  0
[BOT:50005] Heartbeat - Sparse Mods Tracked: 2048
[HEARTBEAT] Node: 1 | Tick: 276961 | Conf: 276959 | Hash: 0x3BEF4B7B | Rollbacks: 58 (Resim:  71) | Stalls:  0
[HEARTBEAT] Node: 1 | Tick: 277021 | Conf: 277019 | Hash: 0xAEE2B953 | Rollbacks: 50 (Resim:  50) | Stalls:  0
[HEARTBEAT] Node: 1 | Tick: 277081 | Conf: 277078 | Hash: 0xBECA8F36 | Rollbacks: 57 (Resim:  74) | Stalls:  0
[HEARTBEAT] Node: 1 | Tick: 277141 | Conf: 277139 | Hash: 0x8961A718 | Rollbacks: 53 (Resim:  57) | Stalls:  0
[HEARTBEAT] Node: 1 | Tick: 277201 | Conf: 277199 | Hash: 0x809439F1 | Rollbacks: 49 (Resim:  49) | Stalls:  0
[HEARTBEAT] Node: 1 | Tick: 277261 | Conf: 277259 | Hash: 0x7CD044B0 | Rollbacks: 59 (Resim:  78) | Stalls:  0
[HEARTBEAT] Node: 1 | Tick: 277321 | Conf: 277319 | Hash: 0x5CC86B1A | Rollbacks: 48 (Resim:  51) | Stalls:  0
[HEARTBEAT] Node: 1 | Tick: 277381 | Conf: 277379 | Hash: 0xC872B9EE | Rollbacks: 58 (Resim:  59) | Stalls:  0
[HEARTBEAT] Node: 1 | Tick: 277441 | Conf: 277439 | Hash: 0x26720DEF | Rollbacks: 58 (Resim:  70) | Stalls:  0
[HEARTBEAT] Node: 1 | Tick: 277501 | Conf: 277498 | Hash: 0x7EA69B81 | Rollbacks: 51 (Resim:  62) | Stalls:  0
[BOT:50005] Heartbeat - Sparse Mods Tracked: 2048
[HEARTBEAT] Node: 1 | Tick: 277561 | Conf: 277559 | Hash: 0x04E15AA0 | Rollbacks: 59 (Resim:  73) | Stalls:  0
[HEARTBEAT] Node: 1 | Tick: 277621 | Conf: 277618 | Hash: 0x5B6937E6 | Rollbacks: 52 (Resim:  58) | Stalls:  0
[HEARTBEAT] Node: 1 | Tick: 277681 | Conf: 277679 | Hash: 0xC3C69E27 | Rollbacks: 59 (Resim:  67) | Stalls:  0
[HEARTBEAT] Node: 1 | Tick: 277741 | Conf: 277739 | Hash: 0xEA3A7E42 | Rollbacks: 44 (Resim:  47) | Stalls:  0
[HEARTBEAT] Node: 1 | Tick: 277801 | Conf: 277799 | Hash: 0xA42E123B | Rollbacks: 46 (Resim:  51) | Stalls:  0
[HEARTBEAT] Node: 1 | Tick: 277861 | Conf: 277859 | Hash: 0x710FACEA | Rollbacks: 48 (Resim:  49) | Stalls:  0
[HEARTBEAT] Node: 1 | Tick: 277921 | Conf: 277919 | Hash: 0xE848B78F | Rollbacks: 55 (Resim:  70) | Stalls:  0
[HEARTBEAT] Node: 1 | Tick: 277981 | Conf: 277979 | Hash: 0xE60D1057 | Rollbacks: 51 (Resim:  56) | Stalls:  0
[HEARTBEAT] Node: 1 | Tick: 278041 | Conf: 278039 | Hash: 0x6E96C543 | Rollbacks: 49 (Resim:  49) | Stalls:  0
[HEARTBEAT] Node: 1 | Tick: 278101 | Conf: 278099 | Hash: 0xC2099DAA | Rollbacks: 59 (Resim:  76) | Stalls:  0
[BOT:50005] Heartbeat - Sparse Mods Tracked: 2048
[HEARTBEAT] Node: 1 | Tick: 278161 | Conf: 278159 | Hash: 0x047063CE | Rollbacks: 43 (Resim:  43) | Stalls:  0
[HEARTBEAT] Node: 1 | Tick: 278221 | Conf: 278219 | Hash: 0x59697965 | Rollbacks: 59 (Resim:  66) | Stalls:  0
[HEARTBEAT] Node: 1 | Tick: 278281 | Conf: 278278 | Hash: 0xBB878AF1 | Rollbacks: 54 (Resim:  54) | Stalls:  0
[HEARTBEAT] Node: 1 | Tick: 278341 | Conf: 278339 | Hash: 0x695E9186 | Rollbacks: 48 (Resim:  65) | Stalls:  0
[HEARTBEAT] Node: 1 | Tick: 278401 | Conf: 278399 | Hash: 0xAAD37EAF | Rollbacks: 46 (Resim:  46) | Stalls:  0
[HEARTBEAT] Node: 1 | Tick: 278461 | Conf: 278459 | Hash: 0x4040110D | Rollbacks: 60 (Resim:  60) | Stalls:  0
[HEARTBEAT] Node: 1 | Tick: 278521 | Conf: 278519 | Hash: 0x1CB63129 | Rollbacks: 45 (Resim:  61) | Stalls:  0
[HEARTBEAT] Node: 1 | Tick: 278581 | Conf: 278579 | Hash: 0x8C23D62E | Rollbacks: 56 (Resim:  56) | Stalls:  0
[HEARTBEAT] Node: 1 | Tick: 278641 | Conf: 278639 | Hash: 0xC3DDA81F | Rollbacks: 58 (Resim:  75) | Stalls:  0
[BOT:50005] Heartbeat - Sparse Mods Tracked: 2048
[HEARTBEAT] Node: 1 | Tick: 278701 | Conf: 278699 | Hash: 0xC4A09610 | Rollbacks: 52 (Resim:  52) | Stalls:  0
[HEARTBEAT] Node: 1 | Tick: 278761 | Conf: 278758 | Hash: 0x5CD41788 | Rollbacks: 58 (Resim:  69) | Stalls:  0
[HEARTBEAT] Node: 1 | Tick: 278821 | Conf: 278819 | Hash: 0xDF737D92 | Rollbacks: 59 (Resim:  66) | Stalls:  0
[HEARTBEAT] Node: 1 | Tick: 278881 | Conf: 278878 | Hash: 0x0B620111 | Rollbacks: 56 (Resim:  64) | Stalls:  0
[HEARTBEAT] Node: 1 | Tick: 278941 | Conf: 278939 | Hash: 0x8B7026F9 | Rollbacks: 45 (Resim:  55) | Stalls:  0
[HEARTBEAT] Node: 1 | Tick: 279001 | Conf: 278998 | Hash: 0x6575C639 | Rollbacks: 59 (Resim:  66) | Stalls:  0
[HEARTBEAT] Node: 1 | Tick: 279061 | Conf: 279059 | Hash: 0xBA0F2FFA | Rollbacks: 54 (Resim:  71) | Stalls:  0
[HEARTBEAT] Node: 1 | Tick: 279121 | Conf: 279119 | Hash: 0x15643531 | Rollbacks: 53 (Resim:  56) | Stalls:  0
[HEARTBEAT] Node: 1 | Tick: 279181 | Conf: 279179 | Hash: 0x964EE105 | Rollbacks: 59 (Resim:  73) | Stalls:  0
[HEARTBEAT] Node: 1 | Tick: 279241 | Conf: 279239 | Hash: 0x43EE2801 | Rollbacks: 46 (Resim:  51) | Stalls:  0
[BOT:50005] Heartbeat - Sparse Mods Tracked: 2048
[HEARTBEAT] Node: 1 | Tick: 279301 | Conf: 279299 | Hash: 0xCC041B08 | Rollbacks: 48 (Resim:  48) | Stalls:  0
[HEARTBEAT] Node: 1 | Tick: 279361 | Conf: 279359 | Hash: 0x71F83727 | Rollbacks: 59 (Resim:  69) | Stalls:  0
[HEARTBEAT] Node: 1 | Tick: 279421 | Conf: 279419 | Hash: 0xA2A8F7E7 | Rollbacks: 58 (Resim:  73) | Stalls:  0
[HEARTBEAT] Node: 1 | Tick: 279481 | Conf: 279479 | Hash: 0xD347CEDF | Rollbacks: 51 (Resim:  53) | Stalls:  0
[HEARTBEAT] Node: 1 | Tick: 279541 | Conf: 279539 | Hash: 0x6587704E | Rollbacks: 59 (Resim:  67) | Stalls:  0
[HEARTBEAT] Node: 1 | Tick: 279601 | Conf: 279599 | Hash: 0x1B7B840D | Rollbacks: 54 (Resim:  64) | Stalls:  0
[HEARTBEAT] Node: 1 | Tick: 279661 | Conf: 279659 | Hash: 0xC092A837 | Rollbacks: 53 (Resim:  56) | Stalls:  0
[HEARTBEAT] Node: 1 | Tick: 279721 | Conf: 279719 | Hash: 0x0EBDA67B | Rollbacks: 59 (Resim:  67) | Stalls:  0
[HEARTBEAT] Node: 1 | Tick: 279781 | Conf: 279779 | Hash: 0x43DB74AF | Rollbacks: 46 (Resim:  46) | Stalls:  0
[HEARTBEAT] Node: 1 | Tick: 279841 | Conf: 279839 | Hash: 0x230B535A | Rollbacks: 56 (Resim:  75) | Stalls:  0
[BOT:50005] Heartbeat - Sparse Mods Tracked: 2048
[HEARTBEAT] Node: 1 | Tick: 279901 | Conf: 279899 | Hash: 0xAE8F471D | Rollbacks: 52 (Resim:  55) | Stalls:  0
[HEARTBEAT] Node: 1 | Tick: 279961 | Conf: 279959 | Hash: 0xD033CA65 | Rollbacks: 59 (Resim:  67) | Stalls:  0
[HEARTBEAT] Node: 1 | Tick: 280021 | Conf: 280019 | Hash: 0xFA320849 | Rollbacks: 44 (Resim:  55) | Stalls:  0
[HEARTBEAT] Node: 1 | Tick: 280081 | Conf: 280079 | Hash: 0x91C80C54 | Rollbacks: 58 (Resim:  58) | Stalls:  0
[HEARTBEAT] Node: 1 | Tick: 280141 | Conf: 280139 | Hash: 0x1F2AC73D | Rollbacks: 59 (Resim:  81) | Stalls:  0
[HEARTBEAT] Node: 1 | Tick: 280201 | Conf: 280198 | Hash: 0x0DB6678E | Rollbacks: 53 (Resim:  57) | Stalls:  0
[HEARTBEAT] Node: 1 | Tick: 280261 | Conf: 280259 | Hash: 0xBE382E99 | Rollbacks: 52 (Resim:  59) | Stalls:  0
[HEARTBEAT] Node: 1 | Tick: 280321 | Conf: 280319 | Hash: 0x2C8C8112 | Rollbacks: 51 (Resim:  51) | Stalls:  0
[HEARTBEAT] Node: 1 | Tick: 280381 | Conf: 280379 | Hash: 0x1A9CB199 | Rollbacks: 47 (Resim:  52) | Stalls:  0
[HEARTBEAT] Node: 1 | Tick: 280441 | Conf: 280439 | Hash: 0xF2A4EF9F | Rollbacks: 60 (Resim:  60) | Stalls:  0
[BOT:50005] Heartbeat - Sparse Mods Tracked: 2048
[HEARTBEAT] Node: 1 | Tick: 280501 | Conf: 280499 | Hash: 0x51B587E0 | Rollbacks: 54 (Resim:  77) | Stalls:  0
[HEARTBEAT] Node: 1 | Tick: 280561 | Conf: 280559 | Hash: 0x736B397C | Rollbacks: 52 (Resim:  54) | Stalls:  0
[HEARTBEAT] Node: 1 | Tick: 280621 | Conf: 280619 | Hash: 0x9AE5944D | Rollbacks: 59 (Resim:  65) | Stalls:  0
[HEARTBEAT] Node: 1 | Tick: 280681 | Conf: 280679 | Hash: 0x49110DEC | Rollbacks: 58 (Resim:  62) | Stalls:  0
[HEARTBEAT] Node: 1 | Tick: 280741 | Conf: 280739 | Hash: 0x41036FBD | Rollbacks: 48 (Resim:  60) | Stalls:  0
[HEARTBEAT] Node: 1 | Tick: 280801 | Conf: 280798 | Hash: 0x028DD2C6 | Rollbacks: 51 (Resim:  53) | Stalls:  0
[HEARTBEAT] Node: 1 | Tick: 280861 | Conf: 280859 | Hash: 0xC4163A01 | Rollbacks: 59 (Resim:  76) | Stalls:  0
[HEARTBEAT] Node: 1 | Tick: 280921 | Conf: 280919 | Hash: 0xCC3A1768 | Rollbacks: 44 (Resim:  44) | Stalls:  0
[HEARTBEAT] Node: 1 | Tick: 280981 | Conf: 280979 | Hash: 0xBBD06DB8 | Rollbacks: 49 (Resim:  49) | Stalls:  0
[HEARTBEAT] Node: 1 | Tick: 281041 | Conf: 281039 | Hash: 0x98F98DC5 | Rollbacks: 52 (Resim:  66) | Stalls:  0
[BOT:50005] Heartbeat - Sparse Mods Tracked: 2048
[HEARTBEAT] Node: 1 | Tick: 281101 | Conf: 281099 | Hash: 0xF2C3A805 | Rollbacks: 39 (Resim:  39) | Stalls:  0
[HEARTBEAT] Node: 1 | Tick: 281161 | Conf: 281159 | Hash: 0xB6D88A5E | Rollbacks: 55 (Resim:  58) | Stalls:  0
[HEARTBEAT] Node: 1 | Tick: 281221 | Conf: 281219 | Hash: 0x5F4D025F | Rollbacks: 55 (Resim:  79) | Stalls:  0
[HEARTBEAT] Node: 1 | Tick: 281281 | Conf: 281279 | Hash: 0xF5E519CA | Rollbacks: 47 (Resim:  47) | Stalls:  0
[HEARTBEAT] Node: 1 | Tick: 281341 | Conf: 281338 | Hash: 0x90B4347F | Rollbacks: 59 (Resim:  75) | Stalls:  0
[HEARTBEAT] Node: 1 | Tick: 281401 | Conf: 281399 | Hash: 0x324572FA | Rollbacks: 59 (Resim:  65) | Stalls:  0
[HEARTBEAT] Node: 1 | Tick: 281461 | Conf: 281458 | Hash: 0x353027CD | Rollbacks: 58 (Resim:  69) | Stalls:  0
[HEARTBEAT] Node: 1 | Tick: 281521 | Conf: 281519 | Hash: 0x8C154585 | Rollbacks: 57 (Resim:  67) | Stalls:  0
[HEARTBEAT] Node: 1 | Tick: 281581 | Conf: 281578 | Hash: 0xBC7839AF | Rollbacks: 58 (Resim:  66) | Stalls:  0
[HEARTBEAT] Node: 1 | Tick: 281641 | Conf: 281639 | Hash: 0x33353903 | Rollbacks: 55 (Resim:  66) | Stalls:  0
[BOT:50005] Heartbeat - Sparse Mods Tracked: 2048
[HEARTBEAT] Node: 1 | Tick: 281701 | Conf: 281699 | Hash: 0x9B8F3A80 | Rollbacks: 57 (Resim:  67) | Stalls:  0
[HEARTBEAT] Node: 1 | Tick: 281761 | Conf: 281759 | Hash: 0x882B7E4D | Rollbacks: 47 (Resim:  47) | Stalls:  0
[HEARTBEAT] Node: 1 | Tick: 281821 | Conf: 281818 | Hash: 0x0505A8FA | Rollbacks: 58 (Resim:  62) | Stalls:  0
[HEARTBEAT] Node: 1 | Tick: 281881 | Conf: 281879 | Hash: 0xAA8AA9C3 | Rollbacks: 47 (Resim:  62) | Stalls:  0
[HEARTBEAT] Node: 1 | Tick: 281941 | Conf: 281939 | Hash: 0xBF773EBA | Rollbacks: 46 (Resim:  46) | Stalls:  0
[HEARTBEAT] Node: 1 | Tick: 282001 | Conf: 281999 | Hash: 0x1DFBAE00 | Rollbacks: 53 (Resim:  59) | Stalls:  0
[HEARTBEAT] Node: 1 | Tick: 282061 | Conf: 282059 | Hash: 0xED5F9236 | Rollbacks: 59 (Resim:  74) | Stalls:  0
[HEARTBEAT] Node: 1 | Tick: 282121 | Conf: 282119 | Hash: 0x6DBA99BE | Rollbacks: 46 (Resim:  46) | Stalls:  0
[HEARTBEAT] Node: 1 | Tick: 282181 | Conf: 282179 | Hash: 0x8E8C8A6F | Rollbacks: 58 (Resim:  66) | Stalls:  0
[BOT:50005] Heartbeat - Sparse Mods Tracked: 2048
[HEARTBEAT] Node: 1 | Tick: 282241 | Conf: 282239 | Hash: 0x4F84DD2E | Rollbacks: 59 (Resim:  60) | Stalls:  0
[HEARTBEAT] Node: 1 | Tick: 282301 | Conf: 282299 | Hash: 0x319100E4 | Rollbacks: 49 (Resim:  56) | Stalls:  0
[HEARTBEAT] Node: 1 | Tick: 282361 | Conf: 282359 | Hash: 0x78A33FF4 | Rollbacks: 59 (Resim:  60) | Stalls:  0
[HEARTBEAT] Node: 1 | Tick: 282421 | Conf: 282419 | Hash: 0x115836E3 | Rollbacks: 52 (Resim:  63) | Stalls:  0
[HEARTBEAT] Node: 1 | Tick: 282481 | Conf: 282479 | Hash: 0xC4CB2F67 | Rollbacks: 56 (Resim:  76) | Stalls:  0
[HEARTBEAT] Node: 1 | Tick: 282541 | Conf: 282539 | Hash: 0x2BB5AE42 | Rollbacks: 40 (Resim:  40) | Stalls:  0
[HEARTBEAT] Node: 1 | Tick: 282601 | Conf: 282599 | Hash: 0x7ACDD044 | Rollbacks: 59 (Resim:  61) | Stalls:  0
[HEARTBEAT] Node: 1 | Tick: 282661 | Conf: 282659 | Hash: 0xAE2C3DF0 | Rollbacks: 55 (Resim:  61) | Stalls:  0
[HEARTBEAT] Node: 1 | Tick: 282721 | Conf: 282718 | Hash: 0xF8E53983 | Rollbacks: 53 (Resim:  61) | Stalls:  0
[HEARTBEAT] Node: 1 | Tick: 282781 | Conf: 282779 | Hash: 0x10ECD4D8 | Rollbacks: 45 (Resim:  58) | Stalls:  0
[BOT:50005] Heartbeat - Sparse Mods Tracked: 2048
[HEARTBEAT] Node: 1 | Tick: 282841 | Conf: 282839 | Hash: 0x2C8F79CC | Rollbacks: 58 (Resim:  64) | Stalls:  0
[HEARTBEAT] Node: 1 | Tick: 282901 | Conf: 282899 | Hash: 0x8F7A968C | Rollbacks: 60 (Resim:  60) | Stalls:  0
[HEARTBEAT] Node: 1 | Tick: 282961 | Conf: 282959 | Hash: 0x6EA1FF08 | Rollbacks: 52 (Resim:  73) | Stalls:  0
[HEARTBEAT] Node: 1 | Tick: 283021 | Conf: 283019 | Hash: 0xC6D920D8 | Rollbacks: 46 (Resim:  48) | Stalls:  0
[HEARTBEAT] Node: 1 | Tick: 283081 | Conf: 283079 | Hash: 0x40E3166E | Rollbacks: 59 (Resim:  60) | Stalls:  0
[HEARTBEAT] Node: 1 | Tick: 283141 | Conf: 283139 | Hash: 0x1AFE0CF5 | Rollbacks: 59 (Resim:  63) | Stalls:  0
[HEARTBEAT] Node: 1 | Tick: 283201 | Conf: 283199 | Hash: 0xB87124C3 | Rollbacks: 59 (Resim:  77) | Stalls:  0
[HEARTBEAT] Node: 1 | Tick: 283261 | Conf: 283259 | Hash: 0x80C03434 | Rollbacks: 54 (Resim:  57) | Stalls:  0
[HEARTBEAT] Node: 1 | Tick: 283321 | Conf: 283319 | Hash: 0xC43AE850 | Rollbacks: 49 (Resim:  49) | Stalls:  0
[HEARTBEAT] Node: 1 | Tick: 283381 | Conf: 283378 | Hash: 0xF3ED9572 | Rollbacks: 59 (Resim:  69) | Stalls:  0
[BOT:50005] Heartbeat - Sparse Mods Tracked: 2048
[HEARTBEAT] Node: 1 | Tick: 283441 | Conf: 283439 | Hash: 0xA08B4D78 | Rollbacks: 57 (Resim:  74) | Stalls:  0
[HEARTBEAT] Node: 1 | Tick: 283501 | Conf: 283499 | Hash: 0x082D9716 | Rollbacks: 49 (Resim:  49) | Stalls:  0
[HEARTBEAT] Node: 1 | Tick: 283561 | Conf: 283559 | Hash: 0x785A265F | Rollbacks: 55 (Resim:  58) | Stalls:  0
[HEARTBEAT] Node: 1 | Tick: 283621 | Conf: 283619 | Hash: 0xC902EABA | Rollbacks: 59 (Resim:  69) | Stalls:  0
[HEARTBEAT] Node: 1 | Tick: 283681 | Conf: 283679 | Hash: 0xE18A4FD5 | Rollbacks: 49 (Resim:  51) | Stalls:  0
[HEARTBEAT] Node: 1 | Tick: 283741 | Conf: 283739 | Hash: 0x678F2FD2 | Rollbacks: 59 (Resim:  65) | Stalls:  0
[HEARTBEAT] Node: 1 | Tick: 283801 | Conf: 283799 | Hash: 0x37970168 | Rollbacks: 46 (Resim:  46) | Stalls:  0
[HEARTBEAT] Node: 1 | Tick: 283861 | Conf: 283858 | Hash: 0x0BC768D5 | Rollbacks: 58 (Resim:  65) | Stalls:  0
[HEARTBEAT] Node: 1 | Tick: 283921 | Conf: 283919 | Hash: 0xCF2DEA67 | Rollbacks: 46 (Resim:  60) | Stalls:  0
[HEARTBEAT] Node: 1 | Tick: 283981 | Conf: 283978 | Hash: 0x10E96D1D | Rollbacks: 58 (Resim:  69) | Stalls:  0
[BOT:50005] Heartbeat - Sparse Mods Tracked: 2048
[HEARTBEAT] Node: 1 | Tick: 284041 | Conf: 284039 | Hash: 0x587D48C8 | Rollbacks: 47 (Resim:  53) | Stalls:  0
[HEARTBEAT] Node: 1 | Tick: 284101 | Conf: 284099 | Hash: 0x352D047E | Rollbacks: 52 (Resim:  53) | Stalls:  0
[HEARTBEAT] Node: 1 | Tick: 284161 | Conf: 284159 | Hash: 0x767514FE | Rollbacks: 58 (Resim:  71) | Stalls:  0
[HEARTBEAT] Node: 1 | Tick: 284221 | Conf: 284219 | Hash: 0x722B362C | Rollbacks: 52 (Resim:  54) | Stalls:  0
[HEARTBEAT] Node: 1 | Tick: 284281 | Conf: 284279 | Hash: 0xF622BA96 | Rollbacks: 55 (Resim:  78) | Stalls:  0
[HEARTBEAT] Node: 1 | Tick: 284341 | Conf: 284339 | Hash: 0x09C9078C | Rollbacks: 51 (Resim:  51) | Stalls:  0
[HEARTBEAT] Node: 1 | Tick: 284401 | Conf: 284398 | Hash: 0xA1B1B865 | Rollbacks: 53 (Resim:  59) | Stalls:  0
[HEARTBEAT] Node: 1 | Tick: 284461 | Conf: 284459 | Hash: 0xED61E1BE | Rollbacks: 59 (Resim:  78) | Stalls:  0
[HEARTBEAT] Node: 1 | Tick: 284521 | Conf: 284519 | Hash: 0xBEA69EA3 | Rollbacks: 48 (Resim:  48) | Stalls:  0
[HEARTBEAT] Node: 1 | Tick: 284581 | Conf: 284578 | Hash: 0x0EA048B2 | Rollbacks: 58 (Resim:  69) | Stalls:  0
[BOT:50005] Heartbeat - Sparse Mods Tracked: 2048
[HEARTBEAT] Node: 1 | Tick: 284641 | Conf: 284639 | Hash: 0x97EDB3D4 | Rollbacks: 48 (Resim:  54) | Stalls:  0
[HEARTBEAT] Node: 1 | Tick: 284701 | Conf: 284699 | Hash: 0xE9B43231 | Rollbacks: 45 (Resim:  45) | Stalls:  0
[HEARTBEAT] Node: 1 | Tick: 284761 | Conf: 284759 | Hash: 0xB6538608 | Rollbacks: 48 (Resim:  48) | Stalls:  0
[HEARTBEAT] Node: 1 | Tick: 284821 | Conf: 284818 | Hash: 0x8A4D3384 | Rollbacks: 59 (Resim:  64) | Stalls:  0
[HEARTBEAT] Node: 1 | Tick: 284881 | Conf: 284879 | Hash: 0xFCD65165 | Rollbacks: 50 (Resim:  66) | Stalls:  0
[HEARTBEAT] Node: 1 | Tick: 284941 | Conf: 284939 | Hash: 0x7E8482E7 | Rollbacks: 47 (Resim:  51) | Stalls:  0
[HEARTBEAT] Node: 1 | Tick: 285001 | Conf: 284999 | Hash: 0x719A24B4 | Rollbacks: 46 (Resim:  46) | Stalls:  0
[HEARTBEAT] Node: 1 | Tick: 285061 | Conf: 285059 | Hash: 0x898202F6 | Rollbacks: 59 (Resim:  67) | Stalls:  0
[HEARTBEAT] Node: 1 | Tick: 285121 | Conf: 285119 | Hash: 0x3AD0283B | Rollbacks: 59 (Resim:  65) | Stalls:  0
[HEARTBEAT] Node: 1 | Tick: 285181 | Conf: 285179 | Hash: 0xE756E130 | Rollbacks: 58 (Resim:  67) | Stalls:  0
[BOT:50005] Heartbeat - Sparse Mods Tracked: 2048
[HEARTBEAT] Node: 1 | Tick: 285241 | Conf: 285239 | Hash: 0x9D530990 | Rollbacks: 55 (Resim:  77) | Stalls:  0
[HEARTBEAT] Node: 1 | Tick: 285301 | Conf: 285299 | Hash: 0x50FA52BF | Rollbacks: 58 (Resim:  58) | Stalls:  0
[HEARTBEAT] Node: 1 | Tick: 285361 | Conf: 285359 | Hash: 0x7CC1C2B0 | Rollbacks: 54 (Resim:  63) | Stalls:  0
[HEARTBEAT] Node: 1 | Tick: 285421 | Conf: 285419 | Hash: 0x791683D4 | Rollbacks: 59 (Resim:  75) | Stalls:  0
[HEARTBEAT] Node: 1 | Tick: 285481 | Conf: 285479 | Hash: 0x922A82F6 | Rollbacks: 55 (Resim:  55) | Stalls:  0
[HEARTBEAT] Node: 1 | Tick: 285541 | Conf: 285539 | Hash: 0xD72A3359 | Rollbacks: 45 (Resim:  45) | Stalls:  0
[HEARTBEAT] Node: 1 | Tick: 285601 | Conf: 285599 | Hash: 0x48CE9780 | Rollbacks: 59 (Resim:  71) | Stalls:  0
[HEARTBEAT] Node: 1 | Tick: 285661 | Conf: 285659 | Hash: 0x47824BE2 | Rollbacks: 47 (Resim:  54) | Stalls:  0
[HEARTBEAT] Node: 1 | Tick: 285721 | Conf: 285719 | Hash: 0x2F6759F5 | Rollbacks: 59 (Resim:  59) | Stalls:  0
[HEARTBEAT] Node: 1 | Tick: 285781 | Conf: 285779 | Hash: 0xC6601535 | Rollbacks: 59 (Resim:  72) | Stalls:  0
[BOT:50005] Heartbeat - Sparse Mods Tracked: 2048
[HEARTBEAT] Node: 1 | Tick: 285841 | Conf: 285839 | Hash: 0x159F502D | Rollbacks: 44 (Resim:  56) | Stalls:  0
[HEARTBEAT] Node: 1 | Tick: 285901 | Conf: 285899 | Hash: 0x014FEBD1 | Rollbacks: 57 (Resim:  57) | Stalls:  0
[HEARTBEAT] Node: 1 | Tick: 285961 | Conf: 285959 | Hash: 0x9CDC0F51 | Rollbacks: 59 (Resim:  75) | Stalls:  0
[HEARTBEAT] Node: 1 | Tick: 286021 | Conf: 286019 | Hash: 0x6C8C78EA | Rollbacks: 43 (Resim:  43) | Stalls:  0
[HEARTBEAT] Node: 1 | Tick: 286081 | Conf: 286078 | Hash: 0x11A835D0 | Rollbacks: 59 (Resim:  71) | Stalls:  0
[HEARTBEAT] Node: 1 | Tick: 286141 | Conf: 286139 | Hash: 0x78E7043C | Rollbacks: 52 (Resim:  57) | Stalls:  0
[HEARTBEAT] Node: 1 | Tick: 286201 | Conf: 286199 | Hash: 0x3AE2F129 | Rollbacks: 44 (Resim:  49) | Stalls:  0
[HEARTBEAT] Node: 1 | Tick: 286261 | Conf: 286259 | Hash: 0xC61F1E50 | Rollbacks: 44 (Resim:  46) | Stalls:  0
[HEARTBEAT] Node: 1 | Tick: 286321 | Conf: 286319 | Hash: 0x472573C9 | Rollbacks: 58 (Resim:  61) | Stalls:  0
[BOT:50005] Heartbeat - Sparse Mods Tracked: 2048
[HEARTBEAT] Node: 1 | Tick: 286381 | Conf: 286379 | Hash: 0x7B88D46D | Rollbacks: 59 (Resim:  67) | Stalls:  0
[HEARTBEAT] Node: 1 | Tick: 286441 | Conf: 286439 | Hash: 0xF542EC2D | Rollbacks: 44 (Resim:  44) | Stalls:  0
[HEARTBEAT] Node: 1 | Tick: 286501 | Conf: 286499 | Hash: 0x8B147B4B | Rollbacks: 59 (Resim:  61) | Stalls:  0
[HEARTBEAT] Node: 1 | Tick: 286561 | Conf: 286559 | Hash: 0xCF170A52 | Rollbacks: 48 (Resim:  70) | Stalls:  0
[HEARTBEAT] Node: 1 | Tick: 286621 | Conf: 286619 | Hash: 0xD392AC6A | Rollbacks: 53 (Resim:  53) | Stalls:  0
[HEARTBEAT] Node: 1 | Tick: 286681 | Conf: 286679 | Hash: 0xE44EB69A | Rollbacks: 60 (Resim:  60) | Stalls:  0
[HEARTBEAT] Node: 1 | Tick: 286741 | Conf: 286738 | Hash: 0x89486A86 | Rollbacks: 58 (Resim:  69) | Stalls:  0
[HEARTBEAT] Node: 1 | Tick: 286801 | Conf: 286799 | Hash: 0xED8B070C | Rollbacks: 48 (Resim:  49) | Stalls:  0
[HEARTBEAT] Node: 1 | Tick: 286861 | Conf: 286858 | Hash: 0x58B3EAC9 | Rollbacks: 58 (Resim:  59) | Stalls:  0
[HEARTBEAT] Node: 1 | Tick: 286921 | Conf: 286919 | Hash: 0x05BE51EF | Rollbacks: 47 (Resim:  62) | Stalls:  0
[BOT:50005] Heartbeat - Sparse Mods Tracked: 2048
[HEARTBEAT] Node: 1 | Tick: 286981 | Conf: 286979 | Hash: 0x1FF70CD2 | Rollbacks: 53 (Resim:  53) | Stalls:  0
[HEARTBEAT] Node: 1 | Tick: 287041 | Conf: 287039 | Hash: 0x62A43594 | Rollbacks: 59 (Resim:  71) | Stalls:  0
[HEARTBEAT] Node: 1 | Tick: 287101 | Conf: 287099 | Hash: 0x3D02FAA0 | Rollbacks: 51 (Resim:  64) | Stalls:  0
[HEARTBEAT] Node: 1 | Tick: 287161 | Conf: 287159 | Hash: 0x4538F1AD | Rollbacks: 47 (Resim:  47) | Stalls:  0
[HEARTBEAT] Node: 1 | Tick: 287221 | Conf: 287219 | Hash: 0x09B7B640 | Rollbacks: 59 (Resim:  59) | Stalls:  0
[HEARTBEAT] Node: 1 | Tick: 287281 | Conf: 287279 | Hash: 0xCA8FF607 | Rollbacks: 59 (Resim:  75) | Stalls:  0
[HEARTBEAT] Node: 1 | Tick: 287341 | Conf: 287339 | Hash: 0x091A9C81 | Rollbacks: 50 (Resim:  54) | Stalls:  0
[HEARTBEAT] Node: 1 | Tick: 287401 | Conf: 287399 | Hash: 0x45A3D9A0 | Rollbacks: 59 (Resim:  76) | Stalls:  0
[HEARTBEAT] Node: 1 | Tick: 287461 | Conf: 287459 | Hash: 0xD6F3839C | Rollbacks: 60 (Resim:  60) | Stalls:  0
[HEARTBEAT] Node: 1 | Tick: 287521 | Conf: 287519 | Hash: 0x19D425A4 | Rollbacks: 58 (Resim:  75) | Stalls:  0
[BOT:50005] Heartbeat - Sparse Mods Tracked: 2048
[HEARTBEAT] Node: 1 | Tick: 287581 | Conf: 287579 | Hash: 0xDA91D2EE | Rollbacks: 53 (Resim:  53) | Stalls:  0
[HEARTBEAT] Node: 1 | Tick: 287641 | Conf: 287639 | Hash: 0x70ED90C5 | Rollbacks: 44 (Resim:  44) | Stalls:  0
[HEARTBEAT] Node: 1 | Tick: 287701 | Conf: 287699 | Hash: 0x68D052EE | Rollbacks: 59 (Resim:  76) | Stalls:  0
[HEARTBEAT] Node: 1 | Tick: 287761 | Conf: 287759 | Hash: 0xDB611038 | Rollbacks: 58 (Resim:  72) | Stalls:  0
[HEARTBEAT] Node: 1 | Tick: 287821 | Conf: 287818 | Hash: 0xEEEBA68D | Rollbacks: 44 (Resim:  49) | Stalls:  0
[HEARTBEAT] Node: 1 | Tick: 287881 | Conf: 287879 | Hash: 0x0BF552BC | Rollbacks: 49 (Resim:  50) | Stalls:  0
[HEARTBEAT] Node: 1 | Tick: 287941 | Conf: 287939 | Hash: 0x1C468D5B | Rollbacks: 59 (Resim:  61) | Stalls:  0
[HEARTBEAT] Node: 1 | Tick: 288001 | Conf: 287999 | Hash: 0x9B05CF27 | Rollbacks: 45 (Resim:  55) | Stalls:  0
[HEARTBEAT] Node: 1 | Tick: 288061 | Conf: 288059 | Hash: 0x15F42924 | Rollbacks: 50 (Resim:  50) | Stalls:  0
[HEARTBEAT] Node: 1 | Tick: 288121 | Conf: 288119 | Hash: 0xB9221EF7 | Rollbacks: 59 (Resim:  65) | Stalls:  0
[BOT:50005] Heartbeat - Sparse Mods Tracked: 2048
[HEARTBEAT] Node: 1 | Tick: 288181 | Conf: 288178 | Hash: 0x36F455F0 | Rollbacks: 57 (Resim:  76) | Stalls:  0
[HEARTBEAT] Node: 1 | Tick: 288241 | Conf: 288239 | Hash: 0xD9ECF1CC | Rollbacks: 59 (Resim:  63) | Stalls:  0
[HEARTBEAT] Node: 1 | Tick: 288301 | Conf: 288299 | Hash: 0x9EB39F58 | Rollbacks: 58 (Resim:  82) | Stalls:  0
[HEARTBEAT] Node: 1 | Tick: 288361 | Conf: 288359 | Hash: 0xB20135B1 | Rollbacks: 53 (Resim:  53) | Stalls:  0
[HEARTBEAT] Node: 1 | Tick: 288421 | Conf: 288419 | Hash: 0x92185A83 | Rollbacks: 56 (Resim:  64) | Stalls:  0
[HEARTBEAT] Node: 1 | Tick: 288481 | Conf: 288479 | Hash: 0x95B7EFB8 | Rollbacks: 54 (Resim:  63) | Stalls:  0
[HEARTBEAT] Node: 1 | Tick: 288541 | Conf: 288539 | Hash: 0xA84A15AF | Rollbacks: 54 (Resim:  55) | Stalls:  0
[HEARTBEAT] Node: 1 | Tick: 288601 | Conf: 288599 | Hash: 0xBC0D8B30 | Rollbacks: 51 (Resim:  64) | Stalls:  0
[HEARTBEAT] Node: 1 | Tick: 288661 | Conf: 288659 | Hash: 0x3107CDEC | Rollbacks: 51 (Resim:  51) | Stalls:  0
[HEARTBEAT] Node: 1 | Tick: 288721 | Conf: 288719 | Hash: 0xFF13B327 | Rollbacks: 59 (Resim:  63) | Stalls:  0
[BOT:50005] Heartbeat - Sparse Mods Tracked: 2048
[HEARTBEAT] Node: 1 | Tick: 288781 | Conf: 288779 | Hash: 0x984D67EC | Rollbacks: 49 (Resim:  73) | Stalls:  0
[HEARTBEAT] Node: 1 | Tick: 288841 | Conf: 288839 | Hash: 0x54125FE7 | Rollbacks: 60 (Resim:  60) | Stalls:  0
[HEARTBEAT] Node: 1 | Tick: 288901 | Conf: 288899 | Hash: 0xD5D10859 | Rollbacks: 46 (Resim:  50) | Stalls:  0
[HEARTBEAT] Node: 1 | Tick: 288961 | Conf: 288959 | Hash: 0xF732D3BE | Rollbacks: 49 (Resim:  49) | Stalls:  0
[HEARTBEAT] Node: 1 | Tick: 289021 | Conf: 289018 | Hash: 0x5A4CB40D | Rollbacks: 59 (Resim:  62) | Stalls:  0
[HEARTBEAT] Node: 1 | Tick: 289081 | Conf: 289079 | Hash: 0x1EF5E3BA | Rollbacks: 57 (Resim:  82) | Stalls:  0
[HEARTBEAT] Node: 1 | Tick: 289141 | Conf: 289139 | Hash: 0xE337FEA4 | Rollbacks: 49 (Resim:  49) | Stalls:  0
[HEARTBEAT] Node: 1 | Tick: 289201 | Conf: 289199 | Hash: 0x1812F13E | Rollbacks: 60 (Resim:  60) | Stalls:  0
[HEARTBEAT] Node: 1 | Tick: 289261 | Conf: 289259 | Hash: 0xFEEF9A42 | Rollbacks: 48 (Resim:  66) | Stalls:  0
[HEARTBEAT] Node: 1 | Tick: 289321 | Conf: 289319 | Hash: 0xBD2441A9 | Rollbacks: 54 (Resim:  77) | Stalls:  0
[BOT:50005] Heartbeat - Sparse Mods Tracked: 2048
[HEARTBEAT] Node: 1 | Tick: 289381 | Conf: 289379 | Hash: 0x93359CCF | Rollbacks: 57 (Resim:  59) | Stalls:  0
[HEARTBEAT] Node: 1 | Tick: 289441 | Conf: 289438 | Hash: 0xA3020509 | Rollbacks: 54 (Resim:  62) | Stalls:  0
[HEARTBEAT] Node: 1 | Tick: 289501 | Conf: 289499 | Hash: 0x89ADD74C | Rollbacks: 45 (Resim:  57) | Stalls:  0
[HEARTBEAT] Node: 1 | Tick: 289561 | Conf: 289559 | Hash: 0x7E387692 | Rollbacks: 53 (Resim:  59) | Stalls:  0
[HEARTBEAT] Node: 1 | Tick: 289621 | Conf: 289619 | Hash: 0xE30B5E36 | Rollbacks: 59 (Resim:  68) | Stalls:  0
[HEARTBEAT] Node: 1 | Tick: 289681 | Conf: 289679 | Hash: 0xB5A1F7F1 | Rollbacks: 47 (Resim:  50) | Stalls:  0
[HEARTBEAT] Node: 1 | Tick: 289741 | Conf: 289739 | Hash: 0x9A86403C | Rollbacks: 54 (Resim:  54) | Stalls:  0
[HEARTBEAT] Node: 1 | Tick: 289801 | Conf: 289799 | Hash: 0xD118CDC5 | Rollbacks: 58 (Resim:  63) | Stalls:  0
[HEARTBEAT] Node: 1 | Tick: 289861 | Conf: 289859 | Hash: 0xD5347337 | Rollbacks: 58 (Resim:  71) | Stalls:  0
[BOT:50005] Heartbeat - Sparse Mods Tracked: 2048
[HEARTBEAT] Node: 1 | Tick: 289921 | Conf: 289919 | Hash: 0xDE360AB4 | Rollbacks: 58 (Resim:  79) | Stalls:  0
[HEARTBEAT] Node: 1 | Tick: 289981 | Conf: 289979 | Hash: 0x8D96992F | Rollbacks: 51 (Resim:  74) | Stalls:  0
[HEARTBEAT] Node: 1 | Tick: 290041 | Conf: 290039 | Hash: 0x237A8055 | Rollbacks: 41 (Resim:  44) | Stalls:  0
[HEARTBEAT] Node: 1 | Tick: 290101 | Conf: 290099 | Hash: 0xF07BA058 | Rollbacks: 39 (Resim:  39) | Stalls:  0
[HEARTBEAT] Node: 1 | Tick: 290161 | Conf: 290159 | Hash: 0x8C145C71 | Rollbacks: 59 (Resim:  60) | Stalls:  0
[HEARTBEAT] Node: 1 | Tick: 290221 | Conf: 290219 | Hash: 0x05768E0A | Rollbacks: 58 (Resim:  62) | Stalls:  0
[HEARTBEAT] Node: 1 | Tick: 290281 | Conf: 290279 | Hash: 0x0B54AD75 | Rollbacks: 58 (Resim:  70) | Stalls:  0
[HEARTBEAT] Node: 1 | Tick: 290341 | Conf: 290339 | Hash: 0x6BE8640E | Rollbacks: 58 (Resim:  76) | Stalls:  0
[HEARTBEAT] Node: 1 | Tick: 290401 | Conf: 290399 | Hash: 0xAFD67C78 | Rollbacks: 58 (Resim:  84) | Stalls:  0
[HEARTBEAT] Node: 1 | Tick: 290461 | Conf: 290459 | Hash: 0x3183F339 | Rollbacks: 52 (Resim:  60) | Stalls:  0
[BOT:50005] Heartbeat - Sparse Mods Tracked: 2048
[HEARTBEAT] Node: 1 | Tick: 290521 | Conf: 290519 | Hash: 0x2628CB4A | Rollbacks: 44 (Resim:  48) | Stalls:  0
[HEARTBEAT] Node: 1 | Tick: 290581 | Conf: 290579 | Hash: 0x08B5FD6C | Rollbacks: 38 (Resim:  38) | Stalls:  0
[HEARTBEAT] Node: 1 | Tick: 290641 | Conf: 290639 | Hash: 0x807B254A | Rollbacks: 37 (Resim:  37) | Stalls:  0
[HEARTBEAT] Node: 1 | Tick: 290701 | Conf: 290699 | Hash: 0x67884097 | Rollbacks: 37 (Resim:  37) | Stalls:  0
[HEARTBEAT] Node: 1 | Tick: 290761 | Conf: 290759 | Hash: 0x013EE22B | Rollbacks: 38 (Resim:  38) | Stalls:  0
[HEARTBEAT] Node: 1 | Tick: 290821 | Conf: 290819 | Hash: 0xAC499A3C | Rollbacks: 55 (Resim:  70) | Stalls:  0
[HEARTBEAT] Node: 1 | Tick: 290881 | Conf: 290878 | Hash: 0x7DF69D8D | Rollbacks: 57 (Resim:  79) | Stalls:  0
[HEARTBEAT] Node: 1 | Tick: 290941 | Conf: 290939 | Hash: 0x407E0686 | Rollbacks: 51 (Resim:  74) | Stalls:  0
[HEARTBEAT] Node: 1 | Tick: 291001 | Conf: 290999 | Hash: 0x45D15322 | Rollbacks: 40 (Resim:  43) | Stalls:  0
[HEARTBEAT] Node: 1 | Tick: 291061 | Conf: 291059 | Hash: 0xC0763A12 | Rollbacks: 38 (Resim:  38) | Stalls:  0
[BOT:50005] Heartbeat - Sparse Mods Tracked: 2048
[HEARTBEAT] Node: 1 | Tick: 291121 | Conf: 291119 | Hash: 0xA54CEAB5 | Rollbacks: 46 (Resim:  51) | Stalls:  0
[HEARTBEAT] Node: 1 | Tick: 291181 | Conf: 291179 | Hash: 0x12FDEC00 | Rollbacks: 38 (Resim:  38) | Stalls:  0
[HEARTBEAT] Node: 1 | Tick: 291241 | Conf: 291239 | Hash: 0xEBC57F65 | Rollbacks: 40 (Resim:  40) | Stalls:  0
[HEARTBEAT] Node: 1 | Tick: 291301 | Conf: 291299 | Hash: 0xA65E8882 | Rollbacks: 41 (Resim:  41) | Stalls:  0
[HEARTBEAT] Node: 1 | Tick: 291361 | Conf: 291359 | Hash: 0x745B0135 | Rollbacks: 42 (Resim:  42) | Stalls:  0
[HEARTBEAT] Node: 1 | Tick: 291421 | Conf: 291419 | Hash: 0xC82D421E | Rollbacks: 44 (Resim:  44) | Stalls:  0
[HEARTBEAT] Node: 1 | Tick: 291481 | Conf: 291479 | Hash: 0xE72F8ED8 | Rollbacks: 46 (Resim:  46) | Stalls:  0
[HEARTBEAT] Node: 1 | Tick: 291541 | Conf: 291539 | Hash: 0xD9A626F6 | Rollbacks: 50 (Resim:  50) | Stalls:  0
[HEARTBEAT] Node: 1 | Tick: 291601 | Conf: 291599 | Hash: 0xD83A619E | Rollbacks: 58 (Resim:  58) | Stalls:  0
[BOT:50005] Heartbeat - Sparse Mods Tracked: 2048
[HEARTBEAT] Node: 1 | Tick: 291661 | Conf: 291659 | Hash: 0xAD5F7402 | Rollbacks: 59 (Resim:  61) | Stalls:  0
[HEARTBEAT] Node: 1 | Tick: 291721 | Conf: 291719 | Hash: 0x135D807A | Rollbacks: 58 (Resim:  69) | Stalls:  0
[HEARTBEAT] Node: 1 | Tick: 291781 | Conf: 291779 | Hash: 0xF795D55A | Rollbacks: 58 (Resim:  76) | Stalls:  0
[HEARTBEAT] Node: 1 | Tick: 291841 | Conf: 291839 | Hash: 0x2480A37F | Rollbacks: 58 (Resim:  82) | Stalls:  0
[HEARTBEAT] Node: 1 | Tick: 291901 | Conf: 291899 | Hash: 0xD77AE940 | Rollbacks: 50 (Resim:  74) | Stalls:  0
[HEARTBEAT] Node: 1 | Tick: 291961 | Conf: 291959 | Hash: 0xD958CBC2 | Rollbacks: 43 (Resim:  47) | Stalls:  0
[HEARTBEAT] Node: 1 | Tick: 292021 | Conf: 292018 | Hash: 0x11D8E1AE | Rollbacks: 44 (Resim:  52) | Stalls:  0
[HEARTBEAT] Node: 1 | Tick: 292081 | Conf: 292078 | Hash: 0xF5DBBAC9 | Rollbacks: 41 (Resim:  46) | Stalls:  0
[HEARTBEAT] Node: 1 | Tick: 292141 | Conf: 292138 | Hash: 0xFC481575 | Rollbacks: 49 (Resim:  55) | Stalls:  0
[HEARTBEAT] Node: 1 | Tick: 292201 | Conf: 292199 | Hash: 0x44E02FD7 | Rollbacks: 40 (Resim:  44) | Stalls:  0
[BOT:50005] Heartbeat - Sparse Mods Tracked: 2048
[HEARTBEAT] Node: 1 | Tick: 292261 | Conf: 292259 | Hash: 0x7D94B8D4 | Rollbacks: 44 (Resim:  46) | Stalls:  0
[HEARTBEAT] Node: 1 | Tick: 292321 | Conf: 292319 | Hash: 0x4A7442A2 | Rollbacks: 37 (Resim:  37) | Stalls:  0
[HEARTBEAT] Node: 1 | Tick: 292381 | Conf: 292379 | Hash: 0x69814F67 | Rollbacks: 39 (Resim:  39) | Stalls:  0
[HEARTBEAT] Node: 1 | Tick: 292441 | Conf: 292439 | Hash: 0xC720B18C | Rollbacks: 40 (Resim:  40) | Stalls:  0
[HEARTBEAT] Node: 1 | Tick: 292501 | Conf: 292499 | Hash: 0x9B13212B | Rollbacks: 42 (Resim:  42) | Stalls:  0
[HEARTBEAT] Node: 1 | Tick: 292561 | Conf: 292559 | Hash: 0x66F8A040 | Rollbacks: 45 (Resim:  45) | Stalls:  0
[HEARTBEAT] Node: 1 | Tick: 292621 | Conf: 292619 | Hash: 0x17F779DF | Rollbacks: 49 (Resim:  49) | Stalls:  0
[HEARTBEAT] Node: 1 | Tick: 292681 | Conf: 292679 | Hash: 0xC4C986E4 | Rollbacks: 53 (Resim:  53) | Stalls:  0
[HEARTBEAT] Node: 1 | Tick: 292741 | Conf: 292739 | Hash: 0x85907290 | Rollbacks: 41 (Resim:  42) | Stalls:  0
[HEARTBEAT] Node: 1 | Tick: 292801 | Conf: 292799 | Hash: 0x330500B3 | Rollbacks: 38 (Resim:  40) | Stalls:  0
[BOT:50005] Heartbeat - Sparse Mods Tracked: 2048
[HEARTBEAT] Node: 1 | Tick: 292861 | Conf: 292859 | Hash: 0x476E63BE | Rollbacks: 39 (Resim:  39) | Stalls:  0
[HEARTBEAT] Node: 1 | Tick: 292921 | Conf: 292919 | Hash: 0xB54096C1 | Rollbacks: 44 (Resim:  47) | Stalls:  0
[HEARTBEAT] Node: 1 | Tick: 292981 | Conf: 292979 | Hash: 0xB3E86063 | Rollbacks: 41 (Resim:  41) | Stalls:  0
[HEARTBEAT] Node: 1 | Tick: 293041 | Conf: 293039 | Hash: 0xDBDAB287 | Rollbacks: 38 (Resim:  38) | Stalls:  0
[HEARTBEAT] Node: 1 | Tick: 293101 | Conf: 293099 | Hash: 0x7A6418C5 | Rollbacks: 39 (Resim:  39) | Stalls:  0
[HEARTBEAT] Node: 1 | Tick: 293161 | Conf: 293159 | Hash: 0xA0E20549 | Rollbacks: 40 (Resim:  40) | Stalls:  0
[HEARTBEAT] Node: 1 | Tick: 293221 | Conf: 293219 | Hash: 0x820D0CA6 | Rollbacks: 42 (Resim:  42) | Stalls:  0
[HEARTBEAT] Node: 1 | Tick: 293281 | Conf: 293279 | Hash: 0x4D8756EA | Rollbacks: 43 (Resim:  43) | Stalls:  0
[HEARTBEAT] Node: 1 | Tick: 293341 | Conf: 293339 | Hash: 0x707A113A | Rollbacks: 44 (Resim:  44) | Stalls:  0
[HEARTBEAT] Node: 1 | Tick: 293401 | Conf: 293399 | Hash: 0x80A9E0B3 | Rollbacks: 49 (Resim:  49) | Stalls:  0
[BOT:50005] Heartbeat - Sparse Mods Tracked: 2048
[HEARTBEAT] Node: 1 | Tick: 293461 | Conf: 293459 | Hash: 0xF4D63AA5 | Rollbacks: 51 (Resim:  51) | Stalls:  0
[HEARTBEAT] Node: 1 | Tick: 293521 | Conf: 293519 | Hash: 0xFD3FA744 | Rollbacks: 56 (Resim:  56) | Stalls:  0
[HEARTBEAT] Node: 1 | Tick: 293581 | Conf: 293579 | Hash: 0xAB5DB03C | Rollbacks: 59 (Resim:  60) | Stalls:  0
[HEARTBEAT] Node: 1 | Tick: 293641 | Conf: 293639 | Hash: 0xE5A292EB | Rollbacks: 58 (Resim:  64) | Stalls:  0
[HEARTBEAT] Node: 1 | Tick: 293701 | Conf: 293699 | Hash: 0x35F452EC | Rollbacks: 58 (Resim:  74) | Stalls:  0
[HEARTBEAT] Node: 1 | Tick: 293761 | Conf: 293759 | Hash: 0xF496F61A | Rollbacks: 58 (Resim:  84) | Stalls:  0
[HEARTBEAT] Node: 1 | Tick: 293821 | Conf: 293819 | Hash: 0xC7F3AB0C | Rollbacks: 44 (Resim:  52) | Stalls:  0
[HEARTBEAT] Node: 1 | Tick: 293881 | Conf: 293879 | Hash: 0x77988748 | Rollbacks: 38 (Resim:  38) | Stalls:  0
[HEARTBEAT] Node: 1 | Tick: 293941 | Conf: 293939 | Hash: 0xA381E64E | Rollbacks: 39 (Resim:  39) | Stalls:  0
[BOT:50005] Heartbeat - Sparse Mods Tracked: 2048
[HEARTBEAT] Node: 1 | Tick: 294001 | Conf: 293999 | Hash: 0x1B690A33 | Rollbacks: 43 (Resim:  48) | Stalls:  0
[HEARTBEAT] Node: 1 | Tick: 294061 | Conf: 294059 | Hash: 0xC9BC51BE | Rollbacks: 38 (Resim:  38) | Stalls:  0
[HEARTBEAT] Node: 1 | Tick: 294121 | Conf: 294119 | Hash: 0x61EAD7BA | Rollbacks: 39 (Resim:  39) | Stalls:  0
[HEARTBEAT] Node: 1 | Tick: 294181 | Conf: 294179 | Hash: 0x71379B85 | Rollbacks: 42 (Resim:  42) | Stalls:  0
[HEARTBEAT] Node: 1 | Tick: 294241 | Conf: 294239 | Hash: 0x5A80B79A | Rollbacks: 44 (Resim:  44) | Stalls:  0
[HEARTBEAT] Node: 1 | Tick: 294301 | Conf: 294299 | Hash: 0xEE7E17AD | Rollbacks: 55 (Resim:  69) | Stalls:  0
[HEARTBEAT] Node: 1 | Tick: 294361 | Conf: 294358 | Hash: 0x96DECF75 | Rollbacks: 57 (Resim:  83) | Stalls:  0
[HEARTBEAT] Node: 1 | Tick: 294421 | Conf: 294419 | Hash: 0x111D01AA | Rollbacks: 50 (Resim:  70) | Stalls:  0
[HEARTBEAT] Node: 1 | Tick: 294481 | Conf: 294479 | Hash: 0xEB657E41 | Rollbacks: 40 (Resim:  40) | Stalls:  0
[HEARTBEAT] Node: 1 | Tick: 294541 | Conf: 294539 | Hash: 0x99102F7C | Rollbacks: 56 (Resim:  58) | Stalls:  0
[BOT:50005] Heartbeat - Sparse Mods Tracked: 2048
[HEARTBEAT] Node: 1 | Tick: 294601 | Conf: 294599 | Hash: 0xF3168004 | Rollbacks: 46 (Resim:  46) | Stalls:  0
[HEARTBEAT] Node: 1 | Tick: 294661 | Conf: 294658 | Hash: 0x354A29A8 | Rollbacks: 58 (Resim:  71) | Stalls:  0
[HEARTBEAT] Node: 1 | Tick: 294721 | Conf: 294719 | Hash: 0x6E2D6F7E | Rollbacks: 57 (Resim:  70) | Stalls:  0
[HEARTBEAT] Node: 1 | Tick: 294781 | Conf: 294779 | Hash: 0xA6A3E6B2 | Rollbacks: 39 (Resim:  39) | Stalls:  0
[HEARTBEAT] Node: 1 | Tick: 294841 | Conf: 294839 | Hash: 0x76BFB8FC | Rollbacks: 58 (Resim:  59) | Stalls:  0
[HEARTBEAT] Node: 1 | Tick: 294901 | Conf: 294899 | Hash: 0x3530C855 | Rollbacks: 55 (Resim:  76) | Stalls:  0
[HEARTBEAT] Node: 1 | Tick: 294961 | Conf: 294959 | Hash: 0x7F6DE015 | Rollbacks: 44 (Resim:  47) | Stalls:  0
[HEARTBEAT] Node: 1 | Tick: 295021 | Conf: 295019 | Hash: 0x9FE90BC4 | Rollbacks: 46 (Resim:  48) | Stalls:  0
[HEARTBEAT] Node: 1 | Tick: 295081 | Conf: 295079 | Hash: 0xC6C68FC3 | Rollbacks: 49 (Resim:  49) | Stalls:  0
[HEARTBEAT] Node: 1 | Tick: 295141 | Conf: 295139 | Hash: 0x70363524 | Rollbacks: 59 (Resim:  66) | Stalls:  0
[BOT:50005] Heartbeat - Sparse Mods Tracked: 2048
[HEARTBEAT] Node: 1 | Tick: 295201 | Conf: 295199 | Hash: 0xCDDB687E | Rollbacks: 45 (Resim:  54) | Stalls:  0
[HEARTBEAT] Node: 1 | Tick: 295261 | Conf: 295259 | Hash: 0x29094106 | Rollbacks: 51 (Resim:  51) | Stalls:  0
[HEARTBEAT] Node: 1 | Tick: 295321 | Conf: 295318 | Hash: 0x1374DC9E | Rollbacks: 58 (Resim:  70) | Stalls:  0
[HEARTBEAT] Node: 1 | Tick: 295381 | Conf: 295379 | Hash: 0x0F803D74 | Rollbacks: 51 (Resim:  59) | Stalls:  0
[HEARTBEAT] Node: 1 | Tick: 295441 | Conf: 295439 | Hash: 0x37698681 | Rollbacks: 46 (Resim:  46) | Stalls:  0
[HEARTBEAT] Node: 1 | Tick: 295501 | Conf: 295499 | Hash: 0xD084CEBB | Rollbacks: 50 (Resim:  51) | Stalls:  0
[HEARTBEAT] Node: 1 | Tick: 295561 | Conf: 295559 | Hash: 0x021130FB | Rollbacks: 55 (Resim:  72) | Stalls:  0
[HEARTBEAT] Node: 1 | Tick: 295621 | Conf: 295619 | Hash: 0x3D155522 | Rollbacks: 47 (Resim:  49) | Stalls:  0
[HEARTBEAT] Node: 1 | Tick: 295681 | Conf: 295679 | Hash: 0x0134C403 | Rollbacks: 57 (Resim:  57) | Stalls:  0
[HEARTBEAT] Node: 1 | Tick: 295741 | Conf: 295739 | Hash: 0xEF0D2788 | Rollbacks: 50 (Resim:  70) | Stalls:  0
[BOT:50005] Heartbeat - Sparse Mods Tracked: 2048
[HEARTBEAT] Node: 1 | Tick: 295801 | Conf: 295799 | Hash: 0x50284A06 | Rollbacks: 57 (Resim:  60) | Stalls:  0
[HEARTBEAT] Node: 1 | Tick: 295861 | Conf: 295859 | Hash: 0x1323370B | Rollbacks: 44 (Resim:  52) | Stalls:  0
[HEARTBEAT] Node: 1 | Tick: 295921 | Conf: 295918 | Hash: 0x289B8288 | Rollbacks: 55 (Resim:  56) | Stalls:  0
[HEARTBEAT] Node: 1 | Tick: 295981 | Conf: 295979 | Hash: 0x8629A87A | Rollbacks: 51 (Resim:  67) | Stalls:  0
[HEARTBEAT] Node: 1 | Tick: 296041 | Conf: 296039 | Hash: 0xF0A65E44 | Rollbacks: 54 (Resim:  54) | Stalls:  0
[HEARTBEAT] Node: 1 | Tick: 296101 | Conf: 296099 | Hash: 0x81535AD6 | Rollbacks: 58 (Resim:  76) | Stalls:  0
[HEARTBEAT] Node: 1 | Tick: 296161 | Conf: 296159 | Hash: 0xA52237B8 | Rollbacks: 49 (Resim:  49) | Stalls:  0
[HEARTBEAT] Node: 1 | Tick: 296221 | Conf: 296218 | Hash: 0x1062F3E8 | Rollbacks: 59 (Resim:  64) | Stalls:  0
[HEARTBEAT] Node: 1 | Tick: 296281 | Conf: 296279 | Hash: 0x12FA8F2D | Rollbacks: 59 (Resim:  78) | Stalls:  0
[BOT:50005] Heartbeat - Sparse Mods Tracked: 2048
[HEARTBEAT] Node: 1 | Tick: 296341 | Conf: 296339 | Hash: 0xB886763B | Rollbacks: 49 (Resim:  49) | Stalls:  0
[HEARTBEAT] Node: 1 | Tick: 296401 | Conf: 296398 | Hash: 0xC7E31CCD | Rollbacks: 56 (Resim:  65) | Stalls:  0
[HEARTBEAT] Node: 1 | Tick: 296461 | Conf: 296459 | Hash: 0x2461AAF0 | Rollbacks: 59 (Resim:  73) | Stalls:  0
[HEARTBEAT] Node: 1 | Tick: 296521 | Conf: 296519 | Hash: 0x4F1A958A | Rollbacks: 40 (Resim:  40) | Stalls:  0
[HEARTBEAT] Node: 1 | Tick: 296581 | Conf: 296579 | Hash: 0x73935B65 | Rollbacks: 59 (Resim:  70) | Stalls:  0
[HEARTBEAT] Node: 1 | Tick: 296641 | Conf: 296639 | Hash: 0x2FDE1281 | Rollbacks: 59 (Resim:  63) | Stalls:  0
[HEARTBEAT] Node: 1 | Tick: 296701 | Conf: 296698 | Hash: 0x5FE8578B | Rollbacks: 57 (Resim:  64) | Stalls:  0
[HEARTBEAT] Node: 1 | Tick: 296761 | Conf: 296759 | Hash: 0x784E9170 | Rollbacks: 48 (Resim:  68) | Stalls:  0
[HEARTBEAT] Node: 1 | Tick: 296821 | Conf: 296819 | Hash: 0x9709E44C | Rollbacks: 53 (Resim:  55) | Stalls:  0
[HEARTBEAT] Node: 1 | Tick: 296881 | Conf: 296878 | Hash: 0xC1EB9538 | Rollbacks: 58 (Resim:  72) | Stalls:  0
[BOT:50005] Heartbeat - Sparse Mods Tracked: 2048
[HEARTBEAT] Node: 1 | Tick: 296941 | Conf: 296939 | Hash: 0x444EBFA1 | Rollbacks: 51 (Resim:  55) | Stalls:  0
[HEARTBEAT] Node: 1 | Tick: 297001 | Conf: 296998 | Hash: 0x07066842 | Rollbacks: 58 (Resim:  65) | Stalls:  0
[HEARTBEAT] Node: 1 | Tick: 297061 | Conf: 297059 | Hash: 0x7A0FB914 | Rollbacks: 51 (Resim:  65) | Stalls:  0
[HEARTBEAT] Node: 1 | Tick: 297121 | Conf: 297119 | Hash: 0xFE22239E | Rollbacks: 50 (Resim:  50) | Stalls:  0
[HEARTBEAT] Node: 1 | Tick: 297181 | Conf: 297179 | Hash: 0xA7EA7D49 | Rollbacks: 55 (Resim:  67) | Stalls:  0
[HEARTBEAT] Node: 1 | Tick: 297241 | Conf: 297239 | Hash: 0x0D5D2697 | Rollbacks: 55 (Resim:  61) | Stalls:  0
[HEARTBEAT] Node: 1 | Tick: 297301 | Conf: 297299 | Hash: 0x6A486EFC | Rollbacks: 52 (Resim:  52) | Stalls:  0
[HEARTBEAT] Node: 1 | Tick: 297361 | Conf: 297359 | Hash: 0x72DEA4C2 | Rollbacks: 59 (Resim:  75) | Stalls:  0
[HEARTBEAT] Node: 1 | Tick: 297421 | Conf: 297419 | Hash: 0x1509EA1B | Rollbacks: 48 (Resim:  51) | Stalls:  0
[HEARTBEAT] Node: 1 | Tick: 297481 | Conf: 297479 | Hash: 0x2F877589 | Rollbacks: 60 (Resim:  60) | Stalls:  0
[BOT:50005] Heartbeat - Sparse Mods Tracked: 2048
[HEARTBEAT] Node: 1 | Tick: 297541 | Conf: 297539 | Hash: 0x7A9EE577 | Rollbacks: 59 (Resim:  80) | Stalls:  0
[HEARTBEAT] Node: 1 | Tick: 297601 | Conf: 297599 | Hash: 0xB8B5D3C3 | Rollbacks: 47 (Resim:  50) | Stalls:  0
[HEARTBEAT] Node: 1 | Tick: 297661 | Conf: 297659 | Hash: 0x05935B11 | Rollbacks: 56 (Resim:  56) | Stalls:  0
[HEARTBEAT] Node: 1 | Tick: 297721 | Conf: 297719 | Hash: 0x760BB16C | Rollbacks: 58 (Resim:  75) | Stalls:  0
[HEARTBEAT] Node: 1 | Tick: 297781 | Conf: 297779 | Hash: 0x5ECFA527 | Rollbacks: 53 (Resim:  55) | Stalls:  0
[HEARTBEAT] Node: 1 | Tick: 297841 | Conf: 297838 | Hash: 0xFE3ABE51 | Rollbacks: 58 (Resim:  67) | Stalls:  0
[HEARTBEAT] Node: 1 | Tick: 297901 | Conf: 297899 | Hash: 0xF8029FED | Rollbacks: 50 (Resim:  57) | Stalls:  0
[HEARTBEAT] Node: 1 | Tick: 297961 | Conf: 297959 | Hash: 0x4B8A092B | Rollbacks: 51 (Resim:  51) | Stalls:  0
[HEARTBEAT] Node: 1 | Tick: 298021 | Conf: 298019 | Hash: 0xCA2EFAFE | Rollbacks: 58 (Resim:  78) | Stalls:  0
[HEARTBEAT] Node: 1 | Tick: 298081 | Conf: 298079 | Hash: 0xACB89A5F | Rollbacks: 50 (Resim:  50) | Stalls:  0
[BOT:50005] Heartbeat - Sparse Mods Tracked: 2048
[HEARTBEAT] Node: 1 | Tick: 298141 | Conf: 298139 | Hash: 0xE1C50AB7 | Rollbacks: 58 (Resim:  73) | Stalls:  0
[HEARTBEAT] Node: 1 | Tick: 298201 | Conf: 298199 | Hash: 0xEEFD2A1E | Rollbacks: 49 (Resim:  49) | Stalls:  0
[HEARTBEAT] Node: 1 | Tick: 298261 | Conf: 298258 | Hash: 0xE1A93B3E | Rollbacks: 59 (Resim:  69) | Stalls:  0
[HEARTBEAT] Node: 1 | Tick: 298321 | Conf: 298319 | Hash: 0x2031E76C | Rollbacks: 57 (Resim:  71) | Stalls:  0
[HEARTBEAT] Node: 1 | Tick: 298381 | Conf: 298378 | Hash: 0x0366CC64 | Rollbacks: 52 (Resim:  53) | Stalls:  0
[HEARTBEAT] Node: 1 | Tick: 298441 | Conf: 298439 | Hash: 0x45E50A11 | Rollbacks: 59 (Resim:  77) | Stalls:  0
[HEARTBEAT] Node: 1 | Tick: 298501 | Conf: 298499 | Hash: 0xF4E791CC | Rollbacks: 41 (Resim:  43) | Stalls:  0
[HEARTBEAT] Node: 1 | Tick: 298561 | Conf: 298559 | Hash: 0x9F58757B | Rollbacks: 44 (Resim:  44) | Stalls:  0
[HEARTBEAT] Node: 1 | Tick: 298621 | Conf: 298619 | Hash: 0x456E892A | Rollbacks: 59 (Resim:  59) | Stalls:  0
[HEARTBEAT] Node: 1 | Tick: 298681 | Conf: 298678 | Hash: 0xBC8A16D3 | Rollbacks: 58 (Resim:  77) | Stalls:  0
[BOT:50005] Heartbeat - Sparse Mods Tracked: 2048
[HEARTBEAT] Node: 1 | Tick: 298741 | Conf: 298739 | Hash: 0x35C7C251 | Rollbacks: 52 (Resim:  58) | Stalls:  0
[HEARTBEAT] Node: 1 | Tick: 298801 | Conf: 298799 | Hash: 0x04447779 | Rollbacks: 55 (Resim:  55) | Stalls:  0
[HEARTBEAT] Node: 1 | Tick: 298861 | Conf: 298859 | Hash: 0x331D738F | Rollbacks: 58 (Resim:  73) | Stalls:  0
[HEARTBEAT] Node: 1 | Tick: 298921 | Conf: 298919 | Hash: 0xB01C75A1 | Rollbacks: 54 (Resim:  54) | Stalls:  0
[HEARTBEAT] Node: 1 | Tick: 298981 | Conf: 298979 | Hash: 0x6C9381F1 | Rollbacks: 58 (Resim:  74) | Stalls:  0
[HEARTBEAT] Node: 1 | Tick: 299041 | Conf: 299039 | Hash: 0x1C813D87 | Rollbacks: 55 (Resim:  55) | Stalls:  0
[HEARTBEAT] Node: 1 | Tick: 299101 | Conf: 299099 | Hash: 0x4F26C02D | Rollbacks: 57 (Resim:  80) | Stalls:  0
[HEARTBEAT] Node: 1 | Tick: 299161 | Conf: 299159 | Hash: 0x7767E901 | Rollbacks: 54 (Resim:  54) | Stalls:  0
[HEARTBEAT] Node: 1 | Tick: 299221 | Conf: 299218 | Hash: 0x00DA4895 | Rollbacks: 58 (Resim:  73) | Stalls:  0
[HEARTBEAT] Node: 1 | Tick: 299281 | Conf: 299279 | Hash: 0x14020FA4 | Rollbacks: 47 (Resim:  52) | Stalls:  0
[BOT:50005] Heartbeat - Sparse Mods Tracked: 2048
[HEARTBEAT] Node: 1 | Tick: 299341 | Conf: 299339 | Hash: 0xF9FBE4CC | Rollbacks: 53 (Resim:  53) | Stalls:  0
[HEARTBEAT] Node: 1 | Tick: 299401 | Conf: 299399 | Hash: 0x099757E9 | Rollbacks: 58 (Resim:  73) | Stalls:  0
[HEARTBEAT] Node: 1 | Tick: 299461 | Conf: 299459 | Hash: 0x54BFD4C2 | Rollbacks: 50 (Resim:  50) | Stalls:  0
[HEARTBEAT] Node: 1 | Tick: 299521 | Conf: 299518 | Hash: 0x7FCD4E48 | Rollbacks: 58 (Resim:  74) | Stalls:  0
[HEARTBEAT] Node: 1 | Tick: 299581 | Conf: 299579 | Hash: 0xA73195A6 | Rollbacks: 53 (Resim:  62) | Stalls:  0
[HEARTBEAT] Node: 1 | Tick: 299641 | Conf: 299639 | Hash: 0x91D5B3C3 | Rollbacks: 42 (Resim:  42) | Stalls:  0
[HEARTBEAT] Node: 1 | Tick: 299701 | Conf: 299699 | Hash: 0x5FB4D202 | Rollbacks: 55 (Resim:  61) | Stalls:  0
[HEARTBEAT] Node: 1 | Tick: 299761 | Conf: 299759 | Hash: 0xBC4BD30A | Rollbacks: 47 (Resim:  62) | Stalls:  0
[HEARTBEAT] Node: 1 | Tick: 299821 | Conf: 299819 | Hash: 0x4E3B0392 | Rollbacks: 54 (Resim:  56) | Stalls:  0
[BOT:50005] Heartbeat - Sparse Mods Tracked: 2048
[HEARTBEAT] Node: 1 | Tick: 299881 | Conf: 299879 | Hash: 0x167CA35B | Rollbacks: 58 (Resim:  74) | Stalls:  0
[HEARTBEAT] Node: 1 | Tick: 299941 | Conf: 299939 | Hash: 0xC5878673 | Rollbacks: 58 (Resim:  58) | Stalls:  0
[HEARTBEAT] Node: 1 | Tick: 300001 | Conf: 299999 | Hash: 0x1C895E1D | Rollbacks: 59 (Resim:  83) | Stalls:  0
[HEARTBEAT] Node: 1 | Tick: 300061 | Conf: 300059 | Hash: 0x12F5A4F0 | Rollbacks: 44 (Resim:  44) | Stalls:  0
[HEARTBEAT] Node: 1 | Tick: 300121 | Conf: 300119 | Hash: 0x7014364D | Rollbacks: 55 (Resim:  75) | Stalls:  0
[HEARTBEAT] Node: 1 | Tick: 300181 | Conf: 300179 | Hash: 0xE084CDA2 | Rollbacks: 53 (Resim:  53) | Stalls:  0
[HEARTBEAT] Node: 1 | Tick: 300241 | Conf: 300239 | Hash: 0xF3E45547 | Rollbacks: 58 (Resim:  80) | Stalls:  0
[HEARTBEAT] Node: 1 | Tick: 300301 | Conf: 300299 | Hash: 0x3F08CF46 | Rollbacks: 53 (Resim:  53) | Stalls:  0
[HEARTBEAT] Node: 1 | Tick: 300361 | Conf: 300359 | Hash: 0x5ABC8C13 | Rollbacks: 59 (Resim:  69) | Stalls:  0
[HEARTBEAT] Node: 1 | Tick: 300421 | Conf: 300419 | Hash: 0xAA2022FF | Rollbacks: 52 (Resim:  74) | Stalls:  0
[BOT:50005] Heartbeat - Sparse Mods Tracked: 2048
[HEARTBEAT] Node: 1 | Tick: 300481 | Conf: 300479 | Hash: 0xB47CE447 | Rollbacks: 53 (Resim:  53) | Stalls:  0
[HEARTBEAT] Node: 1 | Tick: 300541 | Conf: 300539 | Hash: 0x8A148902 | Rollbacks: 49 (Resim:  49) | Stalls:  0
[HEARTBEAT] Node: 1 | Tick: 300601 | Conf: 300598 | Hash: 0x4131FFBC | Rollbacks: 56 (Resim:  68) | Stalls:  0
[HEARTBEAT] Node: 1 | Tick: 300661 | Conf: 300659 | Hash: 0x7301B930 | Rollbacks: 55 (Resim:  62) | Stalls:  0
[HEARTBEAT] Node: 1 | Tick: 300721 | Conf: 300719 | Hash: 0xB55F24D9 | Rollbacks: 40 (Resim:  42) | Stalls:  0
[HEARTBEAT] Node: 1 | Tick: 300781 | Conf: 300779 | Hash: 0xD1672492 | Rollbacks: 59 (Resim:  59) | Stalls:  0
[HEARTBEAT] Node: 1 | Tick: 300841 | Conf: 300839 | Hash: 0x76CFC660 | Rollbacks: 59 (Resim:  74) | Stalls:  0
[HEARTBEAT] Node: 1 | Tick: 300901 | Conf: 300899 | Hash: 0xA3EF8E03 | Rollbacks: 46 (Resim:  52) | Stalls:  0
[HEARTBEAT] Node: 1 | Tick: 300961 | Conf: 300959 | Hash: 0x5B2EEC70 | Rollbacks: 59 (Resim:  59) | Stalls:  0
[HEARTBEAT] Node: 1 | Tick: 301021 | Conf: 301019 | Hash: 0xE207514C | Rollbacks: 55 (Resim:  78) | Stalls:  0
[BOT:50005] Heartbeat - Sparse Mods Tracked: 2048
[HEARTBEAT] Node: 1 | Tick: 301081 | Conf: 301078 | Hash: 0x83D736B6 | Rollbacks: 57 (Resim:  65) | Stalls:  0
[HEARTBEAT] Node: 1 | Tick: 301141 | Conf: 301139 | Hash: 0xFD6A99BC | Rollbacks: 47 (Resim:  59) | Stalls:  0
[HEARTBEAT] Node: 1 | Tick: 301201 | Conf: 301199 | Hash: 0xECE63B4E | Rollbacks: 50 (Resim:  50) | Stalls:  0
[HEARTBEAT] Node: 1 | Tick: 301261 | Conf: 301259 | Hash: 0x276B58EA | Rollbacks: 59 (Resim:  71) | Stalls:  0
[HEARTBEAT] Node: 1 | Tick: 301321 | Conf: 301319 | Hash: 0xE1569737 | Rollbacks: 51 (Resim:  56) | Stalls:  0
[HEARTBEAT] Node: 1 | Tick: 301381 | Conf: 301379 | Hash: 0x4C2A368B | Rollbacks: 59 (Resim:  60) | Stalls:  0
[HEARTBEAT] Node: 1 | Tick: 301441 | Conf: 301439 | Hash: 0x2D1A4613 | Rollbacks: 58 (Resim:  74) | Stalls:  0
[HEARTBEAT] Node: 1 | Tick: 301501 | Conf: 301499 | Hash: 0x13260BE7 | Rollbacks: 48 (Resim:  48) | Stalls:  0
[HEARTBEAT] Node: 1 | Tick: 301561 | Conf: 301559 | Hash: 0xEDE1B992 | Rollbacks: 47 (Resim:  47) | Stalls:  0
[HEARTBEAT] Node: 1 | Tick: 301621 | Conf: 301619 | Hash: 0xD28A39C0 | Rollbacks: 59 (Resim:  69) | Stalls:  0
[BOT:50005] Heartbeat - Sparse Mods Tracked: 2048
[HEARTBEAT] Node: 1 | Tick: 301681 | Conf: 301679 | Hash: 0xE8990E7C | Rollbacks: 45 (Resim:  56) | Stalls:  0
[HEARTBEAT] Node: 1 | Tick: 301741 | Conf: 301739 | Hash: 0xA042FF82 | Rollbacks: 59 (Resim:  59) | Stalls:  0
[HEARTBEAT] Node: 1 | Tick: 301801 | Conf: 301798 | Hash: 0x4FF63DD5 | Rollbacks: 48 (Resim:  62) | Stalls:  0
[HEARTBEAT] Node: 1 | Tick: 301861 | Conf: 301859 | Hash: 0x3CDAEAB9 | Rollbacks: 53 (Resim:  56) | Stalls:  0
[HEARTBEAT] Node: 1 | Tick: 301921 | Conf: 301918 | Hash: 0x249EB205 | Rollbacks: 58 (Resim:  64) | Stalls:  0
[HEARTBEAT] Node: 1 | Tick: 301981 | Conf: 301979 | Hash: 0xF7782DE6 | Rollbacks: 52 (Resim:  61) | Stalls:  0
[HEARTBEAT] Node: 1 | Tick: 302041 | Conf: 302039 | Hash: 0xC3DE647D | Rollbacks: 59 (Resim:  60) | Stalls:  0
[HEARTBEAT] Node: 1 | Tick: 302101 | Conf: 302099 | Hash: 0x3DA27E88 | Rollbacks: 51 (Resim:  71) | Stalls:  0
[HEARTBEAT] Node: 1 | Tick: 302161 | Conf: 302159 | Hash: 0x7D6EBAAF | Rollbacks: 55 (Resim:  58) | Stalls:  0
[HEARTBEAT] Node: 1 | Tick: 302221 | Conf: 302219 | Hash: 0xFA7B5095 | Rollbacks: 48 (Resim:  48) | Stalls:  0
[BOT:50005] Heartbeat - Sparse Mods Tracked: 2048
[HEARTBEAT] Node: 1 | Tick: 302281 | Conf: 302279 | Hash: 0xE0269545 | Rollbacks: 53 (Resim:  58) | Stalls:  0
[HEARTBEAT] Node: 1 | Tick: 302341 | Conf: 302339 | Hash: 0xC6C68E7D | Rollbacks: 58 (Resim:  71) | Stalls:  0
[HEARTBEAT] Node: 1 | Tick: 302401 | Conf: 302399 | Hash: 0x118C12B4 | Rollbacks: 38 (Resim:  40) | Stalls:  0
[HEARTBEAT] Node: 1 | Tick: 302461 | Conf: 302459 | Hash: 0xCDF772FD | Rollbacks: 42 (Resim:  44) | Stalls:  0
[HEARTBEAT] Node: 1 | Tick: 302521 | Conf: 302518 | Hash: 0xC7240739 | Rollbacks: 59 (Resim:  78) | Stalls:  0
[HEARTBEAT] Node: 1 | Tick: 302581 | Conf: 302579 | Hash: 0x10D093B3 | Rollbacks: 55 (Resim:  63) | Stalls:  0
[HEARTBEAT] Node: 1 | Tick: 302641 | Conf: 302639 | Hash: 0xE2CC66FA | Rollbacks: 47 (Resim:  48) | Stalls:  0
[HEARTBEAT] Node: 1 | Tick: 302701 | Conf: 302698 | Hash: 0x0A784344 | Rollbacks: 58 (Resim:  73) | Stalls:  0
[HEARTBEAT] Node: 1 | Tick: 302761 | Conf: 302759 | Hash: 0x31E0D461 | Rollbacks: 50 (Resim:  60) | Stalls:  0
[HEARTBEAT] Node: 1 | Tick: 302821 | Conf: 302819 | Hash: 0xDBD23380 | Rollbacks: 51 (Resim:  54) | Stalls:  0
[BOT:50005] Heartbeat - Sparse Mods Tracked: 2048
[HEARTBEAT] Node: 1 | Tick: 302881 | Conf: 302879 | Hash: 0x61A962AB | Rollbacks: 59 (Resim:  74) | Stalls:  0
[HEARTBEAT] Node: 1 | Tick: 302941 | Conf: 302939 | Hash: 0x45A0A938 | Rollbacks: 55 (Resim:  58) | Stalls:  0
[HEARTBEAT] Node: 1 | Tick: 303001 | Conf: 302999 | Hash: 0xBC12FE09 | Rollbacks: 46 (Resim:  46) | Stalls:  0
[HEARTBEAT] Node: 1 | Tick: 303061 | Conf: 303058 | Hash: 0x36056186 | Rollbacks: 51 (Resim:  58) | Stalls:  0
[HEARTBEAT] Node: 1 | Tick: 303121 | Conf: 303119 | Hash: 0x8DE148F9 | Rollbacks: 59 (Resim:  78) | Stalls:  0
[HEARTBEAT] Node: 1 | Tick: 303181 | Conf: 303179 | Hash: 0x5ABCE807 | Rollbacks: 54 (Resim:  60) | Stalls:  0
[HEARTBEAT] Node: 1 | Tick: 303241 | Conf: 303239 | Hash: 0x650835D2 | Rollbacks: 47 (Resim:  51) | Stalls:  0
[HEARTBEAT] Node: 1 | Tick: 303301 | Conf: 303299 | Hash: 0x503E6B40 | Rollbacks: 48 (Resim:  49) | Stalls:  0
[HEARTBEAT] Node: 1 | Tick: 303361 | Conf: 303358 | Hash: 0x4140C78F | Rollbacks: 56 (Resim:  72) | Stalls:  0
[BOT:50005] Heartbeat - Sparse Mods Tracked: 2048
[HEARTBEAT] Node: 1 | Tick: 303421 | Conf: 303419 | Hash: 0x27ECBAAB | Rollbacks: 59 (Resim:  61) | Stalls:  0
[HEARTBEAT] Node: 1 | Tick: 303481 | Conf: 303479 | Hash: 0xDF1F14C2 | Rollbacks: 59 (Resim:  71) | Stalls:  0
[HEARTBEAT] Node: 1 | Tick: 303541 | Conf: 303539 | Hash: 0x9C888538 | Rollbacks: 46 (Resim:  48) | Stalls:  0
[HEARTBEAT] Node: 1 | Tick: 303601 | Conf: 303599 | Hash: 0xAB3B391C | Rollbacks: 58 (Resim:  63) | Stalls:  0
[HEARTBEAT] Node: 1 | Tick: 303661 | Conf: 303659 | Hash: 0xEAEFBD44 | Rollbacks: 45 (Resim:  51) | Stalls:  0
[HEARTBEAT] Node: 1 | Tick: 303721 | Conf: 303719 | Hash: 0xFE479785 | Rollbacks: 59 (Resim:  61) | Stalls:  0
[HEARTBEAT] Node: 1 | Tick: 303781 | Conf: 303779 | Hash: 0x2C232994 | Rollbacks: 59 (Resim:  76) | Stalls:  0
[HEARTBEAT] Node: 1 | Tick: 303841 | Conf: 303839 | Hash: 0xFD0DDB57 | Rollbacks: 53 (Resim:  53) | Stalls:  0
[HEARTBEAT] Node: 1 | Tick: 303901 | Conf: 303898 | Hash: 0x75A00778 | Rollbacks: 59 (Resim:  71) | Stalls:  0
[HEARTBEAT] Node: 1 | Tick: 303961 | Conf: 303959 | Hash: 0x36F81577 | Rollbacks: 50 (Resim:  51) | Stalls:  0
[BOT:50005] Heartbeat - Sparse Mods Tracked: 2048
[HEARTBEAT] Node: 1 | Tick: 304021 | Conf: 304019 | Hash: 0x601EE013 | Rollbacks: 59 (Resim:  60) | Stalls:  0
[HEARTBEAT] Node: 1 | Tick: 304081 | Conf: 304078 | Hash: 0x8F23D927 | Rollbacks: 52 (Resim:  72) | Stalls:  0
[HEARTBEAT] Node: 1 | Tick: 304141 | Conf: 304139 | Hash: 0xE381656F | Rollbacks: 46 (Resim:  50) | Stalls:  0
[HEARTBEAT] Node: 1 | Tick: 304201 | Conf: 304199 | Hash: 0xE6A43BDF | Rollbacks: 60 (Resim:  60) | Stalls:  0
[HEARTBEAT] Node: 1 | Tick: 304261 | Conf: 304259 | Hash: 0xB10CE59D | Rollbacks: 52 (Resim:  65) | Stalls:  0
[HEARTBEAT] Node: 1 | Tick: 304321 | Conf: 304319 | Hash: 0x4345C355 | Rollbacks: 59 (Resim:  64) | Stalls:  0
[HEARTBEAT] Node: 1 | Tick: 304381 | Conf: 304379 | Hash: 0x9990DF77 | Rollbacks: 54 (Resim:  59) | Stalls:  0
[HEARTBEAT] Node: 1 | Tick: 304441 | Conf: 304439 | Hash: 0x7B244FEB | Rollbacks: 59 (Resim:  71) | Stalls:  0
[HEARTBEAT] Node: 1 | Tick: 304501 | Conf: 304499 | Hash: 0x1629E023 | Rollbacks: 57 (Resim:  60) | Stalls:  0
[HEARTBEAT] Node: 1 | Tick: 304561 | Conf: 304559 | Hash: 0xC48DD3F3 | Rollbacks: 59 (Resim:  71) | Stalls:  0
[BOT:50005] Heartbeat - Sparse Mods Tracked: 2048
[HEARTBEAT] Node: 1 | Tick: 304621 | Conf: 304619 | Hash: 0xAF59F534 | Rollbacks: 50 (Resim:  57) | Stalls:  0
[HEARTBEAT] Node: 1 | Tick: 304681 | Conf: 304679 | Hash: 0x7D67926D | Rollbacks: 56 (Resim:  58) | Stalls:  0
[HEARTBEAT] Node: 1 | Tick: 304741 | Conf: 304739 | Hash: 0x931AA761 | Rollbacks: 49 (Resim:  65) | Stalls:  0
[HEARTBEAT] Node: 1 | Tick: 304801 | Conf: 304799 | Hash: 0x7FED7B08 | Rollbacks: 54 (Resim:  55) | Stalls:  0
[HEARTBEAT] Node: 1 | Tick: 304861 | Conf: 304859 | Hash: 0xC84E2B84 | Rollbacks: 55 (Resim:  79) | Stalls:  0
[HEARTBEAT] Node: 1 | Tick: 304921 | Conf: 304919 | Hash: 0xA3F8F8F7 | Rollbacks: 57 (Resim:  57) | Stalls:  0
[HEARTBEAT] Node: 1 | Tick: 304981 | Conf: 304979 | Hash: 0x26F894F8 | Rollbacks: 59 (Resim:  75) | Stalls:  0
[HEARTBEAT] Node: 1 | Tick: 305041 | Conf: 305039 | Hash: 0x54815823 | Rollbacks: 46 (Resim:  51) | Stalls:  0
[HEARTBEAT] Node: 1 | Tick: 305101 | Conf: 305099 | Hash: 0x636D0B1C | Rollbacks: 45 (Resim:  45) | Stalls:  0
[HEARTBEAT] Node: 1 | Tick: 305161 | Conf: 305159 | Hash: 0xF190466C | Rollbacks: 45 (Resim:  45) | Stalls:  0
[BOT:50005] Heartbeat - Sparse Mods Tracked: 2048
[HEARTBEAT] Node: 1 | Tick: 305221 | Conf: 305219 | Hash: 0x0C509FEC | Rollbacks: 60 (Resim:  60) | Stalls:  0
[HEARTBEAT] Node: 1 | Tick: 305281 | Conf: 305279 | Hash: 0x75ED119A | Rollbacks: 59 (Resim:  77) | Stalls:  0
[HEARTBEAT] Node: 1 | Tick: 305341 | Conf: 305339 | Hash: 0x02860DB8 | Rollbacks: 56 (Resim:  58) | Stalls:  0
[HEARTBEAT] Node: 1 | Tick: 305401 | Conf: 305399 | Hash: 0xE7409E99 | Rollbacks: 52 (Resim:  64) | Stalls:  0
[HEARTBEAT] Node: 1 | Tick: 305461 | Conf: 305459 | Hash: 0x4EDC723A | Rollbacks: 59 (Resim:  64) | Stalls:  0
[HEARTBEAT] Node: 1 | Tick: 305521 | Conf: 305518 | Hash: 0x5271A5AF | Rollbacks: 55 (Resim:  64) | Stalls:  0
[HEARTBEAT] Node: 1 | Tick: 305581 | Conf: 305579 | Hash: 0xCEF0DCC7 | Rollbacks: 59 (Resim:  71) | Stalls:  0
[HEARTBEAT] Node: 1 | Tick: 305641 | Conf: 305639 | Hash: 0x9C512F67 | Rollbacks: 54 (Resim:  57) | Stalls:  0
[HEARTBEAT] Node: 1 | Tick: 305701 | Conf: 305699 | Hash: 0x5319AD1A | Rollbacks: 58 (Resim:  62) | Stalls:  0
[HEARTBEAT] Node: 1 | Tick: 305761 | Conf: 305759 | Hash: 0xA116E70D | Rollbacks: 58 (Resim:  58) | Stalls:  0
[BOT:50005] Heartbeat - Sparse Mods Tracked: 2048
[HEARTBEAT] Node: 1 | Tick: 305821 | Conf: 305819 | Hash: 0x7BEE6E36 | Rollbacks: 58 (Resim:  83) | Stalls:  0
[HEARTBEAT] Node: 1 | Tick: 305881 | Conf: 305879 | Hash: 0x63C34BFE | Rollbacks: 50 (Resim:  50) | Stalls:  0
[HEARTBEAT] Node: 1 | Tick: 305941 | Conf: 305939 | Hash: 0xFD4C62CC | Rollbacks: 59 (Resim:  61) | Stalls:  0
[HEARTBEAT] Node: 1 | Tick: 306001 | Conf: 305999 | Hash: 0x3BA12B63 | Rollbacks: 53 (Resim:  81) | Stalls:  0
[HEARTBEAT] Node: 1 | Tick: 306061 | Conf: 306059 | Hash: 0x22733ED7 | Rollbacks: 49 (Resim:  49) | Stalls:  0
[HEARTBEAT] Node: 1 | Tick: 306121 | Conf: 306118 | Hash: 0x68886828 | Rollbacks: 58 (Resim:  62) | Stalls:  0
[HEARTBEAT] Node: 1 | Tick: 306181 | Conf: 306179 | Hash: 0x4FFCD29E | Rollbacks: 52 (Resim:  77) | Stalls:  0
[HEARTBEAT] Node: 1 | Tick: 306241 | Conf: 306239 | Hash: 0x08610780 | Rollbacks: 59 (Resim:  66) | Stalls:  0
[HEARTBEAT] Node: 1 | Tick: 306301 | Conf: 306298 | Hash: 0x73820BD9 | Rollbacks: 53 (Resim:  78) | Stalls:  0
[HEARTBEAT] Node: 1 | Tick: 306361 | Conf: 306359 | Hash: 0x6EBA7FC0 | Rollbacks: 48 (Resim:  49) | Stalls:  0
[BOT:50005] Heartbeat - Sparse Mods Tracked: 2048
[HEARTBEAT] Node: 1 | Tick: 306421 | Conf: 306419 | Hash: 0x6AC9246D | Rollbacks: 56 (Resim:  56) | Stalls:  0
[HEARTBEAT] Node: 1 | Tick: 306481 | Conf: 306479 | Hash: 0x40463A6B | Rollbacks: 59 (Resim:  75) | Stalls:  0
[HEARTBEAT] Node: 1 | Tick: 306541 | Conf: 306539 | Hash: 0xCD7BF4C4 | Rollbacks: 47 (Resim:  49) | Stalls:  0
[HEARTBEAT] Node: 1 | Tick: 306601 | Conf: 306599 | Hash: 0x4D101901 | Rollbacks: 59 (Resim:  71) | Stalls:  0
[HEARTBEAT] Node: 1 | Tick: 306661 | Conf: 306659 | Hash: 0x821EFC54 | Rollbacks: 54 (Resim:  58) | Stalls:  0
[HEARTBEAT] Node: 1 | Tick: 306721 | Conf: 306718 | Hash: 0x26284EBA | Rollbacks: 59 (Resim:  74) | Stalls:  0
[HEARTBEAT] Node: 1 | Tick: 306781 | Conf: 306779 | Hash: 0x857C3CAC | Rollbacks: 59 (Resim:  64) | Stalls:  0
[HEARTBEAT] Node: 1 | Tick: 306841 | Conf: 306838 | Hash: 0xF9CC428F | Rollbacks: 53 (Resim:  68) | Stalls:  0
[HEARTBEAT] Node: 1 | Tick: 306901 | Conf: 306899 | Hash: 0xB6147E78 | Rollbacks: 48 (Resim:  50) | Stalls:  0
[HEARTBEAT] Node: 1 | Tick: 306961 | Conf: 306959 | Hash: 0x0FC303B6 | Rollbacks: 58 (Resim:  71) | Stalls:  0
[BOT:50005] Heartbeat - Sparse Mods Tracked: 2048
[HEARTBEAT] Node: 1 | Tick: 307021 | Conf: 307019 | Hash: 0xEE1C7686 | Rollbacks: 54 (Resim:  54) | Stalls:  0
[HEARTBEAT] Node: 1 | Tick: 307081 | Conf: 307079 | Hash: 0x39B291D3 | Rollbacks: 59 (Resim:  70) | Stalls:  0
[HEARTBEAT] Node: 1 | Tick: 307141 | Conf: 307139 | Hash: 0xBB92308D | Rollbacks: 54 (Resim:  54) | Stalls:  0
[HEARTBEAT] Node: 1 | Tick: 307201 | Conf: 307199 | Hash: 0x04715A38 | Rollbacks: 59 (Resim:  60) | Stalls:  0
[HEARTBEAT] Node: 1 | Tick: 307261 | Conf: 307259 | Hash: 0x3A3CF2A4 | Rollbacks: 46 (Resim:  62) | Stalls:  0
[HEARTBEAT] Node: 1 | Tick: 307321 | Conf: 307319 | Hash: 0x82332F87 | Rollbacks: 60 (Resim:  60) | Stalls:  0
[HEARTBEAT] Node: 1 | Tick: 307381 | Conf: 307379 | Hash: 0x8335B2B9 | Rollbacks: 54 (Resim:  80) | Stalls:  0
[HEARTBEAT] Node: 1 | Tick: 307441 | Conf: 307439 | Hash: 0xD63B74D6 | Rollbacks: 51 (Resim:  56) | Stalls:  0
[HEARTBEAT] Node: 1 | Tick: 307501 | Conf: 307499 | Hash: 0x0B0894F4 | Rollbacks: 49 (Resim:  56) | Stalls:  0
[BOT:50005] Heartbeat - Sparse Mods Tracked: 2048
[HEARTBEAT] Node: 1 | Tick: 307561 | Conf: 307559 | Hash: 0x943394A7 | Rollbacks: 56 (Resim:  61) | Stalls:  0
[HEARTBEAT] Node: 1 | Tick: 307621 | Conf: 307619 | Hash: 0xA74C7BD8 | Rollbacks: 42 (Resim:  44) | Stalls:  0
[HEARTBEAT] Node: 1 | Tick: 307681 | Conf: 307679 | Hash: 0x5A2567C4 | Rollbacks: 51 (Resim:  52) | Stalls:  0
[HEARTBEAT] Node: 1 | Tick: 307741 | Conf: 307739 | Hash: 0x9C6F9F4A | Rollbacks: 59 (Resim:  71) | Stalls:  0
[HEARTBEAT] Node: 1 | Tick: 307801 | Conf: 307799 | Hash: 0xDA041595 | Rollbacks: 48 (Resim:  48) | Stalls:  0
[HEARTBEAT] Node: 1 | Tick: 307861 | Conf: 307859 | Hash: 0x85D60B07 | Rollbacks: 42 (Resim:  42) | Stalls:  0
[HEARTBEAT] Node: 1 | Tick: 307921 | Conf: 307919 | Hash: 0xA4CBBE09 | Rollbacks: 55 (Resim:  55) | Stalls:  0
[HEARTBEAT] Node: 1 | Tick: 307981 | Conf: 307979 | Hash: 0xF3812065 | Rollbacks: 46 (Resim:  66) | Stalls:  0
[HEARTBEAT] Node: 1 | Tick: 308041 | Conf: 308039 | Hash: 0x5F7F5292 | Rollbacks: 53 (Resim:  53) | Stalls:  0
[HEARTBEAT] Node: 1 | Tick: 308101 | Conf: 308099 | Hash: 0x57938ABA | Rollbacks: 59 (Resim:  79) | Stalls:  0
[BOT:50005] Heartbeat - Sparse Mods Tracked: 2048
[HEARTBEAT] Node: 1 | Tick: 308161 | Conf: 308159 | Hash: 0x6C299952 | Rollbacks: 50 (Resim:  53) | Stalls:  0
[HEARTBEAT] Node: 1 | Tick: 308221 | Conf: 308219 | Hash: 0xACA01F49 | Rollbacks: 49 (Resim:  52) | Stalls:  0
[HEARTBEAT] Node: 1 | Tick: 308281 | Conf: 308279 | Hash: 0x7CC4C4B1 | Rollbacks: 59 (Resim:  76) | Stalls:  0
[HEARTBEAT] Node: 1 | Tick: 308341 | Conf: 308339 | Hash: 0x1DECF5F5 | Rollbacks: 48 (Resim:  48) | Stalls:  0
[HEARTBEAT] Node: 1 | Tick: 308401 | Conf: 308398 | Hash: 0x646785F6 | Rollbacks: 58 (Resim:  66) | Stalls:  0
[HEARTBEAT] Node: 1 | Tick: 308461 | Conf: 308459 | Hash: 0xDCCF866C | Rollbacks: 49 (Resim:  62) | Stalls:  0
[HEARTBEAT] Node: 1 | Tick: 308521 | Conf: 308518 | Hash: 0xA99CE102 | Rollbacks: 58 (Resim:  58) | Stalls:  0
[HEARTBEAT] Node: 1 | Tick: 308581 | Conf: 308579 | Hash: 0x3CC74C07 | Rollbacks: 50 (Resim:  60) | Stalls:  0
[HEARTBEAT] Node: 1 | Tick: 308641 | Conf: 308639 | Hash: 0xECB2B09C | Rollbacks: 54 (Resim:  77) | Stalls:  0
[HEARTBEAT] Node: 1 | Tick: 308701 | Conf: 308699 | Hash: 0x3FA60EEE | Rollbacks: 58 (Resim:  62) | Stalls:  0
[BOT:50005] Heartbeat - Sparse Mods Tracked: 2048
[HEARTBEAT] Node: 1 | Tick: 308761 | Conf: 308759 | Hash: 0xBBE25C32 | Rollbacks: 59 (Resim:  69) | Stalls:  0
[HEARTBEAT] Node: 1 | Tick: 308821 | Conf: 308819 | Hash: 0x8E318812 | Rollbacks: 45 (Resim:  48) | Stalls:  0
[HEARTBEAT] Node: 1 | Tick: 308881 | Conf: 308879 | Hash: 0xA1EE7812 | Rollbacks: 47 (Resim:  51) | Stalls:  0
[HEARTBEAT] Node: 1 | Tick: 308941 | Conf: 308939 | Hash: 0xD6C89787 | Rollbacks: 59 (Resim:  78) | Stalls:  0
[HEARTBEAT] Node: 1 | Tick: 309001 | Conf: 308999 | Hash: 0xF6836A6D | Rollbacks: 58 (Resim:  62) | Stalls:  0
[HEARTBEAT] Node: 1 | Tick: 309061 | Conf: 309059 | Hash: 0xA4197F66 | Rollbacks: 56 (Resim:  57) | Stalls:  0
[HEARTBEAT] Node: 1 | Tick: 309121 | Conf: 309119 | Hash: 0x947B74AC | Rollbacks: 59 (Resim:  77) | Stalls:  0
[HEARTBEAT] Node: 1 | Tick: 309181 | Conf: 309179 | Hash: 0x49B55236 | Rollbacks: 53 (Resim:  57) | Stalls:  0
[HEARTBEAT] Node: 1 | Tick: 309241 | Conf: 309238 | Hash: 0x364CDD3E | Rollbacks: 53 (Resim:  58) | Stalls:  0
[HEARTBEAT] Node: 1 | Tick: 309301 | Conf: 309299 | Hash: 0x72E5A7D2 | Rollbacks: 55 (Resim:  71) | Stalls:  0
[BOT:50005] Heartbeat - Sparse Mods Tracked: 2048
[HEARTBEAT] Node: 1 | Tick: 309361 | Conf: 309359 | Hash: 0x80808371 | Rollbacks: 56 (Resim:  56) | Stalls:  0
[HEARTBEAT] Node: 1 | Tick: 309421 | Conf: 309419 | Hash: 0xDE63E114 | Rollbacks: 51 (Resim:  68) | Stalls:  0
[HEARTBEAT] Node: 1 | Tick: 309481 | Conf: 309479 | Hash: 0x56175E94 | Rollbacks: 59 (Resim:  66) | Stalls:  0
[HEARTBEAT] Node: 1 | Tick: 309541 | Conf: 309539 | Hash: 0xB1758ED7 | Rollbacks: 59 (Resim:  75) | Stalls:  0
[HEARTBEAT] Node: 1 | Tick: 309601 | Conf: 309599 | Hash: 0x8628FF94 | Rollbacks: 47 (Resim:  47) | Stalls:  0
[HEARTBEAT] Node: 1 | Tick: 309661 | Conf: 309659 | Hash: 0x7375281F | Rollbacks: 42 (Resim:  63) | Stalls:  0
[HEARTBEAT] Node: 1 | Tick: 309721 | Conf: 309719 | Hash: 0x0CE36C3E | Rollbacks: 59 (Resim:  60) | Stalls:  0
[HEARTBEAT] Node: 1 | Tick: 309781 | Conf: 309779 | Hash: 0x640DEF5B | Rollbacks: 56 (Resim:  70) | Stalls:  0
[HEARTBEAT] Node: 1 | Tick: 309841 | Conf: 309839 | Hash: 0xF76D77E2 | Rollbacks: 50 (Resim:  52) | Stalls:  0
[HEARTBEAT] Node: 1 | Tick: 309901 | Conf: 309899 | Hash: 0x370AF3A8 | Rollbacks: 51 (Resim:  56) | Stalls:  0
[BOT:50005] Heartbeat - Sparse Mods Tracked: 2048
[HEARTBEAT] Node: 1 | Tick: 309961 | Conf: 309959 | Hash: 0xF0FFEB6B | Rollbacks: 59 (Resim:  59) | Stalls:  0
[HEARTBEAT] Node: 1 | Tick: 310021 | Conf: 310019 | Hash: 0x0FAE88E6 | Rollbacks: 54 (Resim:  78) | Stalls:  0
[HEARTBEAT] Node: 1 | Tick: 310081 | Conf: 310079 | Hash: 0x9BF4CCEB | Rollbacks: 60 (Resim:  60) | Stalls:  0
[HEARTBEAT] Node: 1 | Tick: 310141 | Conf: 310139 | Hash: 0x0CD943DA | Rollbacks: 53 (Resim:  70) | Stalls:  0
[HEARTBEAT] Node: 1 | Tick: 310201 | Conf: 310199 | Hash: 0x876FE346 | Rollbacks: 55 (Resim:  72) | Stalls:  0
[HEARTBEAT] Node: 1 | Tick: 310261 | Conf: 310259 | Hash: 0x108EB45F | Rollbacks: 46 (Resim:  46) | Stalls:  0
[HEARTBEAT] Node: 1 | Tick: 310321 | Conf: 310318 | Hash: 0x21A8E07F | Rollbacks: 58 (Resim:  63) | Stalls:  0
[HEARTBEAT] Node: 1 | Tick: 310381 | Conf: 310379 | Hash: 0x00F87569 | Rollbacks: 49 (Resim:  54) | Stalls:  0
[HEARTBEAT] Node: 1 | Tick: 310441 | Conf: 310438 | Hash: 0x74B8CCA7 | Rollbacks: 58 (Resim:  61) | Stalls:  0
[HEARTBEAT] Node: 1 | Tick: 310501 | Conf: 310499 | Hash: 0x9D622CA4 | Rollbacks: 46 (Resim:  52) | Stalls:  0
[BOT:50005] Heartbeat - Sparse Mods Tracked: 2048
[HEARTBEAT] Node: 1 | Tick: 310561 | Conf: 310559 | Hash: 0xA9F4598D | Rollbacks: 58 (Resim:  58) | Stalls:  0
[HEARTBEAT] Node: 1 | Tick: 310621 | Conf: 310619 | Hash: 0xB66977EA | Rollbacks: 47 (Resim:  66) | Stalls:  0
[HEARTBEAT] Node: 1 | Tick: 310681 | Conf: 310679 | Hash: 0xAAC2C5CC | Rollbacks: 57 (Resim:  57) | Stalls:  0
[HEARTBEAT] Node: 1 | Tick: 310741 | Conf: 310739 | Hash: 0xF6E7C989 | Rollbacks: 59 (Resim:  66) | Stalls:  0
[HEARTBEAT] Node: 1 | Tick: 310801 | Conf: 310798 | Hash: 0xE78380F3 | Rollbacks: 54 (Resim:  63) | Stalls:  0
[HEARTBEAT] Node: 1 | Tick: 310861 | Conf: 310859 | Hash: 0x01B940EB | Rollbacks: 42 (Resim:  57) | Stalls:  0
[HEARTBEAT] Node: 1 | Tick: 310921 | Conf: 310919 | Hash: 0x90C7F756 | Rollbacks: 44 (Resim:  46) | Stalls:  0
[HEARTBEAT] Node: 1 | Tick: 310981 | Conf: 310979 | Hash: 0x9D22B1BC | Rollbacks: 47 (Resim:  47) | Stalls:  0
[HEARTBEAT] Node: 1 | Tick: 311041 | Conf: 311038 | Hash: 0xF682D737 | Rollbacks: 58 (Resim:  68) | Stalls:  0
[HEARTBEAT] Node: 1 | Tick: 311101 | Conf: 311099 | Hash: 0x7A552A58 | Rollbacks: 46 (Resim:  53) | Stalls:  0
[BOT:50005] Heartbeat - Sparse Mods Tracked: 2048
[HEARTBEAT] Node: 1 | Tick: 311161 | Conf: 311159 | Hash: 0xAEEC3595 | Rollbacks: 58 (Resim:  62) | Stalls:  0
[HEARTBEAT] Node: 1 | Tick: 311221 | Conf: 311218 | Hash: 0xAAB93E23 | Rollbacks: 53 (Resim:  54) | Stalls:  0
[HEARTBEAT] Node: 1 | Tick: 311281 | Conf: 311279 | Hash: 0xA06E3842 | Rollbacks: 46 (Resim:  66) | Stalls:  0
[HEARTBEAT] Node: 1 | Tick: 311341 | Conf: 311339 | Hash: 0xF51F5157 | Rollbacks: 59 (Resim:  64) | Stalls:  0
[HEARTBEAT] Node: 1 | Tick: 311401 | Conf: 311399 | Hash: 0x45A1F327 | Rollbacks: 58 (Resim:  62) | Stalls:  0
[HEARTBEAT] Node: 1 | Tick: 311461 | Conf: 311459 | Hash: 0xEE2483E1 | Rollbacks: 59 (Resim:  65) | Stalls:  0
[HEARTBEAT] Node: 1 | Tick: 311521 | Conf: 311518 | Hash: 0xC4817296 | Rollbacks: 59 (Resim:  72) | Stalls:  0
[HEARTBEAT] Node: 1 | Tick: 311581 | Conf: 311579 | Hash: 0x2B9FE1F3 | Rollbacks: 46 (Resim:  51) | Stalls:  0
[HEARTBEAT] Node: 1 | Tick: 311641 | Conf: 311639 | Hash: 0xD5BCB44A | Rollbacks: 54 (Resim:  54) | Stalls:  0
[BOT:50005] Heartbeat - Sparse Mods Tracked: 2048
[HEARTBEAT] Node: 1 | Tick: 311701 | Conf: 311699 | Hash: 0x6774B13C | Rollbacks: 58 (Resim:  85) | Stalls:  0
[HEARTBEAT] Node: 1 | Tick: 311761 | Conf: 311759 | Hash: 0x32374BC8 | Rollbacks: 58 (Resim:  58) | Stalls:  0
[HEARTBEAT] Node: 1 | Tick: 311821 | Conf: 311819 | Hash: 0x21484B9A | Rollbacks: 50 (Resim:  58) | Stalls:  0
[HEARTBEAT] Node: 1 | Tick: 311881 | Conf: 311879 | Hash: 0x2146DCDB | Rollbacks: 56 (Resim:  85) | Stalls:  0
[HEARTBEAT] Node: 1 | Tick: 311941 | Conf: 311939 | Hash: 0xE4FFDA5B | Rollbacks: 58 (Resim:  60) | Stalls:  0
[HEARTBEAT] Node: 1 | Tick: 312001 | Conf: 311998 | Hash: 0x1232F8EF | Rollbacks: 59 (Resim:  76) | Stalls:  0
[HEARTBEAT] Node: 1 | Tick: 312061 | Conf: 312059 | Hash: 0x23060201 | Rollbacks: 52 (Resim:  59) | Stalls:  0
[HEARTBEAT] Node: 1 | Tick: 312121 | Conf: 312118 | Hash: 0xF75059C8 | Rollbacks: 54 (Resim:  60) | Stalls:  0
[HEARTBEAT] Node: 1 | Tick: 312181 | Conf: 312179 | Hash: 0x3E29ACE4 | Rollbacks: 49 (Resim:  60) | Stalls:  0
[HEARTBEAT] Node: 1 | Tick: 312241 | Conf: 312239 | Hash: 0xF9146D93 | Rollbacks: 59 (Resim:  64) | Stalls:  0
[BOT:50005] Heartbeat - Sparse Mods Tracked: 2048
[HEARTBEAT] Node: 1 | Tick: 312301 | Conf: 312299 | Hash: 0xF1287276 | Rollbacks: 57 (Resim:  66) | Stalls:  0
[HEARTBEAT] Node: 1 | Tick: 312361 | Conf: 312359 | Hash: 0xB3836F92 | Rollbacks: 58 (Resim:  78) | Stalls:  0
[HEARTBEAT] Node: 1 | Tick: 312421 | Conf: 312419 | Hash: 0xACBD5D73 | Rollbacks: 51 (Resim:  53) | Stalls:  0
[HEARTBEAT] Node: 1 | Tick: 312481 | Conf: 312479 | Hash: 0x2C3334C2 | Rollbacks: 38 (Resim:  38) | Stalls:  0
[HEARTBEAT] Node: 1 | Tick: 312541 | Conf: 312539 | Hash: 0xD4D80BCF | Rollbacks: 56 (Resim:  56) | Stalls:  0
[HEARTBEAT] Node: 1 | Tick: 312601 | Conf: 312599 | Hash: 0xAF6EC7DD | Rollbacks: 59 (Resim:  83) | Stalls:  0
[HEARTBEAT] Node: 1 | Tick: 312661 | Conf: 312659 | Hash: 0xAC2566B5 | Rollbacks: 52 (Resim:  54) | Stalls:  0
[HEARTBEAT] Node: 1 | Tick: 312721 | Conf: 312719 | Hash: 0x9D661768 | Rollbacks: 59 (Resim:  74) | Stalls:  0
[HEARTBEAT] Node: 1 | Tick: 312781 | Conf: 312779 | Hash: 0x57F46EA2 | Rollbacks: 59 (Resim:  64) | Stalls:  0
[HEARTBEAT] Node: 1 | Tick: 312841 | Conf: 312839 | Hash: 0x0F7DDE17 | Rollbacks: 41 (Resim:  41) | Stalls:  0
[BOT:50005] Heartbeat - Sparse Mods Tracked: 2048
[HEARTBEAT] Node: 1 | Tick: 312901 | Conf: 312899 | Hash: 0x751DE6BE | Rollbacks: 57 (Resim:  65) | Stalls:  0
[HEARTBEAT] Node: 1 | Tick: 312961 | Conf: 312959 | Hash: 0xFFEBB169 | Rollbacks: 46 (Resim:  46) | Stalls:  0
[HEARTBEAT] Node: 1 | Tick: 313021 | Conf: 313018 | Hash: 0xDE8FEF5C | Rollbacks: 57 (Resim:  61) | Stalls:  0
[HEARTBEAT] Node: 1 | Tick: 313081 | Conf: 313079 | Hash: 0x967376FE | Rollbacks: 59 (Resim:  82) | Stalls:  0
[HEARTBEAT] Node: 1 | Tick: 313141 | Conf: 313139 | Hash: 0x738180FD | Rollbacks: 51 (Resim:  51) | Stalls:  0
[HEARTBEAT] Node: 1 | Tick: 313201 | Conf: 313199 | Hash: 0x620B36F8 | Rollbacks: 59 (Resim:  83) | Stalls:  0
[HEARTBEAT] Node: 1 | Tick: 313261 | Conf: 313259 | Hash: 0x6A834631 | Rollbacks: 60 (Resim:  60) | Stalls:  0
[HEARTBEAT] Node: 1 | Tick: 313321 | Conf: 313319 | Hash: 0xA3EC677C | Rollbacks: 59 (Resim:  64) | Stalls:  0
[HEARTBEAT] Node: 1 | Tick: 313381 | Conf: 313379 | Hash: 0xCE904BB0 | Rollbacks: 59 (Resim:  60) | Stalls:  0
[HEARTBEAT] Node: 1 | Tick: 313441 | Conf: 313439 | Hash: 0x34EF997F | Rollbacks: 53 (Resim:  57) | Stalls:  0
[BOT:50005] Heartbeat - Sparse Mods Tracked: 2048
[HEARTBEAT] Node: 1 | Tick: 313501 | Conf: 313498 | Hash: 0xD2B64204 | Rollbacks: 59 (Resim:  78) | Stalls:  0
[HEARTBEAT] Node: 1 | Tick: 313561 | Conf: 313559 | Hash: 0xABDD2CE3 | Rollbacks: 56 (Resim:  64) | Stalls:  0
[HEARTBEAT] Node: 1 | Tick: 313621 | Conf: 313619 | Hash: 0x8589BF14 | Rollbacks: 52 (Resim:  56) | Stalls:  0
[HEARTBEAT] Node: 1 | Tick: 313681 | Conf: 313679 | Hash: 0x40760FF7 | Rollbacks: 59 (Resim:  73) | Stalls:  0
[HEARTBEAT] Node: 1 | Tick: 313741 | Conf: 313739 | Hash: 0x52666471 | Rollbacks: 45 (Resim:  45) | Stalls:  0
[HEARTBEAT] Node: 1 | Tick: 313801 | Conf: 313798 | Hash: 0x4A702A65 | Rollbacks: 58 (Resim:  58) | Stalls:  0
[HEARTBEAT] Node: 1 | Tick: 313861 | Conf: 313859 | Hash: 0xBCAC2DA0 | Rollbacks: 59 (Resim:  78) | Stalls:  0
[HEARTBEAT] Node: 1 | Tick: 313921 | Conf: 313919 | Hash: 0xDC74799A | Rollbacks: 48 (Resim:  51) | Stalls:  0
[HEARTBEAT] Node: 1 | Tick: 313981 | Conf: 313978 | Hash: 0xCD62EF2E | Rollbacks: 58 (Resim:  68) | Stalls:  0
[HEARTBEAT] Node: 1 | Tick: 314041 | Conf: 314039 | Hash: 0xDFEA47FD | Rollbacks: 44 (Resim:  54) | Stalls:  0
[BOT:50005] Heartbeat - Sparse Mods Tracked: 2048
[HEARTBEAT] Node: 1 | Tick: 314101 | Conf: 314099 | Hash: 0x31E4D817 | Rollbacks: 52 (Resim:  52) | Stalls:  0
[HEARTBEAT] Node: 1 | Tick: 314161 | Conf: 314159 | Hash: 0xAD7C0352 | Rollbacks: 43 (Resim:  56) | Stalls:  0
[HEARTBEAT] Node: 1 | Tick: 314221 | Conf: 314219 | Hash: 0x957F1D85 | Rollbacks: 59 (Resim:  60) | Stalls:  0
[HEARTBEAT] Node: 1 | Tick: 314281 | Conf: 314279 | Hash: 0xBEBA161C | Rollbacks: 52 (Resim:  63) | Stalls:  0
[HEARTBEAT] Node: 1 | Tick: 314341 | Conf: 314339 | Hash: 0xF41B708D | Rollbacks: 54 (Resim:  66) | Stalls:  0
[HEARTBEAT] Node: 1 | Tick: 314401 | Conf: 314399 | Hash: 0x2C11A1DD | Rollbacks: 57 (Resim:  57) | Stalls:  0
[HEARTBEAT] Node: 1 | Tick: 314461 | Conf: 314459 | Hash: 0x1C0BC1C3 | Rollbacks: 59 (Resim:  65) | Stalls:  0
[HEARTBEAT] Node: 1 | Tick: 314521 | Conf: 314519 | Hash: 0x37BD3ADE | Rollbacks: 59 (Resim:  62) | Stalls:  0
[HEARTBEAT] Node: 1 | Tick: 314581 | Conf: 314579 | Hash: 0xB524C15D | Rollbacks: 57 (Resim:  61) | Stalls:  0
[HEARTBEAT] Node: 1 | Tick: 314641 | Conf: 314639 | Hash: 0x53C9FD36 | Rollbacks: 59 (Resim:  69) | Stalls:  0
[BOT:50005] Heartbeat - Sparse Mods Tracked: 2048
[HEARTBEAT] Node: 1 | Tick: 314701 | Conf: 314698 | Hash: 0x6E68A7AE | Rollbacks: 53 (Resim:  54) | Stalls:  0
[HEARTBEAT] Node: 1 | Tick: 314761 | Conf: 314759 | Hash: 0x27EA4A2D | Rollbacks: 56 (Resim:  77) | Stalls:  0
[HEARTBEAT] Node: 1 | Tick: 314821 | Conf: 314819 | Hash: 0xE17A2CF0 | Rollbacks: 59 (Resim:  60) | Stalls:  0
[HEARTBEAT] Node: 1 | Tick: 314881 | Conf: 314879 | Hash: 0xFD86A60A | Rollbacks: 48 (Resim:  62) | Stalls:  0
[HEARTBEAT] Node: 1 | Tick: 314941 | Conf: 314939 | Hash: 0xAD2F960C | Rollbacks: 59 (Resim:  68) | Stalls:  0
[HEARTBEAT] Node: 1 | Tick: 315001 | Conf: 314999 | Hash: 0xFD2A67DB | Rollbacks: 56 (Resim:  56) | Stalls:  0
[HEARTBEAT] Node: 1 | Tick: 315061 | Conf: 315059 | Hash: 0x8BD28578 | Rollbacks: 59 (Resim:  74) | Stalls:  0
[HEARTBEAT] Node: 1 | Tick: 315121 | Conf: 315119 | Hash: 0x7CB65D4E | Rollbacks: 55 (Resim:  55) | Stalls:  0
[HEARTBEAT] Node: 1 | Tick: 315181 | Conf: 315179 | Hash: 0x356D1A29 | Rollbacks: 59 (Resim:  69) | Stalls:  0
[HEARTBEAT] Node: 1 | Tick: 315241 | Conf: 315239 | Hash: 0x1D8C7E0E | Rollbacks: 59 (Resim:  59) | Stalls:  0
[BOT:50005] Heartbeat - Sparse Mods Tracked: 2048
[HEARTBEAT] Node: 1 | Tick: 315301 | Conf: 315298 | Hash: 0x99E4F95F | Rollbacks: 54 (Resim:  69) | Stalls:  0
[HEARTBEAT] Node: 1 | Tick: 315361 | Conf: 315359 | Hash: 0x8FB4A36D | Rollbacks: 49 (Resim:  52) | Stalls:  0
[HEARTBEAT] Node: 1 | Tick: 315421 | Conf: 315419 | Hash: 0x1F03B2F3 | Rollbacks: 37 (Resim:  37) | Stalls:  0
[HEARTBEAT] Node: 1 | Tick: 315481 | Conf: 315479 | Hash: 0x223EF0DE | Rollbacks: 58 (Resim:  58) | Stalls:  0
[HEARTBEAT] Node: 1 | Tick: 315541 | Conf: 315539 | Hash: 0xEA922262 | Rollbacks: 59 (Resim:  75) | Stalls:  0
[HEARTBEAT] Node: 1 | Tick: 315601 | Conf: 315599 | Hash: 0x616976FE | Rollbacks: 52 (Resim:  60) | Stalls:  0
[HEARTBEAT] Node: 1 | Tick: 315661 | Conf: 315659 | Hash: 0xF00555A0 | Rollbacks: 59 (Resim:  60) | Stalls:  0
[HEARTBEAT] Node: 1 | Tick: 315721 | Conf: 315719 | Hash: 0x13ED4A9B | Rollbacks: 54 (Resim:  69) | Stalls:  0
[HEARTBEAT] Node: 1 | Tick: 315781 | Conf: 315779 | Hash: 0x9E1573E9 | Rollbacks: 53 (Resim:  53) | Stalls:  0
[BOT:50005] Heartbeat - Sparse Mods Tracked: 2048
[HEARTBEAT] Node: 1 | Tick: 315841 | Conf: 315839 | Hash: 0x02747D58 | Rollbacks: 59 (Resim:  67) | Stalls:  0
[HEARTBEAT] Node: 1 | Tick: 315901 | Conf: 315899 | Hash: 0x7DB1C0E1 | Rollbacks: 55 (Resim:  76) | Stalls:  0
[HEARTBEAT] Node: 1 | Tick: 315961 | Conf: 315959 | Hash: 0xEBF61383 | Rollbacks: 52 (Resim:  52) | Stalls:  0
[HEARTBEAT] Node: 1 | Tick: 316021 | Conf: 316019 | Hash: 0xFF6FFE68 | Rollbacks: 59 (Resim:  59) | Stalls:  0
[HEARTBEAT] Node: 1 | Tick: 316081 | Conf: 316079 | Hash: 0xA8E5A934 | Rollbacks: 58 (Resim:  81) | Stalls:  0
[HEARTBEAT] Node: 1 | Tick: 316141 | Conf: 316139 | Hash: 0xDB5D0ED9 | Rollbacks: 56 (Resim:  56) | Stalls:  0
[HEARTBEAT] Node: 1 | Tick: 316201 | Conf: 316199 | Hash: 0x123A4A2A | Rollbacks: 57 (Resim:  77) | Stalls:  0
[HEARTBEAT] Node: 1 | Tick: 316261 | Conf: 316259 | Hash: 0x7744D179 | Rollbacks: 46 (Resim:  46) | Stalls:  0
[HEARTBEAT] Node: 1 | Tick: 316321 | Conf: 316319 | Hash: 0xEF973901 | Rollbacks: 51 (Resim:  52) | Stalls:  0
[HEARTBEAT] Node: 1 | Tick: 316381 | Conf: 316378 | Hash: 0x8EB815A7 | Rollbacks: 58 (Resim:  72) | Stalls:  0
[BOT:50005] Heartbeat - Sparse Mods Tracked: 2048
[HEARTBEAT] Node: 1 | Tick: 316441 | Conf: 316439 | Hash: 0x6AC89FF5 | Rollbacks: 51 (Resim:  57) | Stalls:  0
[HEARTBEAT] Node: 1 | Tick: 316501 | Conf: 316499 | Hash: 0x3307383C | Rollbacks: 43 (Resim:  48) | Stalls:  0
[HEARTBEAT] Node: 1 | Tick: 316561 | Conf: 316558 | Hash: 0xB86BDC3C | Rollbacks: 52 (Resim:  52) | Stalls:  0
[HEARTBEAT] Node: 1 | Tick: 316621 | Conf: 316619 | Hash: 0xCE2CF359 | Rollbacks: 59 (Resim:  81) | Stalls:  0
[HEARTBEAT] Node: 1 | Tick: 316681 | Conf: 316679 | Hash: 0x8B9AEE25 | Rollbacks: 49 (Resim:  53) | Stalls:  0
[HEARTBEAT] Node: 1 | Tick: 316741 | Conf: 316739 | Hash: 0x31747EF7 | Rollbacks: 47 (Resim:  51) | Stalls:  0
[HEARTBEAT] Node: 1 | Tick: 316801 | Conf: 316799 | Hash: 0xB6C88F82 | Rollbacks: 50 (Resim:  50) | Stalls:  0
[HEARTBEAT] Node: 1 | Tick: 316861 | Conf: 316859 | Hash: 0x97E6D13A | Rollbacks: 59 (Resim:  79) | Stalls:  0
[HEARTBEAT] Node: 1 | Tick: 316921 | Conf: 316919 | Hash: 0xD8CFA417 | Rollbacks: 48 (Resim:  52) | Stalls:  0
[HEARTBEAT] Node: 1 | Tick: 316981 | Conf: 316979 | Hash: 0xA7B5F11E | Rollbacks: 42 (Resim:  42) | Stalls:  0
[BOT:50005] Heartbeat - Sparse Mods Tracked: 2048
[HEARTBEAT] Node: 1 | Tick: 317041 | Conf: 317039 | Hash: 0x839791E0 | Rollbacks: 59 (Resim:  72) | Stalls:  0
[HEARTBEAT] Node: 1 | Tick: 317101 | Conf: 317099 | Hash: 0x91B87EEA | Rollbacks: 56 (Resim:  58) | Stalls:  0
[HEARTBEAT] Node: 1 | Tick: 317161 | Conf: 317159 | Hash: 0x435A8440 | Rollbacks: 56 (Resim:  70) | Stalls:  0
[HEARTBEAT] Node: 1 | Tick: 317221 | Conf: 317219 | Hash: 0x466ABA14 | Rollbacks: 50 (Resim:  50) | Stalls:  0
[HEARTBEAT] Node: 1 | Tick: 317281 | Conf: 317279 | Hash: 0x54698764 | Rollbacks: 57 (Resim:  81) | Stalls:  0
[HEARTBEAT] Node: 1 | Tick: 317341 | Conf: 317339 | Hash: 0x083154DE | Rollbacks: 54 (Resim:  59) | Stalls:  0
[HEARTBEAT] Node: 1 | Tick: 317401 | Conf: 317399 | Hash: 0x9333A8A9 | Rollbacks: 59 (Resim:  75) | Stalls:  0
[HEARTBEAT] Node: 1 | Tick: 317461 | Conf: 317459 | Hash: 0x5B20E138 | Rollbacks: 59 (Resim:  61) | Stalls:  0
[HEARTBEAT] Node: 1 | Tick: 317521 | Conf: 317519 | Hash: 0x5A8FB8B7 | Rollbacks: 41 (Resim:  41) | Stalls:  0
[HEARTBEAT] Node: 1 | Tick: 317581 | Conf: 317579 | Hash: 0x2854C54C | Rollbacks: 57 (Resim:  60) | Stalls:  0
[BOT:50005] Heartbeat - Sparse Mods Tracked: 2048
[HEARTBEAT] Node: 1 | Tick: 317641 | Conf: 317639 | Hash: 0x44192996 | Rollbacks: 52 (Resim:  70) | Stalls:  0
[HEARTBEAT] Node: 1 | Tick: 317701 | Conf: 317699 | Hash: 0x076FB2B6 | Rollbacks: 48 (Resim:  52) | Stalls:  0
[HEARTBEAT] Node: 1 | Tick: 317761 | Conf: 317759 | Hash: 0x2FC5C413 | Rollbacks: 52 (Resim:  52) | Stalls:  0
[HEARTBEAT] Node: 1 | Tick: 317821 | Conf: 317818 | Hash: 0x5EB8DA3E | Rollbacks: 58 (Resim:  72) | Stalls:  0
[HEARTBEAT] Node: 1 | Tick: 317881 | Conf: 317879 | Hash: 0x11414DF2 | Rollbacks: 48 (Resim:  54) | Stalls:  0
[HEARTBEAT] Node: 1 | Tick: 317941 | Conf: 317939 | Hash: 0x377C7570 | Rollbacks: 48 (Resim:  51) | Stalls:  0
[HEARTBEAT] Node: 1 | Tick: 318001 | Conf: 317998 | Hash: 0x87AE323C | Rollbacks: 56 (Resim:  64) | Stalls:  0
[HEARTBEAT] Node: 1 | Tick: 318061 | Conf: 318059 | Hash: 0x9AB68964 | Rollbacks: 59 (Resim:  68) | Stalls:  0
[HEARTBEAT] Node: 1 | Tick: 318121 | Conf: 318119 | Hash: 0x0ABACD96 | Rollbacks: 48 (Resim:  48) | Stalls:  0
[HEARTBEAT] Node: 1 | Tick: 318181 | Conf: 318179 | Hash: 0x9D4B01B2 | Rollbacks: 59 (Resim:  70) | Stalls:  0
[BOT:50005] Heartbeat - Sparse Mods Tracked: 2048
[HEARTBEAT] Node: 1 | Tick: 318241 | Conf: 318239 | Hash: 0xD294A3B4 | Rollbacks: 48 (Resim:  48) | Stalls:  0
[HEARTBEAT] Node: 1 | Tick: 318301 | Conf: 318298 | Hash: 0x176CC37B | Rollbacks: 59 (Resim:  71) | Stalls:  0
[HEARTBEAT] Node: 1 | Tick: 318361 | Conf: 318359 | Hash: 0xE412BF91 | Rollbacks: 60 (Resim:  68) | Stalls:  0
[HEARTBEAT] Node: 1 | Tick: 318421 | Conf: 318418 | Hash: 0x63CAC7A7 | Rollbacks: 55 (Resim:  62) | Stalls:  0
[HEARTBEAT] Node: 1 | Tick: 318481 | Conf: 318479 | Hash: 0x47B91A97 | Rollbacks: 49 (Resim:  57) | Stalls:  0
[HEARTBEAT] Node: 1 | Tick: 318541 | Conf: 318538 | Hash: 0x6AEC88A2 | Rollbacks: 57 (Resim:  64) | Stalls:  0
[HEARTBEAT] Node: 1 | Tick: 318601 | Conf: 318599 | Hash: 0x90FA4B5D | Rollbacks: 56 (Resim:  67) | Stalls:  0
[HEARTBEAT] Node: 1 | Tick: 318661 | Conf: 318659 | Hash: 0xF2A42B1C | Rollbacks: 59 (Resim:  72) | Stalls:  0
[HEARTBEAT] Node: 1 | Tick: 318721 | Conf: 318719 | Hash: 0x78251C06 | Rollbacks: 47 (Resim:  58) | Stalls:  0
[HEARTBEAT] Node: 1 | Tick: 318781 | Conf: 318779 | Hash: 0x8769EA87 | Rollbacks: 60 (Resim:  60) | Stalls:  0
[BOT:50005] Heartbeat - Sparse Mods Tracked: 2048
[HEARTBEAT] Node: 1 | Tick: 318841 | Conf: 318839 | Hash: 0x53FE0599 | Rollbacks: 53 (Resim:  55) | Stalls:  0
[HEARTBEAT] Node: 1 | Tick: 318901 | Conf: 318899 | Hash: 0xB0862168 | Rollbacks: 58 (Resim:  65) | Stalls:  0
[HEARTBEAT] Node: 1 | Tick: 318961 | Conf: 318959 | Hash: 0x05D8B685 | Rollbacks: 58 (Resim:  72) | Stalls:  0
[HEARTBEAT] Node: 1 | Tick: 319021 | Conf: 319019 | Hash: 0xBF7D0F14 | Rollbacks: 58 (Resim:  80) | Stalls:  0
[HEARTBEAT] Node: 1 | Tick: 319081 | Conf: 319079 | Hash: 0x9AA7FC87 | Rollbacks: 57 (Resim:  85) | Stalls:  0
[HEARTBEAT] Node: 1 | Tick: 319141 | Conf: 319139 | Hash: 0xB5CDE694 | Rollbacks: 40 (Resim:  40) | Stalls:  0
[HEARTBEAT] Node: 1 | Tick: 319201 | Conf: 319199 | Hash: 0x35564EB0 | Rollbacks: 38 (Resim:  38) | Stalls:  0
[HEARTBEAT] Node: 1 | Tick: 319261 | Conf: 319259 | Hash: 0x56F53DB3 | Rollbacks: 49 (Resim:  49) | Stalls:  0
[HEARTBEAT] Node: 1 | Tick: 319321 | Conf: 319319 | Hash: 0xDD7CAF11 | Rollbacks: 59 (Resim:  67) | Stalls:  0
[BOT:50005] Heartbeat - Sparse Mods Tracked: 2048
[HEARTBEAT] Node: 1 | Tick: 319381 | Conf: 319379 | Hash: 0x92B0D722 | Rollbacks: 51 (Resim:  66) | Stalls:  0
[HEARTBEAT] Node: 1 | Tick: 319441 | Conf: 319439 | Hash: 0x088F8548 | Rollbacks: 60 (Resim:  60) | Stalls:  0
[HEARTBEAT] Node: 1 | Tick: 319501 | Conf: 319499 | Hash: 0x53C3CA2C | Rollbacks: 57 (Resim:  85) | Stalls:  0
[HEARTBEAT] Node: 1 | Tick: 319561 | Conf: 319558 | Hash: 0xF36A7A12 | Rollbacks: 58 (Resim:  74) | Stalls:  0
[HEARTBEAT] Node: 1 | Tick: 319621 | Conf: 319619 | Hash: 0x32F788DF | Rollbacks: 59 (Resim:  68) | Stalls:  0
[HEARTBEAT] Node: 1 | Tick: 319681 | Conf: 319679 | Hash: 0x4FB0DFB2 | Rollbacks: 50 (Resim:  50) | Stalls:  0
[HEARTBEAT] Node: 1 | Tick: 319741 | Conf: 319739 | Hash: 0x93DED8A9 | Rollbacks: 59 (Resim:  59) | Stalls:  0
[HEARTBEAT] Node: 1 | Tick: 319801 | Conf: 319799 | Hash: 0xEDC45958 | Rollbacks: 59 (Resim:  65) | Stalls:  0
[HEARTBEAT] Node: 1 | Tick: 319861 | Conf: 319859 | Hash: 0x74DC5450 | Rollbacks: 56 (Resim:  79) | Stalls:  0
[HEARTBEAT] Node: 1 | Tick: 319921 | Conf: 319919 | Hash: 0x155C3215 | Rollbacks: 54 (Resim:  57) | Stalls:  0
[BOT:50005] Heartbeat - Sparse Mods Tracked: 2048
[HEARTBEAT] Node: 1 | Tick: 319981 | Conf: 319979 | Hash: 0x82038140 | Rollbacks: 49 (Resim:  54) | Stalls:  0
[HEARTBEAT] Node: 1 | Tick: 320041 | Conf: 320038 | Hash: 0x093B0A9E | Rollbacks: 44 (Resim:  47) | Stalls:  0
[HEARTBEAT] Node: 1 | Tick: 320101 | Conf: 320099 | Hash: 0xD5BE776C | Rollbacks: 55 (Resim:  56) | Stalls:  0
[HEARTBEAT] Node: 1 | Tick: 320161 | Conf: 320159 | Hash: 0x30966909 | Rollbacks: 59 (Resim:  81) | Stalls:  0
[HEARTBEAT] Node: 1 | Tick: 320221 | Conf: 320218 | Hash: 0x7EC002A2 | Rollbacks: 57 (Resim:  58) | Stalls:  0
[HEARTBEAT] Node: 1 | Tick: 320281 | Conf: 320279 | Hash: 0xEDEB15F5 | Rollbacks: 59 (Resim:  79) | Stalls:  0
[HEARTBEAT] Node: 1 | Tick: 320341 | Conf: 320339 | Hash: 0x5EDACDD5 | Rollbacks: 50 (Resim:  52) | Stalls:  0
[HEARTBEAT] Node: 1 | Tick: 320401 | Conf: 320399 | Hash: 0x153E3280 | Rollbacks: 43 (Resim:  45) | Stalls:  0
[HEARTBEAT] Node: 1 | Tick: 320461 | Conf: 320459 | Hash: 0xFD469FB2 | Rollbacks: 48 (Resim:  48) | Stalls:  0
[HEARTBEAT] Node: 1 | Tick: 320521 | Conf: 320518 | Hash: 0xB4E10630 | Rollbacks: 59 (Resim:  61) | Stalls:  0
[BOT:50005] Heartbeat - Sparse Mods Tracked: 2048
[HEARTBEAT] Node: 1 | Tick: 320581 | Conf: 320579 | Hash: 0x70CB3AF6 | Rollbacks: 57 (Resim:  81) | Stalls:  0
[HEARTBEAT] Node: 1 | Tick: 320641 | Conf: 320639 | Hash: 0x8C545B75 | Rollbacks: 53 (Resim:  53) | Stalls:  0
[HEARTBEAT] Node: 1 | Tick: 320701 | Conf: 320699 | Hash: 0xC34CE9FB | Rollbacks: 58 (Resim:  75) | Stalls:  0
[HEARTBEAT] Node: 1 | Tick: 320761 | Conf: 320759 | Hash: 0xFABFB220 | Rollbacks: 59 (Resim:  62) | Stalls:  0
[HEARTBEAT] Node: 1 | Tick: 320821 | Conf: 320819 | Hash: 0x0728238B | Rollbacks: 55 (Resim:  69) | Stalls:  0
[HEARTBEAT] Node: 1 | Tick: 320881 | Conf: 320878 | Hash: 0x80938178 | Rollbacks: 51 (Resim:  55) | Stalls:  0
[HEARTBEAT] Node: 1 | Tick: 320941 | Conf: 320939 | Hash: 0x6A525B24 | Rollbacks: 59 (Resim:  73) | Stalls:  0
[HEARTBEAT] Node: 1 | Tick: 321001 | Conf: 320999 | Hash: 0x0A4FF907 | Rollbacks: 51 (Resim:  51) | Stalls:  0
[HEARTBEAT] Node: 1 | Tick: 321061 | Conf: 321059 | Hash: 0x9F94C26B | Rollbacks: 46 (Resim:  65) | Stalls:  0
[HEARTBEAT] Node: 1 | Tick: 321121 | Conf: 321119 | Hash: 0xBCCC6CDC | Rollbacks: 46 (Resim:  50) | Stalls:  0
[BOT:50005] Heartbeat - Sparse Mods Tracked: 2048
[HEARTBEAT] Node: 1 | Tick: 321181 | Conf: 321179 | Hash: 0x36A9D8CE | Rollbacks: 46 (Resim:  46) | Stalls:  0
[HEARTBEAT] Node: 1 | Tick: 321241 | Conf: 321238 | Hash: 0xBB5E9134 | Rollbacks: 45 (Resim:  50) | Stalls:  0
[HEARTBEAT] Node: 1 | Tick: 321301 | Conf: 321299 | Hash: 0x3C7D0F85 | Rollbacks: 59 (Resim:  84) | Stalls:  0
[HEARTBEAT] Node: 1 | Tick: 321361 | Conf: 321359 | Hash: 0x42ADECF3 | Rollbacks: 56 (Resim:  60) | Stalls:  0
[HEARTBEAT] Node: 1 | Tick: 321421 | Conf: 321419 | Hash: 0xC7169629 | Rollbacks: 55 (Resim:  58) | Stalls:  0
[HEARTBEAT] Node: 1 | Tick: 321481 | Conf: 321479 | Hash: 0x34743B0D | Rollbacks: 44 (Resim:  46) | Stalls:  0
[HEARTBEAT] Node: 1 | Tick: 321541 | Conf: 321538 | Hash: 0x9156B477 | Rollbacks: 55 (Resim:  70) | Stalls:  0
[HEARTBEAT] Node: 1 | Tick: 321601 | Conf: 321599 | Hash: 0xEB5AA578 | Rollbacks: 50 (Resim:  54) | Stalls:  0
[HEARTBEAT] Node: 1 | Tick: 321661 | Conf: 321659 | Hash: 0x8BED1862 | Rollbacks: 55 (Resim:  55) | Stalls:  0
[HEARTBEAT] Node: 1 | Tick: 321721 | Conf: 321718 | Hash: 0x67449B34 | Rollbacks: 58 (Resim:  76) | Stalls:  0
[BOT:50005] Heartbeat - Sparse Mods Tracked: 2048
[HEARTBEAT] Node: 1 | Tick: 321781 | Conf: 321779 | Hash: 0x9CFB5DC5 | Rollbacks: 46 (Resim:  50) | Stalls:  0
[HEARTBEAT] Node: 1 | Tick: 321841 | Conf: 321838 | Hash: 0x657FADFB | Rollbacks: 53 (Resim:  59) | Stalls:  0
[HEARTBEAT] Node: 1 | Tick: 321901 | Conf: 321899 | Hash: 0xEBBB4D8C | Rollbacks: 59 (Resim:  67) | Stalls:  0
[HEARTBEAT] Node: 1 | Tick: 321961 | Conf: 321959 | Hash: 0x998F43DE | Rollbacks: 42 (Resim:  42) | Stalls:  0
[HEARTBEAT] Node: 1 | Tick: 322021 | Conf: 322019 | Hash: 0xE79F9AF2 | Rollbacks: 43 (Resim:  46) | Stalls:  0
[HEARTBEAT] Node: 1 | Tick: 322081 | Conf: 322079 | Hash: 0xDF72E068 | Rollbacks: 58 (Resim:  59) | Stalls:  0
[HEARTBEAT] Node: 1 | Tick: 322141 | Conf: 322139 | Hash: 0x484FAB53 | Rollbacks: 58 (Resim:  62) | Stalls:  0
[HEARTBEAT] Node: 1 | Tick: 322201 | Conf: 322199 | Hash: 0x66DB6952 | Rollbacks: 58 (Resim:  69) | Stalls:  0
[HEARTBEAT] Node: 1 | Tick: 322261 | Conf: 322258 | Hash: 0x3A46E31C | Rollbacks: 57 (Resim:  77) | Stalls:  0
[BOT:50005] Heartbeat - Sparse Mods Tracked: 2048
[HEARTBEAT] Node: 1 | Tick: 322321 | Conf: 322319 | Hash: 0x440F89AC | Rollbacks: 58 (Resim:  88) | Stalls:  0
[HEARTBEAT] Node: 1 | Tick: 322381 | Conf: 322379 | Hash: 0xA5548CB7 | Rollbacks: 49 (Resim:  58) | Stalls:  0
[HEARTBEAT] Node: 1 | Tick: 322441 | Conf: 322439 | Hash: 0x91463DC7 | Rollbacks: 38 (Resim:  38) | Stalls:  0
[HEARTBEAT] Node: 1 | Tick: 322501 | Conf: 322499 | Hash: 0x31F48E97 | Rollbacks: 38 (Resim:  38) | Stalls:  0
[HEARTBEAT] Node: 1 | Tick: 322561 | Conf: 322559 | Hash: 0xE31BE55E | Rollbacks: 49 (Resim:  49) | Stalls:  0
[HEARTBEAT] Node: 1 | Tick: 322621 | Conf: 322618 | Hash: 0x9CCA80BB | Rollbacks: 59 (Resim:  75) | Stalls:  0
[HEARTBEAT] Node: 1 | Tick: 322681 | Conf: 322679 | Hash: 0xD34A54F5 | Rollbacks: 53 (Resim:  58) | Stalls:  0
[HEARTBEAT] Node: 1 | Tick: 322741 | Conf: 322739 | Hash: 0x24CFA405 | Rollbacks: 42 (Resim:  42) | Stalls:  0
[HEARTBEAT] Node: 1 | Tick: 322801 | Conf: 322799 | Hash: 0x2E046C93 | Rollbacks: 42 (Resim:  42) | Stalls:  0
[HEARTBEAT] Node: 1 | Tick: 322861 | Conf: 322859 | Hash: 0x5654E3FD | Rollbacks: 59 (Resim:  61) | Stalls:  0
[BOT:50005] Heartbeat - Sparse Mods Tracked: 2048
[HEARTBEAT] Node: 1 | Tick: 322921 | Conf: 322918 | Hash: 0xEA46A41C | Rollbacks: 47 (Resim:  62) | Stalls:  0
[HEARTBEAT] Node: 1 | Tick: 322981 | Conf: 322979 | Hash: 0x2086BBD3 | Rollbacks: 48 (Resim:  49) | Stalls:  0
[HEARTBEAT] Node: 1 | Tick: 323041 | Conf: 323038 | Hash: 0xD46B668C | Rollbacks: 59 (Resim:  61) | Stalls:  0
[HEARTBEAT] Node: 1 | Tick: 323101 | Conf: 323099 | Hash: 0xAF500539 | Rollbacks: 57 (Resim:  82) | Stalls:  0
[HEARTBEAT] Node: 1 | Tick: 323161 | Conf: 323159 | Hash: 0xC501E12F | Rollbacks: 54 (Resim:  54) | Stalls:  0
[HEARTBEAT] Node: 1 | Tick: 323221 | Conf: 323218 | Hash: 0x0B63A1F2 | Rollbacks: 58 (Resim:  69) | Stalls:  0
[HEARTBEAT] Node: 1 | Tick: 323281 | Conf: 323279 | Hash: 0x88A4C0D1 | Rollbacks: 48 (Resim:  60) | Stalls:  0
[HEARTBEAT] Node: 1 | Tick: 323341 | Conf: 323339 | Hash: 0xFFD8D910 | Rollbacks: 45 (Resim:  45) | Stalls:  0
[HEARTBEAT] Node: 1 | Tick: 323401 | Conf: 323399 | Hash: 0x610FE62C | Rollbacks: 49 (Resim:  49) | Stalls:  0
[HEARTBEAT] Node: 1 | Tick: 323461 | Conf: 323458 | Hash: 0x39C4F5F9 | Rollbacks: 59 (Resim:  69) | Stalls:  0
[BOT:50005] Heartbeat - Sparse Mods Tracked: 2048
[HEARTBEAT] Node: 1 | Tick: 323521 | Conf: 323519 | Hash: 0x458C8A27 | Rollbacks: 57 (Resim:  73) | Stalls:  0
[HEARTBEAT] Node: 1 | Tick: 323581 | Conf: 323579 | Hash: 0x2416AD45 | Rollbacks: 46 (Resim:  48) | Stalls:  0
[HEARTBEAT] Node: 1 | Tick: 323641 | Conf: 323639 | Hash: 0x0654263F | Rollbacks: 56 (Resim:  56) | Stalls:  0
[HEARTBEAT] Node: 1 | Tick: 323701 | Conf: 323698 | Hash: 0x9B1D1C3C | Rollbacks: 58 (Resim:  72) | Stalls:  0
[HEARTBEAT] Node: 1 | Tick: 323761 | Conf: 323759 | Hash: 0x1CF3B57E | Rollbacks: 47 (Resim:  51) | Stalls:  0
[HEARTBEAT] Node: 1 | Tick: 323821 | Conf: 323819 | Hash: 0xBD512E46 | Rollbacks: 51 (Resim:  51) | Stalls:  0
[HEARTBEAT] Node: 1 | Tick: 323881 | Conf: 323879 | Hash: 0xC309ECE1 | Rollbacks: 58 (Resim:  70) | Stalls:  0
[HEARTBEAT] Node: 1 | Tick: 323941 | Conf: 323939 | Hash: 0x458FFF40 | Rollbacks: 54 (Resim:  64) | Stalls:  0
[HEARTBEAT] Node: 1 | Tick: 324001 | Conf: 323999 | Hash: 0x5F6367C7 | Rollbacks: 54 (Resim:  54) | Stalls:  0
[HEARTBEAT] Node: 1 | Tick: 324061 | Conf: 324059 | Hash: 0x0927F4B5 | Rollbacks: 51 (Resim:  56) | Stalls:  0
[BOT:50005] Heartbeat - Sparse Mods Tracked: 2048
[HEARTBEAT] Node: 1 | Tick: 324121 | Conf: 324119 | Hash: 0x26D776B8 | Rollbacks: 52 (Resim:  54) | Stalls:  0
[HEARTBEAT] Node: 1 | Tick: 324181 | Conf: 324179 | Hash: 0x6B914024 | Rollbacks: 50 (Resim:  52) | Stalls:  0
[HEARTBEAT] Node: 1 | Tick: 324241 | Conf: 324239 | Hash: 0x44BF7C45 | Rollbacks: 59 (Resim:  60) | Stalls:  0
[HEARTBEAT] Node: 1 | Tick: 324301 | Conf: 324299 | Hash: 0xD9D41720 | Rollbacks: 56 (Resim:  78) | Stalls:  0
[HEARTBEAT] Node: 1 | Tick: 324361 | Conf: 324359 | Hash: 0xE28F509D | Rollbacks: 46 (Resim:  53) | Stalls:  0
[HEARTBEAT] Node: 1 | Tick: 324421 | Conf: 324419 | Hash: 0x277467B9 | Rollbacks: 47 (Resim:  47) | Stalls:  0
[HEARTBEAT] Node: 1 | Tick: 324481 | Conf: 324479 | Hash: 0x1E4BE86E | Rollbacks: 47 (Resim:  47) | Stalls:  0
[HEARTBEAT] Node: 1 | Tick: 324541 | Conf: 324538 | Hash: 0xC7B812CE | Rollbacks: 57 (Resim:  70) | Stalls:  0
[HEARTBEAT] Node: 1 | Tick: 324601 | Conf: 324599 | Hash: 0x0EE0AA10 | Rollbacks: 52 (Resim:  61) | Stalls:  0
[HEARTBEAT] Node: 1 | Tick: 324661 | Conf: 324659 | Hash: 0x180D2546 | Rollbacks: 55 (Resim:  55) | Stalls:  0
[BOT:50005] Heartbeat - Sparse Mods Tracked: 2048
[HEARTBEAT] Node: 1 | Tick: 324721 | Conf: 324718 | Hash: 0x69D1B4A9 | Rollbacks: 59 (Resim:  75) | Stalls:  0
[HEARTBEAT] Node: 1 | Tick: 324781 | Conf: 324779 | Hash: 0xE81B476B | Rollbacks: 57 (Resim:  68) | Stalls:  0
[HEARTBEAT] Node: 1 | Tick: 324841 | Conf: 324839 | Hash: 0xB91F897C | Rollbacks: 37 (Resim:  37) | Stalls:  0
[HEARTBEAT] Node: 1 | Tick: 324901 | Conf: 324899 | Hash: 0xF4F4851A | Rollbacks: 53 (Resim:  56) | Stalls:  0
[HEARTBEAT] Node: 1 | Tick: 324961 | Conf: 324958 | Hash: 0xD0D1ACCC | Rollbacks: 59 (Resim:  59) | Stalls:  0
[HEARTBEAT] Node: 1 | Tick: 325021 | Conf: 325019 | Hash: 0x8938E7B4 | Rollbacks: 47 (Resim:  64) | Stalls:  0
[HEARTBEAT] Node: 1 | Tick: 325081 | Conf: 325079 | Hash: 0x89C45F82 | Rollbacks: 54 (Resim:  54) | Stalls:  0
[HEARTBEAT] Node: 1 | Tick: 325141 | Conf: 325139 | Hash: 0x20199D5E | Rollbacks: 57 (Resim:  75) | Stalls:  0
[HEARTBEAT] Node: 1 | Tick: 325201 | Conf: 325199 | Hash: 0xEDC79054 | Rollbacks: 60 (Resim:  60) | Stalls:  0
[HEARTBEAT] Node: 1 | Tick: 325261 | Conf: 325259 | Hash: 0x6FBDDC09 | Rollbacks: 50 (Resim:  56) | Stalls:  0
[BOT:50005] Heartbeat - Sparse Mods Tracked: 2048
[HEARTBEAT] Node: 1 | Tick: 325321 | Conf: 325319 | Hash: 0xA676C9DD | Rollbacks: 59 (Resim:  78) | Stalls:  0
[HEARTBEAT] Node: 1 | Tick: 325381 | Conf: 325379 | Hash: 0xC03CD5C3 | Rollbacks: 51 (Resim:  53) | Stalls:  0
[HEARTBEAT] Node: 1 | Tick: 325441 | Conf: 325438 | Hash: 0x8D51A9C1 | Rollbacks: 58 (Resim:  71) | Stalls:  0
[HEARTBEAT] Node: 1 | Tick: 325501 | Conf: 325499 | Hash: 0x9E3261F5 | Rollbacks: 50 (Resim:  51) | Stalls:  0
[HEARTBEAT] Node: 1 | Tick: 325561 | Conf: 325559 | Hash: 0x28E05A38 | Rollbacks: 50 (Resim:  50) | Stalls:  0
[HEARTBEAT] Node: 1 | Tick: 325621 | Conf: 325619 | Hash: 0xA1F4B63D | Rollbacks: 60 (Resim:  60) | Stalls:  0
[HEARTBEAT] Node: 1 | Tick: 325681 | Conf: 325679 | Hash: 0x0C5A5624 | Rollbacks: 43 (Resim:  63) | Stalls:  0
[HEARTBEAT] Node: 1 | Tick: 325741 | Conf: 325739 | Hash: 0x16CB264D | Rollbacks: 59 (Resim:  61) | Stalls:  0
[HEARTBEAT] Node: 1 | Tick: 325801 | Conf: 325799 | Hash: 0x341D1DA6 | Rollbacks: 52 (Resim:  64) | Stalls:  0
[BOT:50005] Heartbeat - Sparse Mods Tracked: 2048
[HEARTBEAT] Node: 1 | Tick: 325861 | Conf: 325859 | Hash: 0x3C1FDB61 | Rollbacks: 47 (Resim:  47) | Stalls:  0
[HEARTBEAT] Node: 1 | Tick: 325921 | Conf: 325919 | Hash: 0xCB399465 | Rollbacks: 38 (Resim:  38) | Stalls:  0
[HEARTBEAT] Node: 1 | Tick: 325981 | Conf: 325979 | Hash: 0xAAE597A2 | Rollbacks: 53 (Resim:  53) | Stalls:  0
[HEARTBEAT] Node: 1 | Tick: 326041 | Conf: 326039 | Hash: 0xFB4FAED5 | Rollbacks: 59 (Resim:  73) | Stalls:  0
[HEARTBEAT] Node: 1 | Tick: 326101 | Conf: 326099 | Hash: 0x6742637F | Rollbacks: 50 (Resim:  58) | Stalls:  0
[HEARTBEAT] Node: 1 | Tick: 326161 | Conf: 326159 | Hash: 0x5423A4F7 | Rollbacks: 43 (Resim:  43) | Stalls:  0
[HEARTBEAT] Node: 1 | Tick: 326221 | Conf: 326219 | Hash: 0x92DC78A5 | Rollbacks: 59 (Resim:  77) | Stalls:  0
[HEARTBEAT] Node: 1 | Tick: 326281 | Conf: 326279 | Hash: 0xA28C5394 | Rollbacks: 50 (Resim:  50) | Stalls:  0
[HEARTBEAT] Node: 1 | Tick: 326341 | Conf: 326339 | Hash: 0x825CCB65 | Rollbacks: 57 (Resim:  57) | Stalls:  0
[HEARTBEAT] Node: 1 | Tick: 326401 | Conf: 326399 | Hash: 0x4BC164C4 | Rollbacks: 53 (Resim:  74) | Stalls:  0
[BOT:50005] Heartbeat - Sparse Mods Tracked: 2048
[HEARTBEAT] Node: 1 | Tick: 326461 | Conf: 326459 | Hash: 0xA565BDA3 | Rollbacks: 60 (Resim:  60) | Stalls:  0
[HEARTBEAT] Node: 1 | Tick: 326521 | Conf: 326519 | Hash: 0xA8563042 | Rollbacks: 50 (Resim:  63) | Stalls:  0
[HEARTBEAT] Node: 1 | Tick: 326581 | Conf: 326579 | Hash: 0xCC6FFF61 | Rollbacks: 47 (Resim:  47) | Stalls:  0
[HEARTBEAT] Node: 1 | Tick: 326641 | Conf: 326639 | Hash: 0x0199BDCD | Rollbacks: 53 (Resim:  56) | Stalls:  0
[HEARTBEAT] Node: 1 | Tick: 326701 | Conf: 326699 | Hash: 0xD4F56ADF | Rollbacks: 55 (Resim:  60) | Stalls:  0
[HEARTBEAT] Node: 1 | Tick: 326761 | Conf: 326759 | Hash: 0x1EE7410C | Rollbacks: 52 (Resim:  55) | Stalls:  0
[HEARTBEAT] Node: 1 | Tick: 326821 | Conf: 326819 | Hash: 0x9EE9628A | Rollbacks: 55 (Resim:  56) | Stalls:  0
[HEARTBEAT] Node: 1 | Tick: 326881 | Conf: 326879 | Hash: 0x8BCFF72C | Rollbacks: 53 (Resim:  71) | Stalls:  0
[HEARTBEAT] Node: 1 | Tick: 326941 | Conf: 326939 | Hash: 0xA1157A86 | Rollbacks: 48 (Resim:  72) | Stalls:  0
[HEARTBEAT] Node: 1 | Tick: 327001 | Conf: 326999 | Hash: 0x40613642 | Rollbacks: 48 (Resim:  48) | Stalls:  0
[BOT:50005] Heartbeat - Sparse Mods Tracked: 2048
[HEARTBEAT] Node: 1 | Tick: 327061 | Conf: 327059 | Hash: 0x4431BBD5 | Rollbacks: 56 (Resim:  62) | Stalls:  0
[HEARTBEAT] Node: 1 | Tick: 327121 | Conf: 327119 | Hash: 0x386D5E86 | Rollbacks: 55 (Resim:  68) | Stalls:  0
[HEARTBEAT] Node: 1 | Tick: 327181 | Conf: 327179 | Hash: 0xAFBB1707 | Rollbacks: 49 (Resim:  53) | Stalls:  0
[HEARTBEAT] Node: 1 | Tick: 327241 | Conf: 327239 | Hash: 0x03ADA3AF | Rollbacks: 59 (Resim:  68) | Stalls:  0
[HEARTBEAT] Node: 1 | Tick: 327301 | Conf: 327299 | Hash: 0x113DA97E | Rollbacks: 51 (Resim:  57) | Stalls:  0
[HEARTBEAT] Node: 1 | Tick: 327361 | Conf: 327359 | Hash: 0xF3BFB686 | Rollbacks: 59 (Resim:  67) | Stalls:  0
[HEARTBEAT] Node: 1 | Tick: 327421 | Conf: 327418 | Hash: 0xBB4265E1 | Rollbacks: 45 (Resim:  58) | Stalls:  0
[HEARTBEAT] Node: 1 | Tick: 327481 | Conf: 327479 | Hash: 0x55193DEB | Rollbacks: 53 (Resim:  54) | Stalls:  0
[HEARTBEAT] Node: 1 | Tick: 327541 | Conf: 327539 | Hash: 0xDB93B8D5 | Rollbacks: 59 (Resim:  74) | Stalls:  0
[HEARTBEAT] Node: 1 | Tick: 327601 | Conf: 327599 | Hash: 0xDC8589B2 | Rollbacks: 54 (Resim:  54) | Stalls:  0
[BOT:50005] Heartbeat - Sparse Mods Tracked: 2048
[HEARTBEAT] Node: 1 | Tick: 327661 | Conf: 327659 | Hash: 0xC863456F | Rollbacks: 59 (Resim:  71) | Stalls:  0
[HEARTBEAT] Node: 1 | Tick: 327721 | Conf: 327719 | Hash: 0xDE5AD8D7 | Rollbacks: 53 (Resim:  53) | Stalls:  0
[HEARTBEAT] Node: 1 | Tick: 327781 | Conf: 327779 | Hash: 0x2FFC512A | Rollbacks: 59 (Resim:  72) | Stalls:  0
[HEARTBEAT] Node: 1 | Tick: 327841 | Conf: 327839 | Hash: 0xE7B15123 | Rollbacks: 53 (Resim:  59) | Stalls:  0
[HEARTBEAT] Node: 1 | Tick: 327901 | Conf: 327899 | Hash: 0x0C0D5601 | Rollbacks: 47 (Resim:  53) | Stalls:  0
[HEARTBEAT] Node: 1 | Tick: 327961 | Conf: 327959 | Hash: 0x733023C0 | Rollbacks: 55 (Resim:  55) | Stalls:  0
[HEARTBEAT] Node: 1 | Tick: 328021 | Conf: 328018 | Hash: 0x9011C1EE | Rollbacks: 58 (Resim:  68) | Stalls:  0
[HEARTBEAT] Node: 1 | Tick: 328081 | Conf: 328079 | Hash: 0x8C7AE900 | Rollbacks: 48 (Resim:  55) | Stalls:  0
[HEARTBEAT] Node: 1 | Tick: 328141 | Conf: 328139 | Hash: 0xADBDB8E8 | Rollbacks: 55 (Resim:  55) | Stalls:  0
[HEARTBEAT] Node: 1 | Tick: 328201 | Conf: 328199 | Hash: 0x319B7DFB | Rollbacks: 58 (Resim:  79) | Stalls:  0
[BOT:50005] Heartbeat - Sparse Mods Tracked: 2048
[HEARTBEAT] Node: 1 | Tick: 328261 | Conf: 328259 | Hash: 0x6560CB59 | Rollbacks: 48 (Resim:  48) | Stalls:  0
[HEARTBEAT] Node: 1 | Tick: 328321 | Conf: 328319 | Hash: 0x6A701AED | Rollbacks: 54 (Resim:  60) | Stalls:  0
[HEARTBEAT] Node: 1 | Tick: 328381 | Conf: 328379 | Hash: 0x3A91C24A | Rollbacks: 58 (Resim:  65) | Stalls:  0
[HEARTBEAT] Node: 1 | Tick: 328441 | Conf: 328439 | Hash: 0xCDC8F524 | Rollbacks: 49 (Resim:  51) | Stalls:  0
[HEARTBEAT] Node: 1 | Tick: 328501 | Conf: 328499 | Hash: 0x79254D69 | Rollbacks: 59 (Resim:  80) | Stalls:  0
[HEARTBEAT] Node: 1 | Tick: 328561 | Conf: 328559 | Hash: 0xB3B9D866 | Rollbacks: 53 (Resim:  57) | Stalls:  0
[HEARTBEAT] Node: 1 | Tick: 328621 | Conf: 328619 | Hash: 0xDBBA60CB | Rollbacks: 45 (Resim:  48) | Stalls:  0
[HEARTBEAT] Node: 1 | Tick: 328681 | Conf: 328679 | Hash: 0x6F8F20A3 | Rollbacks: 52 (Resim:  53) | Stalls:  0
[HEARTBEAT] Node: 1 | Tick: 328741 | Conf: 328739 | Hash: 0x1FB8EE5E | Rollbacks: 59 (Resim:  80) | Stalls:  0
[HEARTBEAT] Node: 1 | Tick: 328801 | Conf: 328799 | Hash: 0x8D497C72 | Rollbacks: 57 (Resim:  61) | Stalls:  0
[BOT:50005] Heartbeat - Sparse Mods Tracked: 2048
[HEARTBEAT] Node: 1 | Tick: 328861 | Conf: 328859 | Hash: 0x9C233DEC | Rollbacks: 57 (Resim:  73) | Stalls:  0
[HEARTBEAT] Node: 1 | Tick: 328921 | Conf: 328919 | Hash: 0x67D3BFC7 | Rollbacks: 59 (Resim:  59) | Stalls:  0
[HEARTBEAT] Node: 1 | Tick: 328981 | Conf: 328979 | Hash: 0xBFA784C8 | Rollbacks: 55 (Resim:  69) | Stalls:  0
[HEARTBEAT] Node: 1 | Tick: 329041 | Conf: 329039 | Hash: 0x1A402AE9 | Rollbacks: 53 (Resim:  57) | Stalls:  0
[HEARTBEAT] Node: 1 | Tick: 329101 | Conf: 329099 | Hash: 0xC9C17E57 | Rollbacks: 55 (Resim:  56) | Stalls:  0
[HEARTBEAT] Node: 1 | Tick: 329161 | Conf: 329159 | Hash: 0xB38B9262 | Rollbacks: 49 (Resim:  58) | Stalls:  0
[HEARTBEAT] Node: 1 | Tick: 329221 | Conf: 329219 | Hash: 0x8BFF69AD | Rollbacks: 44 (Resim:  44) | Stalls:  0
[HEARTBEAT] Node: 1 | Tick: 329281 | Conf: 329279 | Hash: 0xE1E03AAF | Rollbacks: 60 (Resim:  60) | Stalls:  0
[HEARTBEAT] Node: 1 | Tick: 329341 | Conf: 329339 | Hash: 0x483FC842 | Rollbacks: 59 (Resim:  79) | Stalls:  0
[BOT:50005] Heartbeat - Sparse Mods Tracked: 2048
[HEARTBEAT] Node: 1 | Tick: 329401 | Conf: 329399 | Hash: 0x10B58D0C | Rollbacks: 54 (Resim:  54) | Stalls:  0
[HEARTBEAT] Node: 1 | Tick: 329461 | Conf: 329458 | Hash: 0xEB2CA83E | Rollbacks: 58 (Resim:  75) | Stalls:  0
[HEARTBEAT] Node: 1 | Tick: 329521 | Conf: 329519 | Hash: 0xE504B786 | Rollbacks: 48 (Resim:  54) | Stalls:  0
[HEARTBEAT] Node: 1 | Tick: 329581 | Conf: 329578 | Hash: 0xA88AE8E7 | Rollbacks: 58 (Resim:  65) | Stalls:  0
[HEARTBEAT] Node: 1 | Tick: 329641 | Conf: 329639 | Hash: 0x1F84C508 | Rollbacks: 59 (Resim:  69) | Stalls:  0
[HEARTBEAT] Node: 1 | Tick: 329701 | Conf: 329698 | Hash: 0x249EC08D | Rollbacks: 53 (Resim:  59) | Stalls:  0
[HEARTBEAT] Node: 1 | Tick: 329761 | Conf: 329759 | Hash: 0xD02D130A | Rollbacks: 59 (Resim:  72) | Stalls:  0
[HEARTBEAT] Node: 1 | Tick: 329821 | Conf: 329818 | Hash: 0xB8C5DB00 | Rollbacks: 59 (Resim:  69) | Stalls:  0
[HEARTBEAT] Node: 1 | Tick: 329881 | Conf: 329879 | Hash: 0x020C4BA3 | Rollbacks: 57 (Resim:  69) | Stalls:  0
[HEARTBEAT] Node: 1 | Tick: 329941 | Conf: 329938 | Hash: 0x32BC1D59 | Rollbacks: 57 (Resim:  58) | Stalls:  0
[BOT:50005] Heartbeat - Sparse Mods Tracked: 2048
[HEARTBEAT] Node: 1 | Tick: 330001 | Conf: 329999 | Hash: 0x900966CB | Rollbacks: 59 (Resim:  77) | Stalls:  0
[HEARTBEAT] Node: 1 | Tick: 330061 | Conf: 330059 | Hash: 0x87D5AF12 | Rollbacks: 48 (Resim:  48) | Stalls:  0
[HEARTBEAT] Node: 1 | Tick: 330121 | Conf: 330119 | Hash: 0x85D74F37 | Rollbacks: 58 (Resim:  68) | Stalls:  0
[HEARTBEAT] Node: 1 | Tick: 330181 | Conf: 330179 | Hash: 0x4603D770 | Rollbacks: 49 (Resim:  49) | Stalls:  0
[HEARTBEAT] Node: 1 | Tick: 330241 | Conf: 330239 | Hash: 0x42CD2759 | Rollbacks: 48 (Resim:  55) | Stalls:  0
[HEARTBEAT] Node: 1 | Tick: 330301 | Conf: 330299 | Hash: 0x4A5B42B0 | Rollbacks: 51 (Resim:  51) | Stalls:  0
[HEARTBEAT] Node: 1 | Tick: 330361 | Conf: 330359 | Hash: 0xD0586D0D | Rollbacks: 59 (Resim:  74) | Stalls:  0
[HEARTBEAT] Node: 1 | Tick: 330421 | Conf: 330419 | Hash: 0xBCB8E4AA | Rollbacks: 52 (Resim:  52) | Stalls:  0
[HEARTBEAT] Node: 1 | Tick: 330481 | Conf: 330478 | Hash: 0x92E4178E | Rollbacks: 59 (Resim:  75) | Stalls:  0
[HEARTBEAT] Node: 1 | Tick: 330541 | Conf: 330539 | Hash: 0x09CF1DE6 | Rollbacks: 48 (Resim:  56) | Stalls:  0
[BOT:50005] Heartbeat - Sparse Mods Tracked: 2048
[HEARTBEAT] Node: 1 | Tick: 330601 | Conf: 330599 | Hash: 0x9A5146C9 | Rollbacks: 58 (Resim:  74) | Stalls:  0
[HEARTBEAT] Node: 1 | Tick: 330661 | Conf: 330659 | Hash: 0xC782DA3B | Rollbacks: 50 (Resim:  50) | Stalls:  0
[HEARTBEAT] Node: 1 | Tick: 330721 | Conf: 330719 | Hash: 0x66A5B937 | Rollbacks: 58 (Resim:  74) | Stalls:  0
[HEARTBEAT] Node: 1 | Tick: 330781 | Conf: 330779 | Hash: 0x3BB1FCF9 | Rollbacks: 47 (Resim:  47) | Stalls:  0
[HEARTBEAT] Node: 1 | Tick: 330841 | Conf: 330838 | Hash: 0x2D768F16 | Rollbacks: 59 (Resim:  63) | Stalls:  0
[HEARTBEAT] Node: 1 | Tick: 330901 | Conf: 330899 | Hash: 0xA701408A | Rollbacks: 56 (Resim:  80) | Stalls:  0
[HEARTBEAT] Node: 1 | Tick: 330961 | Conf: 330959 | Hash: 0x27790457 | Rollbacks: 50 (Resim:  50) | Stalls:  0
[HEARTBEAT] Node: 1 | Tick: 331021 | Conf: 331018 | Hash: 0xD58FF227 | Rollbacks: 57 (Resim:  67) | Stalls:  0
[HEARTBEAT] Node: 1 | Tick: 331081 | Conf: 331079 | Hash: 0x2E258762 | Rollbacks: 59 (Resim:  70) | Stalls:  0
[HEARTBEAT] Node: 1 | Tick: 331141 | Conf: 331139 | Hash: 0xDFF59270 | Rollbacks: 39 (Resim:  39) | Stalls:  0
[BOT:50005] Heartbeat - Sparse Mods Tracked: 2048
[HEARTBEAT] Node: 1 | Tick: 331201 | Conf: 331199 | Hash: 0xF0AAADD0 | Rollbacks: 51 (Resim:  57) | Stalls:  0
[HEARTBEAT] Node: 1 | Tick: 331261 | Conf: 331259 | Hash: 0x2543AF41 | Rollbacks: 51 (Resim:  51) | Stalls:  0
[HEARTBEAT] Node: 1 | Tick: 331321 | Conf: 331319 | Hash: 0x3FF345F8 | Rollbacks: 59 (Resim:  74) | Stalls:  0
[HEARTBEAT] Node: 1 | Tick: 331381 | Conf: 331379 | Hash: 0x13607880 | Rollbacks: 54 (Resim:  57) | Stalls:  0
[HEARTBEAT] Node: 1 | Tick: 331441 | Conf: 331439 | Hash: 0xDB39E5CA | Rollbacks: 53 (Resim:  54) | Stalls:  0
[HEARTBEAT] Node: 1 | Tick: 331501 | Conf: 331499 | Hash: 0x2D9A36CD | Rollbacks: 58 (Resim:  70) | Stalls:  0
[HEARTBEAT] Node: 1 | Tick: 331561 | Conf: 331559 | Hash: 0x9F9AB1A1 | Rollbacks: 48 (Resim:  56) | Stalls:  0
[HEARTBEAT] Node: 1 | Tick: 331621 | Conf: 331619 | Hash: 0x6F846DC7 | Rollbacks: 58 (Resim:  58) | Stalls:  0
[HEARTBEAT] Node: 1 | Tick: 331681 | Conf: 331679 | Hash: 0xD0798551 | Rollbacks: 58 (Resim:  75) | Stalls:  0
[HEARTBEAT] Node: 1 | Tick: 331741 | Conf: 331739 | Hash: 0x44359B98 | Rollbacks: 54 (Resim:  54) | Stalls:  0
[BOT:50005] Heartbeat - Sparse Mods Tracked: 2048
[HEARTBEAT] Node: 1 | Tick: 331801 | Conf: 331798 | Hash: 0x2B77905C | Rollbacks: 58 (Resim:  62) | Stalls:  0
[HEARTBEAT] Node: 1 | Tick: 331861 | Conf: 331859 | Hash: 0xEF40F527 | Rollbacks: 59 (Resim:  79) | Stalls:  0
[HEARTBEAT] Node: 1 | Tick: 331921 | Conf: 331919 | Hash: 0x8587FD18 | Rollbacks: 44 (Resim:  44) | Stalls:  0
[HEARTBEAT] Node: 1 | Tick: 331981 | Conf: 331979 | Hash: 0x483B28E9 | Rollbacks: 49 (Resim:  49) | Stalls:  0
[HEARTBEAT] Node: 1 | Tick: 332041 | Conf: 332039 | Hash: 0x1A96F6BC | Rollbacks: 59 (Resim:  77) | Stalls:  0
[HEARTBEAT] Node: 1 | Tick: 332101 | Conf: 332099 | Hash: 0xF21B868F | Rollbacks: 41 (Resim:  41) | Stalls:  0
[HEARTBEAT] Node: 1 | Tick: 332161 | Conf: 332159 | Hash: 0xE10F7A95 | Rollbacks: 52 (Resim:  52) | Stalls:  0
[HEARTBEAT] Node: 1 | Tick: 332221 | Conf: 332218 | Hash: 0x64A0B0AE | Rollbacks: 56 (Resim:  58) | Stalls:  0
[HEARTBEAT] Node: 1 | Tick: 332281 | Conf: 332279 | Hash: 0xFE6370A2 | Rollbacks: 59 (Resim:  76) | Stalls:  0
[HEARTBEAT] Node: 1 | Tick: 332341 | Conf: 332339 | Hash: 0xEEE7A348 | Rollbacks: 43 (Resim:  43) | Stalls:  0
[BOT:50005] Heartbeat - Sparse Mods Tracked: 2048
[HEARTBEAT] Node: 1 | Tick: 332401 | Conf: 332399 | Hash: 0x20F33493 | Rollbacks: 45 (Resim:  45) | Stalls:  0
[HEARTBEAT] Node: 1 | Tick: 332461 | Conf: 332459 | Hash: 0x6E81A90E | Rollbacks: 57 (Resim:  57) | Stalls:  0
[HEARTBEAT] Node: 1 | Tick: 332521 | Conf: 332518 | Hash: 0x819D93B4 | Rollbacks: 59 (Resim:  63) | Stalls:  0
[HEARTBEAT] Node: 1 | Tick: 332581 | Conf: 332579 | Hash: 0x5161C21A | Rollbacks: 57 (Resim:  72) | Stalls:  0
[HEARTBEAT] Node: 1 | Tick: 332641 | Conf: 332639 | Hash: 0x55C2F8DD | Rollbacks: 41 (Resim:  44) | Stalls:  0
[HEARTBEAT] Node: 1 | Tick: 332701 | Conf: 332699 | Hash: 0x770650D1 | Rollbacks: 59 (Resim:  62) | Stalls:  0
[HEARTBEAT] Node: 1 | Tick: 332761 | Conf: 332759 | Hash: 0xC34C2042 | Rollbacks: 52 (Resim:  64) | Stalls:  0
[HEARTBEAT] Node: 1 | Tick: 332821 | Conf: 332819 | Hash: 0x78BCEAC4 | Rollbacks: 37 (Resim:  37) | Stalls:  0
[HEARTBEAT] Node: 1 | Tick: 332881 | Conf: 332879 | Hash: 0x6581592E | Rollbacks: 58 (Resim:  58) | Stalls:  0
[BOT:50005] Heartbeat - Sparse Mods Tracked: 2048
[HEARTBEAT] Node: 1 | Tick: 332941 | Conf: 332939 | Hash: 0x1303C503 | Rollbacks: 59 (Resim:  78) | Stalls:  0
[HEARTBEAT] Node: 1 | Tick: 333001 | Conf: 332999 | Hash: 0xD7CB1AA8 | Rollbacks: 48 (Resim:  54) | Stalls:  0
[HEARTBEAT] Node: 1 | Tick: 333061 | Conf: 333059 | Hash: 0x3E6C142A | Rollbacks: 37 (Resim:  37) | Stalls:  0
[HEARTBEAT] Node: 1 | Tick: 333121 | Conf: 333119 | Hash: 0x87C36A8A | Rollbacks: 55 (Resim:  55) | Stalls:  0
[HEARTBEAT] Node: 1 | Tick: 333181 | Conf: 333179 | Hash: 0x9C687F5B | Rollbacks: 59 (Resim:  69) | Stalls:  0
[HEARTBEAT] Node: 1 | Tick: 333241 | Conf: 333239 | Hash: 0xDDFF13EC | Rollbacks: 48 (Resim:  60) | Stalls:  0
[HEARTBEAT] Node: 1 | Tick: 333301 | Conf: 333299 | Hash: 0x65293552 | Rollbacks: 49 (Resim:  52) | Stalls:  0
[HEARTBEAT] Node: 1 | Tick: 333361 | Conf: 333359 | Hash: 0x906D4B1D | Rollbacks: 58 (Resim:  58) | Stalls:  0
[HEARTBEAT] Node: 1 | Tick: 333421 | Conf: 333418 | Hash: 0xA0621B22 | Rollbacks: 58 (Resim:  84) | Stalls:  0
[HEARTBEAT] Node: 1 | Tick: 333481 | Conf: 333479 | Hash: 0xF2A6E6C7 | Rollbacks: 55 (Resim:  59) | Stalls:  0
[BOT:50005] Heartbeat - Sparse Mods Tracked: 2048
[HEARTBEAT] Node: 1 | Tick: 333541 | Conf: 333539 | Hash: 0x7FE9151F | Rollbacks: 47 (Resim:  50) | Stalls:  0
[HEARTBEAT] Node: 1 | Tick: 333601 | Conf: 333599 | Hash: 0xA5017DF6 | Rollbacks: 53 (Resim:  54) | Stalls:  0
[HEARTBEAT] Node: 1 | Tick: 333661 | Conf: 333659 | Hash: 0x49B6EBEB | Rollbacks: 59 (Resim:  69) | Stalls:  0
[HEARTBEAT] Node: 1 | Tick: 333721 | Conf: 333719 | Hash: 0x09584642 | Rollbacks: 50 (Resim:  66) | Stalls:  0
[HEARTBEAT] Node: 1 | Tick: 333781 | Conf: 333779 | Hash: 0x13C5BCB9 | Rollbacks: 50 (Resim:  50) | Stalls:  0
[HEARTBEAT] Node: 1 | Tick: 333841 | Conf: 333839 | Hash: 0x6AF3C8C9 | Rollbacks: 56 (Resim:  59) | Stalls:  0
[HEARTBEAT] Node: 1 | Tick: 333901 | Conf: 333899 | Hash: 0x2FE8EB0B | Rollbacks: 52 (Resim:  64) | Stalls:  0
[HEARTBEAT] Node: 1 | Tick: 333961 | Conf: 333959 | Hash: 0x65046F0A | Rollbacks: 48 (Resim:  53) | Stalls:  0
[HEARTBEAT] Node: 1 | Tick: 334021 | Conf: 334019 | Hash: 0x48BEB947 | Rollbacks: 52 (Resim:  52) | Stalls:  0
[HEARTBEAT] Node: 1 | Tick: 334081 | Conf: 334078 | Hash: 0x7F483C0A | Rollbacks: 58 (Resim:  72) | Stalls:  0
[BOT:50005] Heartbeat - Sparse Mods Tracked: 2048
[HEARTBEAT] Node: 1 | Tick: 334141 | Conf: 334139 | Hash: 0x16C6EB71 | Rollbacks: 57 (Resim:  67) | Stalls:  0
[HEARTBEAT] Node: 1 | Tick: 334201 | Conf: 334199 | Hash: 0xABC92522 | Rollbacks: 50 (Resim:  50) | Stalls:  0
[HEARTBEAT] Node: 1 | Tick: 334261 | Conf: 334259 | Hash: 0xD68DC980 | Rollbacks: 58 (Resim:  77) | Stalls:  0
[HEARTBEAT] Node: 1 | Tick: 334321 | Conf: 334319 | Hash: 0xD9602CF8 | Rollbacks: 46 (Resim:  47) | Stalls:  0
[HEARTBEAT] Node: 1 | Tick: 334381 | Conf: 334379 | Hash: 0x70D55F08 | Rollbacks: 59 (Resim:  66) | Stalls:  0
[HEARTBEAT] Node: 1 | Tick: 334441 | Conf: 334439 | Hash: 0x1FBC4EB1 | Rollbacks: 44 (Resim:  58) | Stalls:  0
[HEARTBEAT] Node: 1 | Tick: 334501 | Conf: 334499 | Hash: 0x737BFB58 | Rollbacks: 55 (Resim:  55) | Stalls:  0
[HEARTBEAT] Node: 1 | Tick: 334561 | Conf: 334559 | Hash: 0x28455893 | Rollbacks: 58 (Resim:  77) | Stalls:  0
[HEARTBEAT] Node: 1 | Tick: 334621 | Conf: 334619 | Hash: 0x4987CFEB | Rollbacks: 47 (Resim:  47) | Stalls:  0
[HEARTBEAT] Node: 1 | Tick: 334681 | Conf: 334678 | Hash: 0xD10BC008 | Rollbacks: 56 (Resim:  63) | Stalls:  0
[BOT:50005] Heartbeat - Sparse Mods Tracked: 2048
[HEARTBEAT] Node: 1 | Tick: 334741 | Conf: 334739 | Hash: 0x4804EEBF | Rollbacks: 59 (Resim:  71) | Stalls:  0
[HEARTBEAT] Node: 1 | Tick: 334801 | Conf: 334799 | Hash: 0x193174B8 | Rollbacks: 50 (Resim:  52) | Stalls:  0
[HEARTBEAT] Node: 1 | Tick: 334861 | Conf: 334859 | Hash: 0x977A1576 | Rollbacks: 50 (Resim:  50) | Stalls:  0
[HEARTBEAT] Node: 1 | Tick: 334921 | Conf: 334919 | Hash: 0xC41F1431 | Rollbacks: 56 (Resim:  71) | Stalls:  0
[HEARTBEAT] Node: 1 | Tick: 334981 | Conf: 334979 | Hash: 0xDA2A662F | Rollbacks: 50 (Resim:  53) | Stalls:  0
[HEARTBEAT] Node: 1 | Tick: 335041 | Conf: 335039 | Hash: 0xE56A9AEB | Rollbacks: 59 (Resim:  60) | Stalls:  0
[HEARTBEAT] Node: 1 | Tick: 335101 | Conf: 335099 | Hash: 0x84029138 | Rollbacks: 49 (Resim:  67) | Stalls:  0
[HEARTBEAT] Node: 1 | Tick: 335161 | Conf: 335159 | Hash: 0x619A5B0C | Rollbacks: 49 (Resim:  52) | Stalls:  0
[HEARTBEAT] Node: 1 | Tick: 335221 | Conf: 335219 | Hash: 0x844BD802 | Rollbacks: 59 (Resim:  65) | Stalls:  0
[HEARTBEAT] Node: 1 | Tick: 335281 | Conf: 335279 | Hash: 0xD0D0C455 | Rollbacks: 46 (Resim:  55) | Stalls:  0
[BOT:50005] Heartbeat - Sparse Mods Tracked: 2048
[HEARTBEAT] Node: 1 | Tick: 335341 | Conf: 335339 | Hash: 0xDFE6A768 | Rollbacks: 57 (Resim:  57) | Stalls:  0
[HEARTBEAT] Node: 1 | Tick: 335401 | Conf: 335398 | Hash: 0xFBF49026 | Rollbacks: 58 (Resim:  71) | Stalls:  0
[HEARTBEAT] Node: 1 | Tick: 335461 | Conf: 335459 | Hash: 0x5A21A84A | Rollbacks: 46 (Resim:  54) | Stalls:  0
[HEARTBEAT] Node: 1 | Tick: 335521 | Conf: 335519 | Hash: 0xEB601E15 | Rollbacks: 51 (Resim:  51) | Stalls:  0
[HEARTBEAT] Node: 1 | Tick: 335581 | Conf: 335578 | Hash: 0xC9A2F907 | Rollbacks: 58 (Resim:  75) | Stalls:  0
[HEARTBEAT] Node: 1 | Tick: 335641 | Conf: 335639 | Hash: 0x26C35589 | Rollbacks: 52 (Resim:  60) | Stalls:  0
[HEARTBEAT] Node: 1 | Tick: 335701 | Conf: 335698 | Hash: 0xE7FE882A | Rollbacks: 53 (Resim:  59) | Stalls:  0
[HEARTBEAT] Node: 1 | Tick: 335761 | Conf: 335759 | Hash: 0x6F3574F2 | Rollbacks: 60 (Resim:  70) | Stalls:  0
[HEARTBEAT] Node: 1 | Tick: 335821 | Conf: 335819 | Hash: 0x7220477F | Rollbacks: 49 (Resim:  49) | Stalls:  0
[BOT:50005] Heartbeat - Sparse Mods Tracked: 2048
[HEARTBEAT] Node: 1 | Tick: 335881 | Conf: 335879 | Hash: 0x872E0AD3 | Rollbacks: 54 (Resim:  61) | Stalls:  0
[HEARTBEAT] Node: 1 | Tick: 335941 | Conf: 335939 | Hash: 0xD74970F1 | Rollbacks: 55 (Resim:  64) | Stalls:  0
[HEARTBEAT] Node: 1 | Tick: 336001 | Conf: 335999 | Hash: 0x10FFF5A0 | Rollbacks: 52 (Resim:  75) | Stalls:  0
[HEARTBEAT] Node: 1 | Tick: 336061 | Conf: 336059 | Hash: 0xE30E2335 | Rollbacks: 59 (Resim:  59) | Stalls:  0
[HEARTBEAT] Node: 1 | Tick: 336121 | Conf: 336119 | Hash: 0x4D3984B2 | Rollbacks: 54 (Resim:  74) | Stalls:  0
[HEARTBEAT] Node: 1 | Tick: 336181 | Conf: 336179 | Hash: 0xC6C356E7 | Rollbacks: 48 (Resim:  48) | Stalls:  0
[HEARTBEAT] Node: 1 | Tick: 336241 | Conf: 336239 | Hash: 0x622087E5 | Rollbacks: 53 (Resim:  53) | Stalls:  0
[HEARTBEAT] Node: 1 | Tick: 336301 | Conf: 336299 | Hash: 0xCE9BD9DF | Rollbacks: 59 (Resim:  60) | Stalls:  0
[HEARTBEAT] Node: 1 | Tick: 336361 | Conf: 336359 | Hash: 0x79373646 | Rollbacks: 49 (Resim:  59) | Stalls:  0
[HEARTBEAT] Node: 1 | Tick: 336421 | Conf: 336419 | Hash: 0x30D663C5 | Rollbacks: 52 (Resim:  52) | Stalls:  0
[BOT:50005] Heartbeat - Sparse Mods Tracked: 2048
[HEARTBEAT] Node: 1 | Tick: 336481 | Conf: 336479 | Hash: 0x712690AF | Rollbacks: 58 (Resim:  66) | Stalls:  0
[HEARTBEAT] Node: 1 | Tick: 336541 | Conf: 336538 | Hash: 0xB67E7A5F | Rollbacks: 48 (Resim:  67) | Stalls:  0
[HEARTBEAT] Node: 1 | Tick: 336601 | Conf: 336599 | Hash: 0x1A94BD4C | Rollbacks: 47 (Resim:  48) | Stalls:  0
[HEARTBEAT] Node: 1 | Tick: 336661 | Conf: 336659 | Hash: 0x318A1EBE | Rollbacks: 54 (Resim:  57) | Stalls:  0
[HEARTBEAT] Node: 1 | Tick: 336721 | Conf: 336719 | Hash: 0x50C45A64 | Rollbacks: 55 (Resim:  74) | Stalls:  0
[HEARTBEAT] Node: 1 | Tick: 336781 | Conf: 336779 | Hash: 0x3A02DE9D | Rollbacks: 48 (Resim:  50) | Stalls:  0
[HEARTBEAT] Node: 1 | Tick: 336841 | Conf: 336839 | Hash: 0x1B17CFEA | Rollbacks: 53 (Resim:  53) | Stalls:  0
[HEARTBEAT] Node: 1 | Tick: 336901 | Conf: 336899 | Hash: 0x520D5472 | Rollbacks: 59 (Resim:  65) | Stalls:  0
[HEARTBEAT] Node: 1 | Tick: 336961 | Conf: 336959 | Hash: 0x495C19D8 | Rollbacks: 56 (Resim:  78) | Stalls:  0
[HEARTBEAT] Node: 1 | Tick: 337021 | Conf: 337019 | Hash: 0x8CD75CB2 | Rollbacks: 50 (Resim:  50) | Stalls:  0
[BOT:50005] Heartbeat - Sparse Mods Tracked: 2048
[HEARTBEAT] Node: 1 | Tick: 337081 | Conf: 337079 | Hash: 0x3829EF98 | Rollbacks: 54 (Resim:  54) | Stalls:  0
[HEARTBEAT] Node: 1 | Tick: 337141 | Conf: 337139 | Hash: 0x131CD017 | Rollbacks: 59 (Resim:  77) | Stalls:  0
[HEARTBEAT] Node: 1 | Tick: 337201 | Conf: 337199 | Hash: 0xF10C532A | Rollbacks: 50 (Resim:  50) | Stalls:  0
[HEARTBEAT] Node: 1 | Tick: 337261 | Conf: 337259 | Hash: 0x059F1B0F | Rollbacks: 56 (Resim:  58) | Stalls:  0
[HEARTBEAT] Node: 1 | Tick: 337321 | Conf: 337318 | Hash: 0xD34CCDA6 | Rollbacks: 58 (Resim:  76) | Stalls:  0
[HEARTBEAT] Node: 1 | Tick: 337381 | Conf: 337379 | Hash: 0xDCF33FAE | Rollbacks: 48 (Resim:  50) | Stalls:  0
[HEARTBEAT] Node: 1 | Tick: 337441 | Conf: 337439 | Hash: 0x86CA9354 | Rollbacks: 46 (Resim:  46) | Stalls:  0
[HEARTBEAT] Node: 1 | Tick: 337501 | Conf: 337498 | Hash: 0x08BAA709 | Rollbacks: 59 (Resim:  59) | Stalls:  0
[HEARTBEAT] Node: 1 | Tick: 337561 | Conf: 337559 | Hash: 0x01C78950 | Rollbacks: 50 (Resim:  58) | Stalls:  0
[HEARTBEAT] Node: 1 | Tick: 337621 | Conf: 337619 | Hash: 0x9EDCE50F | Rollbacks: 49 (Resim:  49) | Stalls:  0
[BOT:50005] Heartbeat - Sparse Mods Tracked: 2048
[HEARTBEAT] Node: 1 | Tick: 337681 | Conf: 337678 | Hash: 0x4183DBE5 | Rollbacks: 58 (Resim:  68) | Stalls:  0
[HEARTBEAT] Node: 1 | Tick: 337741 | Conf: 337739 | Hash: 0xC05E2406 | Rollbacks: 59 (Resim:  70) | Stalls:  0
[HEARTBEAT] Node: 1 | Tick: 337801 | Conf: 337799 | Hash: 0x6A7940D3 | Rollbacks: 51 (Resim:  51) | Stalls:  0
[HEARTBEAT] Node: 1 | Tick: 337861 | Conf: 337859 | Hash: 0xE36252A1 | Rollbacks: 59 (Resim:  74) | Stalls:  0
[HEARTBEAT] Node: 1 | Tick: 337921 | Conf: 337919 | Hash: 0x64459C9A | Rollbacks: 54 (Resim:  56) | Stalls:  0
[HEARTBEAT] Node: 1 | Tick: 337981 | Conf: 337979 | Hash: 0x3F250B7F | Rollbacks: 59 (Resim:  63) | Stalls:  0
[HEARTBEAT] Node: 1 | Tick: 338041 | Conf: 338039 | Hash: 0x5689BAF2 | Rollbacks: 46 (Resim:  65) | Stalls:  0
[HEARTBEAT] Node: 1 | Tick: 338101 | Conf: 338098 | Hash: 0x78267660 | Rollbacks: 57 (Resim:  61) | Stalls:  0
[HEARTBEAT] Node: 1 | Tick: 338161 | Conf: 338159 | Hash: 0xE1EC56DC | Rollbacks: 50 (Resim:  66) | Stalls:  0
[HEARTBEAT] Node: 1 | Tick: 338221 | Conf: 338219 | Hash: 0x05D163EB | Rollbacks: 51 (Resim:  51) | Stalls:  0
[BOT:50005] Heartbeat - Sparse Mods Tracked: 2048
[HEARTBEAT] Node: 1 | Tick: 338281 | Conf: 338279 | Hash: 0x568235A5 | Rollbacks: 59 (Resim:  74) | Stalls:  0
[HEARTBEAT] Node: 1 | Tick: 338341 | Conf: 338339 | Hash: 0x667485F0 | Rollbacks: 49 (Resim:  49) | Stalls:  0
[HEARTBEAT] Node: 1 | Tick: 338401 | Conf: 338399 | Hash: 0x0F548B50 | Rollbacks: 59 (Resim:  72) | Stalls:  0
[HEARTBEAT] Node: 1 | Tick: 338461 | Conf: 338459 | Hash: 0x9D250248 | Rollbacks: 59 (Resim:  63) | Stalls:  0
[HEARTBEAT] Node: 1 | Tick: 338521 | Conf: 338519 | Hash: 0x62C83356 | Rollbacks: 59 (Resim:  71) | Stalls:  0
[HEARTBEAT] Node: 1 | Tick: 338581 | Conf: 338579 | Hash: 0xF0635055 | Rollbacks: 50 (Resim:  50) | Stalls:  0
[HEARTBEAT] Node: 1 | Tick: 338641 | Conf: 338639 | Hash: 0x90746AAA | Rollbacks: 44 (Resim:  44) | Stalls:  0
[HEARTBEAT] Node: 1 | Tick: 338701 | Conf: 338699 | Hash: 0xACD751E2 | Rollbacks: 58 (Resim:  78) | Stalls:  0
[HEARTBEAT] Node: 1 | Tick: 338761 | Conf: 338759 | Hash: 0x3E834B47 | Rollbacks: 41 (Resim:  41) | Stalls:  0
[HEARTBEAT] Node: 1 | Tick: 338821 | Conf: 338818 | Hash: 0xC17D42AA | Rollbacks: 56 (Resim:  69) | Stalls:  0
[BOT:50005] Heartbeat - Sparse Mods Tracked: 2048
[HEARTBEAT] Node: 1 | Tick: 338881 | Conf: 338879 | Hash: 0x4147DA7C | Rollbacks: 59 (Resim:  65) | Stalls:  0
[HEARTBEAT] Node: 1 | Tick: 338941 | Conf: 338938 | Hash: 0x62FC0374 | Rollbacks: 58 (Resim:  66) | Stalls:  0
[HEARTBEAT] Node: 1 | Tick: 339001 | Conf: 338999 | Hash: 0x944D32B7 | Rollbacks: 44 (Resim:  46) | Stalls:  0
[HEARTBEAT] Node: 1 | Tick: 339061 | Conf: 339059 | Hash: 0x2B5EE4F3 | Rollbacks: 47 (Resim:  47) | Stalls:  0
[HEARTBEAT] Node: 1 | Tick: 339121 | Conf: 339118 | Hash: 0xE43EF07D | Rollbacks: 58 (Resim:  71) | Stalls:  0
[HEARTBEAT] Node: 1 | Tick: 339181 | Conf: 339179 | Hash: 0xE38C999A | Rollbacks: 46 (Resim:  50) | Stalls:  0
[HEARTBEAT] Node: 1 | Tick: 339241 | Conf: 339239 | Hash: 0xDB2ACAF7 | Rollbacks: 53 (Resim:  53) | Stalls:  0
[HEARTBEAT] Node: 1 | Tick: 339301 | Conf: 339298 | Hash: 0xDE2E0F87 | Rollbacks: 58 (Resim:  80) | Stalls:  0
[HEARTBEAT] Node: 1 | Tick: 339361 | Conf: 339359 | Hash: 0xBA956D24 | Rollbacks: 49 (Resim:  50) | Stalls:  0
[BOT:50005] Heartbeat - Sparse Mods Tracked: 2048
[HEARTBEAT] Node: 1 | Tick: 339421 | Conf: 339418 | Hash: 0x0F10622B | Rollbacks: 58 (Resim:  62) | Stalls:  0
[HEARTBEAT] Node: 1 | Tick: 339481 | Conf: 339479 | Hash: 0xF26A9A5A | Rollbacks: 49 (Resim:  63) | Stalls:  0
[HEARTBEAT] Node: 1 | Tick: 339541 | Conf: 339539 | Hash: 0x6CDCC8B8 | Rollbacks: 44 (Resim:  44) | Stalls:  0
[HEARTBEAT] Node: 1 | Tick: 339601 | Conf: 339598 | Hash: 0x8D3AE300 | Rollbacks: 57 (Resim:  74) | Stalls:  0
[HEARTBEAT] Node: 1 | Tick: 339661 | Conf: 339659 | Hash: 0xA1ED2C72 | Rollbacks: 51 (Resim:  58) | Stalls:  0
[HEARTBEAT] Node: 1 | Tick: 339721 | Conf: 339719 | Hash: 0x5DDE4FED | Rollbacks: 50 (Resim:  50) | Stalls:  0
[HEARTBEAT] Node: 1 | Tick: 339781 | Conf: 339779 | Hash: 0x0D5E6340 | Rollbacks: 58 (Resim:  74) | Stalls:  0
[HEARTBEAT] Node: 1 | Tick: 339841 | Conf: 339839 | Hash: 0xCAD59B78 | Rollbacks: 59 (Resim:  59) | Stalls:  0
[HEARTBEAT] Node: 1 | Tick: 339901 | Conf: 339899 | Hash: 0xAD8CDEF4 | Rollbacks: 49 (Resim:  67) | Stalls:  0
[HEARTBEAT] Node: 1 | Tick: 339961 | Conf: 339959 | Hash: 0x36AF03F7 | Rollbacks: 54 (Resim:  56) | Stalls:  0
[BOT:50005] Heartbeat - Sparse Mods Tracked: 2048
[HEARTBEAT] Node: 1 | Tick: 340021 | Conf: 340019 | Hash: 0xB2CFAC66 | Rollbacks: 57 (Resim:  77) | Stalls:  0
[HEARTBEAT] Node: 1 | Tick: 340081 | Conf: 340079 | Hash: 0x1E076598 | Rollbacks: 58 (Resim:  61) | Stalls:  0
[HEARTBEAT] Node: 1 | Tick: 340141 | Conf: 340139 | Hash: 0xAA00EE83 | Rollbacks: 58 (Resim:  65) | Stalls:  0
[HEARTBEAT] Node: 1 | Tick: 340201 | Conf: 340199 | Hash: 0xA6936253 | Rollbacks: 59 (Resim:  64) | Stalls:  0
[HEARTBEAT] Node: 1 | Tick: 340261 | Conf: 340259 | Hash: 0x00902C05 | Rollbacks: 58 (Resim:  69) | Stalls:  0
[HEARTBEAT] Node: 1 | Tick: 340321 | Conf: 340319 | Hash: 0xB28A0212 | Rollbacks: 49 (Resim:  49) | Stalls:  0
[HEARTBEAT] Node: 1 | Tick: 340381 | Conf: 340379 | Hash: 0x238B83B5 | Rollbacks: 59 (Resim:  73) | Stalls:  0
[HEARTBEAT] Node: 1 | Tick: 340441 | Conf: 340439 | Hash: 0x5D83DB2D | Rollbacks: 49 (Resim:  52) | Stalls:  0
[HEARTBEAT] Node: 1 | Tick: 340501 | Conf: 340499 | Hash: 0xC3BB376C | Rollbacks: 58 (Resim:  58) | Stalls:  0
[HEARTBEAT] Node: 1 | Tick: 340561 | Conf: 340559 | Hash: 0x2F958769 | Rollbacks: 55 (Resim:  65) | Stalls:  0
[BOT:50005] Heartbeat - Sparse Mods Tracked: 2048
[HEARTBEAT] Node: 1 | Tick: 340621 | Conf: 340619 | Hash: 0x5545B7F7 | Rollbacks: 56 (Resim:  66) | Stalls:  0
[HEARTBEAT] Node: 1 | Tick: 340681 | Conf: 340679 | Hash: 0x477E6776 | Rollbacks: 41 (Resim:  46) | Stalls:  0
[HEARTBEAT] Node: 1 | Tick: 340741 | Conf: 340739 | Hash: 0x7FCDFC3D | Rollbacks: 44 (Resim:  49) | Stalls:  0
[HEARTBEAT] Node: 1 | Tick: 340801 | Conf: 340799 | Hash: 0x76A424F4 | Rollbacks: 46 (Resim:  46) | Stalls:  0
[HEARTBEAT] Node: 1 | Tick: 340861 | Conf: 340859 | Hash: 0x3C10A57B | Rollbacks: 51 (Resim:  52) | Stalls:  0
[HEARTBEAT] Node: 1 | Tick: 340921 | Conf: 340919 | Hash: 0x92D8C09F | Rollbacks: 59 (Resim:  79) | Stalls:  0
[HEARTBEAT] Node: 1 | Tick: 340981 | Conf: 340979 | Hash: 0x0D2B46ED | Rollbacks: 46 (Resim:  48) | Stalls:  0
[HEARTBEAT] Node: 1 | Tick: 341041 | Conf: 341039 | Hash: 0x13425886 | Rollbacks: 55 (Resim:  55) | Stalls:  0
[HEARTBEAT] Node: 1 | Tick: 341101 | Conf: 341098 | Hash: 0x093C0E5D | Rollbacks: 58 (Resim:  64) | Stalls:  0
[HEARTBEAT] Node: 1 | Tick: 341161 | Conf: 341159 | Hash: 0x9D406D56 | Rollbacks: 44 (Resim:  60) | Stalls:  0
[BOT:50005] Heartbeat - Sparse Mods Tracked: 2048
[HEARTBEAT] Node: 1 | Tick: 341221 | Conf: 341219 | Hash: 0x0AE1C280 | Rollbacks: 48 (Resim:  48) | Stalls:  0
[HEARTBEAT] Node: 1 | Tick: 341281 | Conf: 341278 | Hash: 0xD0F27D6B | Rollbacks: 55 (Resim:  55) | Stalls:  0
[HEARTBEAT] Node: 1 | Tick: 341341 | Conf: 341339 | Hash: 0x9CC34CA8 | Rollbacks: 59 (Resim:  68) | Stalls:  0
[HEARTBEAT] Node: 1 | Tick: 341401 | Conf: 341398 | Hash: 0xDF695F71 | Rollbacks: 58 (Resim:  64) | Stalls:  0
[HEARTBEAT] Node: 1 | Tick: 341461 | Conf: 341459 | Hash: 0x4E392AF1 | Rollbacks: 49 (Resim:  56) | Stalls:  0
[HEARTBEAT] Node: 1 | Tick: 341521 | Conf: 341519 | Hash: 0xBED49585 | Rollbacks: 46 (Resim:  51) | Stalls:  0
[HEARTBEAT] Node: 1 | Tick: 341581 | Conf: 341579 | Hash: 0xCD303AA1 | Rollbacks: 51 (Resim:  55) | Stalls:  0
[HEARTBEAT] Node: 1 | Tick: 341641 | Conf: 341639 | Hash: 0x4183FA2C | Rollbacks: 50 (Resim:  51) | Stalls:  0
[HEARTBEAT] Node: 1 | Tick: 341701 | Conf: 341699 | Hash: 0xBCF78218 | Rollbacks: 52 (Resim:  65) | Stalls:  0
[HEARTBEAT] Node: 1 | Tick: 341761 | Conf: 341759 | Hash: 0x99CF564E | Rollbacks: 49 (Resim:  49) | Stalls:  0
[BOT:50005] Heartbeat - Sparse Mods Tracked: 2048
[HEARTBEAT] Node: 1 | Tick: 341821 | Conf: 341819 | Hash: 0x8514874E | Rollbacks: 59 (Resim:  63) | Stalls:  0
[HEARTBEAT] Node: 1 | Tick: 341881 | Conf: 341879 | Hash: 0x2BE3A84C | Rollbacks: 45 (Resim:  63) | Stalls:  0
[HEARTBEAT] Node: 1 | Tick: 341941 | Conf: 341939 | Hash: 0x6F628675 | Rollbacks: 60 (Resim:  60) | Stalls:  0
[HEARTBEAT] Node: 1 | Tick: 342001 | Conf: 341999 | Hash: 0x6A4C2693 | Rollbacks: 55 (Resim:  67) | Stalls:  0
[HEARTBEAT] Node: 1 | Tick: 342061 | Conf: 342059 | Hash: 0x95E006B6 | Rollbacks: 49 (Resim:  54) | Stalls:  0
[HEARTBEAT] Node: 1 | Tick: 342121 | Conf: 342119 | Hash: 0x6D9F8E9A | Rollbacks: 59 (Resim:  78) | Stalls:  0
[HEARTBEAT] Node: 1 | Tick: 342181 | Conf: 342179 | Hash: 0xFD42FE92 | Rollbacks: 52 (Resim:  55) | Stalls:  0
[HEARTBEAT] Node: 1 | Tick: 342241 | Conf: 342239 | Hash: 0x5731C913 | Rollbacks: 49 (Resim:  49) | Stalls:  0
[HEARTBEAT] Node: 1 | Tick: 342301 | Conf: 342298 | Hash: 0x979F17A1 | Rollbacks: 58 (Resim:  72) | Stalls:  0
[HEARTBEAT] Node: 1 | Tick: 342361 | Conf: 342359 | Hash: 0x764D368F | Rollbacks: 51 (Resim:  55) | Stalls:  0
[BOT:50005] Heartbeat - Sparse Mods Tracked: 2048
[HEARTBEAT] Node: 1 | Tick: 342421 | Conf: 342418 | Hash: 0xE1C3474C | Rollbacks: 58 (Resim:  60) | Stalls:  0
[HEARTBEAT] Node: 1 | Tick: 342481 | Conf: 342479 | Hash: 0xB4AD7694 | Rollbacks: 53 (Resim:  68) | Stalls:  0
[HEARTBEAT] Node: 1 | Tick: 342541 | Conf: 342539 | Hash: 0xBE122722 | Rollbacks: 49 (Resim:  51) | Stalls:  0
[HEARTBEAT] Node: 1 | Tick: 342601 | Conf: 342599 | Hash: 0x873E21B2 | Rollbacks: 57 (Resim:  57) | Stalls:  0
[HEARTBEAT] Node: 1 | Tick: 342661 | Conf: 342658 | Hash: 0x992FA231 | Rollbacks: 48 (Resim:  68) | Stalls:  0
[HEARTBEAT] Node: 1 | Tick: 342721 | Conf: 342719 | Hash: 0x8A50C877 | Rollbacks: 58 (Resim:  63) | Stalls:  0
[HEARTBEAT] Node: 1 | Tick: 342781 | Conf: 342779 | Hash: 0x79117D28 | Rollbacks: 55 (Resim:  55) | Stalls:  0
[HEARTBEAT] Node: 1 | Tick: 342841 | Conf: 342839 | Hash: 0x2BE86C18 | Rollbacks: 45 (Resim:  48) | Stalls:  0
[HEARTBEAT] Node: 1 | Tick: 342901 | Conf: 342899 | Hash: 0x6B18AFA1 | Rollbacks: 43 (Resim:  47) | Stalls:  0
[HEARTBEAT] Node: 1 | Tick: 342961 | Conf: 342959 | Hash: 0x7F5EEB4E | Rollbacks: 57 (Resim:  62) | Stalls:  0
[BOT:50005] Heartbeat - Sparse Mods Tracked: 2048
[HEARTBEAT] Node: 1 | Tick: 343021 | Conf: 343019 | Hash: 0x15E0624E | Rollbacks: 59 (Resim:  70) | Stalls:  0
[HEARTBEAT] Node: 1 | Tick: 343081 | Conf: 343079 | Hash: 0x33026965 | Rollbacks: 46 (Resim:  46) | Stalls:  0
[HEARTBEAT] Node: 1 | Tick: 343141 | Conf: 343139 | Hash: 0xE2DD6AF2 | Rollbacks: 54 (Resim:  78) | Stalls:  0
[HEARTBEAT] Node: 1 | Tick: 343201 | Conf: 343199 | Hash: 0xBC6EF7B6 | Rollbacks: 52 (Resim:  52) | Stalls:  0
[HEARTBEAT] Node: 1 | Tick: 343261 | Conf: 343259 | Hash: 0x5A8FE22E | Rollbacks: 59 (Resim:  67) | Stalls:  0
[HEARTBEAT] Node: 1 | Tick: 343321 | Conf: 343319 | Hash: 0x0771EF26 | Rollbacks: 58 (Resim:  82) | Stalls:  0
[HEARTBEAT] Node: 1 | Tick: 343381 | Conf: 343379 | Hash: 0xA1E1EEB4 | Rollbacks: 50 (Resim:  55) | Stalls:  0
[HEARTBEAT] Node: 1 | Tick: 343441 | Conf: 343439 | Hash: 0xFE9A0219 | Rollbacks: 50 (Resim:  50) | Stalls:  0
[HEARTBEAT] Node: 1 | Tick: 343501 | Conf: 343498 | Hash: 0xCC8AD3D7 | Rollbacks: 58 (Resim:  71) | Stalls:  0
[BOT:50005] Heartbeat - Sparse Mods Tracked: 2048
[HEARTBEAT] Node: 1 | Tick: 343561 | Conf: 343559 | Hash: 0x1E023677 | Rollbacks: 54 (Resim:  55) | Stalls:  0
[HEARTBEAT] Node: 1 | Tick: 343621 | Conf: 343618 | Hash: 0x345B3356 | Rollbacks: 52 (Resim:  55) | Stalls:  0
[HEARTBEAT] Node: 1 | Tick: 343681 | Conf: 343679 | Hash: 0x89F7F821 | Rollbacks: 59 (Resim:  70) | Stalls:  0
[HEARTBEAT] Node: 1 | Tick: 343741 | Conf: 343739 | Hash: 0xDBDB2822 | Rollbacks: 51 (Resim:  51) | Stalls:  0
[HEARTBEAT] Node: 1 | Tick: 343801 | Conf: 343798 | Hash: 0x219A9A98 | Rollbacks: 58 (Resim:  63) | Stalls:  0
[HEARTBEAT] Node: 1 | Tick: 343861 | Conf: 343859 | Hash: 0x201CA424 | Rollbacks: 49 (Resim:  67) | Stalls:  0
[HEARTBEAT] Node: 1 | Tick: 343921 | Conf: 343919 | Hash: 0xD722F86A | Rollbacks: 56 (Resim:  56) | Stalls:  0
[HEARTBEAT] Node: 1 | Tick: 343981 | Conf: 343978 | Hash: 0x736D1DB6 | Rollbacks: 42 (Resim:  62) | Stalls:  0
[HEARTBEAT] Node: 1 | Tick: 344041 | Conf: 344039 | Hash: 0xF56A4BB3 | Rollbacks: 55 (Resim:  56) | Stalls:  0
[HEARTBEAT] Node: 1 | Tick: 344101 | Conf: 344098 | Hash: 0x1EA230BA | Rollbacks: 58 (Resim:  74) | Stalls:  0
[BOT:50005] Heartbeat - Sparse Mods Tracked: 2048
[HEARTBEAT] Node: 1 | Tick: 344161 | Conf: 344159 | Hash: 0x5D6E6332 | Rollbacks: 47 (Resim:  53) | Stalls:  0
[HEARTBEAT] Node: 1 | Tick: 344221 | Conf: 344219 | Hash: 0x11865721 | Rollbacks: 43 (Resim:  43) | Stalls:  0
[HEARTBEAT] Node: 1 | Tick: 344281 | Conf: 344279 | Hash: 0xD7B0B98B | Rollbacks: 39 (Resim:  43) | Stalls:  0
[HEARTBEAT] Node: 1 | Tick: 344341 | Conf: 344339 | Hash: 0x3E01B02C | Rollbacks: 56 (Resim:  59) | Stalls:  0
[HEARTBEAT] Node: 1 | Tick: 344401 | Conf: 344399 | Hash: 0xDE787E18 | Rollbacks: 59 (Resim:  75) | Stalls:  0
[HEARTBEAT] Node: 1 | Tick: 344461 | Conf: 344459 | Hash: 0x60775FC1 | Rollbacks: 57 (Resim:  57) | Stalls:  0
[HEARTBEAT] Node: 1 | Tick: 344521 | Conf: 344519 | Hash: 0xB06A847C | Rollbacks: 50 (Resim:  70) | Stalls:  0
[HEARTBEAT] Node: 1 | Tick: 344581 | Conf: 344579 | Hash: 0x28E6D552 | Rollbacks: 41 (Resim:  41) | Stalls:  0
[HEARTBEAT] Node: 1 | Tick: 344641 | Conf: 344639 | Hash: 0x11E402F3 | Rollbacks: 49 (Resim:  55) | Stalls:  0
[HEARTBEAT] Node: 1 | Tick: 344701 | Conf: 344699 | Hash: 0xE6BF8D59 | Rollbacks: 47 (Resim:  47) | Stalls:  0
[BOT:50005] Heartbeat - Sparse Mods Tracked: 2048
[HEARTBEAT] Node: 1 | Tick: 344761 | Conf: 344759 | Hash: 0xF02DE35B | Rollbacks: 56 (Resim:  56) | Stalls:  0
[HEARTBEAT] Node: 1 | Tick: 344821 | Conf: 344819 | Hash: 0xD09CFE13 | Rollbacks: 58 (Resim:  80) | Stalls:  0
[HEARTBEAT] Node: 1 | Tick: 344881 | Conf: 344879 | Hash: 0xF8D95545 | Rollbacks: 50 (Resim:  56) | Stalls:  0
[HEARTBEAT] Node: 1 | Tick: 344941 | Conf: 344939 | Hash: 0xC5995927 | Rollbacks: 47 (Resim:  50) | Stalls:  0
[HEARTBEAT] Node: 1 | Tick: 345001 | Conf: 344999 | Hash: 0x82B320EE | Rollbacks: 50 (Resim:  50) | Stalls:  0
[HEARTBEAT] Node: 1 | Tick: 345061 | Conf: 345058 | Hash: 0xCB100428 | Rollbacks: 59 (Resim:  66) | Stalls:  0
[HEARTBEAT] Node: 1 | Tick: 345121 | Conf: 345119 | Hash: 0x69A297B2 | Rollbacks: 52 (Resim:  73) | Stalls:  0
[HEARTBEAT] Node: 1 | Tick: 345181 | Conf: 345179 | Hash: 0xDE63789E | Rollbacks: 60 (Resim:  60) | Stalls:  0
[HEARTBEAT] Node: 1 | Tick: 345241 | Conf: 345239 | Hash: 0x584FA270 | Rollbacks: 44 (Resim:  52) | Stalls:  0
[HEARTBEAT] Node: 1 | Tick: 345301 | Conf: 345299 | Hash: 0x5FA83F80 | Rollbacks: 55 (Resim:  55) | Stalls:  0
[BOT:50005] Heartbeat - Sparse Mods Tracked: 2048
[HEARTBEAT] Node: 1 | Tick: 345361 | Conf: 345359 | Hash: 0x34DFC054 | Rollbacks: 55 (Resim:  73) | Stalls:  0
[HEARTBEAT] Node: 1 | Tick: 345421 | Conf: 345419 | Hash: 0xC5495667 | Rollbacks: 57 (Resim:  62) | Stalls:  0
[HEARTBEAT] Node: 1 | Tick: 345481 | Conf: 345479 | Hash: 0x89E6095B | Rollbacks: 59 (Resim:  69) | Stalls:  0
[HEARTBEAT] Node: 1 | Tick: 345541 | Conf: 345539 | Hash: 0xAED446B3 | Rollbacks: 53 (Resim:  53) | Stalls:  0
[HEARTBEAT] Node: 1 | Tick: 345601 | Conf: 345599 | Hash: 0x27BD6E13 | Rollbacks: 59 (Resim:  78) | Stalls:  0
[HEARTBEAT] Node: 1 | Tick: 345661 | Conf: 345659 | Hash: 0xE968CB67 | Rollbacks: 52 (Resim:  54) | Stalls:  0
[HEARTBEAT] Node: 1 | Tick: 345721 | Conf: 345719 | Hash: 0x39B8B254 | Rollbacks: 53 (Resim:  65) | Stalls:  0
[HEARTBEAT] Node: 1 | Tick: 345781 | Conf: 345779 | Hash: 0x01ABB116 | Rollbacks: 54 (Resim:  57) | Stalls:  0
[HEARTBEAT] Node: 1 | Tick: 345841 | Conf: 345839 | Hash: 0x834981E4 | Rollbacks: 56 (Resim:  74) | Stalls:  0
[HEARTBEAT] Node: 1 | Tick: 345901 | Conf: 345899 | Hash: 0x3BB74FA9 | Rollbacks: 59 (Resim:  59) | Stalls:  0
[BOT:50005] Heartbeat - Sparse Mods Tracked: 2048
[HEARTBEAT] Node: 1 | Tick: 345961 | Conf: 345959 | Hash: 0xA9C95B18 | Rollbacks: 44 (Resim:  62) | Stalls:  0
[HEARTBEAT] Node: 1 | Tick: 346021 | Conf: 346019 | Hash: 0x570E67DB | Rollbacks: 50 (Resim:  50) | Stalls:  0
[HEARTBEAT] Node: 1 | Tick: 346081 | Conf: 346078 | Hash: 0xCE79A214 | Rollbacks: 58 (Resim:  65) | Stalls:  0
[HEARTBEAT] Node: 1 | Tick: 346141 | Conf: 346139 | Hash: 0xE70ADD15 | Rollbacks: 47 (Resim:  57) | Stalls:  0
[HEARTBEAT] Node: 1 | Tick: 346201 | Conf: 346199 | Hash: 0xD27C3FBD | Rollbacks: 50 (Resim:  50) | Stalls:  0
[HEARTBEAT] Node: 1 | Tick: 346261 | Conf: 346259 | Hash: 0x7B0D51F6 | Rollbacks: 58 (Resim:  73) | Stalls:  0
[HEARTBEAT] Node: 1 | Tick: 346321 | Conf: 346319 | Hash: 0x6F4D693F | Rollbacks: 57 (Resim:  57) | Stalls:  0
[HEARTBEAT] Node: 1 | Tick: 346381 | Conf: 346379 | Hash: 0x71077B72 | Rollbacks: 45 (Resim:  55) | Stalls:  0
[HEARTBEAT] Node: 1 | Tick: 346441 | Conf: 346439 | Hash: 0x390EE0CB | Rollbacks: 51 (Resim:  51) | Stalls:  0
[HEARTBEAT] Node: 1 | Tick: 346501 | Conf: 346498 | Hash: 0x5D68D65D | Rollbacks: 59 (Resim:  70) | Stalls:  0
[BOT:50005] Heartbeat - Sparse Mods Tracked: 2048
[HEARTBEAT] Node: 1 | Tick: 346561 | Conf: 346559 | Hash: 0x5DCAA01C | Rollbacks: 46 (Resim:  54) | Stalls:  0
[HEARTBEAT] Node: 1 | Tick: 346621 | Conf: 346619 | Hash: 0x038EEE1E | Rollbacks: 46 (Resim:  46) | Stalls:  0
[HEARTBEAT] Node: 1 | Tick: 346681 | Conf: 346678 | Hash: 0x4BC81314 | Rollbacks: 58 (Resim:  62) | Stalls:  0
[HEARTBEAT] Node: 1 | Tick: 346741 | Conf: 346739 | Hash: 0xCA54562C | Rollbacks: 55 (Resim:  76) | Stalls:  0
[HEARTBEAT] Node: 1 | Tick: 346801 | Conf: 346798 | Hash: 0x03D47834 | Rollbacks: 57 (Resim:  59) | Stalls:  0
[HEARTBEAT] Node: 1 | Tick: 346861 | Conf: 346859 | Hash: 0x4F149F25 | Rollbacks: 55 (Resim:  82) | Stalls:  0
[HEARTBEAT] Node: 1 | Tick: 346921 | Conf: 346919 | Hash: 0x69132725 | Rollbacks: 45 (Resim:  47) | Stalls:  0
[HEARTBEAT] Node: 1 | Tick: 346981 | Conf: 346978 | Hash: 0xD2F0E2AE | Rollbacks: 59 (Resim:  68) | Stalls:  0
[HEARTBEAT] Node: 1 | Tick: 347041 | Conf: 347039 | Hash: 0x2ECABF09 | Rollbacks: 51 (Resim:  59) | Stalls:  0
[BOT:50005] Heartbeat - Sparse Mods Tracked: 2048
[HEARTBEAT] Node: 1 | Tick: 347101 | Conf: 347099 | Hash: 0x8B6572C0 | Rollbacks: 59 (Resim:  59) | Stalls:  0
[HEARTBEAT] Node: 1 | Tick: 347161 | Conf: 347159 | Hash: 0x33411100 | Rollbacks: 53 (Resim:  76) | Stalls:  0
[HEARTBEAT] Node: 1 | Tick: 347221 | Conf: 347219 | Hash: 0x4FFFC789 | Rollbacks: 60 (Resim:  60) | Stalls:  0
[HEARTBEAT] Node: 1 | Tick: 347281 | Conf: 347279 | Hash: 0x689DEAD8 | Rollbacks: 59 (Resim:  81) | Stalls:  0
[HEARTBEAT] Node: 1 | Tick: 347341 | Conf: 347338 | Hash: 0xFD148EED | Rollbacks: 48 (Resim:  53) | Stalls:  0
[HEARTBEAT] Node: 1 | Tick: 347401 | Conf: 347399 | Hash: 0x4EBCC6AE | Rollbacks: 46 (Resim:  47) | Stalls:  0
[HEARTBEAT] Node: 1 | Tick: 347461 | Conf: 347459 | Hash: 0x4942767E | Rollbacks: 52 (Resim:  52) | Stalls:  0
[HEARTBEAT] Node: 1 | Tick: 347521 | Conf: 347519 | Hash: 0x9673BDAF | Rollbacks: 60 (Resim:  60) | Stalls:  0
[HEARTBEAT] Node: 1 | Tick: 347581 | Conf: 347579 | Hash: 0x3B56D74A | Rollbacks: 58 (Resim:  78) | Stalls:  0
[HEARTBEAT] Node: 1 | Tick: 347641 | Conf: 347639 | Hash: 0xB9A27B1B | Rollbacks: 50 (Resim:  54) | Stalls:  0
[BOT:50005] Heartbeat - Sparse Mods Tracked: 2048
[HEARTBEAT] Node: 1 | Tick: 347701 | Conf: 347699 | Hash: 0xDB0A35F7 | Rollbacks: 47 (Resim:  47) | Stalls:  0
[HEARTBEAT] Node: 1 | Tick: 347761 | Conf: 347759 | Hash: 0x087F4DBB | Rollbacks: 47 (Resim:  51) | Stalls:  0
[HEARTBEAT] Node: 1 | Tick: 347821 | Conf: 347819 | Hash: 0x9AEAF6E3 | Rollbacks: 55 (Resim:  55) | Stalls:  0
[HEARTBEAT] Node: 1 | Tick: 347881 | Conf: 347879 | Hash: 0xC1B041F3 | Rollbacks: 57 (Resim:  57) | Stalls:  0
[HEARTBEAT] Node: 1 | Tick: 347941 | Conf: 347939 | Hash: 0x791CE382 | Rollbacks: 59 (Resim:  74) | Stalls:  0
[HEARTBEAT] Node: 1 | Tick: 348001 | Conf: 347999 | Hash: 0x10B1C63C | Rollbacks: 50 (Resim:  50) | Stalls:  0
[HEARTBEAT] Node: 1 | Tick: 348061 | Conf: 348058 | Hash: 0x049A51B8 | Rollbacks: 55 (Resim:  80) | Stalls:  0
[HEARTBEAT] Node: 1 | Tick: 348121 | Conf: 348119 | Hash: 0x0ADC9475 | Rollbacks: 50 (Resim:  57) | Stalls:  0
[HEARTBEAT] Node: 1 | Tick: 348181 | Conf: 348179 | Hash: 0x3363B12A | Rollbacks: 44 (Resim:  45) | Stalls:  0
[HEARTBEAT] Node: 1 | Tick: 348241 | Conf: 348239 | Hash: 0x48A6C7D1 | Rollbacks: 60 (Resim:  60) | Stalls:  0
[BOT:50005] Heartbeat - Sparse Mods Tracked: 2048
[HEARTBEAT] Node: 1 | Tick: 348301 | Conf: 348299 | Hash: 0x69868230 | Rollbacks: 45 (Resim:  53) | Stalls:  0
[HEARTBEAT] Node: 1 | Tick: 348361 | Conf: 348359 | Hash: 0xEFE7E741 | Rollbacks: 58 (Resim:  60) | Stalls:  0
[HEARTBEAT] Node: 1 | Tick: 348421 | Conf: 348419 | Hash: 0x7A38DB2B | Rollbacks: 59 (Resim:  70) | Stalls:  0
[HEARTBEAT] Node: 1 | Tick: 348481 | Conf: 348478 | Hash: 0xC9F77F61 | Rollbacks: 50 (Resim:  54) | Stalls:  0
[HEARTBEAT] Node: 1 | Tick: 348541 | Conf: 348539 | Hash: 0x1C824BD0 | Rollbacks: 57 (Resim:  67) | Stalls:  0
[HEARTBEAT] Node: 1 | Tick: 348601 | Conf: 348598 | Hash: 0x02FB6D24 | Rollbacks: 58 (Resim:  66) | Stalls:  0
[HEARTBEAT] Node: 1 | Tick: 348661 | Conf: 348659 | Hash: 0x4059B62D | Rollbacks: 55 (Resim:  71) | Stalls:  0
[HEARTBEAT] Node: 1 | Tick: 348721 | Conf: 348719 | Hash: 0x3383E940 | Rollbacks: 47 (Resim:  49) | Stalls:  0
[HEARTBEAT] Node: 1 | Tick: 348781 | Conf: 348779 | Hash: 0xDDD25317 | Rollbacks: 54 (Resim:  54) | Stalls:  0
[HEARTBEAT] Node: 1 | Tick: 348841 | Conf: 348838 | Hash: 0xDF9026F3 | Rollbacks: 59 (Resim:  65) | Stalls:  0
[BOT:50005] Heartbeat - Sparse Mods Tracked: 2048
[HEARTBEAT] Node: 1 | Tick: 348901 | Conf: 348899 | Hash: 0x13B373F1 | Rollbacks: 54 (Resim:  73) | Stalls:  0
[HEARTBEAT] Node: 1 | Tick: 348961 | Conf: 348959 | Hash: 0xB845B186 | Rollbacks: 46 (Resim:  46) | Stalls:  0
[HEARTBEAT] Node: 1 | Tick: 349021 | Conf: 349019 | Hash: 0x78D88DC4 | Rollbacks: 44 (Resim:  44) | Stalls:  0
[HEARTBEAT] Node: 1 | Tick: 349081 | Conf: 349079 | Hash: 0x71D27093 | Rollbacks: 44 (Resim:  50) | Stalls:  0
[HEARTBEAT] Node: 1 | Tick: 349141 | Conf: 349139 | Hash: 0x716619BA | Rollbacks: 40 (Resim:  43) | Stalls:  0
[HEARTBEAT] Node: 1 | Tick: 349201 | Conf: 349199 | Hash: 0x93AEA758 | Rollbacks: 59 (Resim:  61) | Stalls:  0
[HEARTBEAT] Node: 1 | Tick: 349261 | Conf: 349259 | Hash: 0x1C4E7623 | Rollbacks: 59 (Resim:  83) | Stalls:  0
[HEARTBEAT] Node: 1 | Tick: 349321 | Conf: 349319 | Hash: 0xBEA48836 | Rollbacks: 59 (Resim:  61) | Stalls:  0
[HEARTBEAT] Node: 1 | Tick: 349381 | Conf: 349378 | Hash: 0x0140142A | Rollbacks: 54 (Resim:  57) | Stalls:  0
[HEARTBEAT] Node: 1 | Tick: 349441 | Conf: 349439 | Hash: 0xA263E8E8 | Rollbacks: 59 (Resim:  74) | Stalls:  0
[BOT:50005] Heartbeat - Sparse Mods Tracked: 2048
[HEARTBEAT] Node: 1 | Tick: 349501 | Conf: 349499 | Hash: 0x038C278A | Rollbacks: 47 (Resim:  47) | Stalls:  0
[HEARTBEAT] Node: 1 | Tick: 349561 | Conf: 349559 | Hash: 0xA94B5FFA | Rollbacks: 52 (Resim:  53) | Stalls:  0
[HEARTBEAT] Node: 1 | Tick: 349621 | Conf: 349618 | Hash: 0x609EF71A | Rollbacks: 58 (Resim:  70) | Stalls:  0
[HEARTBEAT] Node: 1 | Tick: 349681 | Conf: 349679 | Hash: 0xD9342A51 | Rollbacks: 59 (Resim:  73) | Stalls:  0
[HEARTBEAT] Node: 1 | Tick: 349741 | Conf: 349739 | Hash: 0x6E8893E1 | Rollbacks: 41 (Resim:  44) | Stalls:  0
[HEARTBEAT] Node: 1 | Tick: 349801 | Conf: 349799 | Hash: 0x3E7A18BA | Rollbacks: 59 (Resim:  63) | Stalls:  0
[HEARTBEAT] Node: 1 | Tick: 349861 | Conf: 349859 | Hash: 0xDED78900 | Rollbacks: 55 (Resim:  72) | Stalls:  0
[HEARTBEAT] Node: 1 | Tick: 349921 | Conf: 349919 | Hash: 0x9FFDA2B7 | Rollbacks: 49 (Resim:  51) | Stalls:  0
[HEARTBEAT] Node: 1 | Tick: 349981 | Conf: 349979 | Hash: 0xD3C17C07 | Rollbacks: 49 (Resim:  76) | Stalls:  0
[HEARTBEAT] Node: 1 | Tick: 350041 | Conf: 350039 | Hash: 0x8E419DAA | Rollbacks: 55 (Resim:  55) | Stalls:  0
[BOT:50005] Heartbeat - Sparse Mods Tracked: 2048
[HEARTBEAT] Node: 1 | Tick: 350101 | Conf: 350099 | Hash: 0xFC7AEB9C | Rollbacks: 59 (Resim:  60) | Stalls:  0
[HEARTBEAT] Node: 1 | Tick: 350161 | Conf: 350159 | Hash: 0xC54F70A5 | Rollbacks: 51 (Resim:  73) | Stalls:  0
[HEARTBEAT] Node: 1 | Tick: 350221 | Conf: 350219 | Hash: 0x2ED7E0ED | Rollbacks: 52 (Resim:  52) | Stalls:  0
[HEARTBEAT] Node: 1 | Tick: 350281 | Conf: 350278 | Hash: 0x27053F72 | Rollbacks: 58 (Resim:  74) | Stalls:  0
[HEARTBEAT] Node: 1 | Tick: 350341 | Conf: 350339 | Hash: 0xBEAFF314 | Rollbacks: 56 (Resim:  57) | Stalls:  0
[HEARTBEAT] Node: 1 | Tick: 350401 | Conf: 350399 | Hash: 0x75E2ADEB | Rollbacks: 53 (Resim:  73) | Stalls:  0
[HEARTBEAT] Node: 1 | Tick: 350461 | Conf: 350459 | Hash: 0xFDEE2701 | Rollbacks: 47 (Resim:  50) | Stalls:  0
[HEARTBEAT] Node: 1 | Tick: 350521 | Conf: 350519 | Hash: 0xDADFA8A7 | Rollbacks: 59 (Resim:  63) | Stalls:  0
[HEARTBEAT] Node: 1 | Tick: 350581 | Conf: 350579 | Hash: 0xBB3EF156 | Rollbacks: 59 (Resim:  69) | Stalls:  0
[HEARTBEAT] Node: 1 | Tick: 350641 | Conf: 350638 | Hash: 0x8FA27B1E | Rollbacks: 52 (Resim:  64) | Stalls:  0
[BOT:50005] Heartbeat - Sparse Mods Tracked: 2048
[HEARTBEAT] Node: 1 | Tick: 350701 | Conf: 350699 | Hash: 0x4B02C895 | Rollbacks: 47 (Resim:  52) | Stalls:  0
[HEARTBEAT] Node: 1 | Tick: 350761 | Conf: 350758 | Hash: 0x67B7BA2C | Rollbacks: 49 (Resim:  50) | Stalls:  0
[HEARTBEAT] Node: 1 | Tick: 350821 | Conf: 350819 | Hash: 0xB9F843DD | Rollbacks: 60 (Resim:  70) | Stalls:  0
[HEARTBEAT] Node: 1 | Tick: 350881 | Conf: 350879 | Hash: 0x598A3411 | Rollbacks: 58 (Resim:  71) | Stalls:  0
[HEARTBEAT] Node: 1 | Tick: 350941 | Conf: 350939 | Hash: 0x79E86950 | Rollbacks: 52 (Resim:  52) | Stalls:  0
[HEARTBEAT] Node: 1 | Tick: 351001 | Conf: 350998 | Hash: 0x2A8F9304 | Rollbacks: 59 (Resim:  62) | Stalls:  0
[HEARTBEAT] Node: 1 | Tick: 351061 | Conf: 351059 | Hash: 0x8741EF13 | Rollbacks: 57 (Resim:  82) | Stalls:  0
[HEARTBEAT] Node: 1 | Tick: 351121 | Conf: 351119 | Hash: 0x0F39B72B | Rollbacks: 47 (Resim:  47) | Stalls:  0
[HEARTBEAT] Node: 1 | Tick: 351181 | Conf: 351179 | Hash: 0x8A36BAD3 | Rollbacks: 58 (Resim:  70) | Stalls:  0
[BOT:50005] Heartbeat - Sparse Mods Tracked: 2048
[HEARTBEAT] Node: 1 | Tick: 351241 | Conf: 351239 | Hash: 0xF807267C | Rollbacks: 53 (Resim:  54) | Stalls:  0
[HEARTBEAT] Node: 1 | Tick: 351301 | Conf: 351299 | Hash: 0x2FCE3E64 | Rollbacks: 59 (Resim:  65) | Stalls:  0
[HEARTBEAT] Node: 1 | Tick: 351361 | Conf: 351359 | Hash: 0x47702B80 | Rollbacks: 47 (Resim:  60) | Stalls:  0
[HEARTBEAT] Node: 1 | Tick: 351421 | Conf: 351419 | Hash: 0x774C71ED | Rollbacks: 59 (Resim:  71) | Stalls:  0
[HEARTBEAT] Node: 1 | Tick: 351481 | Conf: 351479 | Hash: 0xCF3786E8 | Rollbacks: 45 (Resim:  55) | Stalls:  0
[HEARTBEAT] Node: 1 | Tick: 351541 | Conf: 351539 | Hash: 0x7E8C9CF7 | Rollbacks: 57 (Resim:  78) | Stalls:  0
[HEARTBEAT] Node: 1 | Tick: 351601 | Conf: 351599 | Hash: 0x95304983 | Rollbacks: 52 (Resim:  55) | Stalls:  0
[HEARTBEAT] Node: 1 | Tick: 351661 | Conf: 351659 | Hash: 0xF12C5084 | Rollbacks: 49 (Resim:  57) | Stalls:  0
[HEARTBEAT] Node: 1 | Tick: 351721 | Conf: 351719 | Hash: 0x9F4152F6 | Rollbacks: 54 (Resim:  56) | Stalls:  0
[HEARTBEAT] Node: 1 | Tick: 351781 | Conf: 351779 | Hash: 0x4B3490E8 | Rollbacks: 50 (Resim:  50) | Stalls:  0
[BOT:50005] Heartbeat - Sparse Mods Tracked: 2048
[HEARTBEAT] Node: 1 | Tick: 351841 | Conf: 351839 | Hash: 0x9B87FAB5 | Rollbacks: 59 (Resim:  59) | Stalls:  0
[HEARTBEAT] Node: 1 | Tick: 351901 | Conf: 351899 | Hash: 0x3046CD68 | Rollbacks: 59 (Resim:  86) | Stalls:  0
[HEARTBEAT] Node: 1 | Tick: 351961 | Conf: 351959 | Hash: 0x01CCFA2B | Rollbacks: 49 (Resim:  49) | Stalls:  0
[HEARTBEAT] Node: 1 | Tick: 352021 | Conf: 352019 | Hash: 0x682B65C5 | Rollbacks: 52 (Resim:  52) | Stalls:  0
[HEARTBEAT] Node: 1 | Tick: 352081 | Conf: 352079 | Hash: 0x2543B2A2 | Rollbacks: 60 (Resim:  60) | Stalls:  0
[HEARTBEAT] Node: 1 | Tick: 352141 | Conf: 352139 | Hash: 0xF6DFF655 | Rollbacks: 54 (Resim:  74) | Stalls:  0
[HEARTBEAT] Node: 1 | Tick: 352201 | Conf: 352199 | Hash: 0x390B8DA4 | Rollbacks: 57 (Resim:  59) | Stalls:  0
[HEARTBEAT] Node: 1 | Tick: 352261 | Conf: 352259 | Hash: 0xB9D5521F | Rollbacks: 53 (Resim:  53) | Stalls:  0
[HEARTBEAT] Node: 1 | Tick: 352321 | Conf: 352319 | Hash: 0x96AED1B6 | Rollbacks: 60 (Resim:  60) | Stalls:  0
[HEARTBEAT] Node: 1 | Tick: 352381 | Conf: 352379 | Hash: 0x2B1B78B4 | Rollbacks: 59 (Resim:  84) | Stalls:  0
[BOT:50005] Heartbeat - Sparse Mods Tracked: 2048
[HEARTBEAT] Node: 1 | Tick: 352441 | Conf: 352439 | Hash: 0x55171AA9 | Rollbacks: 48 (Resim:  51) | Stalls:  0
[HEARTBEAT] Node: 1 | Tick: 352501 | Conf: 352499 | Hash: 0xEF395F61 | Rollbacks: 59 (Resim:  63) | Stalls:  0
[HEARTBEAT] Node: 1 | Tick: 352561 | Conf: 352559 | Hash: 0x79A124F0 | Rollbacks: 50 (Resim:  58) | Stalls:  0
[HEARTBEAT] Node: 1 | Tick: 352621 | Conf: 352619 | Hash: 0x19BD5EC7 | Rollbacks: 59 (Resim:  60) | Stalls:  0
[HEARTBEAT] Node: 1 | Tick: 352681 | Conf: 352679 | Hash: 0x75190746 | Rollbacks: 46 (Resim:  57) | Stalls:  0
[HEARTBEAT] Node: 1 | Tick: 352741 | Conf: 352739 | Hash: 0xBBC6F626 | Rollbacks: 54 (Resim:  54) | Stalls:  0
[HEARTBEAT] Node: 1 | Tick: 352801 | Conf: 352799 | Hash: 0xA2210266 | Rollbacks: 58 (Resim:  75) | Stalls:  0
[HEARTBEAT] Node: 1 | Tick: 352861 | Conf: 352859 | Hash: 0xC17FA026 | Rollbacks: 50 (Resim:  50) | Stalls:  0
[HEARTBEAT] Node: 1 | Tick: 352921 | Conf: 352919 | Hash: 0x9E395A12 | Rollbacks: 58 (Resim:  64) | Stalls:  0
[HEARTBEAT] Node: 1 | Tick: 352981 | Conf: 352979 | Hash: 0x9524CEDE | Rollbacks: 59 (Resim:  59) | Stalls:  0
[BOT:50005] Heartbeat - Sparse Mods Tracked: 2048
[HEARTBEAT] Node: 1 | Tick: 353041 | Conf: 353039 | Hash: 0x20ED38AA | Rollbacks: 45 (Resim:  61) | Stalls:  0
[HEARTBEAT] Node: 1 | Tick: 353101 | Conf: 353099 | Hash: 0xC154FD68 | Rollbacks: 56 (Resim:  56) | Stalls:  0
[HEARTBEAT] Node: 1 | Tick: 353161 | Conf: 353159 | Hash: 0xAE398BE8 | Rollbacks: 59 (Resim:  79) | Stalls:  0
[HEARTBEAT] Node: 1 | Tick: 353221 | Conf: 353219 | Hash: 0xA0D87980 | Rollbacks: 53 (Resim:  53) | Stalls:  0
[HEARTBEAT] Node: 1 | Tick: 353281 | Conf: 353279 | Hash: 0x1777943D | Rollbacks: 59 (Resim:  68) | Stalls:  0
[HEARTBEAT] Node: 1 | Tick: 353341 | Conf: 353339 | Hash: 0x7F0155A5 | Rollbacks: 54 (Resim:  54) | Stalls:  0
[HEARTBEAT] Node: 1 | Tick: 353401 | Conf: 353399 | Hash: 0x2AC84400 | Rollbacks: 48 (Resim:  68) | Stalls:  0
[HEARTBEAT] Node: 1 | Tick: 353461 | Conf: 353459 | Hash: 0x233F7B75 | Rollbacks: 59 (Resim:  61) | Stalls:  0
[HEARTBEAT] Node: 1 | Tick: 353521 | Conf: 353519 | Hash: 0xD04895BA | Rollbacks: 50 (Resim:  63) | Stalls:  0
[HEARTBEAT] Node: 1 | Tick: 353581 | Conf: 353579 | Hash: 0x8D71098D | Rollbacks: 56 (Resim:  56) | Stalls:  0
[BOT:50005] Heartbeat - Sparse Mods Tracked: 2048
[HEARTBEAT] Node: 1 | Tick: 353641 | Conf: 353639 | Hash: 0x4D7638F7 | Rollbacks: 58 (Resim:  68) | Stalls:  0
[HEARTBEAT] Node: 1 | Tick: 353701 | Conf: 353699 | Hash: 0xE33C38DD | Rollbacks: 58 (Resim:  76) | Stalls:  0
[HEARTBEAT] Node: 1 | Tick: 353761 | Conf: 353759 | Hash: 0x7D128A18 | Rollbacks: 49 (Resim:  62) | Stalls:  0
[HEARTBEAT] Node: 1 | Tick: 353821 | Conf: 353819 | Hash: 0x4F0C57F1 | Rollbacks: 47 (Resim:  55) | Stalls:  0
[HEARTBEAT] Node: 1 | Tick: 353881 | Conf: 353879 | Hash: 0xED05787D | Rollbacks: 46 (Resim:  50) | Stalls:  0
[HEARTBEAT] Node: 1 | Tick: 353941 | Conf: 353939 | Hash: 0xC8147037 | Rollbacks: 40 (Resim:  40) | Stalls:  0
[HEARTBEAT] Node: 1 | Tick: 354001 | Conf: 353999 | Hash: 0xF8303F24 | Rollbacks: 41 (Resim:  41) | Stalls:  0
[HEARTBEAT] Node: 1 | Tick: 354061 | Conf: 354059 | Hash: 0xC40DCB39 | Rollbacks: 46 (Resim:  52) | Stalls:  0
[HEARTBEAT] Node: 1 | Tick: 354121 | Conf: 354119 | Hash: 0x0B751B29 | Rollbacks: 36 (Resim:  38) | Stalls:  0
[BOT:50005] Heartbeat - Sparse Mods Tracked: 2048
[HEARTBEAT] Node: 1 | Tick: 354181 | Conf: 354179 | Hash: 0x4C25F7E8 | Rollbacks: 59 (Resim:  60) | Stalls:  0
[HEARTBEAT] Node: 1 | Tick: 354241 | Conf: 354239 | Hash: 0x164AB30C | Rollbacks: 49 (Resim:  66) | Stalls:  0
[HEARTBEAT] Node: 1 | Tick: 354301 | Conf: 354299 | Hash: 0x7AE35CCD | Rollbacks: 49 (Resim:  53) | Stalls:  0
[HEARTBEAT] Node: 1 | Tick: 354361 | Conf: 354359 | Hash: 0xC83D858F | Rollbacks: 48 (Resim:  51) | Stalls:  0
[HEARTBEAT] Node: 1 | Tick: 354421 | Conf: 354419 | Hash: 0xA94FDC5A | Rollbacks: 52 (Resim:  52) | Stalls:  0
[HEARTBEAT] Node: 1 | Tick: 354481 | Conf: 354479 | Hash: 0xDEE845A7 | Rollbacks: 58 (Resim:  70) | Stalls:  0
[HEARTBEAT] Node: 1 | Tick: 354541 | Conf: 354539 | Hash: 0x28FFE356 | Rollbacks: 50 (Resim:  50) | Stalls:  0
[HEARTBEAT] Node: 1 | Tick: 354601 | Conf: 354599 | Hash: 0xEC191EAF | Rollbacks: 58 (Resim:  65) | Stalls:  0
[HEARTBEAT] Node: 1 | Tick: 354661 | Conf: 354659 | Hash: 0xB0259941 | Rollbacks: 59 (Resim:  72) | Stalls:  0
[HEARTBEAT] Node: 1 | Tick: 354721 | Conf: 354719 | Hash: 0x4E75359E | Rollbacks: 43 (Resim:  43) | Stalls:  0
[BOT:50005] Heartbeat - Sparse Mods Tracked: 2048
[HEARTBEAT] Node: 1 | Tick: 354781 | Conf: 354779 | Hash: 0xEC95777A | Rollbacks: 52 (Resim:  57) | Stalls:  0
[HEARTBEAT] Node: 1 | Tick: 354841 | Conf: 354839 | Hash: 0xA6B2559D | Rollbacks: 54 (Resim:  66) | Stalls:  0
[HEARTBEAT] Node: 1 | Tick: 354901 | Conf: 354899 | Hash: 0x540903B2 | Rollbacks: 40 (Resim:  40) | Stalls:  0
[HEARTBEAT] Node: 1 | Tick: 354961 | Conf: 354959 | Hash: 0x1B7C2BA0 | Rollbacks: 59 (Resim:  59) | Stalls:  0
[HEARTBEAT] Node: 1 | Tick: 355021 | Conf: 355019 | Hash: 0x590EDF34 | Rollbacks: 57 (Resim:  80) | Stalls:  0
[HEARTBEAT] Node: 1 | Tick: 355081 | Conf: 355079 | Hash: 0x658C03FE | Rollbacks: 45 (Resim:  54) | Stalls:  0
[HEARTBEAT] Node: 1 | Tick: 355141 | Conf: 355139 | Hash: 0x11F63463 | Rollbacks: 46 (Resim:  46) | Stalls:  0
[HEARTBEAT] Node: 1 | Tick: 355201 | Conf: 355199 | Hash: 0xE2520B7F | Rollbacks: 59 (Resim:  59) | Stalls:  0
[HEARTBEAT] Node: 1 | Tick: 355261 | Conf: 355259 | Hash: 0xCDE8755C | Rollbacks: 50 (Resim:  76) | Stalls:  0
[HEARTBEAT] Node: 1 | Tick: 355321 | Conf: 355319 | Hash: 0x3439B7E4 | Rollbacks: 52 (Resim:  54) | Stalls:  0
[BOT:50005] Heartbeat - Sparse Mods Tracked: 2048
[HEARTBEAT] Node: 1 | Tick: 355381 | Conf: 355379 | Hash: 0xA54E80F5 | Rollbacks: 59 (Resim:  60) | Stalls:  0
[HEARTBEAT] Node: 1 | Tick: 355441 | Conf: 355439 | Hash: 0x01E60C97 | Rollbacks: 42 (Resim:  62) | Stalls:  0
[HEARTBEAT] Node: 1 | Tick: 355501 | Conf: 355499 | Hash: 0x05E7DC6B | Rollbacks: 56 (Resim:  56) | Stalls:  0
[HEARTBEAT] Node: 1 | Tick: 355561 | Conf: 355558 | Hash: 0x76C56708 | Rollbacks: 58 (Resim:  81) | Stalls:  0
[HEARTBEAT] Node: 1 | Tick: 355621 | Conf: 355619 | Hash: 0x98DA5CAE | Rollbacks: 52 (Resim:  55) | Stalls:  0
[HEARTBEAT] Node: 1 | Tick: 355681 | Conf: 355679 | Hash: 0x8907E857 | Rollbacks: 60 (Resim:  60) | Stalls:  0
[HEARTBEAT] Node: 1 | Tick: 355741 | Conf: 355739 | Hash: 0x7D6DFB36 | Rollbacks: 59 (Resim:  79) | Stalls:  0
[HEARTBEAT] Node: 1 | Tick: 355801 | Conf: 355799 | Hash: 0xA5061460 | Rollbacks: 49 (Resim:  54) | Stalls:  0
[HEARTBEAT] Node: 1 | Tick: 355861 | Conf: 355859 | Hash: 0xF95C8B5D | Rollbacks: 48 (Resim:  48) | Stalls:  0
[HEARTBEAT] Node: 1 | Tick: 355921 | Conf: 355919 | Hash: 0x68BFEABF | Rollbacks: 58 (Resim:  72) | Stalls:  0
[BOT:50005] Heartbeat - Sparse Mods Tracked: 2048
[HEARTBEAT] Node: 1 | Tick: 355981 | Conf: 355979 | Hash: 0x9C2437E0 | Rollbacks: 50 (Resim:  50) | Stalls:  0
[HEARTBEAT] Node: 1 | Tick: 356041 | Conf: 356038 | Hash: 0x2344A162 | Rollbacks: 59 (Resim:  70) | Stalls:  0
[HEARTBEAT] Node: 1 | Tick: 356101 | Conf: 356099 | Hash: 0x39A12F60 | Rollbacks: 59 (Resim:  71) | Stalls:  0
[HEARTBEAT] Node: 1 | Tick: 356161 | Conf: 356159 | Hash: 0x2760850B | Rollbacks: 52 (Resim:  52) | Stalls:  0
[HEARTBEAT] Node: 1 | Tick: 356221 | Conf: 356219 | Hash: 0x5726C3E4 | Rollbacks: 58 (Resim:  70) | Stalls:  0
[HEARTBEAT] Node: 1 | Tick: 356281 | Conf: 356279 | Hash: 0xA89AFD2C | Rollbacks: 52 (Resim:  58) | Stalls:  0
[HEARTBEAT] Node: 1 | Tick: 356341 | Conf: 356339 | Hash: 0x76E2F198 | Rollbacks: 60 (Resim:  60) | Stalls:  0
[HEARTBEAT] Node: 1 | Tick: 356401 | Conf: 356399 | Hash: 0x6A4C6CB7 | Rollbacks: 58 (Resim:  75) | Stalls:  0
[HEARTBEAT] Node: 1 | Tick: 356461 | Conf: 356459 | Hash: 0x76EEFF90 | Rollbacks: 51 (Resim:  51) | Stalls:  0
[HEARTBEAT] Node: 1 | Tick: 356521 | Conf: 356519 | Hash: 0x61435306 | Rollbacks: 58 (Resim:  79) | Stalls:  0
[BOT:50005] Heartbeat - Sparse Mods Tracked: 2048
[HEARTBEAT] Node: 1 | Tick: 356581 | Conf: 356579 | Hash: 0x8BFE625F | Rollbacks: 45 (Resim:  47) | Stalls:  0
[HEARTBEAT] Node: 1 | Tick: 356641 | Conf: 356639 | Hash: 0x84E05807 | Rollbacks: 51 (Resim:  56) | Stalls:  0
[HEARTBEAT] Node: 1 | Tick: 356701 | Conf: 356699 | Hash: 0x3FCC3D10 | Rollbacks: 49 (Resim:  49) | Stalls:  0
[HEARTBEAT] Node: 1 | Tick: 356761 | Conf: 356759 | Hash: 0x02B5D9ED | Rollbacks: 57 (Resim:  67) | Stalls:  0
[HEARTBEAT] Node: 1 | Tick: 356821 | Conf: 356819 | Hash: 0xE4E9B95A | Rollbacks: 49 (Resim:  55) | Stalls:  0
[HEARTBEAT] Node: 1 | Tick: 356881 | Conf: 356879 | Hash: 0x9E15A89E | Rollbacks: 49 (Resim:  49) | Stalls:  0
[HEARTBEAT] Node: 1 | Tick: 356941 | Conf: 356939 | Hash: 0x3AEF38A2 | Rollbacks: 56 (Resim:  56) | Stalls:  0
[HEARTBEAT] Node: 1 | Tick: 357001 | Conf: 356999 | Hash: 0x715CD9B0 | Rollbacks: 58 (Resim:  65) | Stalls:  0
[HEARTBEAT] Node: 1 | Tick: 357061 | Conf: 357059 | Hash: 0x2BD1C3F2 | Rollbacks: 52 (Resim:  74) | Stalls:  0
[HEARTBEAT] Node: 1 | Tick: 357121 | Conf: 357119 | Hash: 0x3556D9A7 | Rollbacks: 43 (Resim:  46) | Stalls:  0
[BOT:50005] Heartbeat - Sparse Mods Tracked: 2048
[HEARTBEAT] Node: 1 | Tick: 357181 | Conf: 357179 | Hash: 0x69C42622 | Rollbacks: 54 (Resim:  55) | Stalls:  0
[HEARTBEAT] Node: 1 | Tick: 357241 | Conf: 357239 | Hash: 0x2CF024A7 | Rollbacks: 48 (Resim:  66) | Stalls:  0
[HEARTBEAT] Node: 1 | Tick: 357301 | Conf: 357299 | Hash: 0xE9510DEF | Rollbacks: 49 (Resim:  52) | Stalls:  0
[HEARTBEAT] Node: 1 | Tick: 357361 | Conf: 357359 | Hash: 0xD1F86363 | Rollbacks: 46 (Resim:  49) | Stalls:  0
[HEARTBEAT] Node: 1 | Tick: 357421 | Conf: 357419 | Hash: 0x5748375E | Rollbacks: 48 (Resim:  48) | Stalls:  0
[HEARTBEAT] Node: 1 | Tick: 357481 | Conf: 357478 | Hash: 0x92D2E7CB | Rollbacks: 59 (Resim:  60) | Stalls:  0
[HEARTBEAT] Node: 1 | Tick: 357541 | Conf: 357539 | Hash: 0x297727FD | Rollbacks: 59 (Resim:  77) | Stalls:  0
[HEARTBEAT] Node: 1 | Tick: 357601 | Conf: 357599 | Hash: 0x268A9391 | Rollbacks: 41 (Resim:  43) | Stalls:  0
[HEARTBEAT] Node: 1 | Tick: 357661 | Conf: 357659 | Hash: 0x0B066FD0 | Rollbacks: 45 (Resim:  49) | Stalls:  0
[BOT:50005] Heartbeat - Sparse Mods Tracked: 2048
[HEARTBEAT] Node: 1 | Tick: 357721 | Conf: 357719 | Hash: 0xC5E53A0F | Rollbacks: 53 (Resim:  53) | Stalls:  0
[HEARTBEAT] Node: 1 | Tick: 357781 | Conf: 357778 | Hash: 0xF1BB3592 | Rollbacks: 58 (Resim:  70) | Stalls:  0
[HEARTBEAT] Node: 1 | Tick: 357841 | Conf: 357839 | Hash: 0x31C639AD | Rollbacks: 58 (Resim:  68) | Stalls:  0
[HEARTBEAT] Node: 1 | Tick: 357901 | Conf: 357899 | Hash: 0xE48B7296 | Rollbacks: 45 (Resim:  45) | Stalls:  0
[HEARTBEAT] Node: 1 | Tick: 357961 | Conf: 357958 | Hash: 0x868AE28A | Rollbacks: 55 (Resim:  67) | Stalls:  0
[HEARTBEAT] Node: 1 | Tick: 358021 | Conf: 358019 | Hash: 0xC07A8E13 | Rollbacks: 51 (Resim:  63) | Stalls:  0
[HEARTBEAT] Node: 1 | Tick: 358081 | Conf: 358078 | Hash: 0x0FDFB55E | Rollbacks: 56 (Resim:  56) | Stalls:  0
[HEARTBEAT] Node: 1 | Tick: 358141 | Conf: 358139 | Hash: 0xDF294821 | Rollbacks: 57 (Resim:  78) | Stalls:  0
[HEARTBEAT] Node: 1 | Tick: 358201 | Conf: 358199 | Hash: 0xA65267B8 | Rollbacks: 59 (Resim:  59) | Stalls:  0
[HEARTBEAT] Node: 1 | Tick: 358261 | Conf: 358259 | Hash: 0x27CBCC92 | Rollbacks: 50 (Resim:  70) | Stalls:  0
[BOT:50005] Heartbeat - Sparse Mods Tracked: 2048
[HEARTBEAT] Node: 1 | Tick: 358321 | Conf: 358319 | Hash: 0x83C85086 | Rollbacks: 51 (Resim:  53) | Stalls:  0
[HEARTBEAT] Node: 1 | Tick: 358381 | Conf: 358378 | Hash: 0xE503749A | Rollbacks: 59 (Resim:  60) | Stalls:  0
[HEARTBEAT] Node: 1 | Tick: 358441 | Conf: 358439 | Hash: 0x6810CBB7 | Rollbacks: 59 (Resim:  78) | Stalls:  0
[HEARTBEAT] Node: 1 | Tick: 358501 | Conf: 358499 | Hash: 0x692A0F65 | Rollbacks: 47 (Resim:  50) | Stalls:  0
[HEARTBEAT] Node: 1 | Tick: 358561 | Conf: 358559 | Hash: 0xDD467B06 | Rollbacks: 54 (Resim:  54) | Stalls:  0
[HEARTBEAT] Node: 1 | Tick: 358621 | Conf: 358619 | Hash: 0x90AAE427 | Rollbacks: 59 (Resim:  78) | Stalls:  0
[HEARTBEAT] Node: 1 | Tick: 358681 | Conf: 358679 | Hash: 0x8616E5C8 | Rollbacks: 51 (Resim:  54) | Stalls:  0
[HEARTBEAT] Node: 1 | Tick: 358741 | Conf: 358739 | Hash: 0xA56E269F | Rollbacks: 59 (Resim:  71) | Stalls:  0
[HEARTBEAT] Node: 1 | Tick: 358801 | Conf: 358799 | Hash: 0x8A9B58EA | Rollbacks: 50 (Resim:  63) | Stalls:  0
[HEARTBEAT] Node: 1 | Tick: 358861 | Conf: 358859 | Hash: 0x2A12E494 | Rollbacks: 46 (Resim:  49) | Stalls:  0
[BOT:50005] Heartbeat - Sparse Mods Tracked: 2048
[HEARTBEAT] Node: 1 | Tick: 358921 | Conf: 358919 | Hash: 0x3AADF95A | Rollbacks: 59 (Resim:  79) | Stalls:  0
[HEARTBEAT] Node: 1 | Tick: 358981 | Conf: 358979 | Hash: 0x8F4B9046 | Rollbacks: 49 (Resim:  49) | Stalls:  0
[HEARTBEAT] Node: 1 | Tick: 359041 | Conf: 359038 | Hash: 0x4A0EF831 | Rollbacks: 59 (Resim:  73) | Stalls:  0
[HEARTBEAT] Node: 1 | Tick: 359101 | Conf: 359099 | Hash: 0x21DB8F1E | Rollbacks: 56 (Resim:  77) | Stalls:  0
[HEARTBEAT] Node: 1 | Tick: 359161 | Conf: 359159 | Hash: 0x19D8CD0F | Rollbacks: 57 (Resim:  57) | Stalls:  0
[HEARTBEAT] Node: 1 | Tick: 359221 | Conf: 359219 | Hash: 0x3F3DA9F8 | Rollbacks: 49 (Resim:  69) | Stalls:  0
[HEARTBEAT] Node: 1 | Tick: 359281 | Conf: 359279 | Hash: 0x42B0F307 | Rollbacks: 58 (Resim:  58) | Stalls:  0
[HEARTBEAT] Node: 1 | Tick: 359341 | Conf: 359339 | Hash: 0x165D5A70 | Rollbacks: 56 (Resim:  80) | Stalls:  0
[HEARTBEAT] Node: 1 | Tick: 359401 | Conf: 359399 | Hash: 0x92E5C5B6 | Rollbacks: 56 (Resim:  58) | Stalls:  0
[HEARTBEAT] Node: 1 | Tick: 359461 | Conf: 359459 | Hash: 0xEE3B98C1 | Rollbacks: 47 (Resim:  51) | Stalls:  0
[BOT:50005] Heartbeat - Sparse Mods Tracked: 2048
[HEARTBEAT] Node: 1 | Tick: 359521 | Conf: 359519 | Hash: 0x044D3DA0 | Rollbacks: 59 (Resim:  60) | Stalls:  0
[HEARTBEAT] Node: 1 | Tick: 359581 | Conf: 359579 | Hash: 0x99E497B0 | Rollbacks: 57 (Resim:  78) | Stalls:  0
[HEARTBEAT] Node: 1 | Tick: 359641 | Conf: 359639 | Hash: 0x9D4160C3 | Rollbacks: 56 (Resim:  56) | Stalls:  0
[HEARTBEAT] Node: 1 | Tick: 359701 | Conf: 359699 | Hash: 0xEB6B0BE4 | Rollbacks: 54 (Resim:  77) | Stalls:  0
[HEARTBEAT] Node: 1 | Tick: 359761 | Conf: 359758 | Hash: 0xCF43A154 | Rollbacks: 58 (Resim:  78) | Stalls:  0
[HEARTBEAT] Node: 1 | Tick: 359821 | Conf: 359819 | Hash: 0x5B9D462B | Rollbacks: 44 (Resim:  45) | Stalls:  0
[HEARTBEAT] Node: 1 | Tick: 359881 | Conf: 359879 | Hash: 0x3773100D | Rollbacks: 52 (Resim:  52) | Stalls:  0
[HEARTBEAT] Node: 1 | Tick: 359941 | Conf: 359939 | Hash: 0xBB4342A0 | Rollbacks: 59 (Resim:  83) | Stalls:  0
[HEARTBEAT] Node: 1 | Tick: 360001 | Conf: 359999 | Hash: 0x21075E45 | Rollbacks: 46 (Resim:  51) | Stalls:  0
[HEARTBEAT] Node: 1 | Tick: 360061 | Conf: 360059 | Hash: 0x82E495AB | Rollbacks: 60 (Resim:  60) | Stalls:  0
[BOT:50005] Heartbeat - Sparse Mods Tracked: 2048
[HEARTBEAT] Node: 1 | Tick: 360121 | Conf: 360119 | Hash: 0x4D7BD662 | Rollbacks: 59 (Resim:  79) | Stalls:  0
[HEARTBEAT] Node: 1 | Tick: 360181 | Conf: 360179 | Hash: 0xA123BA73 | Rollbacks: 47 (Resim:  50) | Stalls:  0
[HEARTBEAT] Node: 1 | Tick: 360241 | Conf: 360239 | Hash: 0xCB032B0A | Rollbacks: 57 (Resim:  57) | Stalls:  0
[HEARTBEAT] Node: 1 | Tick: 360301 | Conf: 360299 | Hash: 0xC256FAEB | Rollbacks: 54 (Resim:  81) | Stalls:  0
[HEARTBEAT] Node: 1 | Tick: 360361 | Conf: 360359 | Hash: 0xD1CC2FF7 | Rollbacks: 50 (Resim:  50) | Stalls:  0
[HEARTBEAT] Node: 1 | Tick: 360421 | Conf: 360418 | Hash: 0xB833FD5F | Rollbacks: 58 (Resim:  68) | Stalls:  0
[HEARTBEAT] Node: 1 | Tick: 360481 | Conf: 360479 | Hash: 0x14E4D609 | Rollbacks: 53 (Resim:  68) | Stalls:  0
[HEARTBEAT] Node: 1 | Tick: 360541 | Conf: 360538 | Hash: 0xA4783119 | Rollbacks: 58 (Resim:  59) | Stalls:  0
[HEARTBEAT] Node: 1 | Tick: 360601 | Conf: 360599 | Hash: 0x0B56B288 | Rollbacks: 55 (Resim:  79) | Stalls:  0
[HEARTBEAT] Node: 1 | Tick: 360661 | Conf: 360659 | Hash: 0x4D8CBC07 | Rollbacks: 44 (Resim:  44) | Stalls:  0
[BOT:50005] Heartbeat - Sparse Mods Tracked: 2048
[HEARTBEAT] Node: 1 | Tick: 360721 | Conf: 360719 | Hash: 0x632EC1FF | Rollbacks: 55 (Resim:  55) | Stalls:  0
[HEARTBEAT] Node: 1 | Tick: 360781 | Conf: 360778 | Hash: 0x5E7A2D16 | Rollbacks: 58 (Resim:  75) | Stalls:  0
[HEARTBEAT] Node: 1 | Tick: 360841 | Conf: 360839 | Hash: 0xD2E80A91 | Rollbacks: 54 (Resim:  64) | Stalls:  0
[HEARTBEAT] Node: 1 | Tick: 360901 | Conf: 360899 | Hash: 0x5E4C4022 | Rollbacks: 48 (Resim:  48) | Stalls:  0
[HEARTBEAT] Node: 1 | Tick: 360961 | Conf: 360959 | Hash: 0x9E689518 | Rollbacks: 59 (Resim:  72) | Stalls:  0
[HEARTBEAT] Node: 1 | Tick: 361021 | Conf: 361019 | Hash: 0xEFC6526F | Rollbacks: 50 (Resim:  53) | Stalls:  0
[HEARTBEAT] Node: 1 | Tick: 361081 | Conf: 361079 | Hash: 0xDE12AFA9 | Rollbacks: 59 (Resim:  60) | Stalls:  0
[HEARTBEAT] Node: 1 | Tick: 361141 | Conf: 361139 | Hash: 0x7D26CCEF | Rollbacks: 58 (Resim:  78) | Stalls:  0
[HEARTBEAT] Node: 1 | Tick: 361201 | Conf: 361199 | Hash: 0xD53F9FE7 | Rollbacks: 53 (Resim:  53) | Stalls:  0
[BOT:50005] Heartbeat - Sparse Mods Tracked: 2048
[HEARTBEAT] Node: 1 | Tick: 361261 | Conf: 361259 | Hash: 0x4654B51D | Rollbacks: 58 (Resim:  71) | Stalls:  0
[HEARTBEAT] Node: 1 | Tick: 361321 | Conf: 361319 | Hash: 0xA1727105 | Rollbacks: 56 (Resim:  56) | Stalls:  0
[HEARTBEAT] Node: 1 | Tick: 361381 | Conf: 361379 | Hash: 0x76D54A9D | Rollbacks: 50 (Resim:  74) | Stalls:  0
[HEARTBEAT] Node: 1 | Tick: 361441 | Conf: 361439 | Hash: 0x198A68EC | Rollbacks: 59 (Resim:  60) | Stalls:  0
[HEARTBEAT] Node: 1 | Tick: 361501 | Conf: 361499 | Hash: 0x423A7CA0 | Rollbacks: 49 (Resim:  63) | Stalls:  0
[HEARTBEAT] Node: 1 | Tick: 361561 | Conf: 361559 | Hash: 0xF487DF78 | Rollbacks: 59 (Resim:  66) | Stalls:  0
[HEARTBEAT] Node: 1 | Tick: 361621 | Conf: 361618 | Hash: 0xCAB1D3DD | Rollbacks: 55 (Resim:  77) | Stalls:  0
[HEARTBEAT] Node: 1 | Tick: 361681 | Conf: 361679 | Hash: 0xB3E98C02 | Rollbacks: 50 (Resim:  54) | Stalls:  0
[HEARTBEAT] Node: 1 | Tick: 361741 | Conf: 361738 | Hash: 0x87ADFAAA | Rollbacks: 58 (Resim:  59) | Stalls:  0
[HEARTBEAT] Node: 1 | Tick: 361801 | Conf: 361799 | Hash: 0x8C03CCE4 | Rollbacks: 53 (Resim:  71) | Stalls:  0
[BOT:50005] Heartbeat - Sparse Mods Tracked: 2048
[HEARTBEAT] Node: 1 | Tick: 361861 | Conf: 361859 | Hash: 0x619BDEE4 | Rollbacks: 54 (Resim:  54) | Stalls:  0
[HEARTBEAT] Node: 1 | Tick: 361921 | Conf: 361919 | Hash: 0x1BED8A6C | Rollbacks: 53 (Resim:  74) | Stalls:  0
[HEARTBEAT] Node: 1 | Tick: 361981 | Conf: 361979 | Hash: 0xFBA411FE | Rollbacks: 51 (Resim:  51) | Stalls:  0
[HEARTBEAT] Node: 1 | Tick: 362041 | Conf: 362038 | Hash: 0x404D87DD | Rollbacks: 58 (Resim:  69) | Stalls:  0
[HEARTBEAT] Node: 1 | Tick: 362101 | Conf: 362099 | Hash: 0x93EBFB4A | Rollbacks: 56 (Resim:  64) | Stalls:  0
[HEARTBEAT] Node: 1 | Tick: 362161 | Conf: 362159 | Hash: 0x5B839624 | Rollbacks: 41 (Resim:  45) | Stalls:  0
[HEARTBEAT] Node: 1 | Tick: 362221 | Conf: 362219 | Hash: 0xBE7D189A | Rollbacks: 47 (Resim:  52) | Stalls:  0
[HEARTBEAT] Node: 1 | Tick: 362281 | Conf: 362279 | Hash: 0x0DF1A837 | Rollbacks: 56 (Resim:  56) | Stalls:  0
[HEARTBEAT] Node: 1 | Tick: 362341 | Conf: 362339 | Hash: 0x34D541B9 | Rollbacks: 58 (Resim:  80) | Stalls:  0
[HEARTBEAT] Node: 1 | Tick: 362401 | Conf: 362399 | Hash: 0xCCDB594B | Rollbacks: 50 (Resim:  50) | Stalls:  0
[BOT:50005] Heartbeat - Sparse Mods Tracked: 2048
[HEARTBEAT] Node: 1 | Tick: 362461 | Conf: 362458 | Hash: 0xBC090190 | Rollbacks: 59 (Resim:  69) | Stalls:  0
[HEARTBEAT] Node: 1 | Tick: 362521 | Conf: 362519 | Hash: 0x1E753E01 | Rollbacks: 56 (Resim:  69) | Stalls:  0
[HEARTBEAT] Node: 1 | Tick: 362581 | Conf: 362579 | Hash: 0xA4729AF1 | Rollbacks: 49 (Resim:  52) | Stalls:  0
[HEARTBEAT] Node: 1 | Tick: 362641 | Conf: 362639 | Hash: 0xF292B666 | Rollbacks: 59 (Resim:  71) | Stalls:  0
[HEARTBEAT] Node: 1 | Tick: 362701 | Conf: 362699 | Hash: 0x0715CF52 | Rollbacks: 39 (Resim:  39) | Stalls:  0
[HEARTBEAT] Node: 1 | Tick: 362761 | Conf: 362759 | Hash: 0xF086399B | Rollbacks: 41 (Resim:  45) | Stalls:  0
[HEARTBEAT] Node: 1 | Tick: 362821 | Conf: 362819 | Hash: 0x84288A9C | Rollbacks: 53 (Resim:  53) | Stalls:  0
[HEARTBEAT] Node: 1 | Tick: 362881 | Conf: 362879 | Hash: 0x78215CE5 | Rollbacks: 59 (Resim:  65) | Stalls:  0
[HEARTBEAT] Node: 1 | Tick: 362941 | Conf: 362939 | Hash: 0x96527D1A | Rollbacks: 50 (Resim:  68) | Stalls:  0
[HEARTBEAT] Node: 1 | Tick: 363001 | Conf: 362999 | Hash: 0x698FDF7F | Rollbacks: 53 (Resim:  53) | Stalls:  0
[BOT:50005] Heartbeat - Sparse Mods Tracked: 2048
[HEARTBEAT] Node: 1 | Tick: 363061 | Conf: 363058 | Hash: 0xBCD18D34 | Rollbacks: 58 (Resim:  79) | Stalls:  0
[HEARTBEAT] Node: 1 | Tick: 363121 | Conf: 363119 | Hash: 0xDBADE92B | Rollbacks: 51 (Resim:  55) | Stalls:  0
[HEARTBEAT] Node: 1 | Tick: 363181 | Conf: 363179 | Hash: 0x377413F3 | Rollbacks: 52 (Resim:  52) | Stalls:  0
[HEARTBEAT] Node: 1 | Tick: 363241 | Conf: 363239 | Hash: 0x846BF3DB | Rollbacks: 59 (Resim:  69) | Stalls:  0
[HEARTBEAT] Node: 1 | Tick: 363301 | Conf: 363299 | Hash: 0x1D950A8A | Rollbacks: 45 (Resim:  54) | Stalls:  0
[HEARTBEAT] Node: 1 | Tick: 363361 | Conf: 363359 | Hash: 0x95BA5540 | Rollbacks: 47 (Resim:  47) | Stalls:  0
[HEARTBEAT] Node: 1 | Tick: 363421 | Conf: 363418 | Hash: 0x4C893FAD | Rollbacks: 55 (Resim:  61) | Stalls:  0
[HEARTBEAT] Node: 1 | Tick: 363481 | Conf: 363478 | Hash: 0x789A4BB8 | Rollbacks: 58 (Resim:  77) | Stalls:  0
[HEARTBEAT] Node: 1 | Tick: 363541 | Conf: 363539 | Hash: 0xE22058E2 | Rollbacks: 49 (Resim:  54) | Stalls:  0
[HEARTBEAT] Node: 1 | Tick: 363601 | Conf: 363599 | Hash: 0x7D668905 | Rollbacks: 48 (Resim:  48) | Stalls:  0
[BOT:50005] Heartbeat - Sparse Mods Tracked: 2048
[HEARTBEAT] Node: 1 | Tick: 363661 | Conf: 363659 | Hash: 0x0E41982B | Rollbacks: 57 (Resim:  75) | Stalls:  0
[HEARTBEAT] Node: 1 | Tick: 363721 | Conf: 363719 | Hash: 0xB1F4B6CC | Rollbacks: 50 (Resim:  50) | Stalls:  0
[HEARTBEAT] Node: 1 | Tick: 363781 | Conf: 363779 | Hash: 0x48C698F0 | Rollbacks: 58 (Resim:  69) | Stalls:  0
[HEARTBEAT] Node: 1 | Tick: 363841 | Conf: 363839 | Hash: 0x8433F50C | Rollbacks: 46 (Resim:  56) | Stalls:  0
[HEARTBEAT] Node: 1 | Tick: 363901 | Conf: 363899 | Hash: 0x9D21DDB2 | Rollbacks: 54 (Resim:  54) | Stalls:  0
[HEARTBEAT] Node: 1 | Tick: 363961 | Conf: 363959 | Hash: 0x860131EE | Rollbacks: 58 (Resim:  69) | Stalls:  0
[HEARTBEAT] Node: 1 | Tick: 364021 | Conf: 364019 | Hash: 0xA935E5D3 | Rollbacks: 59 (Resim:  59) | Stalls:  0
[HEARTBEAT] Node: 1 | Tick: 364081 | Conf: 364079 | Hash: 0x0C6BED4E | Rollbacks: 55 (Resim:  75) | Stalls:  0
[HEARTBEAT] Node: 1 | Tick: 364141 | Conf: 364139 | Hash: 0xB71F878D | Rollbacks: 56 (Resim:  56) | Stalls:  0
[HEARTBEAT] Node: 1 | Tick: 364201 | Conf: 364199 | Hash: 0xE6B11EE0 | Rollbacks: 58 (Resim:  74) | Stalls:  0
[BOT:50005] Heartbeat - Sparse Mods Tracked: 2048
[HEARTBEAT] Node: 1 | Tick: 364261 | Conf: 364259 | Hash: 0x43A117EA | Rollbacks: 55 (Resim:  55) | Stalls:  0
[HEARTBEAT] Node: 1 | Tick: 364321 | Conf: 364319 | Hash: 0x37FE5D42 | Rollbacks: 58 (Resim:  78) | Stalls:  0
[HEARTBEAT] Node: 1 | Tick: 364381 | Conf: 364379 | Hash: 0xD2AE42F1 | Rollbacks: 58 (Resim:  58) | Stalls:  0
[HEARTBEAT] Node: 1 | Tick: 364441 | Conf: 364439 | Hash: 0x227F4872 | Rollbacks: 55 (Resim:  58) | Stalls:  0
[HEARTBEAT] Node: 1 | Tick: 364501 | Conf: 364499 | Hash: 0x48B72ED6 | Rollbacks: 44 (Resim:  46) | Stalls:  0
[HEARTBEAT] Node: 1 | Tick: 364561 | Conf: 364559 | Hash: 0xE5B00F75 | Rollbacks: 59 (Resim:  64) | Stalls:  0
[HEARTBEAT] Node: 1 | Tick: 364621 | Conf: 364619 | Hash: 0x4103DF3D | Rollbacks: 46 (Resim:  59) | Stalls:  0
[HEARTBEAT] Node: 1 | Tick: 364681 | Conf: 364679 | Hash: 0x8C5E8FE0 | Rollbacks: 57 (Resim:  57) | Stalls:  0
[HEARTBEAT] Node: 1 | Tick: 364741 | Conf: 364739 | Hash: 0x31C0AD8D | Rollbacks: 53 (Resim:  73) | Stalls:  0
[BOT:50005] Heartbeat - Sparse Mods Tracked: 2048
[HEARTBEAT] Node: 1 | Tick: 364801 | Conf: 364799 | Hash: 0x4511AE2F | Rollbacks: 59 (Resim:  59) | Stalls:  0
[HEARTBEAT] Node: 1 | Tick: 364861 | Conf: 364858 | Hash: 0x3D330D7B | Rollbacks: 58 (Resim:  77) | Stalls:  0
[HEARTBEAT] Node: 1 | Tick: 364921 | Conf: 364919 | Hash: 0x7ABF40D4 | Rollbacks: 56 (Resim:  57) | Stalls:  0
[HEARTBEAT] Node: 1 | Tick: 364981 | Conf: 364979 | Hash: 0xC8606A7C | Rollbacks: 59 (Resim:  75) | Stalls:  0
[HEARTBEAT] Node: 1 | Tick: 365041 | Conf: 365039 | Hash: 0x9DF483B7 | Rollbacks: 58 (Resim:  62) | Stalls:  0
[HEARTBEAT] Node: 1 | Tick: 365101 | Conf: 365099 | Hash: 0xA5476F8B | Rollbacks: 58 (Resim:  74) | Stalls:  0
[HEARTBEAT] Node: 1 | Tick: 365161 | Conf: 365159 | Hash: 0x0AB9857A | Rollbacks: 57 (Resim:  60) | Stalls:  0
[HEARTBEAT] Node: 1 | Tick: 365221 | Conf: 365219 | Hash: 0x75C04D00 | Rollbacks: 56 (Resim:  77) | Stalls:  0
[HEARTBEAT] Node: 1 | Tick: 365281 | Conf: 365279 | Hash: 0xDC4A6A64 | Rollbacks: 54 (Resim:  54) | Stalls:  0
[HEARTBEAT] Node: 1 | Tick: 365341 | Conf: 365339 | Hash: 0xF0257DBF | Rollbacks: 57 (Resim:  78) | Stalls:  0
[BOT:50005] Heartbeat - Sparse Mods Tracked: 2048
[HEARTBEAT] Node: 1 | Tick: 365401 | Conf: 365399 | Hash: 0x506438B2 | Rollbacks: 48 (Resim:  51) | Stalls:  0
[HEARTBEAT] Node: 1 | Tick: 365461 | Conf: 365459 | Hash: 0x72628BA5 | Rollbacks: 59 (Resim:  64) | Stalls:  0
[HEARTBEAT] Node: 1 | Tick: 365521 | Conf: 365519 | Hash: 0x20EC0A6C | Rollbacks: 46 (Resim:  55) | Stalls:  0
[HEARTBEAT] Node: 1 | Tick: 365581 | Conf: 365579 | Hash: 0x37071151 | Rollbacks: 53 (Resim:  53) | Stalls:  0
[HEARTBEAT] Node: 1 | Tick: 365641 | Conf: 365638 | Hash: 0xD469C78B | Rollbacks: 58 (Resim:  70) | Stalls:  0
[HEARTBEAT] Node: 1 | Tick: 365701 | Conf: 365699 | Hash: 0x708F3ADB | Rollbacks: 44 (Resim:  55) | Stalls:  0
[HEARTBEAT] Node: 1 | Tick: 365761 | Conf: 365759 | Hash: 0xF5200F81 | Rollbacks: 43 (Resim:  43) | Stalls:  0
[HEARTBEAT] Node: 1 | Tick: 365821 | Conf: 365819 | Hash: 0xEAB91494 | Rollbacks: 47 (Resim:  47) | Stalls:  0
[HEARTBEAT] Node: 1 | Tick: 365881 | Conf: 365879 | Hash: 0x825DC411 | Rollbacks: 53 (Resim:  73) | Stalls:  0
[HEARTBEAT] Node: 1 | Tick: 365941 | Conf: 365939 | Hash: 0xF6C79367 | Rollbacks: 51 (Resim:  51) | Stalls:  0
[BOT:50005] Heartbeat - Sparse Mods Tracked: 2048
[HEARTBEAT] Node: 1 | Tick: 366001 | Conf: 365999 | Hash: 0x03C2509F | Rollbacks: 53 (Resim:  58) | Stalls:  0
[HEARTBEAT] Node: 1 | Tick: 366061 | Conf: 366059 | Hash: 0x297078EA | Rollbacks: 60 (Resim:  60) | Stalls:  0
[HEARTBEAT] Node: 1 | Tick: 366121 | Conf: 366119 | Hash: 0x5592CACF | Rollbacks: 45 (Resim:  61) | Stalls:  0
[HEARTBEAT] Node: 1 | Tick: 366181 | Conf: 366179 | Hash: 0x4A444479 | Rollbacks: 53 (Resim:  53) | Stalls:  0
[HEARTBEAT] Node: 1 | Tick: 366241 | Conf: 366239 | Hash: 0x3484F5C3 | Rollbacks: 58 (Resim:  73) | Stalls:  0
[HEARTBEAT] Node: 1 | Tick: 366301 | Conf: 366299 | Hash: 0xB2365275 | Rollbacks: 50 (Resim:  50) | Stalls:  0
[HEARTBEAT] Node: 1 | Tick: 366361 | Conf: 366358 | Hash: 0x4287DE6D | Rollbacks: 56 (Resim:  67) | Stalls:  0
[HEARTBEAT] Node: 1 | Tick: 366421 | Conf: 366419 | Hash: 0xF0CA2E39 | Rollbacks: 59 (Resim:  76) | Stalls:  0
[HEARTBEAT] Node: 1 | Tick: 366481 | Conf: 366479 | Hash: 0x12AFF6A7 | Rollbacks: 53 (Resim:  53) | Stalls:  0
[HEARTBEAT] Node: 1 | Tick: 366541 | Conf: 366539 | Hash: 0x1DCBF550 | Rollbacks: 58 (Resim:  73) | Stalls:  0
[BOT:50005] Heartbeat - Sparse Mods Tracked: 2048
[HEARTBEAT] Node: 1 | Tick: 366601 | Conf: 366599 | Hash: 0xC0A7ABE0 | Rollbacks: 45 (Resim:  48) | Stalls:  0
[HEARTBEAT] Node: 1 | Tick: 366661 | Conf: 366658 | Hash: 0x38B7E8C5 | Rollbacks: 39 (Resim:  40) | Stalls:  0
[HEARTBEAT] Node: 1 | Tick: 366721 | Conf: 366719 | Hash: 0x09A50C15 | Rollbacks: 60 (Resim:  63) | Stalls:  0
[HEARTBEAT] Node: 1 | Tick: 366781 | Conf: 366779 | Hash: 0x119861BB | Rollbacks: 57 (Resim:  81) | Stalls:  0
[HEARTBEAT] Node: 1 | Tick: 366841 | Conf: 366839 | Hash: 0xEF6F8672 | Rollbacks: 45 (Resim:  47) | Stalls:  0
[HEARTBEAT] Node: 1 | Tick: 366901 | Conf: 366899 | Hash: 0x734C2B56 | Rollbacks: 52 (Resim:  52) | Stalls:  0
[HEARTBEAT] Node: 1 | Tick: 366961 | Conf: 366959 | Hash: 0x8CADD595 | Rollbacks: 55 (Resim:  78) | Stalls:  0
[HEARTBEAT] Node: 1 | Tick: 367021 | Conf: 367019 | Hash: 0xBEC73115 | Rollbacks: 50 (Resim:  52) | Stalls:  0
[HEARTBEAT] Node: 1 | Tick: 367081 | Conf: 367079 | Hash: 0x6ED87F5F | Rollbacks: 59 (Resim:  68) | Stalls:  0
[HEARTBEAT] Node: 1 | Tick: 367141 | Conf: 367139 | Hash: 0xB57665FC | Rollbacks: 54 (Resim:  63) | Stalls:  0
[BOT:50005] Heartbeat - Sparse Mods Tracked: 2048
[HEARTBEAT] Node: 1 | Tick: 367201 | Conf: 367199 | Hash: 0x0D5AD14D | Rollbacks: 59 (Resim:  70) | Stalls:  0
[HEARTBEAT] Node: 1 | Tick: 367261 | Conf: 367259 | Hash: 0x68A6F071 | Rollbacks: 58 (Resim:  67) | Stalls:  0
[HEARTBEAT] Node: 1 | Tick: 367321 | Conf: 367319 | Hash: 0x128336AD | Rollbacks: 48 (Resim:  58) | Stalls:  0
[HEARTBEAT] Node: 1 | Tick: 367381 | Conf: 367379 | Hash: 0xFB9728D8 | Rollbacks: 59 (Resim:  60) | Stalls:  0
[HEARTBEAT] Node: 1 | Tick: 367441 | Conf: 367439 | Hash: 0x78FF31BA | Rollbacks: 46 (Resim:  62) | Stalls:  0
[HEARTBEAT] Node: 1 | Tick: 367501 | Conf: 367499 | Hash: 0x18330C0E | Rollbacks: 60 (Resim:  60) | Stalls:  0
[HEARTBEAT] Node: 1 | Tick: 367561 | Conf: 367559 | Hash: 0xBA935984 | Rollbacks: 56 (Resim:  78) | Stalls:  0
[HEARTBEAT] Node: 1 | Tick: 367621 | Conf: 367619 | Hash: 0x55F63714 | Rollbacks: 48 (Resim:  48) | Stalls:  0
[HEARTBEAT] Node: 1 | Tick: 367681 | Conf: 367678 | Hash: 0x04FA92FB | Rollbacks: 58 (Resim:  65) | Stalls:  0
[HEARTBEAT] Node: 1 | Tick: 367741 | Conf: 367739 | Hash: 0x26B7CD30 | Rollbacks: 46 (Resim:  55) | Stalls:  0
[BOT:50005] Heartbeat - Sparse Mods Tracked: 2048
[HEARTBEAT] Node: 1 | Tick: 367801 | Conf: 367798 | Hash: 0xC3F9E839 | Rollbacks: 58 (Resim:  60) | Stalls:  0
[HEARTBEAT] Node: 1 | Tick: 367861 | Conf: 367859 | Hash: 0x783A1C1B | Rollbacks: 55 (Resim:  76) | Stalls:  0
[HEARTBEAT] Node: 1 | Tick: 367921 | Conf: 367919 | Hash: 0xEB788938 | Rollbacks: 55 (Resim:  55) | Stalls:  0
[HEARTBEAT] Node: 1 | Tick: 367981 | Conf: 367979 | Hash: 0xAFE2671F | Rollbacks: 58 (Resim:  78) | Stalls:  0
[HEARTBEAT] Node: 1 | Tick: 368041 | Conf: 368039 | Hash: 0xB1FBE149 | Rollbacks: 59 (Resim:  59) | Stalls:  0
[HEARTBEAT] Node: 1 | Tick: 368101 | Conf: 368099 | Hash: 0x50F0F64B | Rollbacks: 59 (Resim:  81) | Stalls:  0
[HEARTBEAT] Node: 1 | Tick: 368161 | Conf: 368159 | Hash: 0x6B8EA5A7 | Rollbacks: 58 (Resim:  58) | Stalls:  0
[HEARTBEAT] Node: 1 | Tick: 368221 | Conf: 368219 | Hash: 0xADE28E1C | Rollbacks: 51 (Resim:  53) | Stalls:  0
[HEARTBEAT] Node: 1 | Tick: 368281 | Conf: 368278 | Hash: 0xFB564509 | Rollbacks: 58 (Resim:  63) | Stalls:  0
[BOT:50005] Heartbeat - Sparse Mods Tracked: 2048
[HEARTBEAT] Node: 1 | Tick: 368341 | Conf: 368338 | Hash: 0xE9B8E9FA | Rollbacks: 58 (Resim:  78) | Stalls:  0
[HEARTBEAT] Node: 1 | Tick: 368401 | Conf: 368398 | Hash: 0x46EB4003 | Rollbacks: 58 (Resim:  88) | Stalls:  0
[HEARTBEAT] Node: 1 | Tick: 368461 | Conf: 368459 | Hash: 0xABFAE93C | Rollbacks: 43 (Resim:  44) | Stalls:  0
[HEARTBEAT] Node: 1 | Tick: 368521 | Conf: 368519 | Hash: 0xDEA176AD | Rollbacks: 41 (Resim:  41) | Stalls:  0
[HEARTBEAT] Node: 1 | Tick: 368581 | Conf: 368579 | Hash: 0x7E8BD252 | Rollbacks: 43 (Resim:  43) | Stalls:  0
[HEARTBEAT] Node: 1 | Tick: 368641 | Conf: 368639 | Hash: 0x4E2B142C | Rollbacks: 51 (Resim:  51) | Stalls:  0
[HEARTBEAT] Node: 1 | Tick: 368701 | Conf: 368699 | Hash: 0xD44078A5 | Rollbacks: 56 (Resim:  73) | Stalls:  0
[HEARTBEAT] Node: 1 | Tick: 368761 | Conf: 368759 | Hash: 0x61A90326 | Rollbacks: 48 (Resim:  50) | Stalls:  0
[HEARTBEAT] Node: 1 | Tick: 368821 | Conf: 368819 | Hash: 0x4BCB8F73 | Rollbacks: 46 (Resim:  66) | Stalls:  0
[HEARTBEAT] Node: 1 | Tick: 368881 | Conf: 368879 | Hash: 0xCAE34B4F | Rollbacks: 54 (Resim:  54) | Stalls:  0
[BOT:50005] Heartbeat - Sparse Mods Tracked: 2048
[HEARTBEAT] Node: 1 | Tick: 368941 | Conf: 368938 | Hash: 0x7527218B | Rollbacks: 58 (Resim:  68) | Stalls:  0
[HEARTBEAT] Node: 1 | Tick: 369001 | Conf: 368999 | Hash: 0xB3777DC3 | Rollbacks: 59 (Resim:  71) | Stalls:  0
[HEARTBEAT] Node: 1 | Tick: 369061 | Conf: 369059 | Hash: 0x4390CEC6 | Rollbacks: 42 (Resim:  42) | Stalls:  0
[HEARTBEAT] Node: 1 | Tick: 369121 | Conf: 369119 | Hash: 0x84484B7B | Rollbacks: 59 (Resim:  64) | Stalls:  0
[HEARTBEAT] Node: 1 | Tick: 369181 | Conf: 369179 | Hash: 0x1FA92989 | Rollbacks: 46 (Resim:  55) | Stalls:  0
[HEARTBEAT] Node: 1 | Tick: 369241 | Conf: 369239 | Hash: 0xD079304E | Rollbacks: 51 (Resim:  51) | Stalls:  0
[HEARTBEAT] Node: 1 | Tick: 369301 | Conf: 369298 | Hash: 0x8070878C | Rollbacks: 56 (Resim:  56) | Stalls:  0
[HEARTBEAT] Node: 1 | Tick: 369361 | Conf: 369359 | Hash: 0x3BB5A028 | Rollbacks: 59 (Resim:  80) | Stalls:  0
[HEARTBEAT] Node: 1 | Tick: 369421 | Conf: 369419 | Hash: 0xB61EA31E | Rollbacks: 47 (Resim:  47) | Stalls:  0
[HEARTBEAT] Node: 1 | Tick: 369481 | Conf: 369479 | Hash: 0xC30376A8 | Rollbacks: 58 (Resim:  78) | Stalls:  0
[BOT:50005] Heartbeat - Sparse Mods Tracked: 2048
[HEARTBEAT] Node: 1 | Tick: 369541 | Conf: 369539 | Hash: 0x01C7AC89 | Rollbacks: 40 (Resim:  40) | Stalls:  0
[HEARTBEAT] Node: 1 | Tick: 369601 | Conf: 369599 | Hash: 0x5825D54F | Rollbacks: 60 (Resim:  60) | Stalls:  0
[HEARTBEAT] Node: 1 | Tick: 369661 | Conf: 369659 | Hash: 0xE78D6865 | Rollbacks: 53 (Resim:  73) | Stalls:  0
[HEARTBEAT] Node: 1 | Tick: 369721 | Conf: 369719 | Hash: 0x40BB0E5B | Rollbacks: 50 (Resim:  50) | Stalls:  0
[HEARTBEAT] Node: 1 | Tick: 369781 | Conf: 369778 | Hash: 0xB26CF756 | Rollbacks: 57 (Resim:  65) | Stalls:  0
[HEARTBEAT] Node: 1 | Tick: 369841 | Conf: 369839 | Hash: 0x16BA206D | Rollbacks: 52 (Resim:  64) | Stalls:  0
[HEARTBEAT] Node: 1 | Tick: 369901 | Conf: 369899 | Hash: 0x2989F58E | Rollbacks: 50 (Resim:  50) | Stalls:  0
[HEARTBEAT] Node: 1 | Tick: 369961 | Conf: 369959 | Hash: 0x76BFB7E1 | Rollbacks: 59 (Resim:  67) | Stalls:  0
[HEARTBEAT] Node: 1 | Tick: 370021 | Conf: 370019 | Hash: 0x808A4175 | Rollbacks: 50 (Resim:  71) | Stalls:  0
[HEARTBEAT] Node: 1 | Tick: 370081 | Conf: 370079 | Hash: 0xFA3A0C49 | Rollbacks: 46 (Resim:  48) | Stalls:  0
[BOT:50005] Heartbeat - Sparse Mods Tracked: 2048
[HEARTBEAT] Node: 1 | Tick: 370141 | Conf: 370139 | Hash: 0xD0A3E8DF | Rollbacks: 46 (Resim:  46) | Stalls:  0
[HEARTBEAT] Node: 1 | Tick: 370201 | Conf: 370199 | Hash: 0x6B88D31D | Rollbacks: 54 (Resim:  54) | Stalls:  0
[HEARTBEAT] Node: 1 | Tick: 370261 | Conf: 370259 | Hash: 0x6C064B22 | Rollbacks: 56 (Resim:  75) | Stalls:  0
[HEARTBEAT] Node: 1 | Tick: 370321 | Conf: 370319 | Hash: 0x813A3742 | Rollbacks: 54 (Resim:  56) | Stalls:  0
[HEARTBEAT] Node: 1 | Tick: 370381 | Conf: 370379 | Hash: 0x49F21E14 | Rollbacks: 59 (Resim:  64) | Stalls:  0
[HEARTBEAT] Node: 1 | Tick: 370441 | Conf: 370439 | Hash: 0xB684F7BE | Rollbacks: 55 (Resim:  76) | Stalls:  0
[HEARTBEAT] Node: 1 | Tick: 370501 | Conf: 370499 | Hash: 0x1A86C511 | Rollbacks: 50 (Resim:  50) | Stalls:  0
[HEARTBEAT] Node: 1 | Tick: 370561 | Conf: 370558 | Hash: 0x9712A9C3 | Rollbacks: 58 (Resim:  74) | Stalls:  0
[HEARTBEAT] Node: 1 | Tick: 370621 | Conf: 370619 | Hash: 0x2D6E5D8D | Rollbacks: 54 (Resim:  61) | Stalls:  0
[HEARTBEAT] Node: 1 | Tick: 370681 | Conf: 370679 | Hash: 0x4E957F8F | Rollbacks: 47 (Resim:  47) | Stalls:  0
[BOT:50005] Heartbeat - Sparse Mods Tracked: 2048
[HEARTBEAT] Node: 1 | Tick: 370741 | Conf: 370739 | Hash: 0xD37757F2 | Rollbacks: 59 (Resim:  71) | Stalls:  0
[HEARTBEAT] Node: 1 | Tick: 370801 | Conf: 370799 | Hash: 0x628F58AA | Rollbacks: 46 (Resim:  54) | Stalls:  0
[HEARTBEAT] Node: 1 | Tick: 370861 | Conf: 370859 | Hash: 0x87525A9C | Rollbacks: 54 (Resim:  54) | Stalls:  0
[HEARTBEAT] Node: 1 | Tick: 370921 | Conf: 370919 | Hash: 0x58D6EF05 | Rollbacks: 58 (Resim:  76) | Stalls:  0
[HEARTBEAT] Node: 1 | Tick: 370981 | Conf: 370979 | Hash: 0x7A4ED910 | Rollbacks: 47 (Resim:  50) | Stalls:  0
[HEARTBEAT] Node: 1 | Tick: 371041 | Conf: 371039 | Hash: 0x015E01CF | Rollbacks: 44 (Resim:  44) | Stalls:  0
[HEARTBEAT] Node: 1 | Tick: 371101 | Conf: 371099 | Hash: 0x7EAEE62F | Rollbacks: 59 (Resim:  64) | Stalls:  0
[HEARTBEAT] Node: 1 | Tick: 371161 | Conf: 371159 | Hash: 0x59166E22 | Rollbacks: 48 (Resim:  64) | Stalls:  0
[HEARTBEAT] Node: 1 | Tick: 371221 | Conf: 371219 | Hash: 0x587B1823 | Rollbacks: 51 (Resim:  51) | Stalls:  0
[BOT:50005] Heartbeat - Sparse Mods Tracked: 2048
[HEARTBEAT] Node: 1 | Tick: 371281 | Conf: 371278 | Hash: 0x92D9DDA9 | Rollbacks: 58 (Resim:  64) | Stalls:  0
[HEARTBEAT] Node: 1 | Tick: 371341 | Conf: 371339 | Hash: 0xDB39EFB8 | Rollbacks: 53 (Resim:  68) | Stalls:  0
[HEARTBEAT] Node: 1 | Tick: 371401 | Conf: 371399 | Hash: 0xBB2E4BED | Rollbacks: 50 (Resim:  50) | Stalls:  0
[HEARTBEAT] Node: 1 | Tick: 371461 | Conf: 371459 | Hash: 0x60D0A8EC | Rollbacks: 57 (Resim:  73) | Stalls:  0
[HEARTBEAT] Node: 1 | Tick: 371521 | Conf: 371519 | Hash: 0x729A2116 | Rollbacks: 52 (Resim:  54) | Stalls:  0
[HEARTBEAT] Node: 1 | Tick: 371581 | Conf: 371579 | Hash: 0x9ADD9718 | Rollbacks: 58 (Resim:  58) | Stalls:  0
[HEARTBEAT] Node: 1 | Tick: 371641 | Conf: 371639 | Hash: 0x4D96C6BD | Rollbacks: 52 (Resim:  71) | Stalls:  0
[HEARTBEAT] Node: 1 | Tick: 371701 | Conf: 371699 | Hash: 0x24631986 | Rollbacks: 52 (Resim:  52) | Stalls:  0
[HEARTBEAT] Node: 1 | Tick: 371761 | Conf: 371758 | Hash: 0x954674E2 | Rollbacks: 58 (Resim:  67) | Stalls:  0
[HEARTBEAT] Node: 1 | Tick: 371821 | Conf: 371819 | Hash: 0x537511D6 | Rollbacks: 51 (Resim:  59) | Stalls:  0
[BOT:50005] Heartbeat - Sparse Mods Tracked: 2048
[HEARTBEAT] Node: 1 | Tick: 371881 | Conf: 371878 | Hash: 0x9477BE31 | Rollbacks: 59 (Resim:  59) | Stalls:  0
[HEARTBEAT] Node: 1 | Tick: 371941 | Conf: 371939 | Hash: 0x89BA355D | Rollbacks: 57 (Resim:  81) | Stalls:  0
[HEARTBEAT] Node: 1 | Tick: 372001 | Conf: 371999 | Hash: 0x3A3B9BD7 | Rollbacks: 51 (Resim:  51) | Stalls:  0
[HEARTBEAT] Node: 1 | Tick: 372061 | Conf: 372058 | Hash: 0x510C1103 | Rollbacks: 59 (Resim:  75) | Stalls:  0
[HEARTBEAT] Node: 1 | Tick: 372121 | Conf: 372119 | Hash: 0xC3C79355 | Rollbacks: 58 (Resim:  65) | Stalls:  0
[HEARTBEAT] Node: 1 | Tick: 372181 | Conf: 372179 | Hash: 0xB0AE56C9 | Rollbacks: 52 (Resim:  53) | Stalls:  0
[HEARTBEAT] Node: 1 | Tick: 372241 | Conf: 372239 | Hash: 0xD6ECC6C7 | Rollbacks: 53 (Resim:  70) | Stalls:  0
[HEARTBEAT] Node: 1 | Tick: 372301 | Conf: 372299 | Hash: 0x7CC978F4 | Rollbacks: 42 (Resim:  42) | Stalls:  0
[HEARTBEAT] Node: 1 | Tick: 372361 | Conf: 372359 | Hash: 0x0387A71D | Rollbacks: 59 (Resim:  66) | Stalls:  0
[HEARTBEAT] Node: 1 | Tick: 372421 | Conf: 372418 | Hash: 0xD8A02B9A | Rollbacks: 47 (Resim:  61) | Stalls:  0
[BOT:50005] Heartbeat - Sparse Mods Tracked: 2048
[HEARTBEAT] Node: 1 | Tick: 372481 | Conf: 372479 | Hash: 0x23F9E939 | Rollbacks: 53 (Resim:  54) | Stalls:  0
[HEARTBEAT] Node: 1 | Tick: 372541 | Conf: 372539 | Hash: 0xDC2B7662 | Rollbacks: 59 (Resim:  63) | Stalls:  0
[HEARTBEAT] Node: 1 | Tick: 372601 | Conf: 372599 | Hash: 0xBE94BA61 | Rollbacks: 49 (Resim:  64) | Stalls:  0
[HEARTBEAT] Node: 1 | Tick: 372661 | Conf: 372659 | Hash: 0x100B4F29 | Rollbacks: 50 (Resim:  50) | Stalls:  0
[HEARTBEAT] Node: 1 | Tick: 372721 | Conf: 372718 | Hash: 0x081903E1 | Rollbacks: 59 (Resim:  67) | Stalls:  0
[HEARTBEAT] Node: 1 | Tick: 372781 | Conf: 372779 | Hash: 0x6D24931C | Rollbacks: 59 (Resim:  70) | Stalls:  0
[HEARTBEAT] Node: 1 | Tick: 372841 | Conf: 372839 | Hash: 0xE11B3DCA | Rollbacks: 55 (Resim:  65) | Stalls:  0
[HEARTBEAT] Node: 1 | Tick: 372901 | Conf: 372899 | Hash: 0xDBB7247B | Rollbacks: 50 (Resim:  62) | Stalls:  0
[HEARTBEAT] Node: 1 | Tick: 372961 | Conf: 372959 | Hash: 0x6301C74A | Rollbacks: 47 (Resim:  47) | Stalls:  0
[HEARTBEAT] Node: 1 | Tick: 373021 | Conf: 373019 | Hash: 0xB242F3C1 | Rollbacks: 59 (Resim:  59) | Stalls:  0
[BOT:50005] Heartbeat - Sparse Mods Tracked: 2048
[HEARTBEAT] Node: 1 | Tick: 373081 | Conf: 373079 | Hash: 0x82690102 | Rollbacks: 58 (Resim:  78) | Stalls:  0
[HEARTBEAT] Node: 1 | Tick: 373141 | Conf: 373139 | Hash: 0x26E51412 | Rollbacks: 51 (Resim:  51) | Stalls:  0
[HEARTBEAT] Node: 1 | Tick: 373201 | Conf: 373198 | Hash: 0xF3694E73 | Rollbacks: 58 (Resim:  67) | Stalls:  0
[HEARTBEAT] Node: 1 | Tick: 373261 | Conf: 373259 | Hash: 0xAAA5D841 | Rollbacks: 55 (Resim:  73) | Stalls:  0
[HEARTBEAT] Node: 1 | Tick: 373321 | Conf: 373319 | Hash: 0x8CB63C02 | Rollbacks: 51 (Resim:  52) | Stalls:  0
[HEARTBEAT] Node: 1 | Tick: 373381 | Conf: 373379 | Hash: 0x34907542 | Rollbacks: 59 (Resim:  76) | Stalls:  0
[HEARTBEAT] Node: 1 | Tick: 373441 | Conf: 373439 | Hash: 0xD009E25C | Rollbacks: 44 (Resim:  44) | Stalls:  0
[HEARTBEAT] Node: 1 | Tick: 373501 | Conf: 373499 | Hash: 0xCB788B27 | Rollbacks: 59 (Resim:  72) | Stalls:  0
[HEARTBEAT] Node: 1 | Tick: 373561 | Conf: 373559 | Hash: 0xC9F34E67 | Rollbacks: 47 (Resim:  49) | Stalls:  0
[HEARTBEAT] Node: 1 | Tick: 373621 | Conf: 373618 | Hash: 0x0C88D192 | Rollbacks: 58 (Resim:  64) | Stalls:  0
[BOT:50005] Heartbeat - Sparse Mods Tracked: 2048
[HEARTBEAT] Node: 1 | Tick: 373681 | Conf: 373679 | Hash: 0xA8BD0213 | Rollbacks: 59 (Resim:  75) | Stalls:  0
[HEARTBEAT] Node: 1 | Tick: 373741 | Conf: 373739 | Hash: 0x327F995B | Rollbacks: 46 (Resim:  46) | Stalls:  0
[HEARTBEAT] Node: 1 | Tick: 373801 | Conf: 373799 | Hash: 0x22720065 | Rollbacks: 57 (Resim:  67) | Stalls:  0
[HEARTBEAT] Node: 1 | Tick: 373861 | Conf: 373859 | Hash: 0xB7DA38BB | Rollbacks: 58 (Resim:  75) | Stalls:  0
[HEARTBEAT] Node: 1 | Tick: 373921 | Conf: 373919 | Hash: 0x04E0B7BF | Rollbacks: 48 (Resim:  50) | Stalls:  0
[HEARTBEAT] Node: 1 | Tick: 373981 | Conf: 373979 | Hash: 0x48F3C836 | Rollbacks: 60 (Resim:  60) | Stalls:  0
[HEARTBEAT] Node: 1 | Tick: 374041 | Conf: 374038 | Hash: 0x021F7FB0 | Rollbacks: 47 (Resim:  65) | Stalls:  0
[HEARTBEAT] Node: 1 | Tick: 374101 | Conf: 374099 | Hash: 0x478E85EA | Rollbacks: 50 (Resim:  53) | Stalls:  0
[HEARTBEAT] Node: 1 | Tick: 374161 | Conf: 374158 | Hash: 0xA84FD99B | Rollbacks: 58 (Resim:  59) | Stalls:  0
[HEARTBEAT] Node: 1 | Tick: 374221 | Conf: 374219 | Hash: 0xB263ECCC | Rollbacks: 55 (Resim:  73) | Stalls:  0
[BOT:50005] Heartbeat - Sparse Mods Tracked: 2048
[HEARTBEAT] Node: 1 | Tick: 374281 | Conf: 374279 | Hash: 0x53AA06DE | Rollbacks: 51 (Resim:  51) | Stalls:  0
[HEARTBEAT] Node: 1 | Tick: 374341 | Conf: 374339 | Hash: 0xC0AE41F6 | Rollbacks: 59 (Resim:  77) | Stalls:  0
[HEARTBEAT] Node: 1 | Tick: 374401 | Conf: 374399 | Hash: 0x0FABA9C0 | Rollbacks: 45 (Resim:  48) | Stalls:  0
[HEARTBEAT] Node: 1 | Tick: 374461 | Conf: 374459 | Hash: 0x38483D6B | Rollbacks: 49 (Resim:  49) | Stalls:  0
[HEARTBEAT] Node: 1 | Tick: 374521 | Conf: 374519 | Hash: 0x84B154F8 | Rollbacks: 59 (Resim:  73) | Stalls:  0
[HEARTBEAT] Node: 1 | Tick: 374581 | Conf: 374579 | Hash: 0x7B812F60 | Rollbacks: 47 (Resim:  49) | Stalls:  0
[HEARTBEAT] Node: 1 | Tick: 374641 | Conf: 374639 | Hash: 0x894DC0CE | Rollbacks: 56 (Resim:  56) | Stalls:  0
[HEARTBEAT] Node: 1 | Tick: 374701 | Conf: 374698 | Hash: 0xFBACC196 | Rollbacks: 58 (Resim:  72) | Stalls:  0
[HEARTBEAT] Node: 1 | Tick: 374761 | Conf: 374759 | Hash: 0x297331AA | Rollbacks: 52 (Resim:  64) | Stalls:  0
[BOT:50005] Heartbeat - Sparse Mods Tracked: 2048
[HEARTBEAT] Node: 1 | Tick: 374821 | Conf: 374819 | Hash: 0x4453442E | Rollbacks: 44 (Resim:  44) | Stalls:  0
[HEARTBEAT] Node: 1 | Tick: 374881 | Conf: 374879 | Hash: 0x6816BBA9 | Rollbacks: 56 (Resim:  69) | Stalls:  0
[HEARTBEAT] Node: 1 | Tick: 374941 | Conf: 374939 | Hash: 0xEFE0D1ED | Rollbacks: 50 (Resim:  56) | Stalls:  0
[HEARTBEAT] Node: 1 | Tick: 375001 | Conf: 374999 | Hash: 0x89EDB8FC | Rollbacks: 55 (Resim:  55) | Stalls:  0
[HEARTBEAT] Node: 1 | Tick: 375061 | Conf: 375059 | Hash: 0xC85278C4 | Rollbacks: 59 (Resim:  75) | Stalls:  0
[HEARTBEAT] Node: 1 | Tick: 375121 | Conf: 375119 | Hash: 0x2CAE224B | Rollbacks: 47 (Resim:  50) | Stalls:  0
[HEARTBEAT] Node: 1 | Tick: 375181 | Conf: 375179 | Hash: 0x089934D5 | Rollbacks: 57 (Resim:  57) | Stalls:  0
[HEARTBEAT] Node: 1 | Tick: 375241 | Conf: 375239 | Hash: 0x4E83A590 | Rollbacks: 58 (Resim:  79) | Stalls:  0
[HEARTBEAT] Node: 1 | Tick: 375301 | Conf: 375299 | Hash: 0xD287E60D | Rollbacks: 48 (Resim:  48) | Stalls:  0
[HEARTBEAT] Node: 1 | Tick: 375361 | Conf: 375359 | Hash: 0xDD7BD6FC | Rollbacks: 52 (Resim:  55) | Stalls:  0
[BOT:50005] Heartbeat - Sparse Mods Tracked: 2048
[HEARTBEAT] Node: 1 | Tick: 375421 | Conf: 375419 | Hash: 0xF97A003E | Rollbacks: 55 (Resim:  70) | Stalls:  0
[HEARTBEAT] Node: 1 | Tick: 375481 | Conf: 375479 | Hash: 0x1565D5A5 | Rollbacks: 48 (Resim:  51) | Stalls:  0
[HEARTBEAT] Node: 1 | Tick: 375541 | Conf: 375539 | Hash: 0x27FB5F45 | Rollbacks: 59 (Resim:  65) | Stalls:  0
[HEARTBEAT] Node: 1 | Tick: 375601 | Conf: 375599 | Hash: 0xB7E85D11 | Rollbacks: 48 (Resim:  60) | Stalls:  0
[HEARTBEAT] Node: 1 | Tick: 375661 | Conf: 375659 | Hash: 0x6DE18DCF | Rollbacks: 54 (Resim:  54) | Stalls:  0
[HEARTBEAT] Node: 1 | Tick: 375721 | Conf: 375719 | Hash: 0x43130B24 | Rollbacks: 58 (Resim:  70) | Stalls:  0
[HEARTBEAT] Node: 1 | Tick: 375781 | Conf: 375778 | Hash: 0x97FA5EBC | Rollbacks: 57 (Resim:  66) | Stalls:  0
[HEARTBEAT] Node: 1 | Tick: 375841 | Conf: 375839 | Hash: 0xBECFB6F9 | Rollbacks: 59 (Resim:  78) | Stalls:  0
[HEARTBEAT] Node: 1 | Tick: 375901 | Conf: 375899 | Hash: 0xCEF35E2A | Rollbacks: 50 (Resim:  50) | Stalls:  0
[HEARTBEAT] Node: 1 | Tick: 375961 | Conf: 375959 | Hash: 0xF34E87B1 | Rollbacks: 59 (Resim:  71) | Stalls:  0
[BOT:50005] Heartbeat - Sparse Mods Tracked: 2048
[HEARTBEAT] Node: 1 | Tick: 376021 | Conf: 376019 | Hash: 0xCA64BFF7 | Rollbacks: 45 (Resim:  51) | Stalls:  0
[HEARTBEAT] Node: 1 | Tick: 376081 | Conf: 376079 | Hash: 0x8B3EB3A0 | Rollbacks: 45 (Resim:  45) | Stalls:  0
[HEARTBEAT] Node: 1 | Tick: 376141 | Conf: 376139 | Hash: 0x294AF80C | Rollbacks: 59 (Resim:  60) | Stalls:  0
[HEARTBEAT] Node: 1 | Tick: 376201 | Conf: 376198 | Hash: 0x04569B1D | Rollbacks: 58 (Resim:  80) | Stalls:  0
[HEARTBEAT] Node: 1 | Tick: 376261 | Conf: 376259 | Hash: 0x2DDCEF7D | Rollbacks: 49 (Resim:  50) | Stalls:  0
[HEARTBEAT] Node: 1 | Tick: 376321 | Conf: 376319 | Hash: 0x8801379F | Rollbacks: 53 (Resim:  56) | Stalls:  0
[HEARTBEAT] Node: 1 | Tick: 376381 | Conf: 376379 | Hash: 0x48F12DF3 | Rollbacks: 59 (Resim:  71) | Stalls:  0
[HEARTBEAT] Node: 1 | Tick: 376441 | Conf: 376439 | Hash: 0x6408D44E | Rollbacks: 47 (Resim:  47) | Stalls:  0
[HEARTBEAT] Node: 1 | Tick: 376501 | Conf: 376499 | Hash: 0xC9C7E00A | Rollbacks: 57 (Resim:  80) | Stalls:  0
[HEARTBEAT] Node: 1 | Tick: 376561 | Conf: 376559 | Hash: 0xFA019051 | Rollbacks: 53 (Resim:  55) | Stalls:  0
[BOT:50005] Heartbeat - Sparse Mods Tracked: 2048
[HEARTBEAT] Node: 1 | Tick: 376621 | Conf: 376619 | Hash: 0x372C04EF | Rollbacks: 43 (Resim:  49) | Stalls:  0
[HEARTBEAT] Node: 1 | Tick: 376681 | Conf: 376679 | Hash: 0xF425B55F | Rollbacks: 46 (Resim:  49) | Stalls:  0
[HEARTBEAT] Node: 1 | Tick: 376741 | Conf: 376739 | Hash: 0x8DCFA8C9 | Rollbacks: 47 (Resim:  47) | Stalls:  0
[HEARTBEAT] Node: 1 | Tick: 376801 | Conf: 376799 | Hash: 0xCAFAD835 | Rollbacks: 59 (Resim:  68) | Stalls:  0
[HEARTBEAT] Node: 1 | Tick: 376861 | Conf: 376859 | Hash: 0xCB946A2F | Rollbacks: 49 (Resim:  64) | Stalls:  0
[HEARTBEAT] Node: 1 | Tick: 376921 | Conf: 376919 | Hash: 0x15963484 | Rollbacks: 56 (Resim:  56) | Stalls:  0
[HEARTBEAT] Node: 1 | Tick: 376981 | Conf: 376979 | Hash: 0xBFAA07EF | Rollbacks: 58 (Resim:  78) | Stalls:  0
[HEARTBEAT] Node: 1 | Tick: 377041 | Conf: 377039 | Hash: 0xC83B3EDB | Rollbacks: 50 (Resim:  50) | Stalls:  0
[HEARTBEAT] Node: 1 | Tick: 377101 | Conf: 377098 | Hash: 0xF8A682AE | Rollbacks: 55 (Resim:  59) | Stalls:  0
[HEARTBEAT] Node: 1 | Tick: 377161 | Conf: 377159 | Hash: 0x4FA5AF77 | Rollbacks: 59 (Resim:  72) | Stalls:  0
[BOT:50005] Heartbeat - Sparse Mods Tracked: 2048
[HEARTBEAT] Node: 1 | Tick: 377221 | Conf: 377218 | Hash: 0xEE000B8D | Rollbacks: 54 (Resim:  59) | Stalls:  0
[HEARTBEAT] Node: 1 | Tick: 377281 | Conf: 377279 | Hash: 0x149A09E5 | Rollbacks: 59 (Resim:  73) | Stalls:  0
[HEARTBEAT] Node: 1 | Tick: 377341 | Conf: 377339 | Hash: 0x7A5AF822 | Rollbacks: 40 (Resim:  40) | Stalls:  0
[HEARTBEAT] Node: 1 | Tick: 377401 | Conf: 377399 | Hash: 0xC873FAEC | Rollbacks: 60 (Resim:  60) | Stalls:  0
[HEARTBEAT] Node: 1 | Tick: 377461 | Conf: 377458 | Hash: 0xA41EDF41 | Rollbacks: 58 (Resim:  71) | Stalls:  0
[HEARTBEAT] Node: 1 | Tick: 377521 | Conf: 377519 | Hash: 0x64DB6FE2 | Rollbacks: 59 (Resim:  75) | Stalls:  0
[HEARTBEAT] Node: 1 | Tick: 377581 | Conf: 377579 | Hash: 0x95F41A55 | Rollbacks: 42 (Resim:  42) | Stalls:  0
[HEARTBEAT] Node: 1 | Tick: 377641 | Conf: 377639 | Hash: 0x73B3A96D | Rollbacks: 60 (Resim:  60) | Stalls:  0
[HEARTBEAT] Node: 1 | Tick: 377701 | Conf: 377698 | Hash: 0x8F257CAF | Rollbacks: 58 (Resim:  81) | Stalls:  0
[BOT:50005] Heartbeat - Sparse Mods Tracked: 2048
[HEARTBEAT] Node: 1 | Tick: 377761 | Conf: 377759 | Hash: 0x5EC4A6F2 | Rollbacks: 48 (Resim:  58) | Stalls:  0
[HEARTBEAT] Node: 1 | Tick: 377821 | Conf: 377819 | Hash: 0x0FF945F3 | Rollbacks: 36 (Resim:  36) | Stalls:  0
[HEARTBEAT] Node: 1 | Tick: 377881 | Conf: 377879 | Hash: 0x0394A4A0 | Rollbacks: 48 (Resim:  48) | Stalls:  0
[HEARTBEAT] Node: 1 | Tick: 377941 | Conf: 377939 | Hash: 0x677CA83A | Rollbacks: 58 (Resim:  66) | Stalls:  0
[HEARTBEAT] Node: 1 | Tick: 378001 | Conf: 377999 | Hash: 0xDF99AA1B | Rollbacks: 55 (Resim:  73) | Stalls:  0
[HEARTBEAT] Node: 1 | Tick: 378061 | Conf: 378059 | Hash: 0x2AE4409C | Rollbacks: 54 (Resim:  60) | Stalls:  0
[HEARTBEAT] Node: 1 | Tick: 378121 | Conf: 378119 | Hash: 0x254D2675 | Rollbacks: 44 (Resim:  44) | Stalls:  0
[HEARTBEAT] Node: 1 | Tick: 378181 | Conf: 378179 | Hash: 0x2F17EA7E | Rollbacks: 59 (Resim:  59) | Stalls:  0
[HEARTBEAT] Node: 1 | Tick: 378241 | Conf: 378239 | Hash: 0x4C11EE29 | Rollbacks: 58 (Resim:  81) | Stalls:  0
[HEARTBEAT] Node: 1 | Tick: 378301 | Conf: 378299 | Hash: 0x704610BC | Rollbacks: 53 (Resim:  55) | Stalls:  0
[BOT:50005] Heartbeat - Sparse Mods Tracked: 2048
[HEARTBEAT] Node: 1 | Tick: 378361 | Conf: 378359 | Hash: 0xE0833DC3 | Rollbacks: 54 (Resim:  54) | Stalls:  0
[HEARTBEAT] Node: 1 | Tick: 378421 | Conf: 378418 | Hash: 0x444A20C5 | Rollbacks: 58 (Resim:  65) | Stalls:  0
[HEARTBEAT] Node: 1 | Tick: 378481 | Conf: 378479 | Hash: 0xE5E467F2 | Rollbacks: 52 (Resim:  67) | Stalls:  0
[HEARTBEAT] Node: 1 | Tick: 378541 | Conf: 378539 | Hash: 0xA011DAE1 | Rollbacks: 51 (Resim:  51) | Stalls:  0
[HEARTBEAT] Node: 1 | Tick: 378601 | Conf: 378599 | Hash: 0x75794C45 | Rollbacks: 59 (Resim:  69) | Stalls:  0
[HEARTBEAT] Node: 1 | Tick: 378661 | Conf: 378659 | Hash: 0x740D971C | Rollbacks: 46 (Resim:  55) | Stalls:  0
[HEARTBEAT] Node: 1 | Tick: 378721 | Conf: 378719 | Hash: 0xA824234F | Rollbacks: 56 (Resim:  56) | Stalls:  0
[HEARTBEAT] Node: 1 | Tick: 378781 | Conf: 378779 | Hash: 0xAA293684 | Rollbacks: 58 (Resim:  81) | Stalls:  0
[HEARTBEAT] Node: 1 | Tick: 378841 | Conf: 378839 | Hash: 0x3BB63AEB | Rollbacks: 46 (Resim:  49) | Stalls:  0
[HEARTBEAT] Node: 1 | Tick: 378901 | Conf: 378899 | Hash: 0xB0997A30 | Rollbacks: 45 (Resim:  45) | Stalls:  0
[BOT:50005] Heartbeat - Sparse Mods Tracked: 2048
[HEARTBEAT] Node: 1 | Tick: 378961 | Conf: 378959 | Hash: 0x74E16F31 | Rollbacks: 59 (Resim:  74) | Stalls:  0
[HEARTBEAT] Node: 1 | Tick: 379021 | Conf: 379019 | Hash: 0xF3BD1917 | Rollbacks: 50 (Resim:  54) | Stalls:  0
[HEARTBEAT] Node: 1 | Tick: 379081 | Conf: 379079 | Hash: 0x1108E49E | Rollbacks: 44 (Resim:  44) | Stalls:  0
[HEARTBEAT] Node: 1 | Tick: 379141 | Conf: 379139 | Hash: 0x89DEF269 | Rollbacks: 59 (Resim:  73) | Stalls:  0
[HEARTBEAT] Node: 1 | Tick: 379201 | Conf: 379199 | Hash: 0xA1AF3F91 | Rollbacks: 49 (Resim:  53) | Stalls:  0
[HEARTBEAT] Node: 1 | Tick: 379261 | Conf: 379259 | Hash: 0x8B755515 | Rollbacks: 38 (Resim:  38) | Stalls:  0
[HEARTBEAT] Node: 1 | Tick: 379321 | Conf: 379319 | Hash: 0x031131F9 | Rollbacks: 43 (Resim:  43) | Stalls:  0
[HEARTBEAT] Node: 1 | Tick: 379381 | Conf: 379379 | Hash: 0x7D94BBCA | Rollbacks: 48 (Resim:  50) | Stalls:  0
[HEARTBEAT] Node: 1 | Tick: 379441 | Conf: 379439 | Hash: 0x6DD807A7 | Rollbacks: 57 (Resim:  57) | Stalls:  0
[HEARTBEAT] Node: 1 | Tick: 379501 | Conf: 379499 | Hash: 0x0120BE24 | Rollbacks: 59 (Resim:  63) | Stalls:  0
[BOT:50005] Heartbeat - Sparse Mods Tracked: 2048
[HEARTBEAT] Node: 1 | Tick: 379561 | Conf: 379559 | Hash: 0x73E91F4C | Rollbacks: 54 (Resim:  70) | Stalls:  0
[HEARTBEAT] Node: 1 | Tick: 379621 | Conf: 379619 | Hash: 0xA4F305E8 | Rollbacks: 47 (Resim:  47) | Stalls:  0
[HEARTBEAT] Node: 1 | Tick: 379681 | Conf: 379679 | Hash: 0xDBE110C3 | Rollbacks: 59 (Resim:  61) | Stalls:  0
[HEARTBEAT] Node: 1 | Tick: 379741 | Conf: 379739 | Hash: 0x8A6D714B | Rollbacks: 58 (Resim:  81) | Stalls:  0
[HEARTBEAT] Node: 1 | Tick: 379801 | Conf: 379799 | Hash: 0x0D41B63F | Rollbacks: 45 (Resim:  45) | Stalls:  0
[HEARTBEAT] Node: 1 | Tick: 379861 | Conf: 379859 | Hash: 0x9C5BCC6E | Rollbacks: 52 (Resim:  52) | Stalls:  0
[HEARTBEAT] Node: 1 | Tick: 379921 | Conf: 379918 | Hash: 0x8E56F8A9 | Rollbacks: 58 (Resim:  69) | Stalls:  0
[HEARTBEAT] Node: 1 | Tick: 379981 | Conf: 379979 | Hash: 0xE10856D7 | Rollbacks: 59 (Resim:  77) | Stalls:  0
[HEARTBEAT] Node: 1 | Tick: 380041 | Conf: 380039 | Hash: 0xC583CBD5 | Rollbacks: 37 (Resim:  37) | Stalls:  0
[HEARTBEAT] Node: 1 | Tick: 380101 | Conf: 380099 | Hash: 0x4958E27F | Rollbacks: 50 (Resim:  50) | Stalls:  0
[BOT:50005] Heartbeat - Sparse Mods Tracked: 2048
[HEARTBEAT] Node: 1 | Tick: 380161 | Conf: 380159 | Hash: 0x3A613CE6 | Rollbacks: 56 (Resim:  58) | Stalls:  0
[HEARTBEAT] Node: 1 | Tick: 380221 | Conf: 380218 | Hash: 0x6C325FF0 | Rollbacks: 58 (Resim:  71) | Stalls:  0
[HEARTBEAT] Node: 1 | Tick: 380281 | Conf: 380279 | Hash: 0xACF4D547 | Rollbacks: 47 (Resim:  57) | Stalls:  0
[HEARTBEAT] Node: 1 | Tick: 380341 | Conf: 380339 | Hash: 0x8D19DB33 | Rollbacks: 48 (Resim:  48) | Stalls:  0
[HEARTBEAT] Node: 1 | Tick: 380401 | Conf: 380399 | Hash: 0x6BB577C6 | Rollbacks: 59 (Resim:  71) | Stalls:  0
[HEARTBEAT] Node: 1 | Tick: 380461 | Conf: 380459 | Hash: 0x1800782C | Rollbacks: 44 (Resim:  54) | Stalls:  0
[HEARTBEAT] Node: 1 | Tick: 380521 | Conf: 380519 | Hash: 0x29E117B3 | Rollbacks: 46 (Resim:  46) | Stalls:  0
[HEARTBEAT] Node: 1 | Tick: 380581 | Conf: 380579 | Hash: 0x6BC212EB | Rollbacks: 53 (Resim:  53) | Stalls:  0
[HEARTBEAT] Node: 1 | Tick: 380641 | Conf: 380638 | Hash: 0x6503A31F | Rollbacks: 58 (Resim:  70) | Stalls:  0
[BOT:50005] Heartbeat - Sparse Mods Tracked: 2048
[HEARTBEAT] Node: 1 | Tick: 380701 | Conf: 380699 | Hash: 0xF626E076 | Rollbacks: 54 (Resim:  68) | Stalls:  0
[HEARTBEAT] Node: 1 | Tick: 380761 | Conf: 380759 | Hash: 0x4CAFBDCB | Rollbacks: 45 (Resim:  45) | Stalls:  0
[HEARTBEAT] Node: 1 | Tick: 380821 | Conf: 380819 | Hash: 0x89CCDEE2 | Rollbacks: 59 (Resim:  60) | Stalls:  0
[HEARTBEAT] Node: 1 | Tick: 380881 | Conf: 380879 | Hash: 0xAC79B1CF | Rollbacks: 54 (Resim:  77) | Stalls:  0
[HEARTBEAT] Node: 1 | Tick: 380941 | Conf: 380939 | Hash: 0x7D0CB338 | Rollbacks: 48 (Resim:  48) | Stalls:  0
[HEARTBEAT] Node: 1 | Tick: 381001 | Conf: 380998 | Hash: 0x409FA1AB | Rollbacks: 56 (Resim:  63) | Stalls:  0
[HEARTBEAT] Node: 1 | Tick: 381061 | Conf: 381059 | Hash: 0xFA83F55C | Rollbacks: 58 (Resim:  69) | Stalls:  0
[HEARTBEAT] Node: 1 | Tick: 381121 | Conf: 381119 | Hash: 0x55DD9F86 | Rollbacks: 38 (Resim:  38) | Stalls:  0
[HEARTBEAT] Node: 1 | Tick: 381181 | Conf: 381179 | Hash: 0xB2AD4D8E | Rollbacks: 57 (Resim:  57) | Stalls:  0
[HEARTBEAT] Node: 1 | Tick: 381241 | Conf: 381238 | Hash: 0x21F621EC | Rollbacks: 58 (Resim:  74) | Stalls:  0
[BOT:50005] Heartbeat - Sparse Mods Tracked: 2048
[HEARTBEAT] Node: 1 | Tick: 381301 | Conf: 381299 | Hash: 0xB408B9AA | Rollbacks: 46 (Resim:  50) | Stalls:  0
[HEARTBEAT] Node: 1 | Tick: 381361 | Conf: 381359 | Hash: 0x0BF827DC | Rollbacks: 44 (Resim:  44) | Stalls:  0
[HEARTBEAT] Node: 1 | Tick: 381421 | Conf: 381419 | Hash: 0x092F4701 | Rollbacks: 59 (Resim:  66) | Stalls:  0
[HEARTBEAT] Node: 1 | Tick: 381481 | Conf: 381479 | Hash: 0x92CB56F0 | Rollbacks: 50 (Resim:  67) | Stalls:  0
[HEARTBEAT] Node: 1 | Tick: 381541 | Conf: 381539 | Hash: 0x7CFAB1EB | Rollbacks: 48 (Resim:  48) | Stalls:  0
[HEARTBEAT] Node: 1 | Tick: 381601 | Conf: 381599 | Hash: 0x5326F06C | Rollbacks: 54 (Resim:  62) | Stalls:  0
[HEARTBEAT] Node: 1 | Tick: 381661 | Conf: 381659 | Hash: 0x771962DF | Rollbacks: 54 (Resim:  66) | Stalls:  0
[HEARTBEAT] Node: 1 | Tick: 381721 | Conf: 381719 | Hash: 0x8B705F97 | Rollbacks: 44 (Resim:  46) | Stalls:  0
[HEARTBEAT] Node: 1 | Tick: 381781 | Conf: 381778 | Hash: 0x3B09D25B | Rollbacks: 57 (Resim:  57) | Stalls:  0
[HEARTBEAT] Node: 1 | Tick: 381841 | Conf: 381839 | Hash: 0x9740E169 | Rollbacks: 59 (Resim:  76) | Stalls:  0
[BOT:50005] Heartbeat - Sparse Mods Tracked: 2048
[HEARTBEAT] Node: 1 | Tick: 381901 | Conf: 381899 | Hash: 0x6B5FFBFA | Rollbacks: 50 (Resim:  50) | Stalls:  0
[HEARTBEAT] Node: 1 | Tick: 381961 | Conf: 381959 | Hash: 0xFAFC8956 | Rollbacks: 59 (Resim:  82) | Stalls:  0
[HEARTBEAT] Node: 1 | Tick: 382021 | Conf: 382019 | Hash: 0x5608DE33 | Rollbacks: 50 (Resim:  52) | Stalls:  0
[HEARTBEAT] Node: 1 | Tick: 382081 | Conf: 382079 | Hash: 0x9EDA77F9 | Rollbacks: 57 (Resim:  57) | Stalls:  0
[HEARTBEAT] Node: 1 | Tick: 382141 | Conf: 382138 | Hash: 0x0833BDD5 | Rollbacks: 58 (Resim:  71) | Stalls:  0
[HEARTBEAT] Node: 1 | Tick: 382201 | Conf: 382199 | Hash: 0x86E2A8B2 | Rollbacks: 46 (Resim:  53) | Stalls:  0
[HEARTBEAT] Node: 1 | Tick: 382261 | Conf: 382259 | Hash: 0xC669CDD5 | Rollbacks: 51 (Resim:  51) | Stalls:  0
[HEARTBEAT] Node: 1 | Tick: 382321 | Conf: 382319 | Hash: 0x712BF6F3 | Rollbacks: 59 (Resim:  78) | Stalls:  0
[HEARTBEAT] Node: 1 | Tick: 382381 | Conf: 382379 | Hash: 0x512F5957 | Rollbacks: 46 (Resim:  47) | Stalls:  0
[HEARTBEAT] Node: 1 | Tick: 382441 | Conf: 382439 | Hash: 0xFC221FA2 | Rollbacks: 48 (Resim:  48) | Stalls:  0
[BOT:50005] Heartbeat - Sparse Mods Tracked: 2048
[HEARTBEAT] Node: 1 | Tick: 382501 | Conf: 382499 | Hash: 0x0A474833 | Rollbacks: 55 (Resim:  60) | Stalls:  0
[HEARTBEAT] Node: 1 | Tick: 382561 | Conf: 382559 | Hash: 0x0F4B3C14 | Rollbacks: 45 (Resim:  47) | Stalls:  0
[HEARTBEAT] Node: 1 | Tick: 382621 | Conf: 382619 | Hash: 0x208C6328 | Rollbacks: 52 (Resim:  52) | Stalls:  0
[HEARTBEAT] Node: 1 | Tick: 382681 | Conf: 382679 | Hash: 0xD1896CCC | Rollbacks: 59 (Resim:  77) | Stalls:  0
[HEARTBEAT] Node: 1 | Tick: 382741 | Conf: 382739 | Hash: 0x045CEE9B | Rollbacks: 46 (Resim:  47) | Stalls:  0
[HEARTBEAT] Node: 1 | Tick: 382801 | Conf: 382799 | Hash: 0x3BA6ABEA | Rollbacks: 51 (Resim:  51) | Stalls:  0
[HEARTBEAT] Node: 1 | Tick: 382861 | Conf: 382858 | Hash: 0x4951B252 | Rollbacks: 58 (Resim:  71) | Stalls:  0
[HEARTBEAT] Node: 1 | Tick: 382921 | Conf: 382919 | Hash: 0xC349250B | Rollbacks: 56 (Resim:  62) | Stalls:  0
[HEARTBEAT] Node: 1 | Tick: 382981 | Conf: 382979 | Hash: 0x69BF7C6A | Rollbacks: 50 (Resim:  50) | Stalls:  0
[HEARTBEAT] Node: 1 | Tick: 383041 | Conf: 383038 | Hash: 0x5F4EFEC3 | Rollbacks: 58 (Resim:  67) | Stalls:  0
[BOT:50005] Heartbeat - Sparse Mods Tracked: 2048
[HEARTBEAT] Node: 1 | Tick: 383101 | Conf: 383099 | Hash: 0xA59B181B | Rollbacks: 48 (Resim:  61) | Stalls:  0
[HEARTBEAT] Node: 1 | Tick: 383161 | Conf: 383159 | Hash: 0x501097F7 | Rollbacks: 52 (Resim:  52) | Stalls:  0
[HEARTBEAT] Node: 1 | Tick: 383221 | Conf: 383219 | Hash: 0x725CAA71 | Rollbacks: 46 (Resim:  46) | Stalls:  0
[HEARTBEAT] Node: 1 | Tick: 383281 | Conf: 383279 | Hash: 0xF34718A3 | Rollbacks: 59 (Resim:  68) | Stalls:  0
[HEARTBEAT] Node: 1 | Tick: 383341 | Conf: 383339 | Hash: 0xCBA64068 | Rollbacks: 48 (Resim:  62) | Stalls:  0
[HEARTBEAT] Node: 1 | Tick: 383401 | Conf: 383399 | Hash: 0x4252EB0D | Rollbacks: 52 (Resim:  52) | Stalls:  0
[HEARTBEAT] Node: 1 | Tick: 383461 | Conf: 383459 | Hash: 0x9F49A803 | Rollbacks: 59 (Resim:  69) | Stalls:  0
[HEARTBEAT] Node: 1 | Tick: 383521 | Conf: 383518 | Hash: 0x55F65015 | Rollbacks: 48 (Resim:  60) | Stalls:  0
[HEARTBEAT] Node: 1 | Tick: 383581 | Conf: 383579 | Hash: 0x8515B969 | Rollbacks: 49 (Resim:  50) | Stalls:  0
[BOT:50005] Heartbeat - Sparse Mods Tracked: 2048
[HEARTBEAT] Node: 1 | Tick: 383641 | Conf: 383639 | Hash: 0xC1966910 | Rollbacks: 48 (Resim:  48) | Stalls:  0
[HEARTBEAT] Node: 1 | Tick: 383701 | Conf: 383699 | Hash: 0xF0F1C1B3 | Rollbacks: 59 (Resim:  66) | Stalls:  0
[HEARTBEAT] Node: 1 | Tick: 383761 | Conf: 383759 | Hash: 0xDEAE4F32 | Rollbacks: 54 (Resim:  72) | Stalls:  0
[HEARTBEAT] Node: 1 | Tick: 383821 | Conf: 383819 | Hash: 0x4E4EB306 | Rollbacks: 50 (Resim:  50) | Stalls:  0
[HEARTBEAT] Node: 1 | Tick: 383881 | Conf: 383878 | Hash: 0x86BAA9F6 | Rollbacks: 58 (Resim:  75) | Stalls:  0
[HEARTBEAT] Node: 1 | Tick: 383941 | Conf: 383939 | Hash: 0xBFEAD194 | Rollbacks: 54 (Resim:  62) | Stalls:  0
[HEARTBEAT] Node: 1 | Tick: 384001 | Conf: 383999 | Hash: 0x6456A9C2 | Rollbacks: 52 (Resim:  52) | Stalls:  0
[HEARTBEAT] Node: 1 | Tick: 384061 | Conf: 384059 | Hash: 0x8205F12A | Rollbacks: 59 (Resim:  65) | Stalls:  0
[HEARTBEAT] Node: 1 | Tick: 384121 | Conf: 384119 | Hash: 0x9C6C86D4 | Rollbacks: 49 (Resim:  62) | Stalls:  0
[HEARTBEAT] Node: 1 | Tick: 384181 | Conf: 384179 | Hash: 0xCC2753CA | Rollbacks: 50 (Resim:  50) | Stalls:  0
[BOT:50005] Heartbeat - Sparse Mods Tracked: 2048
[HEARTBEAT] Node: 1 | Tick: 384241 | Conf: 384238 | Hash: 0x67472686 | Rollbacks: 59 (Resim:  66) | Stalls:  0
[HEARTBEAT] Node: 1 | Tick: 384301 | Conf: 384299 | Hash: 0x7E6A71D0 | Rollbacks: 51 (Resim:  64) | Stalls:  0
[HEARTBEAT] Node: 1 | Tick: 384361 | Conf: 384359 | Hash: 0x67D6464E | Rollbacks: 40 (Resim:  40) | Stalls:  0
[HEARTBEAT] Node: 1 | Tick: 384421 | Conf: 384419 | Hash: 0x3C477974 | Rollbacks: 45 (Resim:  50) | Stalls:  0
[HEARTBEAT] Node: 1 | Tick: 384481 | Conf: 384479 | Hash: 0xDBFE0DBE | Rollbacks: 39 (Resim:  39) | Stalls:  0
[HEARTBEAT] Node: 1 | Tick: 384541 | Conf: 384539 | Hash: 0x1A34CA7B | Rollbacks: 59 (Resim:  60) | Stalls:  0
[HEARTBEAT] Node: 1 | Tick: 384601 | Conf: 384599 | Hash: 0x7D3182E3 | Rollbacks: 50 (Resim:  61) | Stalls:  0
[HEARTBEAT] Node: 1 | Tick: 384661 | Conf: 384659 | Hash: 0x6EC225D6 | Rollbacks: 59 (Resim:  60) | Stalls:  0
[HEARTBEAT] Node: 1 | Tick: 384721 | Conf: 384719 | Hash: 0xE7BD4B8C | Rollbacks: 56 (Resim:  81) | Stalls:  0
[HEARTBEAT] Node: 1 | Tick: 384781 | Conf: 384779 | Hash: 0x9B465C79 | Rollbacks: 49 (Resim:  49) | Stalls:  0
[BOT:50005] Heartbeat - Sparse Mods Tracked: 2048
[HEARTBEAT] Node: 1 | Tick: 384841 | Conf: 384838 | Hash: 0xC1D5F594 | Rollbacks: 58 (Resim:  64) | Stalls:  0
[HEARTBEAT] Node: 1 | Tick: 384901 | Conf: 384899 | Hash: 0x0D21C4DF | Rollbacks: 59 (Resim:  74) | Stalls:  0
[HEARTBEAT] Node: 1 | Tick: 384961 | Conf: 384958 | Hash: 0xF12CC37E | Rollbacks: 56 (Resim:  62) | Stalls:  0
[HEARTBEAT] Node: 1 | Tick: 385021 | Conf: 385019 | Hash: 0xFE7C64FF | Rollbacks: 59 (Resim:  71) | Stalls:  0
[HEARTBEAT] Node: 1 | Tick: 385081 | Conf: 385079 | Hash: 0xFC8ACC0E | Rollbacks: 53 (Resim:  56) | Stalls:  0
[HEARTBEAT] Node: 1 | Tick: 385141 | Conf: 385139 | Hash: 0x8E324A53 | Rollbacks: 58 (Resim:  68) | Stalls:  0
[HEARTBEAT] Node: 1 | Tick: 385201 | Conf: 385199 | Hash: 0xBF34B7BB | Rollbacks: 37 (Resim:  39) | Stalls:  0
[HEARTBEAT] Node: 1 | Tick: 385261 | Conf: 385259 | Hash: 0x274506CB | Rollbacks: 56 (Resim:  56) | Stalls:  0
[HEARTBEAT] Node: 1 | Tick: 385321 | Conf: 385319 | Hash: 0xF44082C9 | Rollbacks: 59 (Resim:  71) | Stalls:  0
[HEARTBEAT] Node: 1 | Tick: 385381 | Conf: 385379 | Hash: 0xCF261E4F | Rollbacks: 52 (Resim:  62) | Stalls:  0
[BOT:50005] Heartbeat - Sparse Mods Tracked: 2048
[HEARTBEAT] Node: 1 | Tick: 385441 | Conf: 385439 | Hash: 0x36334B9A | Rollbacks: 50 (Resim:  50) | Stalls:  0
[HEARTBEAT] Node: 1 | Tick: 385501 | Conf: 385498 | Hash: 0x18D867E6 | Rollbacks: 58 (Resim:  70) | Stalls:  0
[HEARTBEAT] Node: 1 | Tick: 385561 | Conf: 385559 | Hash: 0x55838B1C | Rollbacks: 48 (Resim:  55) | Stalls:  0
[HEARTBEAT] Node: 1 | Tick: 385621 | Conf: 385619 | Hash: 0x0916F0E6 | Rollbacks: 54 (Resim:  54) | Stalls:  0
[HEARTBEAT] Node: 1 | Tick: 385681 | Conf: 385678 | Hash: 0x38E617E3 | Rollbacks: 58 (Resim:  73) | Stalls:  0
[HEARTBEAT] Node: 1 | Tick: 385741 | Conf: 385739 | Hash: 0x0A02D5EB | Rollbacks: 59 (Resim:  69) | Stalls:  0
[HEARTBEAT] Node: 1 | Tick: 385801 | Conf: 385799 | Hash: 0xE10FA037 | Rollbacks: 48 (Resim:  48) | Stalls:  0
[HEARTBEAT] Node: 1 | Tick: 385861 | Conf: 385859 | Hash: 0xF36AB6AB | Rollbacks: 59 (Resim:  73) | Stalls:  0
[HEARTBEAT] Node: 1 | Tick: 385921 | Conf: 385919 | Hash: 0x8C3CA940 | Rollbacks: 51 (Resim:  55) | Stalls:  0
[HEARTBEAT] Node: 1 | Tick: 385981 | Conf: 385979 | Hash: 0x4C5FC663 | Rollbacks: 59 (Resim:  60) | Stalls:  0
[BOT:50005] Heartbeat - Sparse Mods Tracked: 2048
[HEARTBEAT] Node: 1 | Tick: 386041 | Conf: 386039 | Hash: 0x15D23A38 | Rollbacks: 53 (Resim:  75) | Stalls:  0
[HEARTBEAT] Node: 1 | Tick: 386101 | Conf: 386099 | Hash: 0x78839E6B | Rollbacks: 51 (Resim:  51) | Stalls:  0
[HEARTBEAT] Node: 1 | Tick: 386161 | Conf: 386159 | Hash: 0x4C9564EA | Rollbacks: 58 (Resim:  68) | Stalls:  0
[HEARTBEAT] Node: 1 | Tick: 386221 | Conf: 386219 | Hash: 0xDD38ADAD | Rollbacks: 53 (Resim:  53) | Stalls:  0
[HEARTBEAT] Node: 1 | Tick: 386281 | Conf: 386278 | Hash: 0xFA8D5E80 | Rollbacks: 58 (Resim:  73) | Stalls:  0
[HEARTBEAT] Node: 1 | Tick: 386341 | Conf: 386339 | Hash: 0xD539ADD9 | Rollbacks: 59 (Resim:  70) | Stalls:  0
[HEARTBEAT] Node: 1 | Tick: 386401 | Conf: 386398 | Hash: 0x1A46FC99 | Rollbacks: 58 (Resim:  73) | Stalls:  0
[HEARTBEAT] Node: 1 | Tick: 386461 | Conf: 386459 | Hash: 0x44CEA477 | Rollbacks: 54 (Resim:  63) | Stalls:  0
[HEARTBEAT] Node: 1 | Tick: 386521 | Conf: 386519 | Hash: 0x798037C7 | Rollbacks: 43 (Resim:  47) | Stalls:  0
[BOT:50005] Heartbeat - Sparse Mods Tracked: 2048
[HEARTBEAT] Node: 1 | Tick: 386581 | Conf: 386579 | Hash: 0xC041E882 | Rollbacks: 58 (Resim:  58) | Stalls:  0
[HEARTBEAT] Node: 1 | Tick: 386641 | Conf: 386639 | Hash: 0xEAA5D89E | Rollbacks: 59 (Resim:  73) | Stalls:  0
[HEARTBEAT] Node: 1 | Tick: 386701 | Conf: 386699 | Hash: 0x49A6E148 | Rollbacks: 48 (Resim:  54) | Stalls:  0
[HEARTBEAT] Node: 1 | Tick: 386761 | Conf: 386759 | Hash: 0xB59495ED | Rollbacks: 57 (Resim:  57) | Stalls:  0
[HEARTBEAT] Node: 1 | Tick: 386821 | Conf: 386818 | Hash: 0x0323FDBC | Rollbacks: 58 (Resim:  76) | Stalls:  0
[HEARTBEAT] Node: 1 | Tick: 386881 | Conf: 386879 | Hash: 0xF1FE78E7 | Rollbacks: 48 (Resim:  49) | Stalls:  0
[HEARTBEAT] Node: 1 | Tick: 386941 | Conf: 386939 | Hash: 0x09D7F915 | Rollbacks: 52 (Resim:  57) | Stalls:  0
[HEARTBEAT] Node: 1 | Tick: 387001 | Conf: 386999 | Hash: 0x1EC035B7 | Rollbacks: 57 (Resim:  72) | Stalls:  0
[HEARTBEAT] Node: 1 | Tick: 387061 | Conf: 387059 | Hash: 0xFBB806DB | Rollbacks: 40 (Resim:  40) | Stalls:  0
[HEARTBEAT] Node: 1 | Tick: 387121 | Conf: 387119 | Hash: 0xA79DC66C | Rollbacks: 59 (Resim:  65) | Stalls:  0
[BOT:50005] Heartbeat - Sparse Mods Tracked: 2048
[HEARTBEAT] Node: 1 | Tick: 387181 | Conf: 387179 | Hash: 0xBF7A9937 | Rollbacks: 48 (Resim:  57) | Stalls:  0
[HEARTBEAT] Node: 1 | Tick: 387241 | Conf: 387239 | Hash: 0x7741AEB6 | Rollbacks: 54 (Resim:  54) | Stalls:  0
[HEARTBEAT] Node: 1 | Tick: 387301 | Conf: 387298 | Hash: 0x24D8A94A | Rollbacks: 59 (Resim:  66) | Stalls:  0
[HEARTBEAT] Node: 1 | Tick: 387361 | Conf: 387359 | Hash: 0x66ADBB02 | Rollbacks: 54 (Resim:  70) | Stalls:  0
[HEARTBEAT] Node: 1 | Tick: 387421 | Conf: 387419 | Hash: 0x5A5E2389 | Rollbacks: 37 (Resim:  37) | Stalls:  0
[HEARTBEAT] Node: 1 | Tick: 387481 | Conf: 387479 | Hash: 0xCA210E0D | Rollbacks: 54 (Resim:  54) | Stalls:  0
[HEARTBEAT] Node: 1 | Tick: 387541 | Conf: 387538 | Hash: 0x0C3A0AA0 | Rollbacks: 59 (Resim:  65) | Stalls:  0
[HEARTBEAT] Node: 1 | Tick: 387601 | Conf: 387599 | Hash: 0x1540C45A | Rollbacks: 59 (Resim:  67) | Stalls:  0
[HEARTBEAT] Node: 1 | Tick: 387661 | Conf: 387659 | Hash: 0xC5262BE1 | Rollbacks: 53 (Resim:  63) | Stalls:  0
[HEARTBEAT] Node: 1 | Tick: 387721 | Conf: 387719 | Hash: 0x4D275D86 | Rollbacks: 59 (Resim:  65) | Stalls:  0
[BOT:50005] Heartbeat - Sparse Mods Tracked: 2048
[HEARTBEAT] Node: 1 | Tick: 387781 | Conf: 387779 | Hash: 0x5A93595C | Rollbacks: 52 (Resim:  56) | Stalls:  0
[HEARTBEAT] Node: 1 | Tick: 387841 | Conf: 387839 | Hash: 0x287C3843 | Rollbacks: 59 (Resim:  85) | Stalls:  0
[HEARTBEAT] Node: 1 | Tick: 387901 | Conf: 387899 | Hash: 0xBDC3FB54 | Rollbacks: 49 (Resim:  52) | Stalls:  0
[HEARTBEAT] Node: 1 | Tick: 387961 | Conf: 387959 | Hash: 0x9E8DBEFF | Rollbacks: 55 (Resim:  55) | Stalls:  0
[HEARTBEAT] Node: 1 | Tick: 388021 | Conf: 388019 | Hash: 0x5C576FD6 | Rollbacks: 45 (Resim:  49) | Stalls:  0
[HEARTBEAT] Node: 1 | Tick: 388081 | Conf: 388079 | Hash: 0x49EF8D34 | Rollbacks: 50 (Resim:  50) | Stalls:  0
[HEARTBEAT] Node: 1 | Tick: 388141 | Conf: 388139 | Hash: 0xDA01E1CE | Rollbacks: 58 (Resim:  77) | Stalls:  0
[HEARTBEAT] Node: 1 | Tick: 388201 | Conf: 388199 | Hash: 0x0ED7BF5F | Rollbacks: 49 (Resim:  49) | Stalls:  0
[HEARTBEAT] Node: 1 | Tick: 388261 | Conf: 388258 | Hash: 0x22F82ED6 | Rollbacks: 56 (Resim:  59) | Stalls:  0
[HEARTBEAT] Node: 1 | Tick: 388321 | Conf: 388319 | Hash: 0x50A1AAE4 | Rollbacks: 59 (Resim:  75) | Stalls:  0
[BOT:50005] Heartbeat - Sparse Mods Tracked: 2048
[HEARTBEAT] Node: 1 | Tick: 388381 | Conf: 388379 | Hash: 0xE8F08DDE | Rollbacks: 51 (Resim:  53) | Stalls:  0
[HEARTBEAT] Node: 1 | Tick: 388441 | Conf: 388439 | Hash: 0x50CA0CE1 | Rollbacks: 58 (Resim:  77) | Stalls:  0
[HEARTBEAT] Node: 1 | Tick: 388501 | Conf: 388499 | Hash: 0x3CBE2082 | Rollbacks: 50 (Resim:  53) | Stalls:  0
[HEARTBEAT] Node: 1 | Tick: 388561 | Conf: 388559 | Hash: 0x1EA5168B | Rollbacks: 59 (Resim:  60) | Stalls:  0
[HEARTBEAT] Node: 1 | Tick: 388621 | Conf: 388619 | Hash: 0xADD7BEA9 | Rollbacks: 58 (Resim:  75) | Stalls:  0
[HEARTBEAT] Node: 1 | Tick: 388681 | Conf: 388679 | Hash: 0x519E9664 | Rollbacks: 50 (Resim:  50) | Stalls:  0
[HEARTBEAT] Node: 1 | Tick: 388741 | Conf: 388738 | Hash: 0x54022C90 | Rollbacks: 57 (Resim:  64) | Stalls:  0
[HEARTBEAT] Node: 1 | Tick: 388801 | Conf: 388799 | Hash: 0x82B377FF | Rollbacks: 54 (Resim:  67) | Stalls:  0
[HEARTBEAT] Node: 1 | Tick: 388861 | Conf: 388859 | Hash: 0x941FD0F6 | Rollbacks: 42 (Resim:  42) | Stalls:  0
[HEARTBEAT] Node: 1 | Tick: 388921 | Conf: 388919 | Hash: 0xFAE71D52 | Rollbacks: 53 (Resim:  53) | Stalls:  0
[BOT:50005] Heartbeat - Sparse Mods Tracked: 2048
[HEARTBEAT] Node: 1 | Tick: 388981 | Conf: 388978 | Hash: 0xD56188D3 | Rollbacks: 59 (Resim:  61) | Stalls:  0
[HEARTBEAT] Node: 1 | Tick: 389041 | Conf: 389039 | Hash: 0x2FE0A515 | Rollbacks: 59 (Resim:  76) | Stalls:  0
[HEARTBEAT] Node: 1 | Tick: 389101 | Conf: 389099 | Hash: 0xE6C44C52 | Rollbacks: 44 (Resim:  44) | Stalls:  0
[HEARTBEAT] Node: 1 | Tick: 389161 | Conf: 389159 | Hash: 0xE40B985B | Rollbacks: 56 (Resim:  64) | Stalls:  0
[HEARTBEAT] Node: 1 | Tick: 389221 | Conf: 389219 | Hash: 0x7B6AB549 | Rollbacks: 53 (Resim:  63) | Stalls:  0
[HEARTBEAT] Node: 1 | Tick: 389281 | Conf: 389279 | Hash: 0x95A974B8 | Rollbacks: 55 (Resim:  60) | Stalls:  0
[HEARTBEAT] Node: 1 | Tick: 389341 | Conf: 389339 | Hash: 0x5B1B8D47 | Rollbacks: 50 (Resim:  67) | Stalls:  0
[HEARTBEAT] Node: 1 | Tick: 389401 | Conf: 389399 | Hash: 0xC33FF56F | Rollbacks: 46 (Resim:  49) | Stalls:  0
[HEARTBEAT] Node: 1 | Tick: 389461 | Conf: 389459 | Hash: 0xEA80D217 | Rollbacks: 50 (Resim:  50) | Stalls:  0
[HEARTBEAT] Node: 1 | Tick: 389521 | Conf: 389518 | Hash: 0x1ABA769E | Rollbacks: 59 (Resim:  64) | Stalls:  0
[BOT:50005] Heartbeat - Sparse Mods Tracked: 2048
[HEARTBEAT] Node: 1 | Tick: 389581 | Conf: 389579 | Hash: 0x96022C91 | Rollbacks: 56 (Resim:  74) | Stalls:  0
[HEARTBEAT] Node: 1 | Tick: 389641 | Conf: 389639 | Hash: 0xC6153741 | Rollbacks: 41 (Resim:  44) | Stalls:  0
[HEARTBEAT] Node: 1 | Tick: 389701 | Conf: 389699 | Hash: 0x1AFF9329 | Rollbacks: 57 (Resim:  57) | Stalls:  0
[HEARTBEAT] Node: 1 | Tick: 389761 | Conf: 389758 | Hash: 0x35E6705F | Rollbacks: 58 (Resim:  62) | Stalls:  0
[HEARTBEAT] Node: 1 | Tick: 389821 | Conf: 389819 | Hash: 0x06041876 | Rollbacks: 54 (Resim:  78) | Stalls:  0
[HEARTBEAT] Node: 1 | Tick: 389881 | Conf: 389879 | Hash: 0x6230BA87 | Rollbacks: 45 (Resim:  45) | Stalls:  0
[HEARTBEAT] Node: 1 | Tick: 389941 | Conf: 389939 | Hash: 0x650E6858 | Rollbacks: 40 (Resim:  43) | Stalls:  0
[HEARTBEAT] Node: 1 | Tick: 390001 | Conf: 389999 | Hash: 0x0119FA32 | Rollbacks: 51 (Resim:  51) | Stalls:  0
[HEARTBEAT] Node: 1 | Tick: 390061 | Conf: 390059 | Hash: 0x33468C52 | Rollbacks: 59 (Resim:  60) | Stalls:  0
[BOT:50005] Heartbeat - Sparse Mods Tracked: 2048
[HEARTBEAT] Node: 1 | Tick: 390121 | Conf: 390119 | Hash: 0x7016D937 | Rollbacks: 53 (Resim:  71) | Stalls:  0
[HEARTBEAT] Node: 1 | Tick: 390181 | Conf: 390179 | Hash: 0x2E1D1D8F | Rollbacks: 53 (Resim:  53) | Stalls:  0
[HEARTBEAT] Node: 1 | Tick: 390241 | Conf: 390238 | Hash: 0x33EFAAD5 | Rollbacks: 58 (Resim:  66) | Stalls:  0
[HEARTBEAT] Node: 1 | Tick: 390301 | Conf: 390299 | Hash: 0xB733F9E0 | Rollbacks: 58 (Resim:  71) | Stalls:  0
[HEARTBEAT] Node: 1 | Tick: 390361 | Conf: 390359 | Hash: 0x25D9812A | Rollbacks: 48 (Resim:  48) | Stalls:  0
[HEARTBEAT] Node: 1 | Tick: 390421 | Conf: 390419 | Hash: 0x13EF85C9 | Rollbacks: 56 (Resim:  68) | Stalls:  0
[HEARTBEAT] Node: 1 | Tick: 390481 | Conf: 390479 | Hash: 0xE1626ECC | Rollbacks: 53 (Resim:  62) | Stalls:  0
[HEARTBEAT] Node: 1 | Tick: 390541 | Conf: 390539 | Hash: 0xF83A002C | Rollbacks: 42 (Resim:  44) | Stalls:  0
[HEARTBEAT] Node: 1 | Tick: 390601 | Conf: 390599 | Hash: 0x2F2A8B10 | Rollbacks: 55 (Resim:  55) | Stalls:  0
[HEARTBEAT] Node: 1 | Tick: 390661 | Conf: 390658 | Hash: 0x44E39370 | Rollbacks: 58 (Resim:  66) | Stalls:  0
[BOT:50005] Heartbeat - Sparse Mods Tracked: 2048
[HEARTBEAT] Node: 1 | Tick: 390721 | Conf: 390719 | Hash: 0xC2541753 | Rollbacks: 55 (Resim:  74) | Stalls:  0
[HEARTBEAT] Node: 1 | Tick: 390781 | Conf: 390779 | Hash: 0x0A2514FB | Rollbacks: 46 (Resim:  46) | Stalls:  0
[HEARTBEAT] Node: 1 | Tick: 390841 | Conf: 390839 | Hash: 0x2F067FC2 | Rollbacks: 55 (Resim:  56) | Stalls:  0
[HEARTBEAT] Node: 1 | Tick: 390901 | Conf: 390899 | Hash: 0x0DE2FAFE | Rollbacks: 59 (Resim:  72) | Stalls:  0
[HEARTBEAT] Node: 1 | Tick: 390961 | Conf: 390959 | Hash: 0x68D12123 | Rollbacks: 49 (Resim:  53) | Stalls:  0
[HEARTBEAT] Node: 1 | Tick: 391021 | Conf: 391019 | Hash: 0xB8396003 | Rollbacks: 59 (Resim:  59) | Stalls:  0
[HEARTBEAT] Node: 1 | Tick: 391081 | Conf: 391079 | Hash: 0xDBDF2D2F | Rollbacks: 58 (Resim:  77) | Stalls:  0
[HEARTBEAT] Node: 1 | Tick: 391141 | Conf: 391139 | Hash: 0xDAA684DE | Rollbacks: 48 (Resim:  48) | Stalls:  0
[HEARTBEAT] Node: 1 | Tick: 391201 | Conf: 391198 | Hash: 0xD46F7DA9 | Rollbacks: 58 (Resim:  70) | Stalls:  0
[HEARTBEAT] Node: 1 | Tick: 391261 | Conf: 391259 | Hash: 0x167CC6EB | Rollbacks: 59 (Resim:  73) | Stalls:  0
[BOT:50005] Heartbeat - Sparse Mods Tracked: 2048
[HEARTBEAT] Node: 1 | Tick: 391321 | Conf: 391319 | Hash: 0x233656EB | Rollbacks: 47 (Resim:  47) | Stalls:  0
[HEARTBEAT] Node: 1 | Tick: 391381 | Conf: 391379 | Hash: 0xF5F6DDD7 | Rollbacks: 59 (Resim:  60) | Stalls:  0
[HEARTBEAT] Node: 1 | Tick: 391441 | Conf: 391439 | Hash: 0xC893BFA5 | Rollbacks: 58 (Resim:  84) | Stalls:  0
[HEARTBEAT] Node: 1 | Tick: 391501 | Conf: 391499 | Hash: 0x4DC308CA | Rollbacks: 47 (Resim:  47) | Stalls:  0
[HEARTBEAT] Node: 1 | Tick: 391561 | Conf: 391559 | Hash: 0xD7D4D0DC | Rollbacks: 50 (Resim:  50) | Stalls:  0
[HEARTBEAT] Node: 1 | Tick: 391621 | Conf: 391618 | Hash: 0x5AD91FA1 | Rollbacks: 57 (Resim:  63) | Stalls:  0
[HEARTBEAT] Node: 1 | Tick: 391681 | Conf: 391679 | Hash: 0x0719FFA3 | Rollbacks: 58 (Resim:  73) | Stalls:  0
[HEARTBEAT] Node: 1 | Tick: 391741 | Conf: 391739 | Hash: 0xB55026DF | Rollbacks: 40 (Resim:  40) | Stalls:  0
[HEARTBEAT] Node: 1 | Tick: 391801 | Conf: 391799 | Hash: 0xD5763FE0 | Rollbacks: 59 (Resim:  59) | Stalls:  0
[HEARTBEAT] Node: 1 | Tick: 391861 | Conf: 391859 | Hash: 0x53592FA5 | Rollbacks: 58 (Resim:  81) | Stalls:  0
[BOT:50005] Heartbeat - Sparse Mods Tracked: 2048
[HEARTBEAT] Node: 1 | Tick: 391921 | Conf: 391919 | Hash: 0x4B80F340 | Rollbacks: 41 (Resim:  43) | Stalls:  0
[HEARTBEAT] Node: 1 | Tick: 391981 | Conf: 391979 | Hash: 0xA636586C | Rollbacks: 48 (Resim:  50) | Stalls:  0
[HEARTBEAT] Node: 1 | Tick: 392041 | Conf: 392039 | Hash: 0xA1938C97 | Rollbacks: 56 (Resim:  61) | Stalls:  0
[HEARTBEAT] Node: 1 | Tick: 392101 | Conf: 392099 | Hash: 0xD3F04FD3 | Rollbacks: 59 (Resim:  76) | Stalls:  0
[HEARTBEAT] Node: 1 | Tick: 392161 | Conf: 392159 | Hash: 0x047F5A46 | Rollbacks: 49 (Resim:  51) | Stalls:  0
[HEARTBEAT] Node: 1 | Tick: 392221 | Conf: 392219 | Hash: 0x082E1BD5 | Rollbacks: 49 (Resim:  49) | Stalls:  0
[HEARTBEAT] Node: 1 | Tick: 392281 | Conf: 392279 | Hash: 0xD20DAD5D | Rollbacks: 58 (Resim:  68) | Stalls:  0
[HEARTBEAT] Node: 1 | Tick: 392341 | Conf: 392339 | Hash: 0xC2FCEBFC | Rollbacks: 56 (Resim:  73) | Stalls:  0
[HEARTBEAT] Node: 1 | Tick: 392401 | Conf: 392399 | Hash: 0x36898B39 | Rollbacks: 47 (Resim:  47) | Stalls:  0
[HEARTBEAT] Node: 1 | Tick: 392461 | Conf: 392459 | Hash: 0x26242AB7 | Rollbacks: 60 (Resim:  60) | Stalls:  0
[BOT:50005] Heartbeat - Sparse Mods Tracked: 2048
[HEARTBEAT] Node: 1 | Tick: 392521 | Conf: 392518 | Hash: 0x3CA5ACAE | Rollbacks: 58 (Resim:  81) | Stalls:  0
[HEARTBEAT] Node: 1 | Tick: 392581 | Conf: 392579 | Hash: 0xCEDFB744 | Rollbacks: 51 (Resim:  54) | Stalls:  0
[HEARTBEAT] Node: 1 | Tick: 392641 | Conf: 392638 | Hash: 0x295E93B4 | Rollbacks: 59 (Resim:  67) | Stalls:  0
[HEARTBEAT] Node: 1 | Tick: 392701 | Conf: 392699 | Hash: 0x0EA44403 | Rollbacks: 57 (Resim:  65) | Stalls:  0
[HEARTBEAT] Node: 1 | Tick: 392761 | Conf: 392759 | Hash: 0x9E8B6E7A | Rollbacks: 47 (Resim:  47) | Stalls:  0
[HEARTBEAT] Node: 1 | Tick: 392821 | Conf: 392819 | Hash: 0x566F2283 | Rollbacks: 59 (Resim:  64) | Stalls:  0
[HEARTBEAT] Node: 1 | Tick: 392881 | Conf: 392879 | Hash: 0x6B410C16 | Rollbacks: 50 (Resim:  66) | Stalls:  0
[HEARTBEAT] Node: 1 | Tick: 392941 | Conf: 392939 | Hash: 0x5F839FA9 | Rollbacks: 49 (Resim:  49) | Stalls:  0
[HEARTBEAT] Node: 1 | Tick: 393001 | Conf: 392998 | Hash: 0x9AFC0E4C | Rollbacks: 58 (Resim:  71) | Stalls:  0
[BOT:50005] Heartbeat - Sparse Mods Tracked: 2048
[HEARTBEAT] Node: 1 | Tick: 393061 | Conf: 393059 | Hash: 0x9F81D8E0 | Rollbacks: 53 (Resim:  57) | Stalls:  0
[HEARTBEAT] Node: 1 | Tick: 393121 | Conf: 393119 | Hash: 0x53214DD1 | Rollbacks: 55 (Resim:  55) | Stalls:  0
[HEARTBEAT] Node: 1 | Tick: 393181 | Conf: 393179 | Hash: 0xF43888AB | Rollbacks: 59 (Resim:  78) | Stalls:  0
[HEARTBEAT] Node: 1 | Tick: 393241 | Conf: 393239 | Hash: 0x6EC95746 | Rollbacks: 49 (Resim:  51) | Stalls:  0
[HEARTBEAT] Node: 1 | Tick: 393301 | Conf: 393298 | Hash: 0x8D33D146 | Rollbacks: 58 (Resim:  58) | Stalls:  0
[HEARTBEAT] Node: 1 | Tick: 393361 | Conf: 393359 | Hash: 0xCDFF78E8 | Rollbacks: 59 (Resim:  83) | Stalls:  0
[HEARTBEAT] Node: 1 | Tick: 393421 | Conf: 393419 | Hash: 0xF0BEE946 | Rollbacks: 46 (Resim:  46) | Stalls:  0
[HEARTBEAT] Node: 1 | Tick: 393481 | Conf: 393479 | Hash: 0x03AF7436 | Rollbacks: 55 (Resim:  63) | Stalls:  0
[HEARTBEAT] Node: 1 | Tick: 393541 | Conf: 393539 | Hash: 0xC6C23D5C | Rollbacks: 51 (Resim:  57) | Stalls:  0
[HEARTBEAT] Node: 1 | Tick: 393601 | Conf: 393599 | Hash: 0x1392B3A9 | Rollbacks: 55 (Resim:  55) | Stalls:  0
[BOT:50005] Heartbeat - Sparse Mods Tracked: 2048
[HEARTBEAT] Node: 1 | Tick: 393661 | Conf: 393659 | Hash: 0xD52EEB9B | Rollbacks: 59 (Resim:  81) | Stalls:  0
[HEARTBEAT] Node: 1 | Tick: 393721 | Conf: 393719 | Hash: 0xF06B2160 | Rollbacks: 52 (Resim:  54) | Stalls:  0
[HEARTBEAT] Node: 1 | Tick: 393781 | Conf: 393779 | Hash: 0xAD2B845E | Rollbacks: 59 (Resim:  62) | Stalls:  0
[HEARTBEAT] Node: 1 | Tick: 393841 | Conf: 393839 | Hash: 0xD62DE543 | Rollbacks: 53 (Resim:  75) | Stalls:  0
[HEARTBEAT] Node: 1 | Tick: 393901 | Conf: 393899 | Hash: 0x387DD68C | Rollbacks: 53 (Resim:  53) | Stalls:  0
[HEARTBEAT] Node: 1 | Tick: 393961 | Conf: 393958 | Hash: 0xFC9F9003 | Rollbacks: 58 (Resim:  67) | Stalls:  0
[HEARTBEAT] Node: 1 | Tick: 394021 | Conf: 394019 | Hash: 0x38E8E527 | Rollbacks: 47 (Resim:  58) | Stalls:  0
[HEARTBEAT] Node: 1 | Tick: 394081 | Conf: 394079 | Hash: 0xCFBB6BA5 | Rollbacks: 42 (Resim:  42) | Stalls:  0
[HEARTBEAT] Node: 1 | Tick: 394141 | Conf: 394139 | Hash: 0xFE520B86 | Rollbacks: 60 (Resim:  60) | Stalls:  0
[HEARTBEAT] Node: 1 | Tick: 394201 | Conf: 394198 | Hash: 0xDDF30C99 | Rollbacks: 56 (Resim:  80) | Stalls:  0
[BOT:50005] Heartbeat - Sparse Mods Tracked: 2048
[HEARTBEAT] Node: 1 | Tick: 394261 | Conf: 394259 | Hash: 0xCA92402E | Rollbacks: 51 (Resim:  52) | Stalls:  0
[HEARTBEAT] Node: 1 | Tick: 394321 | Conf: 394318 | Hash: 0xA5D6BC36 | Rollbacks: 58 (Resim:  67) | Stalls:  0
[HEARTBEAT] Node: 1 | Tick: 394381 | Conf: 394379 | Hash: 0xD1BB4DF8 | Rollbacks: 51 (Resim:  66) | Stalls:  0
[HEARTBEAT] Node: 1 | Tick: 394441 | Conf: 394439 | Hash: 0xB2A64DC5 | Rollbacks: 50 (Resim:  50) | Stalls:  0
[HEARTBEAT] Node: 1 | Tick: 394501 | Conf: 394499 | Hash: 0x44292E52 | Rollbacks: 59 (Resim:  76) | Stalls:  0
[HEARTBEAT] Node: 1 | Tick: 394561 | Conf: 394559 | Hash: 0x1EDB213B | Rollbacks: 51 (Resim:  53) | Stalls:  0
[HEARTBEAT] Node: 1 | Tick: 394621 | Conf: 394619 | Hash: 0xBD8AF883 | Rollbacks: 59 (Resim:  59) | Stalls:  0
[HEARTBEAT] Node: 1 | Tick: 394681 | Conf: 394679 | Hash: 0x06976926 | Rollbacks: 59 (Resim:  76) | Stalls:  0
[HEARTBEAT] Node: 1 | Tick: 394741 | Conf: 394739 | Hash: 0xD4D6A2EF | Rollbacks: 46 (Resim:  46) | Stalls:  0
[HEARTBEAT] Node: 1 | Tick: 394801 | Conf: 394799 | Hash: 0x3BFB4C75 | Rollbacks: 59 (Resim:  74) | Stalls:  0
[BOT:50005] Heartbeat - Sparse Mods Tracked: 2048
[HEARTBEAT] Node: 1 | Tick: 394861 | Conf: 394859 | Hash: 0x9D9097D2 | Rollbacks: 56 (Resim:  59) | Stalls:  0
[HEARTBEAT] Node: 1 | Tick: 394921 | Conf: 394919 | Hash: 0x9ABE0C95 | Rollbacks: 54 (Resim:  54) | Stalls:  0
[HEARTBEAT] Node: 1 | Tick: 394981 | Conf: 394978 | Hash: 0x166CF1F7 | Rollbacks: 58 (Resim:  74) | Stalls:  0
[HEARTBEAT] Node: 1 | Tick: 395041 | Conf: 395039 | Hash: 0x17B054D4 | Rollbacks: 51 (Resim:  62) | Stalls:  0
[HEARTBEAT] Node: 1 | Tick: 395101 | Conf: 395099 | Hash: 0xF4AF2C0C | Rollbacks: 52 (Resim:  52) | Stalls:  0
[HEARTBEAT] Node: 1 | Tick: 395161 | Conf: 395159 | Hash: 0xCCE49188 | Rollbacks: 51 (Resim:  53) | Stalls:  0
[HEARTBEAT] Node: 1 | Tick: 395221 | Conf: 395218 | Hash: 0xB8CA9250 | Rollbacks: 57 (Resim:  61) | Stalls:  0
[HEARTBEAT] Node: 1 | Tick: 395281 | Conf: 395279 | Hash: 0xD09BFF83 | Rollbacks: 53 (Resim:  70) | Stalls:  0
[HEARTBEAT] Node: 1 | Tick: 395341 | Conf: 395338 | Hash: 0x6A11A8ED | Rollbacks: 54 (Resim:  56) | Stalls:  0
[HEARTBEAT] Node: 1 | Tick: 395401 | Conf: 395399 | Hash: 0x7363E3CE | Rollbacks: 59 (Resim:  75) | Stalls:  0
[BOT:50005] Heartbeat - Sparse Mods Tracked: 2048
[HEARTBEAT] Node: 1 | Tick: 395461 | Conf: 395459 | Hash: 0x34B1D8E0 | Rollbacks: 53 (Resim:  53) | Stalls:  0
[HEARTBEAT] Node: 1 | Tick: 395521 | Conf: 395519 | Hash: 0x1AA6E14A | Rollbacks: 59 (Resim:  75) | Stalls:  0
[HEARTBEAT] Node: 1 | Tick: 395581 | Conf: 395579 | Hash: 0x61D9727C | Rollbacks: 39 (Resim:  40) | Stalls:  0
[HEARTBEAT] Node: 1 | Tick: 395641 | Conf: 395639 | Hash: 0x7FE1A1CD | Rollbacks: 53 (Resim:  53) | Stalls:  0
[HEARTBEAT] Node: 1 | Tick: 395701 | Conf: 395699 | Hash: 0xBB038569 | Rollbacks: 59 (Resim:  65) | Stalls:  0
[HEARTBEAT] Node: 1 | Tick: 395761 | Conf: 395759 | Hash: 0x76764756 | Rollbacks: 46 (Resim:  58) | Stalls:  0
[HEARTBEAT] Node: 1 | Tick: 395821 | Conf: 395819 | Hash: 0x63F8F667 | Rollbacks: 51 (Resim:  51) | Stalls:  0
[HEARTBEAT] Node: 1 | Tick: 395881 | Conf: 395879 | Hash: 0x734335BD | Rollbacks: 59 (Resim:  76) | Stalls:  0
[HEARTBEAT] Node: 1 | Tick: 395941 | Conf: 395939 | Hash: 0xCDB153FE | Rollbacks: 49 (Resim:  49) | Stalls:  0
[BOT:50005] Heartbeat - Sparse Mods Tracked: 2048
[HEARTBEAT] Node: 1 | Tick: 396001 | Conf: 395998 | Hash: 0x2AE6F772 | Rollbacks: 59 (Resim:  76) | Stalls:  0
[HEARTBEAT] Node: 1 | Tick: 396061 | Conf: 396059 | Hash: 0x7555DEEB | Rollbacks: 56 (Resim:  61) | Stalls:  0
[HEARTBEAT] Node: 1 | Tick: 396121 | Conf: 396119 | Hash: 0xEFB985FD | Rollbacks: 50 (Resim:  53) | Stalls:  0
[HEARTBEAT] Node: 1 | Tick: 396181 | Conf: 396179 | Hash: 0x550A6F56 | Rollbacks: 59 (Resim:  67) | Stalls:  0
[HEARTBEAT] Node: 1 | Tick: 396241 | Conf: 396239 | Hash: 0x781FD081 | Rollbacks: 44 (Resim:  56) | Stalls:  0
[HEARTBEAT] Node: 1 | Tick: 396301 | Conf: 396299 | Hash: 0x934F63CD | Rollbacks: 55 (Resim:  55) | Stalls:  0
[HEARTBEAT] Node: 1 | Tick: 396361 | Conf: 396359 | Hash: 0xCC3FE6DE | Rollbacks: 58 (Resim:  74) | Stalls:  0
[HEARTBEAT] Node: 1 | Tick: 396421 | Conf: 396419 | Hash: 0xADDB4D78 | Rollbacks: 48 (Resim:  48) | Stalls:  0
[HEARTBEAT] Node: 1 | Tick: 396481 | Conf: 396478 | Hash: 0x206315B8 | Rollbacks: 59 (Resim:  67) | Stalls:  0
[HEARTBEAT] Node: 1 | Tick: 396541 | Conf: 396539 | Hash: 0xD958A89C | Rollbacks: 48 (Resim:  54) | Stalls:  0
[BOT:50005] Heartbeat - Sparse Mods Tracked: 2048
[HEARTBEAT] Node: 1 | Tick: 396601 | Conf: 396598 | Hash: 0x69A2D9D6 | Rollbacks: 59 (Resim:  67) | Stalls:  0
[HEARTBEAT] Node: 1 | Tick: 396661 | Conf: 396659 | Hash: 0x21F9AD06 | Rollbacks: 47 (Resim:  54) | Stalls:  0
[HEARTBEAT] Node: 1 | Tick: 396721 | Conf: 396718 | Hash: 0x377B1FCD | Rollbacks: 53 (Resim:  59) | Stalls:  0
[HEARTBEAT] Node: 1 | Tick: 396781 | Conf: 396779 | Hash: 0x0751BA79 | Rollbacks: 59 (Resim:  68) | Stalls:  0
[HEARTBEAT] Node: 1 | Tick: 396841 | Conf: 396838 | Hash: 0x23FD41E8 | Rollbacks: 55 (Resim:  60) | Stalls:  0
[HEARTBEAT] Node: 1 | Tick: 396901 | Conf: 396899 | Hash: 0x7393CF34 | Rollbacks: 54 (Resim:  64) | Stalls:  0
[HEARTBEAT] Node: 1 | Tick: 396961 | Conf: 396959 | Hash: 0x5458435B | Rollbacks: 50 (Resim:  50) | Stalls:  0
[HEARTBEAT] Node: 1 | Tick: 397021 | Conf: 397019 | Hash: 0x30D7049B | Rollbacks: 59 (Resim:  69) | Stalls:  0
[HEARTBEAT] Node: 1 | Tick: 397081 | Conf: 397079 | Hash: 0xB16958CB | Rollbacks: 58 (Resim:  74) | Stalls:  0
[HEARTBEAT] Node: 1 | Tick: 397141 | Conf: 397139 | Hash: 0x616FC009 | Rollbacks: 48 (Resim:  51) | Stalls:  0
[BOT:50005] Heartbeat - Sparse Mods Tracked: 2048
[HEARTBEAT] Node: 1 | Tick: 397201 | Conf: 397199 | Hash: 0x67CE6517 | Rollbacks: 50 (Resim:  50) | Stalls:  0
[HEARTBEAT] Node: 1 | Tick: 397261 | Conf: 397258 | Hash: 0x33C39F06 | Rollbacks: 57 (Resim:  58) | Stalls:  0
[HEARTBEAT] Node: 1 | Tick: 397321 | Conf: 397319 | Hash: 0x0CF34789 | Rollbacks: 59 (Resim:  75) | Stalls:  0
[HEARTBEAT] Node: 1 | Tick: 397381 | Conf: 397379 | Hash: 0xC7BE41EF | Rollbacks: 48 (Resim:  48) | Stalls:  0
[HEARTBEAT] Node: 1 | Tick: 397441 | Conf: 397439 | Hash: 0x58F3A7B8 | Rollbacks: 59 (Resim:  76) | Stalls:  0
[HEARTBEAT] Node: 1 | Tick: 397501 | Conf: 397499 | Hash: 0x568197C5 | Rollbacks: 52 (Resim:  54) | Stalls:  0
[HEARTBEAT] Node: 1 | Tick: 397561 | Conf: 397559 | Hash: 0x7BF9759F | Rollbacks: 56 (Resim:  56) | Stalls:  0
[HEARTBEAT] Node: 1 | Tick: 397621 | Conf: 397619 | Hash: 0xCDC8E957 | Rollbacks: 56 (Resim:  78) | Stalls:  0
[HEARTBEAT] Node: 1 | Tick: 397681 | Conf: 397679 | Hash: 0x45C417EE | Rollbacks: 50 (Resim:  51) | Stalls:  0
[HEARTBEAT] Node: 1 | Tick: 397741 | Conf: 397739 | Hash: 0x274A748B | Rollbacks: 60 (Resim:  60) | Stalls:  0
[BOT:50005] Heartbeat - Sparse Mods Tracked: 2048
[HEARTBEAT] Node: 1 | Tick: 397801 | Conf: 397799 | Hash: 0xD8F9F0D5 | Rollbacks: 54 (Resim:  74) | Stalls:  0
[HEARTBEAT] Node: 1 | Tick: 397861 | Conf: 397859 | Hash: 0x535D4594 | Rollbacks: 51 (Resim:  51) | Stalls:  0
[HEARTBEAT] Node: 1 | Tick: 397921 | Conf: 397918 | Hash: 0x6FC79B2E | Rollbacks: 58 (Resim:  70) | Stalls:  0
[HEARTBEAT] Node: 1 | Tick: 397981 | Conf: 397979 | Hash: 0x3F98F835 | Rollbacks: 50 (Resim:  61) | Stalls:  0
[HEARTBEAT] Node: 1 | Tick: 398041 | Conf: 398039 | Hash: 0x9CB03192 | Rollbacks: 52 (Resim:  55) | Stalls:  0
[HEARTBEAT] Node: 1 | Tick: 398101 | Conf: 398099 | Hash: 0xBAF1358D | Rollbacks: 59 (Resim:  81) | Stalls:  0
[HEARTBEAT] Node: 1 | Tick: 398161 | Conf: 398159 | Hash: 0xCC5FDB00 | Rollbacks: 50 (Resim:  53) | Stalls:  0
[HEARTBEAT] Node: 1 | Tick: 398221 | Conf: 398219 | Hash: 0x4A65F6FE | Rollbacks: 59 (Resim:  59) | Stalls:  0
[HEARTBEAT] Node: 1 | Tick: 398281 | Conf: 398279 | Hash: 0x5B1AA340 | Rollbacks: 50 (Resim:  72) | Stalls:  0
[HEARTBEAT] Node: 1 | Tick: 398341 | Conf: 398339 | Hash: 0x056D7464 | Rollbacks: 54 (Resim:  54) | Stalls:  0
[BOT:50005] Heartbeat - Sparse Mods Tracked: 2048
[HEARTBEAT] Node: 1 | Tick: 398401 | Conf: 398399 | Hash: 0x1104089D | Rollbacks: 58 (Resim:  73) | Stalls:  0
[HEARTBEAT] Node: 1 | Tick: 398461 | Conf: 398458 | Hash: 0x1F990CD0 | Rollbacks: 57 (Resim:  65) | Stalls:  0
[HEARTBEAT] Node: 1 | Tick: 398521 | Conf: 398519 | Hash: 0xC4B21A83 | Rollbacks: 51 (Resim:  66) | Stalls:  0
[HEARTBEAT] Node: 1 | Tick: 398581 | Conf: 398579 | Hash: 0x5ACD52F5 | Rollbacks: 47 (Resim:  47) | Stalls:  0
[HEARTBEAT] Node: 1 | Tick: 398641 | Conf: 398639 | Hash: 0xA37F0671 | Rollbacks: 59 (Resim:  77) | Stalls:  0
[HEARTBEAT] Node: 1 | Tick: 398701 | Conf: 398699 | Hash: 0x4B0EB262 | Rollbacks: 52 (Resim:  54) | Stalls:  0
[HEARTBEAT] Node: 1 | Tick: 398761 | Conf: 398759 | Hash: 0x63CAE865 | Rollbacks: 60 (Resim:  60) | Stalls:  0
[HEARTBEAT] Node: 1 | Tick: 398821 | Conf: 398819 | Hash: 0xCCDE5BF8 | Rollbacks: 58 (Resim:  77) | Stalls:  0
[HEARTBEAT] Node: 1 | Tick: 398881 | Conf: 398879 | Hash: 0x81A8FBD6 | Rollbacks: 46 (Resim:  46) | Stalls:  0
[HEARTBEAT] Node: 1 | Tick: 398941 | Conf: 398939 | Hash: 0x71AFD8BC | Rollbacks: 53 (Resim:  58) | Stalls:  0
[BOT:50005] Heartbeat - Sparse Mods Tracked: 2048
[HEARTBEAT] Node: 1 | Tick: 399001 | Conf: 398999 | Hash: 0x2CE8BC56 | Rollbacks: 52 (Resim:  64) | Stalls:  0
[HEARTBEAT] Node: 1 | Tick: 399061 | Conf: 399059 | Hash: 0x893D4F34 | Rollbacks: 45 (Resim:  45) | Stalls:  0
[HEARTBEAT] Node: 1 | Tick: 399121 | Conf: 399119 | Hash: 0xB2E378F2 | Rollbacks: 60 (Resim:  60) | Stalls:  0
[HEARTBEAT] Node: 1 | Tick: 399181 | Conf: 399179 | Hash: 0xD1CE2A26 | Rollbacks: 58 (Resim:  75) | Stalls:  0
[HEARTBEAT] Node: 1 | Tick: 399241 | Conf: 399239 | Hash: 0xC2796B80 | Rollbacks: 41 (Resim:  41) | Stalls:  0
[HEARTBEAT] Node: 1 | Tick: 399301 | Conf: 399299 | Hash: 0xB5DF8531 | Rollbacks: 54 (Resim:  54) | Stalls:  0
[HEARTBEAT] Node: 1 | Tick: 399361 | Conf: 399359 | Hash: 0x57BCD0B5 | Rollbacks: 58 (Resim:  74) | Stalls:  0
[HEARTBEAT] Node: 1 | Tick: 399421 | Conf: 399419 | Hash: 0x96792AF8 | Rollbacks: 48 (Resim:  52) | Stalls:  0
[HEARTBEAT] Node: 1 | Tick: 399481 | Conf: 399479 | Hash: 0x036FB9E4 | Rollbacks: 43 (Resim:  43) | Stalls:  0
[BOT:50005] Heartbeat - Sparse Mods Tracked: 2048
[HEARTBEAT] Node: 1 | Tick: 399541 | Conf: 399539 | Hash: 0xFD5E7F75 | Rollbacks: 59 (Resim:  59) | Stalls:  0
[HEARTBEAT] Node: 1 | Tick: 399601 | Conf: 399599 | Hash: 0xA919FCD8 | Rollbacks: 58 (Resim:  82) | Stalls:  0
[HEARTBEAT] Node: 1 | Tick: 399661 | Conf: 399659 | Hash: 0x50A7B21F | Rollbacks: 51 (Resim:  54) | Stalls:  0
[HEARTBEAT] Node: 1 | Tick: 399721 | Conf: 399719 | Hash: 0xEA1F1422 | Rollbacks: 60 (Resim:  60) | Stalls:  0
[HEARTBEAT] Node: 1 | Tick: 399781 | Conf: 399778 | Hash: 0x9EEA58F6 | Rollbacks: 58 (Resim:  80) | Stalls:  0
[HEARTBEAT] Node: 1 | Tick: 399841 | Conf: 399839 | Hash: 0xF9530D06 | Rollbacks: 53 (Resim:  56) | Stalls:  0
[HEARTBEAT] Node: 1 | Tick: 399901 | Conf: 399899 | Hash: 0xA1D22161 | Rollbacks: 54 (Resim:  54) | Stalls:  0
[HEARTBEAT] Node: 1 | Tick: 399961 | Conf: 399958 | Hash: 0x1A9F8886 | Rollbacks: 58 (Resim:  70) | Stalls:  0
[HEARTBEAT] Node: 1 | Tick: 400021 | Conf: 400019 | Hash: 0x539C7A86 | Rollbacks: 50 (Resim:  59) | Stalls:  0
[HEARTBEAT] Node: 1 | Tick: 400081 | Conf: 400079 | Hash: 0x9D84C227 | Rollbacks: 46 (Resim:  46) | Stalls:  0
[BOT:50005] Heartbeat - Sparse Mods Tracked: 2048
[HEARTBEAT] Node: 1 | Tick: 400141 | Conf: 400139 | Hash: 0x0F5C5B13 | Rollbacks: 54 (Resim:  54) | Stalls:  0
[HEARTBEAT] Node: 1 | Tick: 400201 | Conf: 400199 | Hash: 0x130FE5C6 | Rollbacks: 59 (Resim:  76) | Stalls:  0
[HEARTBEAT] Node: 1 | Tick: 400261 | Conf: 400259 | Hash: 0xDE2C0B4F | Rollbacks: 46 (Resim:  48) | Stalls:  0
[HEARTBEAT] Node: 1 | Tick: 400321 | Conf: 400319 | Hash: 0x5F0A6486 | Rollbacks: 51 (Resim:  51) | Stalls:  0
[HEARTBEAT] Node: 1 | Tick: 400381 | Conf: 400378 | Hash: 0xE6665114 | Rollbacks: 59 (Resim:  67) | Stalls:  0
[HEARTBEAT] Node: 1 | Tick: 400441 | Conf: 400439 | Hash: 0x21366A26 | Rollbacks: 59 (Resim:  72) | Stalls:  0
[HEARTBEAT] Node: 1 | Tick: 400501 | Conf: 400499 | Hash: 0xC28D6081 | Rollbacks: 47 (Resim:  47) | Stalls:  0
[HEARTBEAT] Node: 1 | Tick: 400561 | Conf: 400559 | Hash: 0x1BDB0DE2 | Rollbacks: 59 (Resim:  79) | Stalls:  0
[HEARTBEAT] Node: 1 | Tick: 400621 | Conf: 400619 | Hash: 0xEE6E41B3 | Rollbacks: 48 (Resim:  51) | Stalls:  0
[HEARTBEAT] Node: 1 | Tick: 400681 | Conf: 400679 | Hash: 0x86DD2A8A | Rollbacks: 59 (Resim:  59) | Stalls:  0
[BOT:50005] Heartbeat - Sparse Mods Tracked: 2048
[HEARTBEAT] Node: 1 | Tick: 400741 | Conf: 400739 | Hash: 0x649B6940 | Rollbacks: 59 (Resim:  77) | Stalls:  0
[HEARTBEAT] Node: 1 | Tick: 400801 | Conf: 400799 | Hash: 0x47072353 | Rollbacks: 49 (Resim:  59) | Stalls:  0
[HEARTBEAT] Node: 1 | Tick: 400861 | Conf: 400859 | Hash: 0xBAFD6834 | Rollbacks: 48 (Resim:  48) | Stalls:  0
[HEARTBEAT] Node: 1 | Tick: 400921 | Conf: 400919 | Hash: 0x946AEE73 | Rollbacks: 59 (Resim:  70) | Stalls:  0
[HEARTBEAT] Node: 1 | Tick: 400981 | Conf: 400979 | Hash: 0x68BABD41 | Rollbacks: 50 (Resim:  59) | Stalls:  0
[HEARTBEAT] Node: 1 | Tick: 401041 | Conf: 401039 | Hash: 0x200FF28E | Rollbacks: 60 (Resim:  60) | Stalls:  0
[HEARTBEAT] Node: 1 | Tick: 401101 | Conf: 401099 | Hash: 0xB0715B3B | Rollbacks: 50 (Resim:  70) | Stalls:  0
[HEARTBEAT] Node: 1 | Tick: 401161 | Conf: 401159 | Hash: 0xCCCFAF95 | Rollbacks: 58 (Resim:  58) | Stalls:  0
[HEARTBEAT] Node: 1 | Tick: 401221 | Conf: 401218 | Hash: 0xFC36291B | Rollbacks: 58 (Resim:  76) | Stalls:  0
[HEARTBEAT] Node: 1 | Tick: 401281 | Conf: 401279 | Hash: 0x25ADFE16 | Rollbacks: 49 (Resim:  50) | Stalls:  0
[BOT:50005] Heartbeat - Sparse Mods Tracked: 2048
[HEARTBEAT] Node: 1 | Tick: 401341 | Conf: 401339 | Hash: 0x664E2E7B | Rollbacks: 54 (Resim:  54) | Stalls:  0
[HEARTBEAT] Node: 1 | Tick: 401401 | Conf: 401399 | Hash: 0x09F00237 | Rollbacks: 59 (Resim:  76) | Stalls:  0
[HEARTBEAT] Node: 1 | Tick: 401461 | Conf: 401459 | Hash: 0x8A5EF174 | Rollbacks: 43 (Resim:  43) | Stalls:  0
[HEARTBEAT] Node: 1 | Tick: 401521 | Conf: 401519 | Hash: 0x17C04577 | Rollbacks: 56 (Resim:  64) | Stalls:  0
[HEARTBEAT] Node: 1 | Tick: 401581 | Conf: 401579 | Hash: 0x274F957C | Rollbacks: 46 (Resim:  55) | Stalls:  0
[HEARTBEAT] Node: 1 | Tick: 401641 | Conf: 401639 | Hash: 0x3880E072 | Rollbacks: 53 (Resim:  53) | Stalls:  0
[HEARTBEAT] Node: 1 | Tick: 401701 | Conf: 401699 | Hash: 0x528CC57E | Rollbacks: 59 (Resim:  64) | Stalls:  0
[HEARTBEAT] Node: 1 | Tick: 401761 | Conf: 401759 | Hash: 0x0346B19F | Rollbacks: 49 (Resim:  64) | Stalls:  0
[HEARTBEAT] Node: 1 | Tick: 401821 | Conf: 401819 | Hash: 0x786EB48F | Rollbacks: 52 (Resim:  55) | Stalls:  0
[HEARTBEAT] Node: 1 | Tick: 401881 | Conf: 401879 | Hash: 0x8615F8CB | Rollbacks: 59 (Resim:  67) | Stalls:  0
[BOT:50005] Heartbeat - Sparse Mods Tracked: 2048
[HEARTBEAT] Node: 1 | Tick: 401941 | Conf: 401938 | Hash: 0x61D26F50 | Rollbacks: 55 (Resim:  81) | Stalls:  0
[HEARTBEAT] Node: 1 | Tick: 402001 | Conf: 401999 | Hash: 0x92D03820 | Rollbacks: 51 (Resim:  52) | Stalls:  0
[HEARTBEAT] Node: 1 | Tick: 402061 | Conf: 402059 | Hash: 0xB2F03F6E | Rollbacks: 58 (Resim:  58) | Stalls:  0
[HEARTBEAT] Node: 1 | Tick: 402121 | Conf: 402119 | Hash: 0x1F6491E3 | Rollbacks: 58 (Resim:  78) | Stalls:  0
[HEARTBEAT] Node: 1 | Tick: 402181 | Conf: 402179 | Hash: 0xC381882D | Rollbacks: 51 (Resim:  51) | Stalls:  0
[HEARTBEAT] Node: 1 | Tick: 402241 | Conf: 402239 | Hash: 0xCD39FCBF | Rollbacks: 59 (Resim:  75) | Stalls:  0
[HEARTBEAT] Node: 1 | Tick: 402301 | Conf: 402299 | Hash: 0x6D7C4D15 | Rollbacks: 56 (Resim:  56) | Stalls:  0
[HEARTBEAT] Node: 1 | Tick: 402361 | Conf: 402359 | Hash: 0x513B977A | Rollbacks: 52 (Resim:  52) | Stalls:  0
[HEARTBEAT] Node: 1 | Tick: 402421 | Conf: 402418 | Hash: 0xC71F265B | Rollbacks: 58 (Resim:  63) | Stalls:  0
[BOT:50005] Heartbeat - Sparse Mods Tracked: 2048
[HEARTBEAT] Node: 1 | Tick: 402481 | Conf: 402479 | Hash: 0x170491D8 | Rollbacks: 47 (Resim:  59) | Stalls:  0
[HEARTBEAT] Node: 1 | Tick: 402541 | Conf: 402539 | Hash: 0x10438675 | Rollbacks: 54 (Resim:  54) | Stalls:  0
[HEARTBEAT] Node: 1 | Tick: 402601 | Conf: 402599 | Hash: 0x8ADD2944 | Rollbacks: 58 (Resim:  75) | Stalls:  0
[HEARTBEAT] Node: 1 | Tick: 402661 | Conf: 402659 | Hash: 0xF9826DA6 | Rollbacks: 43 (Resim:  43) | Stalls:  0
[HEARTBEAT] Node: 1 | Tick: 402721 | Conf: 402719 | Hash: 0x8854BB8A | Rollbacks: 59 (Resim:  68) | Stalls:  0
[HEARTBEAT] Node: 1 | Tick: 402781 | Conf: 402779 | Hash: 0x935094C2 | Rollbacks: 46 (Resim:  53) | Stalls:  0
[HEARTBEAT] Node: 1 | Tick: 402841 | Conf: 402839 | Hash: 0xA6CE99EE | Rollbacks: 58 (Resim:  58) | Stalls:  0
[HEARTBEAT] Node: 1 | Tick: 402901 | Conf: 402899 | Hash: 0xF461BA8F | Rollbacks: 54 (Resim:  74) | Stalls:  0
[HEARTBEAT] Node: 1 | Tick: 402961 | Conf: 402959 | Hash: 0xA0B8B7B2 | Rollbacks: 50 (Resim:  52) | Stalls:  0
[HEARTBEAT] Node: 1 | Tick: 403021 | Conf: 403018 | Hash: 0x11003EB6 | Rollbacks: 57 (Resim:  62) | Stalls:  0
[BOT:50005] Heartbeat - Sparse Mods Tracked: 2048
[HEARTBEAT] Node: 1 | Tick: 403081 | Conf: 403079 | Hash: 0x1F31FAFF | Rollbacks: 52 (Resim:  70) | Stalls:  0
[HEARTBEAT] Node: 1 | Tick: 403141 | Conf: 403139 | Hash: 0x9C26E75E | Rollbacks: 51 (Resim:  51) | Stalls:  0
[HEARTBEAT] Node: 1 | Tick: 403201 | Conf: 403199 | Hash: 0x688281B9 | Rollbacks: 59 (Resim:  77) | Stalls:  0
[HEARTBEAT] Node: 1 | Tick: 403261 | Conf: 403259 | Hash: 0x4F6E07B4 | Rollbacks: 51 (Resim:  53) | Stalls:  0
[HEARTBEAT] Node: 1 | Tick: 403321 | Conf: 403319 | Hash: 0x11FC7CDF | Rollbacks: 54 (Resim:  54) | Stalls:  0
[HEARTBEAT] Node: 1 | Tick: 403381 | Conf: 403379 | Hash: 0xCFE41435 | Rollbacks: 58 (Resim:  75) | Stalls:  0
[HEARTBEAT] Node: 1 | Tick: 403441 | Conf: 403439 | Hash: 0x237F5D7C | Rollbacks: 51 (Resim:  54) | Stalls:  0
[HEARTBEAT] Node: 1 | Tick: 403501 | Conf: 403499 | Hash: 0x6B391925 | Rollbacks: 59 (Resim:  60) | Stalls:  0
[HEARTBEAT] Node: 1 | Tick: 403561 | Conf: 403559 | Hash: 0x419EF0B4 | Rollbacks: 50 (Resim:  69) | Stalls:  0
[HEARTBEAT] Node: 1 | Tick: 403621 | Conf: 403619 | Hash: 0x694D67B3 | Rollbacks: 50 (Resim:  50) | Stalls:  0
[BOT:50005] Heartbeat - Sparse Mods Tracked: 2048
[HEARTBEAT] Node: 1 | Tick: 403681 | Conf: 403679 | Hash: 0x608917AB | Rollbacks: 54 (Resim:  61) | Stalls:  0
[HEARTBEAT] Node: 1 | Tick: 403741 | Conf: 403739 | Hash: 0xAEB23AA8 | Rollbacks: 51 (Resim:  63) | Stalls:  0
[HEARTBEAT] Node: 1 | Tick: 403801 | Conf: 403799 | Hash: 0x1735B1DC | Rollbacks: 46 (Resim:  46) | Stalls:  0
[HEARTBEAT] Node: 1 | Tick: 403861 | Conf: 403859 | Hash: 0x828C5D8A | Rollbacks: 60 (Resim:  60) | Stalls:  0
[HEARTBEAT] Node: 1 | Tick: 403921 | Conf: 403919 | Hash: 0xCCA6A4F6 | Rollbacks: 52 (Resim:  71) | Stalls:  0
[HEARTBEAT] Node: 1 | Tick: 403981 | Conf: 403979 | Hash: 0xA0B7D1FC | Rollbacks: 52 (Resim:  52) | Stalls:  0
[HEARTBEAT] Node: 1 | Tick: 404041 | Conf: 404039 | Hash: 0x416841F9 | Rollbacks: 58 (Resim:  71) | Stalls:  0
[HEARTBEAT] Node: 1 | Tick: 404101 | Conf: 404099 | Hash: 0xDD9AAEE1 | Rollbacks: 46 (Resim:  46) | Stalls:  0
[HEARTBEAT] Node: 1 | Tick: 404161 | Conf: 404159 | Hash: 0xA301BA4F | Rollbacks: 52 (Resim:  52) | Stalls:  0
[HEARTBEAT] Node: 1 | Tick: 404221 | Conf: 404218 | Hash: 0xFEFFA9CC | Rollbacks: 58 (Resim:  67) | Stalls:  0
[BOT:50005] Heartbeat - Sparse Mods Tracked: 2048
[HEARTBEAT] Node: 1 | Tick: 404281 | Conf: 404279 | Hash: 0xD9356878 | Rollbacks: 50 (Resim:  66) | Stalls:  0
[HEARTBEAT] Node: 1 | Tick: 404341 | Conf: 404339 | Hash: 0xA4E81238 | Rollbacks: 42 (Resim:  42) | Stalls:  0
[HEARTBEAT] Node: 1 | Tick: 404401 | Conf: 404399 | Hash: 0xDF081B1A | Rollbacks: 60 (Resim:  60) | Stalls:  0
[HEARTBEAT] Node: 1 | Tick: 404461 | Conf: 404459 | Hash: 0x5F18E0B3 | Rollbacks: 58 (Resim:  80) | Stalls:  0
[HEARTBEAT] Node: 1 | Tick: 404521 | Conf: 404519 | Hash: 0xEE5BF396 | Rollbacks: 47 (Resim:  47) | Stalls:  0
[HEARTBEAT] Node: 1 | Tick: 404581 | Conf: 404579 | Hash: 0x4245FCEE | Rollbacks: 58 (Resim:  60) | Stalls:  0
[HEARTBEAT] Node: 1 | Tick: 404641 | Conf: 404639 | Hash: 0x04ADCCF7 | Rollbacks: 58 (Resim:  81) | Stalls:  0
[HEARTBEAT] Node: 1 | Tick: 404701 | Conf: 404699 | Hash: 0xAD091462 | Rollbacks: 50 (Resim:  50) | Stalls:  0
[HEARTBEAT] Node: 1 | Tick: 404761 | Conf: 404759 | Hash: 0x042E9C29 | Rollbacks: 54 (Resim:  54) | Stalls:  0
[HEARTBEAT] Node: 1 | Tick: 404821 | Conf: 404819 | Hash: 0x5DFC7521 | Rollbacks: 59 (Resim:  68) | Stalls:  0
[BOT:50005] Heartbeat - Sparse Mods Tracked: 2048
[HEARTBEAT] Node: 1 | Tick: 404881 | Conf: 404879 | Hash: 0xBC84524A | Rollbacks: 47 (Resim:  60) | Stalls:  0
[HEARTBEAT] Node: 1 | Tick: 404941 | Conf: 404939 | Hash: 0xE2FA7622 | Rollbacks: 44 (Resim:  44) | Stalls:  0
[HEARTBEAT] Node: 1 | Tick: 405001 | Conf: 404999 | Hash: 0x6E8AA60B | Rollbacks: 59 (Resim:  66) | Stalls:  0
[HEARTBEAT] Node: 1 | Tick: 405061 | Conf: 405059 | Hash: 0xB633E8D7 | Rollbacks: 48 (Resim:  58) | Stalls:  0
[HEARTBEAT] Node: 1 | Tick: 405121 | Conf: 405119 | Hash: 0x54EC94E1 | Rollbacks: 60 (Resim:  60) | Stalls:  0
[HEARTBEAT] Node: 1 | Tick: 405181 | Conf: 405179 | Hash: 0x39C4E097 | Rollbacks: 58 (Resim:  79) | Stalls:  0
[HEARTBEAT] Node: 1 | Tick: 405241 | Conf: 405239 | Hash: 0x0E458A61 | Rollbacks: 50 (Resim:  54) | Stalls:  0
[HEARTBEAT] Node: 1 | Tick: 405301 | Conf: 405298 | Hash: 0x5BCBD3CE | Rollbacks: 56 (Resim:  57) | Stalls:  0
[HEARTBEAT] Node: 1 | Tick: 405361 | Conf: 405359 | Hash: 0xA9B7CE76 | Rollbacks: 59 (Resim:  75) | Stalls:  0
[BOT:50005] Heartbeat - Sparse Mods Tracked: 2048
[HEARTBEAT] Node: 1 | Tick: 405421 | Conf: 405419 | Hash: 0xDC56ED8D | Rollbacks: 50 (Resim:  50) | Stalls:  0
[HEARTBEAT] Node: 1 | Tick: 405481 | Conf: 405479 | Hash: 0x89380249 | Rollbacks: 59 (Resim:  78) | Stalls:  0
[HEARTBEAT] Node: 1 | Tick: 405541 | Conf: 405539 | Hash: 0x2532EA38 | Rollbacks: 53 (Resim:  56) | Stalls:  0
[HEARTBEAT] Node: 1 | Tick: 405601 | Conf: 405599 | Hash: 0xBB2C06A5 | Rollbacks: 59 (Resim:  63) | Stalls:  0
[HEARTBEAT] Node: 1 | Tick: 405661 | Conf: 405659 | Hash: 0xF42B33D9 | Rollbacks: 50 (Resim:  55) | Stalls:  0
[HEARTBEAT] Node: 1 | Tick: 405721 | Conf: 405719 | Hash: 0xA7BB7F1D | Rollbacks: 47 (Resim:  49) | Stalls:  0
[HEARTBEAT] Node: 1 | Tick: 405781 | Conf: 405779 | Hash: 0x07AB5FAD | Rollbacks: 55 (Resim:  55) | Stalls:  0
[HEARTBEAT] Node: 1 | Tick: 405841 | Conf: 405839 | Hash: 0x879CB457 | Rollbacks: 59 (Resim:  73) | Stalls:  0
[HEARTBEAT] Node: 1 | Tick: 405901 | Conf: 405899 | Hash: 0x63CBC301 | Rollbacks: 58 (Resim:  58) | Stalls:  0
[HEARTBEAT] Node: 1 | Tick: 405961 | Conf: 405959 | Hash: 0xC02E606D | Rollbacks: 49 (Resim:  68) | Stalls:  0
[BOT:50005] Heartbeat - Sparse Mods Tracked: 2048
[HEARTBEAT] Node: 1 | Tick: 406021 | Conf: 406019 | Hash: 0x9694BF3B | Rollbacks: 54 (Resim:  54) | Stalls:  0
[HEARTBEAT] Node: 1 | Tick: 406081 | Conf: 406078 | Hash: 0xC92F88A3 | Rollbacks: 58 (Resim:  66) | Stalls:  0
[HEARTBEAT] Node: 1 | Tick: 406141 | Conf: 406139 | Hash: 0xC6CFD547 | Rollbacks: 59 (Resim:  76) | Stalls:  0
[HEARTBEAT] Node: 1 | Tick: 406201 | Conf: 406199 | Hash: 0xEF1062EF | Rollbacks: 43 (Resim:  43) | Stalls:  0
[HEARTBEAT] Node: 1 | Tick: 406261 | Conf: 406259 | Hash: 0xCCCACB3A | Rollbacks: 59 (Resim:  69) | Stalls:  0
[HEARTBEAT] Node: 1 | Tick: 406321 | Conf: 406319 | Hash: 0x08526CD1 | Rollbacks: 45 (Resim:  53) | Stalls:  0
[HEARTBEAT] Node: 1 | Tick: 406381 | Conf: 406379 | Hash: 0xE866294A | Rollbacks: 50 (Resim:  50) | Stalls:  0
[HEARTBEAT] Node: 1 | Tick: 406441 | Conf: 406438 | Hash: 0x854D9006 | Rollbacks: 59 (Resim:  59) | Stalls:  0
[HEARTBEAT] Node: 1 | Tick: 406501 | Conf: 406499 | Hash: 0x10E0DBB0 | Rollbacks: 55 (Resim:  79) | Stalls:  0
[HEARTBEAT] Node: 1 | Tick: 406561 | Conf: 406559 | Hash: 0x48F42273 | Rollbacks: 57 (Resim:  57) | Stalls:  0
[BOT:50005] Heartbeat - Sparse Mods Tracked: 2048
[HEARTBEAT] Node: 1 | Tick: 406621 | Conf: 406619 | Hash: 0xFA0D0D89 | Rollbacks: 58 (Resim:  74) | Stalls:  0
[HEARTBEAT] Node: 1 | Tick: 406681 | Conf: 406679 | Hash: 0x73D18AD5 | Rollbacks: 52 (Resim:  52) | Stalls:  0
[HEARTBEAT] Node: 1 | Tick: 406741 | Conf: 406739 | Hash: 0x27845AC0 | Rollbacks: 58 (Resim:  70) | Stalls:  0
[HEARTBEAT] Node: 1 | Tick: 406801 | Conf: 406799 | Hash: 0x85DBE331 | Rollbacks: 48 (Resim:  54) | Stalls:  0
[HEARTBEAT] Node: 1 | Tick: 406861 | Conf: 406859 | Hash: 0x24951BFA | Rollbacks: 57 (Resim:  57) | Stalls:  0
[HEARTBEAT] Node: 1 | Tick: 406921 | Conf: 406919 | Hash: 0x308490A7 | Rollbacks: 58 (Resim:  63) | Stalls:  0
[HEARTBEAT] Node: 1 | Tick: 406981 | Conf: 406979 | Hash: 0x5ADCD7A9 | Rollbacks: 48 (Resim:  64) | Stalls:  0
[HEARTBEAT] Node: 1 | Tick: 407041 | Conf: 407039 | Hash: 0x3DD1D6CF | Rollbacks: 50 (Resim:  50) | Stalls:  0
[HEARTBEAT] Node: 1 | Tick: 407101 | Conf: 407099 | Hash: 0x0919AB8A | Rollbacks: 59 (Resim:  74) | Stalls:  0
[HEARTBEAT] Node: 1 | Tick: 407161 | Conf: 407159 | Hash: 0x25F64B32 | Rollbacks: 42 (Resim:  42) | Stalls:  0
[BOT:50005] Heartbeat - Sparse Mods Tracked: 2048
[HEARTBEAT] Node: 1 | Tick: 407221 | Conf: 407219 | Hash: 0x3239E265 | Rollbacks: 55 (Resim:  56) | Stalls:  0
[HEARTBEAT] Node: 1 | Tick: 407281 | Conf: 407279 | Hash: 0x46AB8596 | Rollbacks: 47 (Resim:  60) | Stalls:  0
[HEARTBEAT] Node: 1 | Tick: 407341 | Conf: 407339 | Hash: 0x1CEC8474 | Rollbacks: 44 (Resim:  46) | Stalls:  0
[HEARTBEAT] Node: 1 | Tick: 407401 | Conf: 407399 | Hash: 0x140A0104 | Rollbacks: 59 (Resim:  69) | Stalls:  0
[HEARTBEAT] Node: 1 | Tick: 407461 | Conf: 407459 | Hash: 0xA8BD9002 | Rollbacks: 49 (Resim:  58) | Stalls:  0
[HEARTBEAT] Node: 1 | Tick: 407521 | Conf: 407519 | Hash: 0x1B1EFD62 | Rollbacks: 60 (Resim:  60) | Stalls:  0
[HEARTBEAT] Node: 1 | Tick: 407581 | Conf: 407579 | Hash: 0xF8DEC96A | Rollbacks: 55 (Resim:  76) | Stalls:  0
[HEARTBEAT] Node: 1 | Tick: 407641 | Conf: 407639 | Hash: 0x1693B5AA | Rollbacks: 54 (Resim:  54) | Stalls:  0
[HEARTBEAT] Node: 1 | Tick: 407701 | Conf: 407699 | Hash: 0xEEDB5873 | Rollbacks: 58 (Resim:  76) | Stalls:  0
[HEARTBEAT] Node: 1 | Tick: 407761 | Conf: 407759 | Hash: 0x4A8DEC0A | Rollbacks: 43 (Resim:  48) | Stalls:  0
[BOT:50005] Heartbeat - Sparse Mods Tracked: 2048
[HEARTBEAT] Node: 1 | Tick: 407821 | Conf: 407819 | Hash: 0x21C68CE4 | Rollbacks: 42 (Resim:  42) | Stalls:  0
[HEARTBEAT] Node: 1 | Tick: 407881 | Conf: 407879 | Hash: 0x9DF4EC81 | Rollbacks: 43 (Resim:  60) | Stalls:  0
[HEARTBEAT] Node: 1 | Tick: 407941 | Conf: 407939 | Hash: 0xBEA1FD91 | Rollbacks: 48 (Resim:  48) | Stalls:  0
[HEARTBEAT] Node: 1 | Tick: 408001 | Conf: 407999 | Hash: 0x90238B7F | Rollbacks: 50 (Resim:  50) | Stalls:  0
[HEARTBEAT] Node: 1 | Tick: 408061 | Conf: 408059 | Hash: 0xA8FC8B11 | Rollbacks: 58 (Resim:  76) | Stalls:  0
[HEARTBEAT] Node: 1 | Tick: 408121 | Conf: 408119 | Hash: 0x58D3C3C1 | Rollbacks: 51 (Resim:  51) | Stalls:  0
[HEARTBEAT] Node: 1 | Tick: 408181 | Conf: 408179 | Hash: 0xAC83010E | Rollbacks: 58 (Resim:  71) | Stalls:  0
[HEARTBEAT] Node: 1 | Tick: 408241 | Conf: 408239 | Hash: 0xFF499574 | Rollbacks: 39 (Resim:  41) | Stalls:  0
[HEARTBEAT] Node: 1 | Tick: 408301 | Conf: 408299 | Hash: 0xD07CDE82 | Rollbacks: 57 (Resim:  57) | Stalls:  0
[HEARTBEAT] Node: 1 | Tick: 408361 | Conf: 408359 | Hash: 0x8FE2B65D | Rollbacks: 59 (Resim:  79) | Stalls:  0
[BOT:50005] Heartbeat - Sparse Mods Tracked: 2048
[HEARTBEAT] Node: 1 | Tick: 408421 | Conf: 408419 | Hash: 0xEC822035 | Rollbacks: 54 (Resim:  56) | Stalls:  0
[HEARTBEAT] Node: 1 | Tick: 408481 | Conf: 408479 | Hash: 0xE540B6A2 | Rollbacks: 59 (Resim:  79) | Stalls:  0
[HEARTBEAT] Node: 1 | Tick: 408541 | Conf: 408539 | Hash: 0x1F640AEF | Rollbacks: 59 (Resim:  61) | Stalls:  0
[HEARTBEAT] Node: 1 | Tick: 408601 | Conf: 408599 | Hash: 0xC8185546 | Rollbacks: 50 (Resim:  68) | Stalls:  0
[HEARTBEAT] Node: 1 | Tick: 408661 | Conf: 408659 | Hash: 0x40DAD2F6 | Rollbacks: 52 (Resim:  52) | Stalls:  0
[HEARTBEAT] Node: 1 | Tick: 408721 | Conf: 408719 | Hash: 0x26F9848E | Rollbacks: 59 (Resim:  60) | Stalls:  0
[HEARTBEAT] Node: 1 | Tick: 408781 | Conf: 408779 | Hash: 0x255E6A00 | Rollbacks: 45 (Resim:  63) | Stalls:  0
[HEARTBEAT] Node: 1 | Tick: 408841 | Conf: 408839 | Hash: 0xCF436715 | Rollbacks: 52 (Resim:  52) | Stalls:  0
[HEARTBEAT] Node: 1 | Tick: 408901 | Conf: 408899 | Hash: 0xF943787F | Rollbacks: 58 (Resim:  70) | Stalls:  0
[BOT:50005] Heartbeat - Sparse Mods Tracked: 2048
[HEARTBEAT] Node: 1 | Tick: 408961 | Conf: 408959 | Hash: 0x2CF8AFCE | Rollbacks: 58 (Resim:  74) | Stalls:  0
[HEARTBEAT] Node: 1 | Tick: 409021 | Conf: 409018 | Hash: 0xA45E0BE8 | Rollbacks: 51 (Resim:  54) | Stalls:  0
[HEARTBEAT] Node: 1 | Tick: 409081 | Conf: 409079 | Hash: 0xDBCF6076 | Rollbacks: 60 (Resim:  71) | Stalls:  0
[HEARTBEAT] Node: 1 | Tick: 409141 | Conf: 409139 | Hash: 0x9590D473 | Rollbacks: 55 (Resim:  58) | Stalls:  0
[HEARTBEAT] Node: 1 | Tick: 409201 | Conf: 409199 | Hash: 0x4533629D | Rollbacks: 59 (Resim:  75) | Stalls:  0
[HEARTBEAT] Node: 1 | Tick: 409261 | Conf: 409259 | Hash: 0x2227AD8C | Rollbacks: 51 (Resim:  53) | Stalls:  0
[HEARTBEAT] Node: 1 | Tick: 409321 | Conf: 409319 | Hash: 0x66049C15 | Rollbacks: 59 (Resim:  60) | Stalls:  0
[HEARTBEAT] Node: 1 | Tick: 409381 | Conf: 409379 | Hash: 0x828057D1 | Rollbacks: 53 (Resim:  77) | Stalls:  0
[HEARTBEAT] Node: 1 | Tick: 409441 | Conf: 409439 | Hash: 0x3ECA6376 | Rollbacks: 52 (Resim:  52) | Stalls:  0
[HEARTBEAT] Node: 1 | Tick: 409501 | Conf: 409498 | Hash: 0x0860DBC0 | Rollbacks: 58 (Resim:  66) | Stalls:  0
[BOT:50005] Heartbeat - Sparse Mods Tracked: 2048
[HEARTBEAT] Node: 1 | Tick: 409561 | Conf: 409559 | Hash: 0xED3B22E0 | Rollbacks: 59 (Resim:  73) | Stalls:  0
[HEARTBEAT] Node: 1 | Tick: 409621 | Conf: 409619 | Hash: 0x6D40305F | Rollbacks: 54 (Resim:  54) | Stalls:  0
[HEARTBEAT] Node: 1 | Tick: 409681 | Conf: 409679 | Hash: 0x83D9ABF6 | Rollbacks: 54 (Resim:  76) | Stalls:  0
[HEARTBEAT] Node: 1 | Tick: 409741 | Conf: 409739 | Hash: 0xC8E9F5FC | Rollbacks: 46 (Resim:  48) | Stalls:  0
[HEARTBEAT] Node: 1 | Tick: 409801 | Conf: 409799 | Hash: 0xBF5B4F3A | Rollbacks: 52 (Resim:  52) | Stalls:  0
[HEARTBEAT] Node: 1 | Tick: 409861 | Conf: 409858 | Hash: 0x5888EBC4 | Rollbacks: 58 (Resim:  63) | Stalls:  0
[HEARTBEAT] Node: 1 | Tick: 409921 | Conf: 409919 | Hash: 0x15C158F0 | Rollbacks: 49 (Resim:  64) | Stalls:  0
[HEARTBEAT] Node: 1 | Tick: 409981 | Conf: 409979 | Hash: 0xB07FC0F1 | Rollbacks: 52 (Resim:  53) | Stalls:  0
[HEARTBEAT] Node: 1 | Tick: 410041 | Conf: 410039 | Hash: 0xD0F370BB | Rollbacks: 59 (Resim:  75) | Stalls:  0
[HEARTBEAT] Node: 1 | Tick: 410101 | Conf: 410099 | Hash: 0x1566DBFD | Rollbacks: 51 (Resim:  51) | Stalls:  0
[BOT:50005] Heartbeat - Sparse Mods Tracked: 2048
[HEARTBEAT] Node: 1 | Tick: 410161 | Conf: 410159 | Hash: 0xD791EA74 | Rollbacks: 58 (Resim:  63) | Stalls:  0
[HEARTBEAT] Node: 1 | Tick: 410221 | Conf: 410219 | Hash: 0xE911F280 | Rollbacks: 50 (Resim:  63) | Stalls:  0
[HEARTBEAT] Node: 1 | Tick: 410281 | Conf: 410279 | Hash: 0xA045883D | Rollbacks: 53 (Resim:  55) | Stalls:  0
[HEARTBEAT] Node: 1 | Tick: 410341 | Conf: 410338 | Hash: 0x2D96C795 | Rollbacks: 58 (Resim:  68) | Stalls:  0
[HEARTBEAT] Node: 1 | Tick: 410401 | Conf: 410399 | Hash: 0xB9179675 | Rollbacks: 49 (Resim:  58) | Stalls:  0
[HEARTBEAT] Node: 1 | Tick: 410461 | Conf: 410459 | Hash: 0x298DB911 | Rollbacks: 58 (Resim:  58) | Stalls:  0
[HEARTBEAT] Node: 1 | Tick: 410521 | Conf: 410519 | Hash: 0x836A3AAC | Rollbacks: 58 (Resim:  73) | Stalls:  0
[HEARTBEAT] Node: 1 | Tick: 410581 | Conf: 410579 | Hash: 0x6C50CE10 | Rollbacks: 49 (Resim:  49) | Stalls:  0
[HEARTBEAT] Node: 1 | Tick: 410641 | Conf: 410639 | Hash: 0x4DBA5079 | Rollbacks: 59 (Resim:  80) | Stalls:  0
[HEARTBEAT] Node: 1 | Tick: 410701 | Conf: 410699 | Hash: 0x3B4F48B3 | Rollbacks: 58 (Resim:  62) | Stalls:  0
[BOT:50005] Heartbeat - Sparse Mods Tracked: 2048
[HEARTBEAT] Node: 1 | Tick: 410761 | Conf: 410758 | Hash: 0x2495133B | Rollbacks: 54 (Resim:  70) | Stalls:  0
[HEARTBEAT] Node: 1 | Tick: 410821 | Conf: 410819 | Hash: 0x429FE8B8 | Rollbacks: 58 (Resim:  66) | Stalls:  0
[HEARTBEAT] Node: 1 | Tick: 410881 | Conf: 410879 | Hash: 0xF709CDC9 | Rollbacks: 40 (Resim:  40) | Stalls:  0
[HEARTBEAT] Node: 1 | Tick: 410941 | Conf: 410939 | Hash: 0x1628B5F3 | Rollbacks: 59 (Resim:  69) | Stalls:  0
[HEARTBEAT] Node: 1 | Tick: 411001 | Conf: 410999 | Hash: 0x31CA907C | Rollbacks: 46 (Resim:  56) | Stalls:  0
[HEARTBEAT] Node: 1 | Tick: 411061 | Conf: 411059 | Hash: 0x506662CA | Rollbacks: 52 (Resim:  52) | Stalls:  0
[HEARTBEAT] Node: 1 | Tick: 411121 | Conf: 411119 | Hash: 0x1BECE089 | Rollbacks: 54 (Resim:  65) | Stalls:  0
[HEARTBEAT] Node: 1 | Tick: 411181 | Conf: 411179 | Hash: 0xD3BF50B0 | Rollbacks: 51 (Resim:  54) | Stalls:  0
[HEARTBEAT] Node: 1 | Tick: 411241 | Conf: 411239 | Hash: 0xAD595184 | Rollbacks: 54 (Resim:  54) | Stalls:  0
[HEARTBEAT] Node: 1 | Tick: 411301 | Conf: 411299 | Hash: 0xDE0C488D | Rollbacks: 55 (Resim:  75) | Stalls:  0
[BOT:50005] Heartbeat - Sparse Mods Tracked: 2048
[HEARTBEAT] Node: 1 | Tick: 411361 | Conf: 411359 | Hash: 0x42899B3A | Rollbacks: 49 (Resim:  49) | Stalls:  0
[HEARTBEAT] Node: 1 | Tick: 411421 | Conf: 411419 | Hash: 0xDFD314F9 | Rollbacks: 59 (Resim:  63) | Stalls:  0
[HEARTBEAT] Node: 1 | Tick: 411481 | Conf: 411479 | Hash: 0x544C6C73 | Rollbacks: 47 (Resim:  60) | Stalls:  0
[HEARTBEAT] Node: 1 | Tick: 411541 | Conf: 411539 | Hash: 0x7B020F5D | Rollbacks: 52 (Resim:  52) | Stalls:  0
[HEARTBEAT] Node: 1 | Tick: 411601 | Conf: 411599 | Hash: 0xEFC7A016 | Rollbacks: 58 (Resim:  77) | Stalls:  0
[HEARTBEAT] Node: 1 | Tick: 411661 | Conf: 411659 | Hash: 0xAEBB84E2 | Rollbacks: 49 (Resim:  52) | Stalls:  0
[HEARTBEAT] Node: 1 | Tick: 411721 | Conf: 411719 | Hash: 0x890910CC | Rollbacks: 52 (Resim:  53) | Stalls:  0
[HEARTBEAT] Node: 1 | Tick: 411781 | Conf: 411779 | Hash: 0x6BB48EB1 | Rollbacks: 48 (Resim:  52) | Stalls:  0
[HEARTBEAT] Node: 1 | Tick: 411841 | Conf: 411839 | Hash: 0x0EEF8912 | Rollbacks: 44 (Resim:  44) | Stalls:  0
[BOT:50005] Heartbeat - Sparse Mods Tracked: 2048
[HEARTBEAT] Node: 1 | Tick: 411901 | Conf: 411899 | Hash: 0xCC83DF66 | Rollbacks: 55 (Resim:  56) | Stalls:  0
[HEARTBEAT] Node: 1 | Tick: 411961 | Conf: 411959 | Hash: 0xC81EC43D | Rollbacks: 59 (Resim:  79) | Stalls:  0
[HEARTBEAT] Node: 1 | Tick: 412021 | Conf: 412019 | Hash: 0xCA253D09 | Rollbacks: 55 (Resim:  57) | Stalls:  0
[HEARTBEAT] Node: 1 | Tick: 412081 | Conf: 412079 | Hash: 0x9631FBB6 | Rollbacks: 59 (Resim:  68) | Stalls:  0
[HEARTBEAT] Node: 1 | Tick: 412141 | Conf: 412139 | Hash: 0x956D4CDB | Rollbacks: 48 (Resim:  54) | Stalls:  0
[HEARTBEAT] Node: 1 | Tick: 412201 | Conf: 412199 | Hash: 0xD27B1807 | Rollbacks: 55 (Resim:  55) | Stalls:  0
[HEARTBEAT] Node: 1 | Tick: 412261 | Conf: 412259 | Hash: 0x02383E9B | Rollbacks: 58 (Resim:  74) | Stalls:  0
[HEARTBEAT] Node: 1 | Tick: 412321 | Conf: 412319 | Hash: 0x9EBC94E1 | Rollbacks: 48 (Resim:  48) | Stalls:  0
[HEARTBEAT] Node: 1 | Tick: 412381 | Conf: 412379 | Hash: 0x6FFB7DAA | Rollbacks: 58 (Resim:  65) | Stalls:  0
[HEARTBEAT] Node: 1 | Tick: 412441 | Conf: 412439 | Hash: 0x7FCD280D | Rollbacks: 54 (Resim:  54) | Stalls:  0
[BOT:50005] Heartbeat - Sparse Mods Tracked: 2048
[HEARTBEAT] Node: 1 | Tick: 412501 | Conf: 412499 | Hash: 0x8B8B001C | Rollbacks: 58 (Resim:  67) | Stalls:  0
[HEARTBEAT] Node: 1 | Tick: 412561 | Conf: 412559 | Hash: 0xBDB3441D | Rollbacks: 56 (Resim:  56) | Stalls:  0
[HEARTBEAT] Node: 1 | Tick: 412621 | Conf: 412618 | Hash: 0x2DB78205 | Rollbacks: 57 (Resim:  67) | Stalls:  0
[HEARTBEAT] Node: 1 | Tick: 412681 | Conf: 412679 | Hash: 0x2D267CBC | Rollbacks: 55 (Resim:  70) | Stalls:  0
[HEARTBEAT] Node: 1 | Tick: 412741 | Conf: 412738 | Hash: 0xAEF63C66 | Rollbacks: 53 (Resim:  58) | Stalls:  0
[HEARTBEAT] Node: 1 | Tick: 412801 | Conf: 412799 | Hash: 0xE7C805B6 | Rollbacks: 53 (Resim:  70) | Stalls:  0
[HEARTBEAT] Node: 1 | Tick: 412861 | Conf: 412859 | Hash: 0x7CF0FD51 | Rollbacks: 51 (Resim:  51) | Stalls:  0
[HEARTBEAT] Node: 1 | Tick: 412921 | Conf: 412919 | Hash: 0xC7C402AE | Rollbacks: 59 (Resim:  75) | Stalls:  0
[HEARTBEAT] Node: 1 | Tick: 412981 | Conf: 412979 | Hash: 0x2D212BBF | Rollbacks: 42 (Resim:  45) | Stalls:  0
[HEARTBEAT] Node: 1 | Tick: 413041 | Conf: 413039 | Hash: 0xE938D799 | Rollbacks: 59 (Resim:  60) | Stalls:  0
[BOT:50005] Heartbeat - Sparse Mods Tracked: 2048
[HEARTBEAT] Node: 1 | Tick: 413101 | Conf: 413099 | Hash: 0x0DC717D7 | Rollbacks: 57 (Resim:  78) | Stalls:  0
[HEARTBEAT] Node: 1 | Tick: 413161 | Conf: 413159 | Hash: 0xB3DE9756 | Rollbacks: 52 (Resim:  54) | Stalls:  0
[HEARTBEAT] Node: 1 | Tick: 413221 | Conf: 413219 | Hash: 0x8C9EDC77 | Rollbacks: 59 (Resim:  63) | Stalls:  0
[HEARTBEAT] Node: 1 | Tick: 413281 | Conf: 413279 | Hash: 0x9D5CA561 | Rollbacks: 50 (Resim:  60) | Stalls:  0
[HEARTBEAT] Node: 1 | Tick: 413341 | Conf: 413338 | Hash: 0xD8D91C39 | Rollbacks: 58 (Resim:  63) | Stalls:  0
[HEARTBEAT] Node: 1 | Tick: 413401 | Conf: 413399 | Hash: 0xE114243D | Rollbacks: 49 (Resim:  70) | Stalls:  0
[HEARTBEAT] Node: 1 | Tick: 413461 | Conf: 413459 | Hash: 0x9D42543A | Rollbacks: 50 (Resim:  50) | Stalls:  0
[HEARTBEAT] Node: 1 | Tick: 413521 | Conf: 413519 | Hash: 0x102F02A5 | Rollbacks: 52 (Resim:  52) | Stalls:  0
[HEARTBEAT] Node: 1 | Tick: 413581 | Conf: 413579 | Hash: 0xF3ECA2B1 | Rollbacks: 54 (Resim:  73) | Stalls:  0
[HEARTBEAT] Node: 1 | Tick: 413641 | Conf: 413639 | Hash: 0x5486D77E | Rollbacks: 51 (Resim:  53) | Stalls:  0
[BOT:50005] Heartbeat - Sparse Mods Tracked: 2048
[HEARTBEAT] Node: 1 | Tick: 413701 | Conf: 413699 | Hash: 0x3231E8F8 | Rollbacks: 60 (Resim:  60) | Stalls:  0
[HEARTBEAT] Node: 1 | Tick: 413761 | Conf: 413759 | Hash: 0xF317F8B3 | Rollbacks: 52 (Resim:  74) | Stalls:  0
[HEARTBEAT] Node: 1 | Tick: 413821 | Conf: 413819 | Hash: 0xCA6EE512 | Rollbacks: 57 (Resim:  57) | Stalls:  0
[HEARTBEAT] Node: 1 | Tick: 413881 | Conf: 413879 | Hash: 0x6F76CCBF | Rollbacks: 59 (Resim:  76) | Stalls:  0
[HEARTBEAT] Node: 1 | Tick: 413941 | Conf: 413939 | Hash: 0x58C1A1E5 | Rollbacks: 54 (Resim:  54) | Stalls:  0
[HEARTBEAT] Node: 1 | Tick: 414001 | Conf: 413998 | Hash: 0x463C407F | Rollbacks: 58 (Resim:  65) | Stalls:  0
[HEARTBEAT] Node: 1 | Tick: 414061 | Conf: 414059 | Hash: 0x8BF65C5C | Rollbacks: 59 (Resim:  80) | Stalls:  0
[HEARTBEAT] Node: 1 | Tick: 414121 | Conf: 414119 | Hash: 0xBEE4C1DE | Rollbacks: 51 (Resim:  51) | Stalls:  0
[HEARTBEAT] Node: 1 | Tick: 414181 | Conf: 414178 | Hash: 0xC2AE4878 | Rollbacks: 57 (Resim:  75) | Stalls:  0
[HEARTBEAT] Node: 1 | Tick: 414241 | Conf: 414239 | Hash: 0x0B662992 | Rollbacks: 57 (Resim:  64) | Stalls:  0
[BOT:50005] Heartbeat - Sparse Mods Tracked: 2048
[HEARTBEAT] Node: 1 | Tick: 414301 | Conf: 414299 | Hash: 0xB89488F7 | Rollbacks: 51 (Resim:  52) | Stalls:  0
[HEARTBEAT] Node: 1 | Tick: 414361 | Conf: 414359 | Hash: 0x6EAEA533 | Rollbacks: 53 (Resim:  72) | Stalls:  0
[HEARTBEAT] Node: 1 | Tick: 414421 | Conf: 414419 | Hash: 0xDC37F779 | Rollbacks: 46 (Resim:  48) | Stalls:  0
[HEARTBEAT] Node: 1 | Tick: 414481 | Conf: 414479 | Hash: 0xD5F9BBB7 | Rollbacks: 48 (Resim:  48) | Stalls:  0
[HEARTBEAT] Node: 1 | Tick: 414541 | Conf: 414539 | Hash: 0xF0D6E8F1 | Rollbacks: 56 (Resim:  56) | Stalls:  0
[HEARTBEAT] Node: 1 | Tick: 414601 | Conf: 414599 | Hash: 0x92B48F61 | Rollbacks: 58 (Resim:  79) | Stalls:  0
[HEARTBEAT] Node: 1 | Tick: 414661 | Conf: 414659 | Hash: 0xD6F90E0B | Rollbacks: 47 (Resim:  47) | Stalls:  0
[HEARTBEAT] Node: 1 | Tick: 414721 | Conf: 414719 | Hash: 0xFA36E7E0 | Rollbacks: 58 (Resim:  72) | Stalls:  0
[HEARTBEAT] Node: 1 | Tick: 414781 | Conf: 414779 | Hash: 0xD215DACF | Rollbacks: 46 (Resim:  46) | Stalls:  0
[HEARTBEAT] Node: 1 | Tick: 414841 | Conf: 414839 | Hash: 0x4700CD5D | Rollbacks: 37 (Resim:  37) | Stalls:  0
[BOT:50005] Heartbeat - Sparse Mods Tracked: 2048
[HEARTBEAT] Node: 1 | Tick: 414901 | Conf: 414899 | Hash: 0xD3E7852E | Rollbacks: 57 (Resim:  78) | Stalls:  0
[HEARTBEAT] Node: 1 | Tick: 414961 | Conf: 414959 | Hash: 0x48D19FA4 | Rollbacks: 49 (Resim:  49) | Stalls:  0
[HEARTBEAT] Node: 1 | Tick: 415021 | Conf: 415018 | Hash: 0xC575D63B | Rollbacks: 58 (Resim:  76) | Stalls:  0
[HEARTBEAT] Node: 1 | Tick: 415081 | Conf: 415079 | Hash: 0xA95ED3B6 | Rollbacks: 55 (Resim:  61) | Stalls:  0
[HEARTBEAT] Node: 1 | Tick: 415141 | Conf: 415139 | Hash: 0xF3594E5D | Rollbacks: 53 (Resim:  57) | Stalls:  0
[HEARTBEAT] Node: 1 | Tick: 415201 | Conf: 415199 | Hash: 0xD3C903F9 | Rollbacks: 58 (Resim:  73) | Stalls:  0
[HEARTBEAT] Node: 1 | Tick: 415261 | Conf: 415259 | Hash: 0xD48598F4 | Rollbacks: 50 (Resim:  52) | Stalls:  0
[HEARTBEAT] Node: 1 | Tick: 415321 | Conf: 415319 | Hash: 0x55EC4DF3 | Rollbacks: 59 (Resim:  59) | Stalls:  0
[HEARTBEAT] Node: 1 | Tick: 415381 | Conf: 415379 | Hash: 0xC007BA82 | Rollbacks: 58 (Resim:  61) | Stalls:  0
[BOT:50005] Heartbeat - Sparse Mods Tracked: 2048
[HEARTBEAT] Node: 1 | Tick: 415441 | Conf: 415439 | Hash: 0x441A8C59 | Rollbacks: 58 (Resim:  67) | Stalls:  0
[HEARTBEAT] Node: 1 | Tick: 415501 | Conf: 415499 | Hash: 0x7574FF60 | Rollbacks: 58 (Resim:  75) | Stalls:  0
[HEARTBEAT] Node: 1 | Tick: 415561 | Conf: 415558 | Hash: 0xF65DC101 | Rollbacks: 58 (Resim:  81) | Stalls:  0
[HEARTBEAT] Node: 1 | Tick: 415621 | Conf: 415619 | Hash: 0x0056CEE6 | Rollbacks: 57 (Resim:  78) | Stalls:  0
[HEARTBEAT] Node: 1 | Tick: 415681 | Conf: 415679 | Hash: 0x2713739D | Rollbacks: 42 (Resim:  42) | Stalls:  0
[HEARTBEAT] Node: 1 | Tick: 415741 | Conf: 415739 | Hash: 0xE7F9D0A6 | Rollbacks: 42 (Resim:  44) | Stalls:  0
[HEARTBEAT] Node: 1 | Tick: 415801 | Conf: 415799 | Hash: 0xF2EF6AAE | Rollbacks: 40 (Resim:  40) | Stalls:  0
[HEARTBEAT] Node: 1 | Tick: 415861 | Conf: 415859 | Hash: 0x10967DBA | Rollbacks: 39 (Resim:  39) | Stalls:  0
[HEARTBEAT] Node: 1 | Tick: 415921 | Conf: 415919 | Hash: 0x8AEF2EE9 | Rollbacks: 39 (Resim:  39) | Stalls:  0
[HEARTBEAT] Node: 1 | Tick: 415981 | Conf: 415979 | Hash: 0x566A8395 | Rollbacks: 39 (Resim:  39) | Stalls:  0
[BOT:50005] Heartbeat - Sparse Mods Tracked: 2048
[HEARTBEAT] Node: 1 | Tick: 416041 | Conf: 416039 | Hash: 0x743545CA | Rollbacks: 40 (Resim:  40) | Stalls:  0
[HEARTBEAT] Node: 1 | Tick: 416101 | Conf: 416099 | Hash: 0xF3D15971 | Rollbacks: 42 (Resim:  42) | Stalls:  0
[HEARTBEAT] Node: 1 | Tick: 416161 | Conf: 416159 | Hash: 0xB5E77B91 | Rollbacks: 44 (Resim:  44) | Stalls:  0
[HEARTBEAT] Node: 1 | Tick: 416221 | Conf: 416219 | Hash: 0x08F14F08 | Rollbacks: 46 (Resim:  46) | Stalls:  0
[HEARTBEAT] Node: 1 | Tick: 416281 | Conf: 416279 | Hash: 0x75365EB8 | Rollbacks: 50 (Resim:  50) | Stalls:  0
[HEARTBEAT] Node: 1 | Tick: 416341 | Conf: 416339 | Hash: 0xC3EDC843 | Rollbacks: 56 (Resim:  56) | Stalls:  0
[HEARTBEAT] Node: 1 | Tick: 416401 | Conf: 416399 | Hash: 0xC485133A | Rollbacks: 59 (Resim:  61) | Stalls:  0
[HEARTBEAT] Node: 1 | Tick: 416461 | Conf: 416459 | Hash: 0xD02F62C9 | Rollbacks: 58 (Resim:  66) | Stalls:  0
[HEARTBEAT] Node: 1 | Tick: 416521 | Conf: 416519 | Hash: 0x2C8C32E1 | Rollbacks: 58 (Resim:  73) | Stalls:  0
[HEARTBEAT] Node: 1 | Tick: 416581 | Conf: 416578 | Hash: 0x747B079D | Rollbacks: 58 (Resim:  80) | Stalls:  0
[BOT:50005] Heartbeat - Sparse Mods Tracked: 2048
[HEARTBEAT] Node: 1 | Tick: 416641 | Conf: 416639 | Hash: 0xFDC8CED2 | Rollbacks: 59 (Resim:  76) | Stalls:  0
[HEARTBEAT] Node: 1 | Tick: 416701 | Conf: 416699 | Hash: 0x45FB4618 | Rollbacks: 38 (Resim:  38) | Stalls:  0
[HEARTBEAT] Node: 1 | Tick: 416761 | Conf: 416759 | Hash: 0x1211EE8A | Rollbacks: 42 (Resim:  42) | Stalls:  0
[HEARTBEAT] Node: 1 | Tick: 416821 | Conf: 416819 | Hash: 0xC52466C3 | Rollbacks: 43 (Resim:  43) | Stalls:  0
[HEARTBEAT] Node: 1 | Tick: 416881 | Conf: 416879 | Hash: 0x92ED411E | Rollbacks: 45 (Resim:  45) | Stalls:  0
[HEARTBEAT] Node: 1 | Tick: 416941 | Conf: 416939 | Hash: 0x49A4397E | Rollbacks: 47 (Resim:  47) | Stalls:  0
[HEARTBEAT] Node: 1 | Tick: 417001 | Conf: 416999 | Hash: 0x0D2C62BE | Rollbacks: 50 (Resim:  50) | Stalls:  0
[HEARTBEAT] Node: 1 | Tick: 417061 | Conf: 417059 | Hash: 0x60039DC2 | Rollbacks: 55 (Resim:  55) | Stalls:  0
[HEARTBEAT] Node: 1 | Tick: 417121 | Conf: 417119 | Hash: 0x73A22A98 | Rollbacks: 59 (Resim:  59) | Stalls:  0
[BOT:50005] Heartbeat - Sparse Mods Tracked: 2048
[HEARTBEAT] Node: 1 | Tick: 417181 | Conf: 417179 | Hash: 0x1DD42334 | Rollbacks: 59 (Resim:  61) | Stalls:  0
[HEARTBEAT] Node: 1 | Tick: 417241 | Conf: 417239 | Hash: 0xC18686EB | Rollbacks: 58 (Resim:  67) | Stalls:  0
[HEARTBEAT] Node: 1 | Tick: 417301 | Conf: 417298 | Hash: 0xB1A65369 | Rollbacks: 57 (Resim:  75) | Stalls:  0
[HEARTBEAT] Node: 1 | Tick: 417361 | Conf: 417358 | Hash: 0x8D6D85A9 | Rollbacks: 58 (Resim:  86) | Stalls:  0
[HEARTBEAT] Node: 1 | Tick: 417421 | Conf: 417419 | Hash: 0x17D4008E | Rollbacks: 48 (Resim:  62) | Stalls:  0
[HEARTBEAT] Node: 1 | Tick: 417481 | Conf: 417479 | Hash: 0x6987263D | Rollbacks: 39 (Resim:  39) | Stalls:  0
[HEARTBEAT] Node: 1 | Tick: 417541 | Conf: 417539 | Hash: 0xCF835A32 | Rollbacks: 40 (Resim:  40) | Stalls:  0
[HEARTBEAT] Node: 1 | Tick: 417601 | Conf: 417599 | Hash: 0xFE1E2C08 | Rollbacks: 41 (Resim:  41) | Stalls:  0
[HEARTBEAT] Node: 1 | Tick: 417661 | Conf: 417659 | Hash: 0x7D9F1078 | Rollbacks: 42 (Resim:  42) | Stalls:  0
[HEARTBEAT] Node: 1 | Tick: 417721 | Conf: 417719 | Hash: 0xEB4CEC3B | Rollbacks: 44 (Resim:  44) | Stalls:  0
[BOT:50005] Heartbeat - Sparse Mods Tracked: 2048
[HEARTBEAT] Node: 1 | Tick: 417781 | Conf: 417779 | Hash: 0x22279F87 | Rollbacks: 47 (Resim:  47) | Stalls:  0
[HEARTBEAT] Node: 1 | Tick: 417841 | Conf: 417839 | Hash: 0xD47451F0 | Rollbacks: 50 (Resim:  50) | Stalls:  0
[HEARTBEAT] Node: 1 | Tick: 417901 | Conf: 417899 | Hash: 0xE4B7A745 | Rollbacks: 53 (Resim:  53) | Stalls:  0
[HEARTBEAT] Node: 1 | Tick: 417961 | Conf: 417959 | Hash: 0x0DF5A3E5 | Rollbacks: 55 (Resim:  55) | Stalls:  0
[HEARTBEAT] Node: 1 | Tick: 418021 | Conf: 418019 | Hash: 0x9679ACB1 | Rollbacks: 59 (Resim:  59) | Stalls:  0
[HEARTBEAT] Node: 1 | Tick: 418081 | Conf: 418079 | Hash: 0x53AC39A9 | Rollbacks: 59 (Resim:  61) | Stalls:  0
[HEARTBEAT] Node: 1 | Tick: 418141 | Conf: 418139 | Hash: 0x1FA32890 | Rollbacks: 58 (Resim:  66) | Stalls:  0
[HEARTBEAT] Node: 1 | Tick: 418201 | Conf: 418199 | Hash: 0xA790BA5B | Rollbacks: 58 (Resim:  74) | Stalls:  0
[HEARTBEAT] Node: 1 | Tick: 418261 | Conf: 418259 | Hash: 0x935F9944 | Rollbacks: 58 (Resim:  80) | Stalls:  0
[HEARTBEAT] Node: 1 | Tick: 418321 | Conf: 418319 | Hash: 0xCB018E3D | Rollbacks: 47 (Resim:  68) | Stalls:  0
[BOT:50005] Heartbeat - Sparse Mods Tracked: 2048
[HEARTBEAT] Node: 1 | Tick: 418381 | Conf: 418379 | Hash: 0x3C150097 | Rollbacks: 37 (Resim:  39) | Stalls:  0
[HEARTBEAT] Node: 1 | Tick: 418441 | Conf: 418439 | Hash: 0xEA3DEB48 | Rollbacks: 40 (Resim:  40) | Stalls:  0
[HEARTBEAT] Node: 1 | Tick: 418501 | Conf: 418499 | Hash: 0x13D9045B | Rollbacks: 43 (Resim:  43) | Stalls:  0
[HEARTBEAT] Node: 1 | Tick: 418561 | Conf: 418559 | Hash: 0x1F296CFC | Rollbacks: 47 (Resim:  47) | Stalls:  0
[HEARTBEAT] Node: 1 | Tick: 418621 | Conf: 418619 | Hash: 0xA9A8D621 | Rollbacks: 51 (Resim:  51) | Stalls:  0
[HEARTBEAT] Node: 1 | Tick: 418681 | Conf: 418679 | Hash: 0xA7EABC65 | Rollbacks: 55 (Resim:  55) | Stalls:  0
[HEARTBEAT] Node: 1 | Tick: 418741 | Conf: 418739 | Hash: 0xAD1B843D | Rollbacks: 60 (Resim:  60) | Stalls:  0
[HEARTBEAT] Node: 1 | Tick: 418801 | Conf: 418799 | Hash: 0x852FF487 | Rollbacks: 58 (Resim:  62) | Stalls:  0
[HEARTBEAT] Node: 1 | Tick: 418861 | Conf: 418859 | Hash: 0xAB873BBB | Rollbacks: 58 (Resim:  72) | Stalls:  0
[BOT:50005] Heartbeat - Sparse Mods Tracked: 2048
[HEARTBEAT] Node: 1 | Tick: 418921 | Conf: 418919 | Hash: 0xA800D7C4 | Rollbacks: 58 (Resim:  78) | Stalls:  0
[HEARTBEAT] Node: 1 | Tick: 418981 | Conf: 418979 | Hash: 0x8AA8E281 | Rollbacks: 58 (Resim:  87) | Stalls:  0
[HEARTBEAT] Node: 1 | Tick: 419041 | Conf: 419039 | Hash: 0xF3A1FAC8 | Rollbacks: 43 (Resim:  45) | Stalls:  0
[HEARTBEAT] Node: 1 | Tick: 419101 | Conf: 419099 | Hash: 0xA3AB16A3 | Rollbacks: 44 (Resim:  46) | Stalls:  0
[HEARTBEAT] Node: 1 | Tick: 419161 | Conf: 419159 | Hash: 0x094641B3 | Rollbacks: 45 (Resim:  45) | Stalls:  0
[HEARTBEAT] Node: 1 | Tick: 419221 | Conf: 419219 | Hash: 0x28BF3229 | Rollbacks: 43 (Resim:  45) | Stalls:  0
[HEARTBEAT] Node: 1 | Tick: 419281 | Conf: 419279 | Hash: 0xF62D8C13 | Rollbacks: 46 (Resim:  49) | Stalls:  0
[HEARTBEAT] Node: 1 | Tick: 419341 | Conf: 419339 | Hash: 0xA0A58127 | Rollbacks: 55 (Resim:  71) | Stalls:  0
[HEARTBEAT] Node: 1 | Tick: 419401 | Conf: 419399 | Hash: 0x38570D19 | Rollbacks: 58 (Resim:  82) | Stalls:  0
[HEARTBEAT] Node: 1 | Tick: 419461 | Conf: 419459 | Hash: 0xDF4148F2 | Rollbacks: 47 (Resim:  64) | Stalls:  0
[BOT:50005] Heartbeat - Sparse Mods Tracked: 2048
[HEARTBEAT] Node: 1 | Tick: 419521 | Conf: 419519 | Hash: 0x0F166DAF | Rollbacks: 40 (Resim:  40) | Stalls:  0
[HEARTBEAT] Node: 1 | Tick: 419581 | Conf: 419579 | Hash: 0xB8A54767 | Rollbacks: 39 (Resim:  39) | Stalls:  0
[HEARTBEAT] Node: 1 | Tick: 419641 | Conf: 419639 | Hash: 0x8E0A68A0 | Rollbacks: 40 (Resim:  40) | Stalls:  0
[HEARTBEAT] Node: 1 | Tick: 419701 | Conf: 419699 | Hash: 0xA2CF7C42 | Rollbacks: 41 (Resim:  41) | Stalls:  0
[HEARTBEAT] Node: 1 | Tick: 419761 | Conf: 419759 | Hash: 0xF485D00C | Rollbacks: 43 (Resim:  43) | Stalls:  0
[HEARTBEAT] Node: 1 | Tick: 419821 | Conf: 419819 | Hash: 0x2FFD7DC2 | Rollbacks: 45 (Resim:  45) | Stalls:  0
[HEARTBEAT] Node: 1 | Tick: 419881 | Conf: 419879 | Hash: 0x6472C743 | Rollbacks: 48 (Resim:  48) | Stalls:  0
[HEARTBEAT] Node: 1 | Tick: 419941 | Conf: 419939 | Hash: 0x7A4F5D1B | Rollbacks: 51 (Resim:  51) | Stalls:  0
[HEARTBEAT] Node: 1 | Tick: 420001 | Conf: 419999 | Hash: 0x1AFADDA1 | Rollbacks: 56 (Resim:  56) | Stalls:  0
[HEARTBEAT] Node: 1 | Tick: 420061 | Conf: 420059 | Hash: 0x2FD55B22 | Rollbacks: 58 (Resim:  58) | Stalls:  0
[BOT:50005] Heartbeat - Sparse Mods Tracked: 2048
[HEARTBEAT] Node: 1 | Tick: 420121 | Conf: 420119 | Hash: 0x669BDCB3 | Rollbacks: 58 (Resim:  61) | Stalls:  0
[HEARTBEAT] Node: 1 | Tick: 420181 | Conf: 420179 | Hash: 0xF15647B4 | Rollbacks: 58 (Resim:  68) | Stalls:  0
[HEARTBEAT] Node: 1 | Tick: 420241 | Conf: 420239 | Hash: 0x266CB53A | Rollbacks: 58 (Resim:  76) | Stalls:  0
[HEARTBEAT] Node: 1 | Tick: 420301 | Conf: 420298 | Hash: 0x1FE1C97A | Rollbacks: 57 (Resim:  83) | Stalls:  0
[HEARTBEAT] Node: 1 | Tick: 420361 | Conf: 420359 | Hash: 0x66B2D7AD | Rollbacks: 41 (Resim:  51) | Stalls:  0
[HEARTBEAT] Node: 1 | Tick: 420421 | Conf: 420419 | Hash: 0xFBA5AD81 | Rollbacks: 41 (Resim:  41) | Stalls:  0
[HEARTBEAT] Node: 1 | Tick: 420481 | Conf: 420479 | Hash: 0x561CB3F0 | Rollbacks: 42 (Resim:  42) | Stalls:  0
[HEARTBEAT] Node: 1 | Tick: 420541 | Conf: 420539 | Hash: 0xC9E1E4BF | Rollbacks: 45 (Resim:  45) | Stalls:  0
[HEARTBEAT] Node: 1 | Tick: 420601 | Conf: 420599 | Hash: 0x68DDDAD0 | Rollbacks: 47 (Resim:  47) | Stalls:  0
[BOT:50005] Heartbeat - Sparse Mods Tracked: 2048
[HEARTBEAT] Node: 1 | Tick: 420661 | Conf: 420659 | Hash: 0xFBD9CCF0 | Rollbacks: 50 (Resim:  50) | Stalls:  0
[HEARTBEAT] Node: 1 | Tick: 420721 | Conf: 420719 | Hash: 0xA673F302 | Rollbacks: 58 (Resim:  59) | Stalls:  0
[HEARTBEAT] Node: 1 | Tick: 420781 | Conf: 420779 | Hash: 0xC2FBAABF | Rollbacks: 58 (Resim:  65) | Stalls:  0
[HEARTBEAT] Node: 1 | Tick: 420841 | Conf: 420839 | Hash: 0x8FEBA2EE | Rollbacks: 58 (Resim:  72) | Stalls:  0
[HEARTBEAT] Node: 1 | Tick: 420901 | Conf: 420899 | Hash: 0x75A5AA36 | Rollbacks: 58 (Resim:  80) | Stalls:  0
[HEARTBEAT] Node: 1 | Tick: 420961 | Conf: 420959 | Hash: 0x06ECA04B | Rollbacks: 54 (Resim:  79) | Stalls:  0
[HEARTBEAT] Node: 1 | Tick: 421021 | Conf: 421019 | Hash: 0x5AC8719F | Rollbacks: 41 (Resim:  41) | Stalls:  0
[HEARTBEAT] Node: 1 | Tick: 421081 | Conf: 421079 | Hash: 0xF85C924A | Rollbacks: 39 (Resim:  39) | Stalls:  0
[HEARTBEAT] Node: 1 | Tick: 421141 | Conf: 421139 | Hash: 0x1D698CF0 | Rollbacks: 42 (Resim:  42) | Stalls:  0
[HEARTBEAT] Node: 1 | Tick: 421201 | Conf: 421199 | Hash: 0xF09E25D9 | Rollbacks: 43 (Resim:  43) | Stalls:  0
[BOT:50005] Heartbeat - Sparse Mods Tracked: 2048
[HEARTBEAT] Node: 1 | Tick: 421261 | Conf: 421259 | Hash: 0x3406EA82 | Rollbacks: 44 (Resim:  44) | Stalls:  0
[HEARTBEAT] Node: 1 | Tick: 421321 | Conf: 421319 | Hash: 0x10D56227 | Rollbacks: 47 (Resim:  47) | Stalls:  0
[HEARTBEAT] Node: 1 | Tick: 421381 | Conf: 421379 | Hash: 0xBA4B8CB8 | Rollbacks: 52 (Resim:  52) | Stalls:  0
[HEARTBEAT] Node: 1 | Tick: 421441 | Conf: 421439 | Hash: 0xDFEF154E | Rollbacks: 54 (Resim:  54) | Stalls:  0
[HEARTBEAT] Node: 1 | Tick: 421501 | Conf: 421499 | Hash: 0x6B37CD1D | Rollbacks: 59 (Resim:  59) | Stalls:  0
[HEARTBEAT] Node: 1 | Tick: 421561 | Conf: 421559 | Hash: 0x741467ED | Rollbacks: 58 (Resim:  64) | Stalls:  0
[HEARTBEAT] Node: 1 | Tick: 421621 | Conf: 421618 | Hash: 0x60C5E1DC | Rollbacks: 57 (Resim:  70) | Stalls:  0
[HEARTBEAT] Node: 1 | Tick: 421681 | Conf: 421678 | Hash: 0x672A24FD | Rollbacks: 58 (Resim:  79) | Stalls:  0
[HEARTBEAT] Node: 1 | Tick: 421741 | Conf: 421739 | Hash: 0x9F39F95B | Rollbacks: 58 (Resim:  87) | Stalls:  0
[HEARTBEAT] Node: 1 | Tick: 421801 | Conf: 421799 | Hash: 0x4A0C2AF3 | Rollbacks: 38 (Resim:  38) | Stalls:  0
[BOT:50005] Heartbeat - Sparse Mods Tracked: 2048
[HEARTBEAT] Node: 1 | Tick: 421861 | Conf: 421859 | Hash: 0x6CAECC25 | Rollbacks: 40 (Resim:  40) | Stalls:  0
[HEARTBEAT] Node: 1 | Tick: 421921 | Conf: 421919 | Hash: 0x471943B2 | Rollbacks: 40 (Resim:  40) | Stalls:  0
[HEARTBEAT] Node: 1 | Tick: 421981 | Conf: 421979 | Hash: 0x86D2C949 | Rollbacks: 42 (Resim:  42) | Stalls:  0
[HEARTBEAT] Node: 1 | Tick: 422041 | Conf: 422039 | Hash: 0xAA18C8D8 | Rollbacks: 42 (Resim:  42) | Stalls:  0
[HEARTBEAT] Node: 1 | Tick: 422101 | Conf: 422099 | Hash: 0xA57BA968 | Rollbacks: 46 (Resim:  46) | Stalls:  0
[HEARTBEAT] Node: 1 | Tick: 422161 | Conf: 422159 | Hash: 0x28FD4DDF | Rollbacks: 50 (Resim:  50) | Stalls:  0
[HEARTBEAT] Node: 1 | Tick: 422221 | Conf: 422219 | Hash: 0xEDF04DB7 | Rollbacks: 55 (Resim:  55) | Stalls:  0
[HEARTBEAT] Node: 1 | Tick: 422281 | Conf: 422279 | Hash: 0xEF271C10 | Rollbacks: 59 (Resim:  59) | Stalls:  0
[HEARTBEAT] Node: 1 | Tick: 422341 | Conf: 422339 | Hash: 0xA201AE12 | Rollbacks: 58 (Resim:  62) | Stalls:  0
[HEARTBEAT] Node: 1 | Tick: 422401 | Conf: 422399 | Hash: 0x091BE492 | Rollbacks: 58 (Resim:  68) | Stalls:  0
[BOT:50005] Heartbeat - Sparse Mods Tracked: 2048
[HEARTBEAT] Node: 1 | Tick: 422461 | Conf: 422459 | Hash: 0x99958F95 | Rollbacks: 58 (Resim:  77) | Stalls:  0
[HEARTBEAT] Node: 1 | Tick: 422521 | Conf: 422519 | Hash: 0x24111F88 | Rollbacks: 58 (Resim:  87) | Stalls:  0
[HEARTBEAT] Node: 1 | Tick: 422581 | Conf: 422579 | Hash: 0x2D2BA79B | Rollbacks: 43 (Resim:  44) | Stalls:  0
[HEARTBEAT] Node: 1 | Tick: 422641 | Conf: 422639 | Hash: 0xBEBBF293 | Rollbacks: 39 (Resim:  39) | Stalls:  0
[HEARTBEAT] Node: 1 | Tick: 422701 | Conf: 422699 | Hash: 0xCD4B46D9 | Rollbacks: 41 (Resim:  41) | Stalls:  0
[HEARTBEAT] Node: 1 | Tick: 422761 | Conf: 422759 | Hash: 0x753B389B | Rollbacks: 42 (Resim:  42) | Stalls:  0
[HEARTBEAT] Node: 1 | Tick: 422821 | Conf: 422819 | Hash: 0x9A40CB35 | Rollbacks: 43 (Resim:  43) | Stalls:  0
[HEARTBEAT] Node: 1 | Tick: 422881 | Conf: 422879 | Hash: 0x6EF359DA | Rollbacks: 47 (Resim:  47) | Stalls:  0
[HEARTBEAT] Node: 1 | Tick: 422941 | Conf: 422939 | Hash: 0xC086592C | Rollbacks: 51 (Resim:  51) | Stalls:  0
[BOT:50005] Heartbeat - Sparse Mods Tracked: 2048
[HEARTBEAT] Node: 1 | Tick: 423001 | Conf: 422999 | Hash: 0x6CD02C33 | Rollbacks: 59 (Resim:  59) | Stalls:  0
[HEARTBEAT] Node: 1 | Tick: 423061 | Conf: 423059 | Hash: 0xE2DA1CFE | Rollbacks: 59 (Resim:  61) | Stalls:  0
[HEARTBEAT] Node: 1 | Tick: 423121 | Conf: 423119 | Hash: 0x07FD7589 | Rollbacks: 58 (Resim:  68) | Stalls:  0
[HEARTBEAT] Node: 1 | Tick: 423181 | Conf: 423178 | Hash: 0x0378BFD9 | Rollbacks: 57 (Resim:  77) | Stalls:  0
[HEARTBEAT] Node: 1 | Tick: 423241 | Conf: 423239 | Hash: 0x379517D4 | Rollbacks: 58 (Resim:  86) | Stalls:  0
[HEARTBEAT] Node: 1 | Tick: 423301 | Conf: 423299 | Hash: 0xE60A34C2 | Rollbacks: 39 (Resim:  39) | Stalls:  0
[HEARTBEAT] Node: 1 | Tick: 423361 | Conf: 423359 | Hash: 0x9A53F67A | Rollbacks: 38 (Resim:  38) | Stalls:  0
[HEARTBEAT] Node: 1 | Tick: 423421 | Conf: 423419 | Hash: 0x655B7634 | Rollbacks: 41 (Resim:  41) | Stalls:  0
[HEARTBEAT] Node: 1 | Tick: 423481 | Conf: 423479 | Hash: 0x97EA922E | Rollbacks: 44 (Resim:  44) | Stalls:  0
[HEARTBEAT] Node: 1 | Tick: 423541 | Conf: 423539 | Hash: 0xC5EC2FDC | Rollbacks: 58 (Resim:  59) | Stalls:  0
[BOT:50005] Heartbeat - Sparse Mods Tracked: 2048
[HEARTBEAT] Node: 1 | Tick: 423601 | Conf: 423599 | Hash: 0x8520CC2E | Rollbacks: 58 (Resim:  62) | Stalls:  0
[HEARTBEAT] Node: 1 | Tick: 423661 | Conf: 423659 | Hash: 0x9E17A847 | Rollbacks: 58 (Resim:  70) | Stalls:  0
[HEARTBEAT] Node: 1 | Tick: 423721 | Conf: 423719 | Hash: 0x9AEFADF1 | Rollbacks: 58 (Resim:  78) | Stalls:  0
[HEARTBEAT] Node: 1 | Tick: 423781 | Conf: 423779 | Hash: 0x5820D508 | Rollbacks: 51 (Resim:  75) | Stalls:  0
[HEARTBEAT] Node: 1 | Tick: 423841 | Conf: 423839 | Hash: 0x7DDCC41F | Rollbacks: 41 (Resim:  46) | Stalls:  0
[HEARTBEAT] Node: 1 | Tick: 423901 | Conf: 423899 | Hash: 0xE42365DD | Rollbacks: 37 (Resim:  37) | Stalls:  0
[HEARTBEAT] Node: 1 | Tick: 423961 | Conf: 423959 | Hash: 0xAB103A10 | Rollbacks: 37 (Resim:  37) | Stalls:  0
[HEARTBEAT] Node: 1 | Tick: 424021 | Conf: 424019 | Hash: 0x5BB1711B | Rollbacks: 41 (Resim:  41) | Stalls:  0
[HEARTBEAT] Node: 1 | Tick: 424081 | Conf: 424079 | Hash: 0xCC15A5CB | Rollbacks: 43 (Resim:  43) | Stalls:  0
[HEARTBEAT] Node: 1 | Tick: 424141 | Conf: 424139 | Hash: 0xE5C49123 | Rollbacks: 46 (Resim:  46) | Stalls:  0
[BOT:50005] Heartbeat - Sparse Mods Tracked: 2048
[HEARTBEAT] Node: 1 | Tick: 424201 | Conf: 424199 | Hash: 0x25DE95E7 | Rollbacks: 51 (Resim:  51) | Stalls:  0
[HEARTBEAT] Node: 1 | Tick: 424261 | Conf: 424259 | Hash: 0xA5299AC6 | Rollbacks: 53 (Resim:  53) | Stalls:  0
[HEARTBEAT] Node: 1 | Tick: 424321 | Conf: 424319 | Hash: 0x78E8CAAF | Rollbacks: 59 (Resim:  59) | Stalls:  0
[HEARTBEAT] Node: 1 | Tick: 424381 | Conf: 424379 | Hash: 0x45A2B14A | Rollbacks: 58 (Resim:  62) | Stalls:  0
[HEARTBEAT] Node: 1 | Tick: 424441 | Conf: 424439 | Hash: 0x9E5D56A1 | Rollbacks: 58 (Resim:  70) | Stalls:  0
[HEARTBEAT] Node: 1 | Tick: 424501 | Conf: 424499 | Hash: 0xB3CA41B0 | Rollbacks: 58 (Resim:  76) | Stalls:  0
[HEARTBEAT] Node: 1 | Tick: 424561 | Conf: 424558 | Hash: 0x65FEBB28 | Rollbacks: 58 (Resim:  81) | Stalls:  0
[HEARTBEAT] Node: 1 | Tick: 424621 | Conf: 424619 | Hash: 0xFD934B75 | Rollbacks: 54 (Resim:  75) | Stalls:  0
[HEARTBEAT] Node: 1 | Tick: 424681 | Conf: 424679 | Hash: 0x560226BC | Rollbacks: 37 (Resim:  41) | Stalls:  0
[BOT:50005] Heartbeat - Sparse Mods Tracked: 2048
[HEARTBEAT] Node: 1 | Tick: 424741 | Conf: 424739 | Hash: 0x6F1CE624 | Rollbacks: 43 (Resim:  45) | Stalls:  0
[HEARTBEAT] Node: 1 | Tick: 424801 | Conf: 424799 | Hash: 0x69F61AD8 | Rollbacks: 39 (Resim:  39) | Stalls:  0
[HEARTBEAT] Node: 1 | Tick: 424861 | Conf: 424859 | Hash: 0x29810088 | Rollbacks: 41 (Resim:  41) | Stalls:  0
[HEARTBEAT] Node: 1 | Tick: 424921 | Conf: 424919 | Hash: 0xFEFD4A6F | Rollbacks: 45 (Resim:  45) | Stalls:  0
[HEARTBEAT] Node: 1 | Tick: 424981 | Conf: 424979 | Hash: 0x0ED416A0 | Rollbacks: 47 (Resim:  47) | Stalls:  0
[HEARTBEAT] Node: 1 | Tick: 425041 | Conf: 425039 | Hash: 0xE25CE30E | Rollbacks: 49 (Resim:  49) | Stalls:  0
[HEARTBEAT] Node: 1 | Tick: 425101 | Conf: 425099 | Hash: 0x1FC8DD7E | Rollbacks: 53 (Resim:  53) | Stalls:  0
[HEARTBEAT] Node: 1 | Tick: 425161 | Conf: 425159 | Hash: 0x7767C297 | Rollbacks: 57 (Resim:  57) | Stalls:  0
[HEARTBEAT] Node: 1 | Tick: 425221 | Conf: 425219 | Hash: 0xB53B41B5 | Rollbacks: 59 (Resim:  61) | Stalls:  0
[HEARTBEAT] Node: 1 | Tick: 425281 | Conf: 425279 | Hash: 0xFDB75530 | Rollbacks: 58 (Resim:  68) | Stalls:  0
[BOT:50005] Heartbeat - Sparse Mods Tracked: 2048
[HEARTBEAT] Node: 1 | Tick: 425341 | Conf: 425339 | Hash: 0xB20C188F | Rollbacks: 58 (Resim:  76) | Stalls:  0
[HEARTBEAT] Node: 1 | Tick: 425401 | Conf: 425398 | Hash: 0x3C1380F2 | Rollbacks: 57 (Resim:  86) | Stalls:  0
[HEARTBEAT] Node: 1 | Tick: 425461 | Conf: 425459 | Hash: 0xDD908012 | Rollbacks: 45 (Resim:  50) | Stalls:  0
[HEARTBEAT] Node: 1 | Tick: 425521 | Conf: 425519 | Hash: 0xAA5ABBCE | Rollbacks: 38 (Resim:  38) | Stalls:  0
[HEARTBEAT] Node: 1 | Tick: 425581 | Conf: 425579 | Hash: 0xDE0029E1 | Rollbacks: 40 (Resim:  40) | Stalls:  0
[HEARTBEAT] Node: 1 | Tick: 425641 | Conf: 425639 | Hash: 0x13E83364 | Rollbacks: 40 (Resim:  40) | Stalls:  0
[HEARTBEAT] Node: 1 | Tick: 425701 | Conf: 425699 | Hash: 0x3B8D38E4 | Rollbacks: 38 (Resim:  38) | Stalls:  0
[HEARTBEAT] Node: 1 | Tick: 425761 | Conf: 425759 | Hash: 0xBB40E451 | Rollbacks: 40 (Resim:  40) | Stalls:  0
[HEARTBEAT] Node: 1 | Tick: 425821 | Conf: 425819 | Hash: 0x79F21DB8 | Rollbacks: 43 (Resim:  43) | Stalls:  0
[HEARTBEAT] Node: 1 | Tick: 425881 | Conf: 425879 | Hash: 0x49758191 | Rollbacks: 46 (Resim:  46) | Stalls:  0
[BOT:50005] Heartbeat - Sparse Mods Tracked: 2048
[HEARTBEAT] Node: 1 | Tick: 425941 | Conf: 425939 | Hash: 0xCB9C467A | Rollbacks: 48 (Resim:  48) | Stalls:  0
[HEARTBEAT] Node: 1 | Tick: 426001 | Conf: 425999 | Hash: 0x1F835205 | Rollbacks: 53 (Resim:  53) | Stalls:  0
[HEARTBEAT] Node: 1 | Tick: 426061 | Conf: 426059 | Hash: 0xF7637B7B | Rollbacks: 57 (Resim:  57) | Stalls:  0
[HEARTBEAT] Node: 1 | Tick: 426121 | Conf: 426119 | Hash: 0x986223A3 | Rollbacks: 59 (Resim:  60) | Stalls:  0
[HEARTBEAT] Node: 1 | Tick: 426181 | Conf: 426179 | Hash: 0xED991845 | Rollbacks: 58 (Resim:  64) | Stalls:  0
[HEARTBEAT] Node: 1 | Tick: 426241 | Conf: 426239 | Hash: 0x73B53477 | Rollbacks: 58 (Resim:  69) | Stalls:  0
[HEARTBEAT] Node: 1 | Tick: 426301 | Conf: 426299 | Hash: 0x1D7ED550 | Rollbacks: 58 (Resim:  76) | Stalls:  0
[HEARTBEAT] Node: 1 | Tick: 426361 | Conf: 426359 | Hash: 0x9A8D7D34 | Rollbacks: 58 (Resim:  85) | Stalls:  0
[HEARTBEAT] Node: 1 | Tick: 426421 | Conf: 426419 | Hash: 0xEAFD9287 | Rollbacks: 43 (Resim:  60) | Stalls:  0
[BOT:50005] Heartbeat - Sparse Mods Tracked: 2048
[HEARTBEAT] Node: 1 | Tick: 426481 | Conf: 426479 | Hash: 0x2AAD7025 | Rollbacks: 43 (Resim:  43) | Stalls:  0
[HEARTBEAT] Node: 1 | Tick: 426541 | Conf: 426539 | Hash: 0x3DC7F4B0 | Rollbacks: 42 (Resim:  51) | Stalls:  0
[HEARTBEAT] Node: 1 | Tick: 426601 | Conf: 426599 | Hash: 0xE98827BD | Rollbacks: 40 (Resim:  42) | Stalls:  0
[HEARTBEAT] Node: 1 | Tick: 426661 | Conf: 426658 | Hash: 0x4996BE9C | Rollbacks: 44 (Resim:  44) | Stalls:  0
[HEARTBEAT] Node: 1 | Tick: 426721 | Conf: 426719 | Hash: 0xB301B9E0 | Rollbacks: 38 (Resim:  39) | Stalls:  0
[HEARTBEAT] Node: 1 | Tick: 426781 | Conf: 426779 | Hash: 0x36F05ED5 | Rollbacks: 50 (Resim:  54) | Stalls:  0
[HEARTBEAT] Node: 1 | Tick: 426841 | Conf: 426839 | Hash: 0xDFED1630 | Rollbacks: 39 (Resim:  39) | Stalls:  0
[HEARTBEAT] Node: 1 | Tick: 426901 | Conf: 426899 | Hash: 0xE68823DC | Rollbacks: 40 (Resim:  40) | Stalls:  0
[HEARTBEAT] Node: 1 | Tick: 426961 | Conf: 426959 | Hash: 0x7603AC60 | Rollbacks: 40 (Resim:  40) | Stalls:  0
[HEARTBEAT] Node: 1 | Tick: 427021 | Conf: 427019 | Hash: 0x98CEB730 | Rollbacks: 42 (Resim:  42) | Stalls:  0
[BOT:50005] Heartbeat - Sparse Mods Tracked: 2048
[HEARTBEAT] Node: 1 | Tick: 427081 | Conf: 427079 | Hash: 0xFEC71D4E | Rollbacks: 58 (Resim:  59) | Stalls:  0
[HEARTBEAT] Node: 1 | Tick: 427141 | Conf: 427139 | Hash: 0x2C946FA3 | Rollbacks: 58 (Resim:  63) | Stalls:  0
[HEARTBEAT] Node: 1 | Tick: 427201 | Conf: 427199 | Hash: 0x4D4505AB | Rollbacks: 58 (Resim:  69) | Stalls:  0
[HEARTBEAT] Node: 1 | Tick: 427261 | Conf: 427259 | Hash: 0x153CB130 | Rollbacks: 58 (Resim:  75) | Stalls:  0
[HEARTBEAT] Node: 1 | Tick: 427321 | Conf: 427319 | Hash: 0x5E91A0BC | Rollbacks: 58 (Resim:  84) | Stalls:  0
[HEARTBEAT] Node: 1 | Tick: 427381 | Conf: 427379 | Hash: 0xBF38906F | Rollbacks: 52 (Resim:  72) | Stalls:  0
[HEARTBEAT] Node: 1 | Tick: 427441 | Conf: 427439 | Hash: 0xE302F607 | Rollbacks: 53 (Resim:  55) | Stalls:  0
[HEARTBEAT] Node: 1 | Tick: 427501 | Conf: 427499 | Hash: 0xB2B611C5 | Rollbacks: 48 (Resim:  48) | Stalls:  0
[HEARTBEAT] Node: 1 | Tick: 427561 | Conf: 427559 | Hash: 0x6C242CA0 | Rollbacks: 50 (Resim:  50) | Stalls:  0
[HEARTBEAT] Node: 1 | Tick: 427621 | Conf: 427619 | Hash: 0x3FC71ABD | Rollbacks: 57 (Resim:  71) | Stalls:  0
[BOT:50005] Heartbeat - Sparse Mods Tracked: 2048
[HEARTBEAT] Node: 1 | Tick: 427681 | Conf: 427679 | Hash: 0xA27DC1DD | Rollbacks: 56 (Resim:  60) | Stalls:  0
[HEARTBEAT] Node: 1 | Tick: 427741 | Conf: 427739 | Hash: 0x736773DD | Rollbacks: 36 (Resim:  36) | Stalls:  0
[HEARTBEAT] Node: 1 | Tick: 427801 | Conf: 427799 | Hash: 0xD32BA06A | Rollbacks: 52 (Resim:  52) | Stalls:  0
[HEARTBEAT] Node: 1 | Tick: 427861 | Conf: 427858 | Hash: 0xE24DB9E3 | Rollbacks: 58 (Resim:  62) | Stalls:  0
[HEARTBEAT] Node: 1 | Tick: 427921 | Conf: 427919 | Hash: 0x61255AEE | Rollbacks: 54 (Resim:  74) | Stalls:  0
[HEARTBEAT] Node: 1 | Tick: 427981 | Conf: 427979 | Hash: 0x36B6C9F5 | Rollbacks: 52 (Resim:  52) | Stalls:  0
[HEARTBEAT] Node: 1 | Tick: 428041 | Conf: 428038 | Hash: 0xFF148043 | Rollbacks: 59 (Resim:  72) | Stalls:  0
[HEARTBEAT] Node: 1 | Tick: 428101 | Conf: 428099 | Hash: 0x075D7ED4 | Rollbacks: 58 (Resim:  73) | Stalls:  0
[HEARTBEAT] Node: 1 | Tick: 428161 | Conf: 428159 | Hash: 0x7C2FF02A | Rollbacks: 50 (Resim:  50) | Stalls:  0
[HEARTBEAT] Node: 1 | Tick: 428221 | Conf: 428219 | Hash: 0x916AD79D | Rollbacks: 59 (Resim:  80) | Stalls:  0
[BOT:50005] Heartbeat - Sparse Mods Tracked: 2048
[HEARTBEAT] Node: 1 | Tick: 428281 | Conf: 428279 | Hash: 0x1CAB9668 | Rollbacks: 48 (Resim:  51) | Stalls:  0
[HEARTBEAT] Node: 1 | Tick: 428341 | Conf: 428339 | Hash: 0x974E3065 | Rollbacks: 56 (Resim:  75) | Stalls:  0
[HEARTBEAT] Node: 1 | Tick: 428401 | Conf: 428399 | Hash: 0xA0A87CB6 | Rollbacks: 46 (Resim:  46) | Stalls:  0
[HEARTBEAT] Node: 1 | Tick: 428461 | Conf: 428459 | Hash: 0x0C0A0A83 | Rollbacks: 36 (Resim:  40) | Stalls:  0
[HEARTBEAT] Node: 1 | Tick: 428521 | Conf: 428519 | Hash: 0x16793582 | Rollbacks: 60 (Resim:  60) | Stalls:  0
[HEARTBEAT] Node: 1 | Tick: 428581 | Conf: 428579 | Hash: 0xBAEEC417 | Rollbacks: 59 (Resim:  78) | Stalls:  0
[HEARTBEAT] Node: 1 | Tick: 428641 | Conf: 428639 | Hash: 0xB2B7C46F | Rollbacks: 45 (Resim:  48) | Stalls:  0
[HEARTBEAT] Node: 1 | Tick: 428701 | Conf: 428699 | Hash: 0x3E56D2DB | Rollbacks: 53 (Resim:  53) | Stalls:  0
[HEARTBEAT] Node: 1 | Tick: 428761 | Conf: 428758 | Hash: 0x9F341CE3 | Rollbacks: 58 (Resim:  73) | Stalls:  0
[BOT:50005] Heartbeat - Sparse Mods Tracked: 2048
[HEARTBEAT] Node: 1 | Tick: 428821 | Conf: 428819 | Hash: 0xFD3560DC | Rollbacks: 47 (Resim:  50) | Stalls:  0
[HEARTBEAT] Node: 1 | Tick: 428881 | Conf: 428878 | Hash: 0x58F9E20C | Rollbacks: 51 (Resim:  51) | Stalls:  0
[HEARTBEAT] Node: 1 | Tick: 428941 | Conf: 428938 | Hash: 0x1539F7E2 | Rollbacks: 59 (Resim:  78) | Stalls:  0
[HEARTBEAT] Node: 1 | Tick: 429001 | Conf: 428998 | Hash: 0x43F799BD | Rollbacks: 57 (Resim:  68) | Stalls:  0
[HEARTBEAT] Node: 1 | Tick: 429061 | Conf: 429059 | Hash: 0x9C65BE46 | Rollbacks: 59 (Resim:  71) | Stalls:  0
[HEARTBEAT] Node: 1 | Tick: 429121 | Conf: 429119 | Hash: 0x93CBE51E | Rollbacks: 52 (Resim:  52) | Stalls:  0
[HEARTBEAT] Node: 1 | Tick: 429181 | Conf: 429178 | Hash: 0x642DEEE4 | Rollbacks: 59 (Resim:  83) | Stalls:  0
[HEARTBEAT] Node: 1 | Tick: 429241 | Conf: 429239 | Hash: 0x9E238146 | Rollbacks: 55 (Resim:  61) | Stalls:  0
[HEARTBEAT] Node: 1 | Tick: 429301 | Conf: 429299 | Hash: 0xB7740770 | Rollbacks: 50 (Resim:  53) | Stalls:  0
[HEARTBEAT] Node: 1 | Tick: 429361 | Conf: 429359 | Hash: 0x9741E232 | Rollbacks: 59 (Resim:  79) | Stalls:  0
[BOT:50005] Heartbeat - Sparse Mods Tracked: 2048
[HEARTBEAT] Node: 1 | Tick: 429421 | Conf: 429419 | Hash: 0x1F805249 | Rollbacks: 51 (Resim:  55) | Stalls:  0
[HEARTBEAT] Node: 1 | Tick: 429481 | Conf: 429479 | Hash: 0x162714B5 | Rollbacks: 52 (Resim:  58) | Stalls:  0
[HEARTBEAT] Node: 1 | Tick: 429541 | Conf: 429539 | Hash: 0x11B81CBA | Rollbacks: 48 (Resim:  48) | Stalls:  0
[HEARTBEAT] Node: 1 | Tick: 429601 | Conf: 429598 | Hash: 0x6EA913FF | Rollbacks: 53 (Resim:  54) | Stalls:  0
[HEARTBEAT] Node: 1 | Tick: 429661 | Conf: 429659 | Hash: 0x91FAEF2A | Rollbacks: 59 (Resim:  76) | Stalls:  0
[HEARTBEAT] Node: 1 | Tick: 429721 | Conf: 429719 | Hash: 0x0B4FA3C3 | Rollbacks: 50 (Resim:  50) | Stalls:  0
[HEARTBEAT] Node: 1 | Tick: 429781 | Conf: 429779 | Hash: 0x2E05B0A0 | Rollbacks: 58 (Resim:  74) | Stalls:  0
[HEARTBEAT] Node: 1 | Tick: 429841 | Conf: 429839 | Hash: 0x5FF5CD71 | Rollbacks: 55 (Resim:  62) | Stalls:  0
[HEARTBEAT] Node: 1 | Tick: 429901 | Conf: 429899 | Hash: 0x051AC144 | Rollbacks: 47 (Resim:  47) | Stalls:  0
[HEARTBEAT] Node: 1 | Tick: 429961 | Conf: 429959 | Hash: 0xBDEAA4A1 | Rollbacks: 59 (Resim:  72) | Stalls:  0
[BOT:50005] Heartbeat - Sparse Mods Tracked: 2048
[HEARTBEAT] Node: 1 | Tick: 430021 | Conf: 430019 | Hash: 0xAEE5EBCB | Rollbacks: 50 (Resim:  52) | Stalls:  0
[HEARTBEAT] Node: 1 | Tick: 430081 | Conf: 430079 | Hash: 0xCF6321D0 | Rollbacks: 54 (Resim:  64) | Stalls:  0
[HEARTBEAT] Node: 1 | Tick: 430141 | Conf: 430139 | Hash: 0xC099CD4C | Rollbacks: 41 (Resim:  41) | Stalls:  0
[HEARTBEAT] Node: 1 | Tick: 430201 | Conf: 430199 | Hash: 0x17F86A57 | Rollbacks: 60 (Resim:  60) | Stalls:  0
[HEARTBEAT] Node: 1 | Tick: 430261 | Conf: 430259 | Hash: 0x6C9EB319 | Rollbacks: 47 (Resim:  65) | Stalls:  0
[HEARTBEAT] Node: 1 | Tick: 430321 | Conf: 430319 | Hash: 0xD2B868F1 | Rollbacks: 59 (Resim:  60) | Stalls:  0
[HEARTBEAT] Node: 1 | Tick: 430381 | Conf: 430379 | Hash: 0x9A3215EB | Rollbacks: 52 (Resim:  67) | Stalls:  0
[HEARTBEAT] Node: 1 | Tick: 430441 | Conf: 430439 | Hash: 0x5A14FB2D | Rollbacks: 52 (Resim:  52) | Stalls:  0
[HEARTBEAT] Node: 1 | Tick: 430501 | Conf: 430498 | Hash: 0x31192488 | Rollbacks: 58 (Resim:  75) | Stalls:  0
[HEARTBEAT] Node: 1 | Tick: 430561 | Conf: 430559 | Hash: 0x59A689B2 | Rollbacks: 47 (Resim:  48) | Stalls:  0
[BOT:50005] Heartbeat - Sparse Mods Tracked: 2048
[HEARTBEAT] Node: 1 | Tick: 430621 | Conf: 430618 | Hash: 0x55B62A3E | Rollbacks: 55 (Resim:  65) | Stalls:  0
[HEARTBEAT] Node: 1 | Tick: 430681 | Conf: 430679 | Hash: 0xFD030B59 | Rollbacks: 57 (Resim:  69) | Stalls:  0
[HEARTBEAT] Node: 1 | Tick: 430741 | Conf: 430738 | Hash: 0xB805867A | Rollbacks: 59 (Resim:  66) | Stalls:  0
[HEARTBEAT] Node: 1 | Tick: 430801 | Conf: 430799 | Hash: 0x5B02ADCF | Rollbacks: 53 (Resim:  64) | Stalls:  0
[HEARTBEAT] Node: 1 | Tick: 430861 | Conf: 430859 | Hash: 0x134047BD | Rollbacks: 50 (Resim:  53) | Stalls:  0
[HEARTBEAT] Node: 1 | Tick: 430921 | Conf: 430919 | Hash: 0x842F062E | Rollbacks: 58 (Resim:  70) | Stalls:  0
[HEARTBEAT] Node: 1 | Tick: 430981 | Conf: 430979 | Hash: 0xC337FF8F | Rollbacks: 39 (Resim:  39) | Stalls:  0
[HEARTBEAT] Node: 1 | Tick: 431041 | Conf: 431039 | Hash: 0x57E2301D | Rollbacks: 58 (Resim:  58) | Stalls:  0
[HEARTBEAT] Node: 1 | Tick: 431101 | Conf: 431098 | Hash: 0x70BB48E9 | Rollbacks: 58 (Resim:  72) | Stalls:  0
[HEARTBEAT] Node: 1 | Tick: 431161 | Conf: 431159 | Hash: 0xC9BA3316 | Rollbacks: 50 (Resim:  52) | Stalls:  0
[BOT:50005] Heartbeat - Sparse Mods Tracked: 2048
[HEARTBEAT] Node: 1 | Tick: 431221 | Conf: 431218 | Hash: 0x34AFE49B | Rollbacks: 58 (Resim:  66) | Stalls:  0
[HEARTBEAT] Node: 1 | Tick: 431281 | Conf: 431279 | Hash: 0x81CBD604 | Rollbacks: 47 (Resim:  55) | Stalls:  0
[HEARTBEAT] Node: 1 | Tick: 431341 | Conf: 431339 | Hash: 0x44E800CC | Rollbacks: 55 (Resim:  55) | Stalls:  0
[HEARTBEAT] Node: 1 | Tick: 431401 | Conf: 431399 | Hash: 0x373CE5A2 | Rollbacks: 58 (Resim:  74) | Stalls:  0
[HEARTBEAT] Node: 1 | Tick: 431461 | Conf: 431459 | Hash: 0x247A25A8 | Rollbacks: 43 (Resim:  43) | Stalls:  0
[HEARTBEAT] Node: 1 | Tick: 431521 | Conf: 431519 | Hash: 0xE6152032 | Rollbacks: 59 (Resim:  65) | Stalls:  0
[HEARTBEAT] Node: 1 | Tick: 431581 | Conf: 431579 | Hash: 0x0680B713 | Rollbacks: 47 (Resim:  58) | Stalls:  0
[HEARTBEAT] Node: 1 | Tick: 431641 | Conf: 431639 | Hash: 0xA086551E | Rollbacks: 57 (Resim:  59) | Stalls:  0
[HEARTBEAT] Node: 1 | Tick: 431701 | Conf: 431699 | Hash: 0x3912FF75 | Rollbacks: 49 (Resim:  67) | Stalls:  0
[HEARTBEAT] Node: 1 | Tick: 431761 | Conf: 431759 | Hash: 0xE5589C14 | Rollbacks: 52 (Resim:  52) | Stalls:  0
[BOT:50005] Heartbeat - Sparse Mods Tracked: 2048
[HEARTBEAT] Node: 1 | Tick: 431821 | Conf: 431819 | Hash: 0x5174F445 | Rollbacks: 59 (Resim:  72) | Stalls:  0
[HEARTBEAT] Node: 1 | Tick: 431881 | Conf: 431879 | Hash: 0x2443C6DD | Rollbacks: 46 (Resim:  55) | Stalls:  0
[HEARTBEAT] Node: 1 | Tick: 431941 | Conf: 431939 | Hash: 0x2D96433B | Rollbacks: 56 (Resim:  56) | Stalls:  0
[HEARTBEAT] Node: 1 | Tick: 432001 | Conf: 431998 | Hash: 0xE93E390E | Rollbacks: 57 (Resim:  67) | Stalls:  0
[HEARTBEAT] Node: 1 | Tick: 432061 | Conf: 432059 | Hash: 0xBAB9D9AC | Rollbacks: 59 (Resim:  78) | Stalls:  0
[HEARTBEAT] Node: 1 | Tick: 432121 | Conf: 432119 | Hash: 0x0BE06BC9 | Rollbacks: 42 (Resim:  44) | Stalls:  0
[HEARTBEAT] Node: 1 | Tick: 432181 | Conf: 432179 | Hash: 0xE9DE883F | Rollbacks: 52 (Resim:  52) | Stalls:  0
[HEARTBEAT] Node: 1 | Tick: 432241 | Conf: 432239 | Hash: 0x17169891 | Rollbacks: 59 (Resim:  71) | Stalls:  0
[HEARTBEAT] Node: 1 | Tick: 432301 | Conf: 432299 | Hash: 0x30538E15 | Rollbacks: 50 (Resim:  59) | Stalls:  0
[BOT:50005] Heartbeat - Sparse Mods Tracked: 2048
[HEARTBEAT] Node: 1 | Tick: 432361 | Conf: 432359 | Hash: 0x6E1C6CA0 | Rollbacks: 46 (Resim:  46) | Stalls:  0
[HEARTBEAT] Node: 1 | Tick: 432421 | Conf: 432418 | Hash: 0xB796AEA9 | Rollbacks: 52 (Resim:  54) | Stalls:  0
[HEARTBEAT] Node: 1 | Tick: 432481 | Conf: 432479 | Hash: 0xCB3927AD | Rollbacks: 59 (Resim:  76) | Stalls:  0
[HEARTBEAT] Node: 1 | Tick: 432541 | Conf: 432538 | Hash: 0x0E286D9E | Rollbacks: 49 (Resim:  49) | Stalls:  0
[HEARTBEAT] Node: 1 | Tick: 432601 | Conf: 432599 | Hash: 0x8ACF67B4 | Rollbacks: 59 (Resim:  79) | Stalls:  0
[HEARTBEAT] Node: 1 | Tick: 432661 | Conf: 432659 | Hash: 0x13D1855D | Rollbacks: 58 (Resim:  76) | Stalls:  0
[HEARTBEAT] Node: 1 | Tick: 432721 | Conf: 432719 | Hash: 0x7768AE3E | Rollbacks: 53 (Resim:  55) | Stalls:  0
[HEARTBEAT] Node: 1 | Tick: 432781 | Conf: 432779 | Hash: 0x6E2FFE58 | Rollbacks: 57 (Resim:  65) | Stalls:  0
[HEARTBEAT] Node: 1 | Tick: 432841 | Conf: 432839 | Hash: 0xD99206A4 | Rollbacks: 50 (Resim:  58) | Stalls:  0
[HEARTBEAT] Node: 1 | Tick: 432901 | Conf: 432899 | Hash: 0x96B9EA25 | Rollbacks: 51 (Resim:  53) | Stalls:  0
[BOT:50005] Heartbeat - Sparse Mods Tracked: 2048
[HEARTBEAT] Node: 1 | Tick: 432961 | Conf: 432958 | Hash: 0x6BD563C7 | Rollbacks: 58 (Resim:  63) | Stalls:  0
[HEARTBEAT] Node: 1 | Tick: 433021 | Conf: 433019 | Hash: 0xC06FD64B | Rollbacks: 51 (Resim:  61) | Stalls:  0
[HEARTBEAT] Node: 1 | Tick: 433081 | Conf: 433079 | Hash: 0x10BCC89B | Rollbacks: 51 (Resim:  51) | Stalls:  0
[HEARTBEAT] Node: 1 | Tick: 433141 | Conf: 433139 | Hash: 0x3A036AD9 | Rollbacks: 58 (Resim:  77) | Stalls:  0
[HEARTBEAT] Node: 1 | Tick: 433201 | Conf: 433199 | Hash: 0x3F66715C | Rollbacks: 38 (Resim:  40) | Stalls:  0
[HEARTBEAT] Node: 1 | Tick: 433261 | Conf: 433259 | Hash: 0x98ECD32B | Rollbacks: 58 (Resim:  58) | Stalls:  0
[HEARTBEAT] Node: 1 | Tick: 433321 | Conf: 433319 | Hash: 0xED1ACBD7 | Rollbacks: 58 (Resim:  76) | Stalls:  0
[HEARTBEAT] Node: 1 | Tick: 433381 | Conf: 433379 | Hash: 0x255B0AB5 | Rollbacks: 47 (Resim:  47) | Stalls:  0
[HEARTBEAT] Node: 1 | Tick: 433441 | Conf: 433438 | Hash: 0x06FCB159 | Rollbacks: 58 (Resim:  60) | Stalls:  0
[HEARTBEAT] Node: 1 | Tick: 433501 | Conf: 433499 | Hash: 0x247874CD | Rollbacks: 50 (Resim:  68) | Stalls:  0
[BOT:50005] Heartbeat - Sparse Mods Tracked: 2048
[HEARTBEAT] Node: 1 | Tick: 433561 | Conf: 433558 | Hash: 0x33A9DE3C | Rollbacks: 51 (Resim:  51) | Stalls:  0
[HEARTBEAT] Node: 1 | Tick: 433621 | Conf: 433619 | Hash: 0x93CDA6C0 | Rollbacks: 59 (Resim:  74) | Stalls:  0
[HEARTBEAT] Node: 1 | Tick: 433681 | Conf: 433679 | Hash: 0x03748DBA | Rollbacks: 41 (Resim:  41) | Stalls:  0
[HEARTBEAT] Node: 1 | Tick: 433741 | Conf: 433739 | Hash: 0x2FE901C4 | Rollbacks: 59 (Resim:  72) | Stalls:  0
[HEARTBEAT] Node: 1 | Tick: 433801 | Conf: 433799 | Hash: 0x159C7D27 | Rollbacks: 46 (Resim:  54) | Stalls:  0
[HEARTBEAT] Node: 1 | Tick: 433861 | Conf: 433859 | Hash: 0x9C589F7B | Rollbacks: 50 (Resim:  50) | Stalls:  0
[HEARTBEAT] Node: 1 | Tick: 433921 | Conf: 433919 | Hash: 0x1DB94849 | Rollbacks: 60 (Resim:  60) | Stalls:  0
[HEARTBEAT] Node: 1 | Tick: 433981 | Conf: 433979 | Hash: 0x6B21727C | Rollbacks: 55 (Resim:  78) | Stalls:  0
[HEARTBEAT] Node: 1 | Tick: 434041 | Conf: 434039 | Hash: 0x8CBF62F4 | Rollbacks: 50 (Resim:  50) | Stalls:  0
[HEARTBEAT] Node: 1 | Tick: 434101 | Conf: 434098 | Hash: 0xFCB380E5 | Rollbacks: 58 (Resim:  75) | Stalls:  0
[BOT:50005] Heartbeat - Sparse Mods Tracked: 2048
[HEARTBEAT] Node: 1 | Tick: 434161 | Conf: 434159 | Hash: 0x68CCB8A3 | Rollbacks: 50 (Resim:  56) | Stalls:  0
[HEARTBEAT] Node: 1 | Tick: 434221 | Conf: 434219 | Hash: 0xAAB5E17A | Rollbacks: 44 (Resim:  44) | Stalls:  0
[HEARTBEAT] Node: 1 | Tick: 434281 | Conf: 434279 | Hash: 0xF97782E9 | Rollbacks: 59 (Resim:  68) | Stalls:  0
[HEARTBEAT] Node: 1 | Tick: 434341 | Conf: 434339 | Hash: 0x3651AB24 | Rollbacks: 58 (Resim:  72) | Stalls:  0
[HEARTBEAT] Node: 1 | Tick: 434401 | Conf: 434399 | Hash: 0x4BCFCCBE | Rollbacks: 55 (Resim:  62) | Stalls:  0
[HEARTBEAT] Node: 1 | Tick: 434461 | Conf: 434459 | Hash: 0x159B5907 | Rollbacks: 59 (Resim:  66) | Stalls:  0
[HEARTBEAT] Node: 1 | Tick: 434521 | Conf: 434519 | Hash: 0x87245B65 | Rollbacks: 46 (Resim:  53) | Stalls:  0
[HEARTBEAT] Node: 1 | Tick: 434581 | Conf: 434579 | Hash: 0x0AD45CC3 | Rollbacks: 50 (Resim:  50) | Stalls:  0
[HEARTBEAT] Node: 1 | Tick: 434641 | Conf: 434639 | Hash: 0x77B0AA21 | Rollbacks: 55 (Resim:  55) | Stalls:  0
[HEARTBEAT] Node: 1 | Tick: 434701 | Conf: 434699 | Hash: 0x23186A93 | Rollbacks: 58 (Resim:  75) | Stalls:  0
[BOT:50005] Heartbeat - Sparse Mods Tracked: 2048
[HEARTBEAT] Node: 1 | Tick: 434761 | Conf: 434759 | Hash: 0x8DC7C1BF | Rollbacks: 45 (Resim:  45) | Stalls:  0
[HEARTBEAT] Node: 1 | Tick: 434821 | Conf: 434819 | Hash: 0xFD95D802 | Rollbacks: 57 (Resim:  62) | Stalls:  0
[HEARTBEAT] Node: 1 | Tick: 434881 | Conf: 434879 | Hash: 0x014967C2 | Rollbacks: 52 (Resim:  68) | Stalls:  0
[HEARTBEAT] Node: 1 | Tick: 434941 | Conf: 434939 | Hash: 0xDC877F61 | Rollbacks: 49 (Resim:  51) | Stalls:  0
[HEARTBEAT] Node: 1 | Tick: 435001 | Conf: 434999 | Hash: 0x05367D76 | Rollbacks: 59 (Resim:  72) | Stalls:  0
[HEARTBEAT] Node: 1 | Tick: 435061 | Conf: 435059 | Hash: 0x3A051F18 | Rollbacks: 51 (Resim:  53) | Stalls:  0
[HEARTBEAT] Node: 1 | Tick: 435121 | Conf: 435119 | Hash: 0xD94C4D15 | Rollbacks: 60 (Resim:  60) | Stalls:  0
[HEARTBEAT] Node: 1 | Tick: 435181 | Conf: 435179 | Hash: 0xEB09A3B8 | Rollbacks: 54 (Resim:  76) | Stalls:  0
[HEARTBEAT] Node: 1 | Tick: 435241 | Conf: 435239 | Hash: 0x8865C2D1 | Rollbacks: 60 (Resim:  60) | Stalls:  0
[BOT:50005] Heartbeat - Sparse Mods Tracked: 2048
[HEARTBEAT] Node: 1 | Tick: 435301 | Conf: 435299 | Hash: 0x8C00CC3B | Rollbacks: 58 (Resim:  65) | Stalls:  0
[HEARTBEAT] Node: 1 | Tick: 435361 | Conf: 435359 | Hash: 0x39D4DE99 | Rollbacks: 46 (Resim:  56) | Stalls:  0
[HEARTBEAT] Node: 1 | Tick: 435421 | Conf: 435419 | Hash: 0x6EE5DFBE | Rollbacks: 56 (Resim:  56) | Stalls:  0
[HEARTBEAT] Node: 1 | Tick: 435481 | Conf: 435479 | Hash: 0xB4827D56 | Rollbacks: 58 (Resim:  76) | Stalls:  0
[HEARTBEAT] Node: 1 | Tick: 435541 | Conf: 435539 | Hash: 0x06251071 | Rollbacks: 48 (Resim:  48) | Stalls:  0
[HEARTBEAT] Node: 1 | Tick: 435601 | Conf: 435599 | Hash: 0x1192F761 | Rollbacks: 53 (Resim:  55) | Stalls:  0
[HEARTBEAT] Node: 1 | Tick: 435661 | Conf: 435659 | Hash: 0x92378567 | Rollbacks: 57 (Resim:  79) | Stalls:  0
[HEARTBEAT] Node: 1 | Tick: 435721 | Conf: 435719 | Hash: 0xCEA9538D | Rollbacks: 48 (Resim:  51) | Stalls:  0
[HEARTBEAT] Node: 1 | Tick: 435781 | Conf: 435779 | Hash: 0x2C218DCB | Rollbacks: 59 (Resim:  59) | Stalls:  0
[HEARTBEAT] Node: 1 | Tick: 435841 | Conf: 435839 | Hash: 0x67ED5AB7 | Rollbacks: 58 (Resim:  80) | Stalls:  0
[BOT:50005] Heartbeat - Sparse Mods Tracked: 2048
[HEARTBEAT] Node: 1 | Tick: 435901 | Conf: 435899 | Hash: 0xAF94698A | Rollbacks: 53 (Resim:  53) | Stalls:  0
[HEARTBEAT] Node: 1 | Tick: 435961 | Conf: 435958 | Hash: 0x6E330E14 | Rollbacks: 58 (Resim:  74) | Stalls:  0
[HEARTBEAT] Node: 1 | Tick: 436021 | Conf: 436019 | Hash: 0x19551E61 | Rollbacks: 47 (Resim:  50) | Stalls:  0
[HEARTBEAT] Node: 1 | Tick: 436081 | Conf: 436079 | Hash: 0x6A2B0321 | Rollbacks: 54 (Resim:  67) | Stalls:  0
[HEARTBEAT] Node: 1 | Tick: 436141 | Conf: 436139 | Hash: 0xA5086198 | Rollbacks: 55 (Resim:  58) | Stalls:  0
[HEARTBEAT] Node: 1 | Tick: 436201 | Conf: 436199 | Hash: 0x27AC44D1 | Rollbacks: 54 (Resim:  54) | Stalls:  0
[HEARTBEAT] Node: 1 | Tick: 436261 | Conf: 436259 | Hash: 0xCD6EC9E3 | Rollbacks: 47 (Resim:  61) | Stalls:  0
[HEARTBEAT] Node: 1 | Tick: 436321 | Conf: 436319 | Hash: 0x17202D93 | Rollbacks: 57 (Resim:  57) | Stalls:  0
[HEARTBEAT] Node: 1 | Tick: 436381 | Conf: 436379 | Hash: 0x03D5440D | Rollbacks: 58 (Resim:  80) | Stalls:  0
[HEARTBEAT] Node: 1 | Tick: 436441 | Conf: 436439 | Hash: 0x19EEED00 | Rollbacks: 54 (Resim:  60) | Stalls:  0
[BOT:50005] Heartbeat - Sparse Mods Tracked: 2048
[HEARTBEAT] Node: 1 | Tick: 436501 | Conf: 436499 | Hash: 0x7EDF213D | Rollbacks: 47 (Resim:  47) | Stalls:  0
[HEARTBEAT] Node: 1 | Tick: 436561 | Conf: 436559 | Hash: 0x9A3F1299 | Rollbacks: 57 (Resim:  77) | Stalls:  0
[HEARTBEAT] Node: 1 | Tick: 436621 | Conf: 436619 | Hash: 0x1B2863F7 | Rollbacks: 55 (Resim:  55) | Stalls:  0
[HEARTBEAT] Node: 1 | Tick: 436681 | Conf: 436679 | Hash: 0x5AC71F83 | Rollbacks: 58 (Resim:  74) | Stalls:  0
[HEARTBEAT] Node: 1 | Tick: 436741 | Conf: 436739 | Hash: 0x6FD6EDF3 | Rollbacks: 44 (Resim:  44) | Stalls:  0
[HEARTBEAT] Node: 1 | Tick: 436801 | Conf: 436799 | Hash: 0xF0A9410F | Rollbacks: 56 (Resim:  56) | Stalls:  0
[HEARTBEAT] Node: 1 | Tick: 436861 | Conf: 436859 | Hash: 0x1FFDDCD0 | Rollbacks: 53 (Resim:  71) | Stalls:  0
[HEARTBEAT] Node: 1 | Tick: 436921 | Conf: 436919 | Hash: 0x21F3748C | Rollbacks: 52 (Resim:  52) | Stalls:  0
[HEARTBEAT] Node: 1 | Tick: 436981 | Conf: 436979 | Hash: 0xE890810C | Rollbacks: 59 (Resim:  60) | Stalls:  0
[HEARTBEAT] Node: 1 | Tick: 437041 | Conf: 437039 | Hash: 0xC7D01A3B | Rollbacks: 58 (Resim:  80) | Stalls:  0
[BOT:50005] Heartbeat - Sparse Mods Tracked: 2048
[HEARTBEAT] Node: 1 | Tick: 437101 | Conf: 437099 | Hash: 0x1B657403 | Rollbacks: 45 (Resim:  45) | Stalls:  0
[HEARTBEAT] Node: 1 | Tick: 437161 | Conf: 437158 | Hash: 0xEC08324F | Rollbacks: 56 (Resim:  59) | Stalls:  0
[HEARTBEAT] Node: 1 | Tick: 437221 | Conf: 437219 | Hash: 0x8C7BA6D6 | Rollbacks: 51 (Resim:  79) | Stalls:  0
[HEARTBEAT] Node: 1 | Tick: 437281 | Conf: 437279 | Hash: 0x09B0EF85 | Rollbacks: 46 (Resim:  46) | Stalls:  0
[HEARTBEAT] Node: 1 | Tick: 437341 | Conf: 437339 | Hash: 0x470B0CA0 | Rollbacks: 51 (Resim:  51) | Stalls:  0
[HEARTBEAT] Node: 1 | Tick: 437401 | Conf: 437398 | Hash: 0x41FF4FFA | Rollbacks: 58 (Resim:  67) | Stalls:  0
[HEARTBEAT] Node: 1 | Tick: 437461 | Conf: 437459 | Hash: 0x18CAD3C4 | Rollbacks: 55 (Resim:  69) | Stalls:  0
[HEARTBEAT] Node: 1 | Tick: 437521 | Conf: 437519 | Hash: 0xADC2E156 | Rollbacks: 53 (Resim:  54) | Stalls:  0
[HEARTBEAT] Node: 1 | Tick: 437581 | Conf: 437579 | Hash: 0x90C44E46 | Rollbacks: 52 (Resim:  72) | Stalls:  0
[HEARTBEAT] Node: 1 | Tick: 437641 | Conf: 437639 | Hash: 0x62A8666C | Rollbacks: 50 (Resim:  52) | Stalls:  0
[BOT:50005] Heartbeat - Sparse Mods Tracked: 2048
[HEARTBEAT] Node: 1 | Tick: 437701 | Conf: 437699 | Hash: 0x3B3A995D | Rollbacks: 54 (Resim:  54) | Stalls:  0
[HEARTBEAT] Node: 1 | Tick: 437761 | Conf: 437758 | Hash: 0xB84AFA1C | Rollbacks: 58 (Resim:  71) | Stalls:  0
[HEARTBEAT] Node: 1 | Tick: 437821 | Conf: 437819 | Hash: 0x36B52E84 | Rollbacks: 56 (Resim:  69) | Stalls:  0
[HEARTBEAT] Node: 1 | Tick: 437881 | Conf: 437879 | Hash: 0xD9986DAE | Rollbacks: 44 (Resim:  44) | Stalls:  0
[HEARTBEAT] Node: 1 | Tick: 437941 | Conf: 437939 | Hash: 0x48B0F77D | Rollbacks: 58 (Resim:  76) | Stalls:  0
[HEARTBEAT] Node: 1 | Tick: 438001 | Conf: 437999 | Hash: 0xFA72796C | Rollbacks: 51 (Resim:  54) | Stalls:  0
[HEARTBEAT] Node: 1 | Tick: 438061 | Conf: 438059 | Hash: 0xEB63EC34 | Rollbacks: 59 (Resim:  61) | Stalls:  0
[HEARTBEAT] Node: 1 | Tick: 438121 | Conf: 438119 | Hash: 0x3842ED31 | Rollbacks: 53 (Resim:  68) | Stalls:  0
[HEARTBEAT] Node: 1 | Tick: 438181 | Conf: 438179 | Hash: 0x188E96A9 | Rollbacks: 53 (Resim:  53) | Stalls:  0
[HEARTBEAT] Node: 1 | Tick: 438241 | Conf: 438238 | Hash: 0xE2F063B7 | Rollbacks: 58 (Resim:  72) | Stalls:  0
[BOT:50005] Heartbeat - Sparse Mods Tracked: 2048
[HEARTBEAT] Node: 1 | Tick: 438301 | Conf: 438299 | Hash: 0x423600C5 | Rollbacks: 47 (Resim:  50) | Stalls:  0
[HEARTBEAT] Node: 1 | Tick: 438361 | Conf: 438359 | Hash: 0x04CDF950 | Rollbacks: 45 (Resim:  45) | Stalls:  0
[HEARTBEAT] Node: 1 | Tick: 438421 | Conf: 438419 | Hash: 0xA3A27F1A | Rollbacks: 58 (Resim:  63) | Stalls:  0
[HEARTBEAT] Node: 1 | Tick: 438481 | Conf: 438479 | Hash: 0x51B22441 | Rollbacks: 51 (Resim:  63) | Stalls:  0
[HEARTBEAT] Node: 1 | Tick: 438541 | Conf: 438539 | Hash: 0xA34A9AD3 | Rollbacks: 53 (Resim:  53) | Stalls:  0
[HEARTBEAT] Node: 1 | Tick: 438601 | Conf: 438599 | Hash: 0x6BCA24DE | Rollbacks: 59 (Resim:  71) | Stalls:  0
[HEARTBEAT] Node: 1 | Tick: 438661 | Conf: 438659 | Hash: 0x52CC6AD6 | Rollbacks: 53 (Resim:  63) | Stalls:  0
[HEARTBEAT] Node: 1 | Tick: 438721 | Conf: 438719 | Hash: 0x080330F5 | Rollbacks: 46 (Resim:  53) | Stalls:  0
[HEARTBEAT] Node: 1 | Tick: 438781 | Conf: 438779 | Hash: 0xA7C78D5B | Rollbacks: 50 (Resim:  50) | Stalls:  0
[BOT:50005] Heartbeat - Sparse Mods Tracked: 2048
[HEARTBEAT] Node: 1 | Tick: 438841 | Conf: 438838 | Hash: 0x587A9D93 | Rollbacks: 55 (Resim:  61) | Stalls:  0
[HEARTBEAT] Node: 1 | Tick: 438901 | Conf: 438899 | Hash: 0xC1E56B1C | Rollbacks: 59 (Resim:  68) | Stalls:  0
[HEARTBEAT] Node: 1 | Tick: 438961 | Conf: 438959 | Hash: 0xD9026632 | Rollbacks: 54 (Resim:  55) | Stalls:  0
[HEARTBEAT] Node: 1 | Tick: 439021 | Conf: 439019 | Hash: 0x3DDE81F4 | Rollbacks: 55 (Resim:  74) | Stalls:  0
[HEARTBEAT] Node: 1 | Tick: 439081 | Conf: 439079 | Hash: 0xFB39BECA | Rollbacks: 50 (Resim:  53) | Stalls:  0
[HEARTBEAT] Node: 1 | Tick: 439141 | Conf: 439139 | Hash: 0xBFDAE0B9 | Rollbacks: 59 (Resim:  60) | Stalls:  0
[HEARTBEAT] Node: 1 | Tick: 439201 | Conf: 439199 | Hash: 0x75E0F9A3 | Rollbacks: 58 (Resim:  81) | Stalls:  0
[HEARTBEAT] Node: 1 | Tick: 439261 | Conf: 439259 | Hash: 0x77149BC6 | Rollbacks: 50 (Resim:  50) | Stalls:  0
[HEARTBEAT] Node: 1 | Tick: 439321 | Conf: 439318 | Hash: 0x07AE5B6F | Rollbacks: 58 (Resim:  68) | Stalls:  0
[HEARTBEAT] Node: 1 | Tick: 439381 | Conf: 439379 | Hash: 0xCE6C0A1D | Rollbacks: 54 (Resim:  64) | Stalls:  0
[BOT:50005] Heartbeat - Sparse Mods Tracked: 2048
[HEARTBEAT] Node: 1 | Tick: 439441 | Conf: 439439 | Hash: 0xED8345A5 | Rollbacks: 47 (Resim:  47) | Stalls:  0
[HEARTBEAT] Node: 1 | Tick: 439501 | Conf: 439499 | Hash: 0x70F64CB7 | Rollbacks: 59 (Resim:  71) | Stalls:  0
[HEARTBEAT] Node: 1 | Tick: 439561 | Conf: 439559 | Hash: 0x90B3C135 | Rollbacks: 59 (Resim:  75) | Stalls:  0
[HEARTBEAT] Node: 1 | Tick: 439621 | Conf: 439619 | Hash: 0xEAA8A81D | Rollbacks: 50 (Resim:  50) | Stalls:  0
[HEARTBEAT] Node: 1 | Tick: 439681 | Conf: 439679 | Hash: 0x8632A98A | Rollbacks: 54 (Resim:  54) | Stalls:  0
[HEARTBEAT] Node: 1 | Tick: 439741 | Conf: 439738 | Hash: 0x665BD360 | Rollbacks: 58 (Resim:  77) | Stalls:  0
[HEARTBEAT] Node: 1 | Tick: 439801 | Conf: 439799 | Hash: 0x2CE8EE6C | Rollbacks: 56 (Resim:  67) | Stalls:  0
[HEARTBEAT] Node: 1 | Tick: 439861 | Conf: 439859 | Hash: 0xB79116A3 | Rollbacks: 47 (Resim:  47) | Stalls:  0
[HEARTBEAT] Node: 1 | Tick: 439921 | Conf: 439919 | Hash: 0xF2600B58 | Rollbacks: 59 (Resim:  68) | Stalls:  0
[HEARTBEAT] Node: 1 | Tick: 439981 | Conf: 439979 | Hash: 0xD502626B | Rollbacks: 56 (Resim:  70) | Stalls:  0
[BOT:50005] Heartbeat - Sparse Mods Tracked: 2048
[HEARTBEAT] Node: 1 | Tick: 440041 | Conf: 440039 | Hash: 0x5C62F251 | Rollbacks: 39 (Resim:  39) | Stalls:  0
[HEARTBEAT] Node: 1 | Tick: 440101 | Conf: 440099 | Hash: 0xC0A136CF | Rollbacks: 56 (Resim:  56) | Stalls:  0
[HEARTBEAT] Node: 1 | Tick: 440161 | Conf: 440158 | Hash: 0xD7653408 | Rollbacks: 58 (Resim:  71) | Stalls:  0
[HEARTBEAT] Node: 1 | Tick: 440221 | Conf: 440219 | Hash: 0xC20D0D3F | Rollbacks: 47 (Resim:  55) | Stalls:  0
[HEARTBEAT] Node: 1 | Tick: 440281 | Conf: 440279 | Hash: 0xEDBB7A7F | Rollbacks: 53 (Resim:  53) | Stalls:  0
[HEARTBEAT] Node: 1 | Tick: 440341 | Conf: 440338 | Hash: 0x941608E4 | Rollbacks: 58 (Resim:  80) | Stalls:  0
[HEARTBEAT] Node: 1 | Tick: 440401 | Conf: 440399 | Hash: 0x02CBA09B | Rollbacks: 53 (Resim:  58) | Stalls:  0
[HEARTBEAT] Node: 1 | Tick: 440461 | Conf: 440459 | Hash: 0x0FA3621F | Rollbacks: 52 (Resim:  52) | Stalls:  0
[HEARTBEAT] Node: 1 | Tick: 440521 | Conf: 440519 | Hash: 0x23FF57AA | Rollbacks: 59 (Resim:  81) | Stalls:  0
[HEARTBEAT] Node: 1 | Tick: 440581 | Conf: 440579 | Hash: 0x3B6F4C6D | Rollbacks: 46 (Resim:  48) | Stalls:  0
[BOT:50005] Heartbeat - Sparse Mods Tracked: 2048
[HEARTBEAT] Node: 1 | Tick: 440641 | Conf: 440639 | Hash: 0xE073A500 | Rollbacks: 55 (Resim:  55) | Stalls:  0
[HEARTBEAT] Node: 1 | Tick: 440701 | Conf: 440699 | Hash: 0x913710B8 | Rollbacks: 46 (Resim:  67) | Stalls:  0
[HEARTBEAT] Node: 1 | Tick: 440761 | Conf: 440759 | Hash: 0x983378C4 | Rollbacks: 49 (Resim:  49) | Stalls:  0
[HEARTBEAT] Node: 1 | Tick: 440821 | Conf: 440819 | Hash: 0x17E16AEB | Rollbacks: 51 (Resim:  51) | Stalls:  0
[HEARTBEAT] Node: 1 | Tick: 440881 | Conf: 440878 | Hash: 0x067E1EAA | Rollbacks: 59 (Resim:  70) | Stalls:  0
[HEARTBEAT] Node: 1 | Tick: 440941 | Conf: 440939 | Hash: 0x9622529C | Rollbacks: 50 (Resim:  52) | Stalls:  0
[HEARTBEAT] Node: 1 | Tick: 441001 | Conf: 440999 | Hash: 0x658AA515 | Rollbacks: 38 (Resim:  38) | Stalls:  0
[HEARTBEAT] Node: 1 | Tick: 441061 | Conf: 441059 | Hash: 0x29739BB0 | Rollbacks: 60 (Resim:  60) | Stalls:  0
[HEARTBEAT] Node: 1 | Tick: 441121 | Conf: 441119 | Hash: 0x8EEF83D1 | Rollbacks: 55 (Resim:  77) | Stalls:  0
[HEARTBEAT] Node: 1 | Tick: 441181 | Conf: 441179 | Hash: 0x5D18102B | Rollbacks: 49 (Resim:  49) | Stalls:  0
[BOT:50005] Heartbeat - Sparse Mods Tracked: 2048
[HEARTBEAT] Node: 1 | Tick: 441241 | Conf: 441239 | Hash: 0xFC2D2936 | Rollbacks: 56 (Resim:  56) | Stalls:  0
[HEARTBEAT] Node: 1 | Tick: 441301 | Conf: 441299 | Hash: 0xE9A5A736 | Rollbacks: 58 (Resim:  74) | Stalls:  0
[HEARTBEAT] Node: 1 | Tick: 441361 | Conf: 441359 | Hash: 0x84D47771 | Rollbacks: 50 (Resim:  50) | Stalls:  0
[HEARTBEAT] Node: 1 | Tick: 441421 | Conf: 441419 | Hash: 0x2FF50E55 | Rollbacks: 59 (Resim:  77) | Stalls:  0
[HEARTBEAT] Node: 1 | Tick: 441481 | Conf: 441479 | Hash: 0x727A2CCB | Rollbacks: 48 (Resim:  48) | Stalls:  0
[HEARTBEAT] Node: 1 | Tick: 441541 | Conf: 441539 | Hash: 0xDADD1196 | Rollbacks: 56 (Resim:  72) | Stalls:  0
[HEARTBEAT] Node: 1 | Tick: 441601 | Conf: 441599 | Hash: 0x04F381D6 | Rollbacks: 44 (Resim:  44) | Stalls:  0
[HEARTBEAT] Node: 1 | Tick: 441661 | Conf: 441658 | Hash: 0x44131488 | Rollbacks: 55 (Resim:  69) | Stalls:  0
[HEARTBEAT] Node: 1 | Tick: 441721 | Conf: 441719 | Hash: 0x5FF3B0B0 | Rollbacks: 59 (Resim:  70) | Stalls:  0
[BOT:50005] Heartbeat - Sparse Mods Tracked: 2048
[HEARTBEAT] Node: 1 | Tick: 441781 | Conf: 441779 | Hash: 0xEEF184F6 | Rollbacks: 46 (Resim:  46) | Stalls:  0
[HEARTBEAT] Node: 1 | Tick: 441841 | Conf: 441838 | Hash: 0xCB380D09 | Rollbacks: 58 (Resim:  74) | Stalls:  0
[HEARTBEAT] Node: 1 | Tick: 441901 | Conf: 441899 | Hash: 0x027B4586 | Rollbacks: 50 (Resim:  51) | Stalls:  0
[HEARTBEAT] Node: 1 | Tick: 441961 | Conf: 441959 | Hash: 0x91472FB7 | Rollbacks: 47 (Resim:  52) | Stalls:  0
[HEARTBEAT] Node: 1 | Tick: 442021 | Conf: 442019 | Hash: 0xFF2BBE8B | Rollbacks: 47 (Resim:  47) | Stalls:  0
[HEARTBEAT] Node: 1 | Tick: 442081 | Conf: 442079 | Hash: 0x72AF5B54 | Rollbacks: 49 (Resim:  49) | Stalls:  0
[HEARTBEAT] Node: 1 | Tick: 442141 | Conf: 442138 | Hash: 0x58A84667 | Rollbacks: 59 (Resim:  70) | Stalls:  0
[HEARTBEAT] Node: 1 | Tick: 442201 | Conf: 442199 | Hash: 0x3D23E1E3 | Rollbacks: 49 (Resim:  58) | Stalls:  0
[HEARTBEAT] Node: 1 | Tick: 442261 | Conf: 442259 | Hash: 0x5DF98C7E | Rollbacks: 59 (Resim:  59) | Stalls:  0
[HEARTBEAT] Node: 1 | Tick: 442321 | Conf: 442319 | Hash: 0x1717B5B1 | Rollbacks: 49 (Resim:  71) | Stalls:  0
[BOT:50005] Heartbeat - Sparse Mods Tracked: 2048
[HEARTBEAT] Node: 1 | Tick: 442381 | Conf: 442379 | Hash: 0xDECA7FCD | Rollbacks: 59 (Resim:  60) | Stalls:  0
[HEARTBEAT] Node: 1 | Tick: 442441 | Conf: 442439 | Hash: 0xA0ADB7CB | Rollbacks: 49 (Resim:  65) | Stalls:  0
[HEARTBEAT] Node: 1 | Tick: 442501 | Conf: 442499 | Hash: 0x049FB422 | Rollbacks: 47 (Resim:  50) | Stalls:  0
[HEARTBEAT] Node: 1 | Tick: 442561 | Conf: 442559 | Hash: 0x9F7AA0E7 | Rollbacks: 59 (Resim:  69) | Stalls:  0
[HEARTBEAT] Node: 1 | Tick: 442621 | Conf: 442619 | Hash: 0x3289951A | Rollbacks: 59 (Resim:  63) | Stalls:  0
[HEARTBEAT] Node: 1 | Tick: 442681 | Conf: 442678 | Hash: 0x899E5A43 | Rollbacks: 54 (Resim:  54) | Stalls:  0
[HEARTBEAT] Node: 1 | Tick: 442741 | Conf: 442739 | Hash: 0x3568EEC2 | Rollbacks: 56 (Resim:  84) | Stalls:  0
[HEARTBEAT] Node: 1 | Tick: 442801 | Conf: 442799 | Hash: 0x661CCC4C | Rollbacks: 49 (Resim:  49) | Stalls:  0
[HEARTBEAT] Node: 1 | Tick: 442861 | Conf: 442859 | Hash: 0xF069CC79 | Rollbacks: 60 (Resim:  60) | Stalls:  0
[HEARTBEAT] Node: 1 | Tick: 442921 | Conf: 442919 | Hash: 0xEB69315F | Rollbacks: 52 (Resim:  70) | Stalls:  0
[BOT:50005] Heartbeat - Sparse Mods Tracked: 2048
[HEARTBEAT] Node: 1 | Tick: 442981 | Conf: 442979 | Hash: 0x923270C0 | Rollbacks: 48 (Resim:  55) | Stalls:  0
[HEARTBEAT] Node: 1 | Tick: 443041 | Conf: 443039 | Hash: 0xE72B1B66 | Rollbacks: 48 (Resim:  52) | Stalls:  0
[HEARTBEAT] Node: 1 | Tick: 443101 | Conf: 443099 | Hash: 0x60D84E18 | Rollbacks: 60 (Resim:  60) | Stalls:  0
[HEARTBEAT] Node: 1 | Tick: 443161 | Conf: 443159 | Hash: 0x2BF35327 | Rollbacks: 49 (Resim:  58) | Stalls:  0
[HEARTBEAT] Node: 1 | Tick: 443221 | Conf: 443219 | Hash: 0x30D77B00 | Rollbacks: 54 (Resim:  54) | Stalls:  0
[HEARTBEAT] Node: 1 | Tick: 443281 | Conf: 443279 | Hash: 0x167FCFA7 | Rollbacks: 59 (Resim:  77) | Stalls:  0
[HEARTBEAT] Node: 1 | Tick: 443341 | Conf: 443339 | Hash: 0xD87A0B2C | Rollbacks: 53 (Resim:  55) | Stalls:  0
[HEARTBEAT] Node: 1 | Tick: 443401 | Conf: 443399 | Hash: 0xBAF42AFD | Rollbacks: 57 (Resim:  57) | Stalls:  0
[HEARTBEAT] Node: 1 | Tick: 443461 | Conf: 443459 | Hash: 0x94121F61 | Rollbacks: 46 (Resim:  64) | Stalls:  0
[HEARTBEAT] Node: 1 | Tick: 443521 | Conf: 443518 | Hash: 0x2A0D4087 | Rollbacks: 50 (Resim:  54) | Stalls:  0
[BOT:50005] Heartbeat - Sparse Mods Tracked: 2048
[HEARTBEAT] Node: 1 | Tick: 443581 | Conf: 443579 | Hash: 0xE38C5F08 | Rollbacks: 49 (Resim:  50) | Stalls:  0
[HEARTBEAT] Node: 1 | Tick: 443641 | Conf: 443639 | Hash: 0x9D6C024E | Rollbacks: 59 (Resim:  70) | Stalls:  0
[HEARTBEAT] Node: 1 | Tick: 443701 | Conf: 443699 | Hash: 0x19EBFEBB | Rollbacks: 59 (Resim:  62) | Stalls:  0
[HEARTBEAT] Node: 1 | Tick: 443761 | Conf: 443758 | Hash: 0xB3F2C28E | Rollbacks: 58 (Resim:  66) | Stalls:  0
[HEARTBEAT] Node: 1 | Tick: 443821 | Conf: 443819 | Hash: 0x01DE30AF | Rollbacks: 51 (Resim:  65) | Stalls:  0
[HEARTBEAT] Node: 1 | Tick: 443881 | Conf: 443879 | Hash: 0xAC963B72 | Rollbacks: 59 (Resim:  69) | Stalls:  0
[HEARTBEAT] Node: 1 | Tick: 443941 | Conf: 443939 | Hash: 0x9DF417CC | Rollbacks: 59 (Resim:  64) | Stalls:  0
[HEARTBEAT] Node: 1 | Tick: 444001 | Conf: 443999 | Hash: 0x4EAF7BC9 | Rollbacks: 57 (Resim:  69) | Stalls:  0
[HEARTBEAT] Node: 1 | Tick: 444061 | Conf: 444059 | Hash: 0xCE2BBDFF | Rollbacks: 58 (Resim:  60) | Stalls:  0
[HEARTBEAT] Node: 1 | Tick: 444121 | Conf: 444119 | Hash: 0xC88551B9 | Rollbacks: 53 (Resim:  53) | Stalls:  0
[BOT:50005] Heartbeat - Sparse Mods Tracked: 2048
[HEARTBEAT] Node: 1 | Tick: 444181 | Conf: 444178 | Hash: 0x0E27CB21 | Rollbacks: 58 (Resim:  81) | Stalls:  0
[HEARTBEAT] Node: 1 | Tick: 444241 | Conf: 444239 | Hash: 0x4E80F92F | Rollbacks: 59 (Resim:  61) | Stalls:  0
[HEARTBEAT] Node: 1 | Tick: 444301 | Conf: 444298 | Hash: 0x5117E355 | Rollbacks: 58 (Resim:  78) | Stalls:  0
[HEARTBEAT] Node: 1 | Tick: 444361 | Conf: 444359 | Hash: 0x704FBF9F | Rollbacks: 50 (Resim:  53) | Stalls:  0
[HEARTBEAT] Node: 1 | Tick: 444421 | Conf: 444419 | Hash: 0x8BBD708A | Rollbacks: 51 (Resim:  51) | Stalls:  0
[HEARTBEAT] Node: 1 | Tick: 444481 | Conf: 444478 | Hash: 0x27A2E1BF | Rollbacks: 58 (Resim:  70) | Stalls:  0
[HEARTBEAT] Node: 1 | Tick: 444541 | Conf: 444539 | Hash: 0xB72873BA | Rollbacks: 49 (Resim:  55) | Stalls:  0
[HEARTBEAT] Node: 1 | Tick: 444601 | Conf: 444598 | Hash: 0x2C513021 | Rollbacks: 51 (Resim:  51) | Stalls:  0
[HEARTBEAT] Node: 1 | Tick: 444661 | Conf: 444659 | Hash: 0x58FCDF79 | Rollbacks: 59 (Resim:  80) | Stalls:  0
[HEARTBEAT] Node: 1 | Tick: 444721 | Conf: 444719 | Hash: 0x591ADA64 | Rollbacks: 45 (Resim:  48) | Stalls:  0
[BOT:50005] Heartbeat - Sparse Mods Tracked: 2048
[HEARTBEAT] Node: 1 | Tick: 444781 | Conf: 444778 | Hash: 0xAE339ADC | Rollbacks: 51 (Resim:  58) | Stalls:  0
[HEARTBEAT] Node: 1 | Tick: 444841 | Conf: 444839 | Hash: 0x21C617FA | Rollbacks: 47 (Resim:  65) | Stalls:  0
[HEARTBEAT] Node: 1 | Tick: 444901 | Conf: 444898 | Hash: 0x4B291ADB | Rollbacks: 55 (Resim:  57) | Stalls:  0
[HEARTBEAT] Node: 1 | Tick: 444961 | Conf: 444959 | Hash: 0x6DD8050E | Rollbacks: 59 (Resim:  70) | Stalls:  0
[HEARTBEAT] Node: 1 | Tick: 445021 | Conf: 445019 | Hash: 0x1F8973AD | Rollbacks: 52 (Resim:  52) | Stalls:  0
[HEARTBEAT] Node: 1 | Tick: 445081 | Conf: 445078 | Hash: 0xFDE3F4FB | Rollbacks: 58 (Resim:  69) | Stalls:  0
[HEARTBEAT] Node: 1 | Tick: 445141 | Conf: 445139 | Hash: 0x066DEE73 | Rollbacks: 50 (Resim:  57) | Stalls:  0
[HEARTBEAT] Node: 1 | Tick: 445201 | Conf: 445199 | Hash: 0xF7227FBD | Rollbacks: 49 (Resim:  52) | Stalls:  0
[HEARTBEAT] Node: 1 | Tick: 445261 | Conf: 445259 | Hash: 0xB0ED1151 | Rollbacks: 46 (Resim:  54) | Stalls:  0
[BOT:50005] Heartbeat - Sparse Mods Tracked: 2048
[HEARTBEAT] Node: 1 | Tick: 445321 | Conf: 445319 | Hash: 0xFD78BB02 | Rollbacks: 32 (Resim:  32) | Stalls:  0
[HEARTBEAT] Node: 1 | Tick: 445381 | Conf: 445379 | Hash: 0x80C852CC | Rollbacks: 53 (Resim:  53) | Stalls:  0
[HEARTBEAT] Node: 1 | Tick: 445441 | Conf: 445439 | Hash: 0x03D1012C | Rollbacks: 59 (Resim:  60) | Stalls:  0
[HEARTBEAT] Node: 1 | Tick: 445501 | Conf: 445499 | Hash: 0x4310248C | Rollbacks: 55 (Resim:  71) | Stalls:  0
[HEARTBEAT] Node: 1 | Tick: 445561 | Conf: 445559 | Hash: 0x370E0B5B | Rollbacks: 49 (Resim:  49) | Stalls:  0
[HEARTBEAT] Node: 1 | Tick: 445621 | Conf: 445618 | Hash: 0x350391F7 | Rollbacks: 58 (Resim:  68) | Stalls:  0
[HEARTBEAT] Node: 1 | Tick: 445681 | Conf: 445679 | Hash: 0x5DC82D43 | Rollbacks: 49 (Resim:  60) | Stalls:  0
[HEARTBEAT] Node: 1 | Tick: 445741 | Conf: 445739 | Hash: 0x70D77F60 | Rollbacks: 36 (Resim:  38) | Stalls:  0
[HEARTBEAT] Node: 1 | Tick: 445801 | Conf: 445799 | Hash: 0xB4211495 | Rollbacks: 60 (Resim:  60) | Stalls:  0
[HEARTBEAT] Node: 1 | Tick: 445861 | Conf: 445859 | Hash: 0x28B0AAE2 | Rollbacks: 57 (Resim:  80) | Stalls:  0
[BOT:50005] Heartbeat - Sparse Mods Tracked: 2048
[HEARTBEAT] Node: 1 | Tick: 445921 | Conf: 445919 | Hash: 0x17BBDAC4 | Rollbacks: 46 (Resim:  55) | Stalls:  0
[HEARTBEAT] Node: 1 | Tick: 445981 | Conf: 445979 | Hash: 0x5FB83FF2 | Rollbacks: 51 (Resim:  51) | Stalls:  0
[HEARTBEAT] Node: 1 | Tick: 446041 | Conf: 446038 | Hash: 0xFD55E0B3 | Rollbacks: 53 (Resim:  58) | Stalls:  0
[HEARTBEAT] Node: 1 | Tick: 446101 | Conf: 446099 | Hash: 0xA0F1228E | Rollbacks: 59 (Resim:  75) | Stalls:  0
[HEARTBEAT] Node: 1 | Tick: 446161 | Conf: 446159 | Hash: 0x7A58B9A0 | Rollbacks: 44 (Resim:  48) | Stalls:  0
[HEARTBEAT] Node: 1 | Tick: 446221 | Conf: 446219 | Hash: 0x8D0FFC82 | Rollbacks: 48 (Resim:  48) | Stalls:  0
[HEARTBEAT] Node: 1 | Tick: 446281 | Conf: 446279 | Hash: 0xDF07F9A1 | Rollbacks: 55 (Resim:  70) | Stalls:  0
[HEARTBEAT] Node: 1 | Tick: 446341 | Conf: 446339 | Hash: 0x0F8BF040 | Rollbacks: 41 (Resim:  41) | Stalls:  0
[HEARTBEAT] Node: 1 | Tick: 446401 | Conf: 446399 | Hash: 0xFEBABD20 | Rollbacks: 58 (Resim:  58) | Stalls:  0
[HEARTBEAT] Node: 1 | Tick: 446461 | Conf: 446459 | Hash: 0x1ABA9D4B | Rollbacks: 59 (Resim:  81) | Stalls:  0
[BOT:50005] Heartbeat - Sparse Mods Tracked: 2048
[HEARTBEAT] Node: 1 | Tick: 446521 | Conf: 446519 | Hash: 0xBAEB5E56 | Rollbacks: 58 (Resim:  62) | Stalls:  0
[HEARTBEAT] Node: 1 | Tick: 446581 | Conf: 446579 | Hash: 0xC21802AB | Rollbacks: 59 (Resim:  79) | Stalls:  0
[HEARTBEAT] Node: 1 | Tick: 446641 | Conf: 446639 | Hash: 0xAFFFA769 | Rollbacks: 48 (Resim:  50) | Stalls:  0
[HEARTBEAT] Node: 1 | Tick: 446701 | Conf: 446699 | Hash: 0xD3AAA7B9 | Rollbacks: 54 (Resim:  54) | Stalls:  0
[HEARTBEAT] Node: 1 | Tick: 446761 | Conf: 446758 | Hash: 0x1152559C | Rollbacks: 58 (Resim:  71) | Stalls:  0
[HEARTBEAT] Node: 1 | Tick: 446821 | Conf: 446819 | Hash: 0xF87A1AE8 | Rollbacks: 52 (Resim:  53) | Stalls:  0
[HEARTBEAT] Node: 1 | Tick: 446881 | Conf: 446878 | Hash: 0xA93A5CC7 | Rollbacks: 58 (Resim:  78) | Stalls:  0
[HEARTBEAT] Node: 1 | Tick: 446941 | Conf: 446939 | Hash: 0xB758E3FA | Rollbacks: 46 (Resim:  49) | Stalls:  0
[HEARTBEAT] Node: 1 | Tick: 447001 | Conf: 446999 | Hash: 0x5E385DDD | Rollbacks: 57 (Resim:  57) | Stalls:  0
[HEARTBEAT] Node: 1 | Tick: 447061 | Conf: 447059 | Hash: 0x680A5E7E | Rollbacks: 58 (Resim:  79) | Stalls:  0
[BOT:50005] Heartbeat - Sparse Mods Tracked: 2048
[HEARTBEAT] Node: 1 | Tick: 447121 | Conf: 447119 | Hash: 0x9699AF3B | Rollbacks: 59 (Resim:  60) | Stalls:  0
[HEARTBEAT] Node: 1 | Tick: 447181 | Conf: 447179 | Hash: 0xBF0B72EC | Rollbacks: 51 (Resim:  68) | Stalls:  0
[HEARTBEAT] Node: 1 | Tick: 447241 | Conf: 447239 | Hash: 0x85481C0E | Rollbacks: 56 (Resim:  56) | Stalls:  0
[HEARTBEAT] Node: 1 | Tick: 447301 | Conf: 447299 | Hash: 0x52A6BDEC | Rollbacks: 50 (Resim:  75) | Stalls:  0
[HEARTBEAT] Node: 1 | Tick: 447361 | Conf: 447359 | Hash: 0x5DB44A1F | Rollbacks: 46 (Resim:  48) | Stalls:  0
[HEARTBEAT] Node: 1 | Tick: 447421 | Conf: 447419 | Hash: 0x48645014 | Rollbacks: 46 (Resim:  46) | Stalls:  0
[HEARTBEAT] Node: 1 | Tick: 447481 | Conf: 447479 | Hash: 0x5B0C3504 | Rollbacks: 53 (Resim:  53) | Stalls:  0
[HEARTBEAT] Node: 1 | Tick: 447541 | Conf: 447539 | Hash: 0x7542D60B | Rollbacks: 58 (Resim:  74) | Stalls:  0
[HEARTBEAT] Node: 1 | Tick: 447601 | Conf: 447599 | Hash: 0xAA799A42 | Rollbacks: 41 (Resim:  41) | Stalls:  0
[HEARTBEAT] Node: 1 | Tick: 447661 | Conf: 447659 | Hash: 0x996CA911 | Rollbacks: 57 (Resim:  63) | Stalls:  0
[BOT:50005] Heartbeat - Sparse Mods Tracked: 2048
[HEARTBEAT] Node: 1 | Tick: 447721 | Conf: 447719 | Hash: 0xA5587C6D | Rollbacks: 59 (Resim:  70) | Stalls:  0
[HEARTBEAT] Node: 1 | Tick: 447781 | Conf: 447779 | Hash: 0x2CE89EF3 | Rollbacks: 44 (Resim:  44) | Stalls:  0
[HEARTBEAT] Node: 1 | Tick: 447841 | Conf: 447839 | Hash: 0x21F1E96A | Rollbacks: 50 (Resim:  53) | Stalls:  0
[HEARTBEAT] Node: 1 | Tick: 447901 | Conf: 447899 | Hash: 0x4BFD4AC0 | Rollbacks: 48 (Resim:  48) | Stalls:  0
[HEARTBEAT] Node: 1 | Tick: 447961 | Conf: 447958 | Hash: 0xB6166682 | Rollbacks: 55 (Resim:  61) | Stalls:  0
[HEARTBEAT] Node: 1 | Tick: 448021 | Conf: 448019 | Hash: 0x575046F5 | Rollbacks: 55 (Resim:  75) | Stalls:  0
[HEARTBEAT] Node: 1 | Tick: 448081 | Conf: 448079 | Hash: 0x3F78C57F | Rollbacks: 54 (Resim:  54) | Stalls:  0
[HEARTBEAT] Node: 1 | Tick: 448141 | Conf: 448139 | Hash: 0xD116470F | Rollbacks: 59 (Resim:  76) | Stalls:  0
[HEARTBEAT] Node: 1 | Tick: 448201 | Conf: 448199 | Hash: 0x9FBBD350 | Rollbacks: 52 (Resim:  55) | Stalls:  0
[HEARTBEAT] Node: 1 | Tick: 448261 | Conf: 448259 | Hash: 0xE93D02A3 | Rollbacks: 59 (Resim:  66) | Stalls:  0
[BOT:50005] Heartbeat - Sparse Mods Tracked: 2048
[HEARTBEAT] Node: 1 | Tick: 448321 | Conf: 448319 | Hash: 0xC21CF009 | Rollbacks: 59 (Resim:  64) | Stalls:  0
[HEARTBEAT] Node: 1 | Tick: 448381 | Conf: 448379 | Hash: 0x7226A1AC | Rollbacks: 50 (Resim:  51) | Stalls:  0
[HEARTBEAT] Node: 1 | Tick: 448441 | Conf: 448438 | Hash: 0xCF2D1069 | Rollbacks: 58 (Resim:  64) | Stalls:  0
[HEARTBEAT] Node: 1 | Tick: 448501 | Conf: 448499 | Hash: 0x1B61002E | Rollbacks: 47 (Resim:  56) | Stalls:  0
[HEARTBEAT] Node: 1 | Tick: 448561 | Conf: 448559 | Hash: 0xDA68183F | Rollbacks: 44 (Resim:  44) | Stalls:  0
[HEARTBEAT] Node: 1 | Tick: 448621 | Conf: 448618 | Hash: 0x56470664 | Rollbacks: 49 (Resim:  51) | Stalls:  0
[HEARTBEAT] Node: 1 | Tick: 448681 | Conf: 448679 | Hash: 0x17D17677 | Rollbacks: 59 (Resim:  83) | Stalls:  0
[HEARTBEAT] Node: 1 | Tick: 448741 | Conf: 448739 | Hash: 0x58D0151D | Rollbacks: 41 (Resim:  41) | Stalls:  0
[HEARTBEAT] Node: 1 | Tick: 448801 | Conf: 448799 | Hash: 0xB0A0F876 | Rollbacks: 40 (Resim:  40) | Stalls:  0
[BOT:50005] Heartbeat - Sparse Mods Tracked: 2048
[HEARTBEAT] Node: 1 | Tick: 448861 | Conf: 448859 | Hash: 0x5E025F99 | Rollbacks: 43 (Resim:  45) | Stalls:  0
[HEARTBEAT] Node: 1 | Tick: 448921 | Conf: 448919 | Hash: 0x708FD2E9 | Rollbacks: 43 (Resim:  43) | Stalls:  0
[HEARTBEAT] Node: 1 | Tick: 448981 | Conf: 448979 | Hash: 0xCDA42C7C | Rollbacks: 41 (Resim:  41) | Stalls:  0
[HEARTBEAT] Node: 1 | Tick: 449041 | Conf: 449039 | Hash: 0x786A68D4 | Rollbacks: 44 (Resim:  44) | Stalls:  0
[HEARTBEAT] Node: 1 | Tick: 449101 | Conf: 449099 | Hash: 0x5055F554 | Rollbacks: 55 (Resim:  55) | Stalls:  0
[HEARTBEAT] Node: 1 | Tick: 449161 | Conf: 449159 | Hash: 0x75C31290 | Rollbacks: 59 (Resim:  63) | Stalls:  0
[HEARTBEAT] Node: 1 | Tick: 449221 | Conf: 449219 | Hash: 0x40D9074A | Rollbacks: 58 (Resim:  83) | Stalls:  0
[HEARTBEAT] Node: 1 | Tick: 449281 | Conf: 449279 | Hash: 0x5EA10F21 | Rollbacks: 52 (Resim:  54) | Stalls:  0
[HEARTBEAT] Node: 1 | Tick: 449341 | Conf: 449339 | Hash: 0xAC8399F6 | Rollbacks: 57 (Resim:  58) | Stalls:  0
[HEARTBEAT] Node: 1 | Tick: 449401 | Conf: 449399 | Hash: 0x76F3CAE0 | Rollbacks: 58 (Resim:  79) | Stalls:  0
[BOT:50005] Heartbeat - Sparse Mods Tracked: 2048
[HEARTBEAT] Node: 1 | Tick: 449461 | Conf: 449459 | Hash: 0x60551DC1 | Rollbacks: 44 (Resim:  44) | Stalls:  0
[HEARTBEAT] Node: 1 | Tick: 449521 | Conf: 449519 | Hash: 0xD31BE680 | Rollbacks: 59 (Resim:  65) | Stalls:  0
[HEARTBEAT] Node: 1 | Tick: 449581 | Conf: 449579 | Hash: 0x1DEA2467 | Rollbacks: 53 (Resim:  63) | Stalls:  0
[HEARTBEAT] Node: 1 | Tick: 449641 | Conf: 449638 | Hash: 0x3048DE07 | Rollbacks: 58 (Resim:  59) | Stalls:  0
[HEARTBEAT] Node: 1 | Tick: 449701 | Conf: 449699 | Hash: 0x74429692 | Rollbacks: 59 (Resim:  77) | Stalls:  0
[HEARTBEAT] Node: 1 | Tick: 449761 | Conf: 449759 | Hash: 0x78A6AB68 | Rollbacks: 49 (Resim:  49) | Stalls:  0
[HEARTBEAT] Node: 1 | Tick: 449821 | Conf: 449819 | Hash: 0x0131957D | Rollbacks: 59 (Resim:  80) | Stalls:  0
[HEARTBEAT] Node: 1 | Tick: 449881 | Conf: 449879 | Hash: 0x834F8A0E | Rollbacks: 48 (Resim:  50) | Stalls:  0
[HEARTBEAT] Node: 1 | Tick: 449941 | Conf: 449939 | Hash: 0xF5602D6F | Rollbacks: 54 (Resim:  54) | Stalls:  0
[HEARTBEAT] Node: 1 | Tick: 450001 | Conf: 449999 | Hash: 0x03133DB9 | Rollbacks: 59 (Resim:  75) | Stalls:  0
[BOT:50005] Heartbeat - Sparse Mods Tracked: 2048
[HEARTBEAT] Node: 1 | Tick: 450061 | Conf: 450059 | Hash: 0x98E05EB3 | Rollbacks: 39 (Resim:  39) | Stalls:  0
[HEARTBEAT] Node: 1 | Tick: 450121 | Conf: 450119 | Hash: 0x08298490 | Rollbacks: 59 (Resim:  71) | Stalls:  0
[HEARTBEAT] Node: 1 | Tick: 450181 | Conf: 450179 | Hash: 0x2961B6EF | Rollbacks: 46 (Resim:  52) | Stalls:  0
[HEARTBEAT] Node: 1 | Tick: 450241 | Conf: 450239 | Hash: 0x5296DEA8 | Rollbacks: 52 (Resim:  52) | Stalls:  0
[HEARTBEAT] Node: 1 | Tick: 450301 | Conf: 450299 | Hash: 0xC4F04160 | Rollbacks: 60 (Resim:  60) | Stalls:  0
[HEARTBEAT] Node: 1 | Tick: 450361 | Conf: 450359 | Hash: 0xC3030689 | Rollbacks: 58 (Resim:  75) | Stalls:  0
[HEARTBEAT] Node: 1 | Tick: 450421 | Conf: 450419 | Hash: 0x266E7BE4 | Rollbacks: 48 (Resim:  48) | Stalls:  0
[HEARTBEAT] Node: 1 | Tick: 450481 | Conf: 450478 | Hash: 0x674878A8 | Rollbacks: 56 (Resim:  68) | Stalls:  0
[HEARTBEAT] Node: 1 | Tick: 450541 | Conf: 450538 | Hash: 0x636CB89B | Rollbacks: 59 (Resim:  72) | Stalls:  0
[HEARTBEAT] Node: 1 | Tick: 450601 | Conf: 450599 | Hash: 0xFF0794DD | Rollbacks: 51 (Resim:  58) | Stalls:  0
[BOT:50005] Heartbeat - Sparse Mods Tracked: 2048
[HEARTBEAT] Node: 1 | Tick: 450661 | Conf: 450658 | Hash: 0x493469B1 | Rollbacks: 53 (Resim:  54) | Stalls:  0
[HEARTBEAT] Node: 1 | Tick: 450721 | Conf: 450719 | Hash: 0x0C5F52BC | Rollbacks: 50 (Resim:  68) | Stalls:  0
[HEARTBEAT] Node: 1 | Tick: 450781 | Conf: 450779 | Hash: 0x857F64A6 | Rollbacks: 55 (Resim:  55) | Stalls:  0
[HEARTBEAT] Node: 1 | Tick: 450841 | Conf: 450839 | Hash: 0x26DE3DB3 | Rollbacks: 59 (Resim:  82) | Stalls:  0
[HEARTBEAT] Node: 1 | Tick: 450901 | Conf: 450899 | Hash: 0xF407FFFE | Rollbacks: 52 (Resim:  54) | Stalls:  0
[HEARTBEAT] Node: 1 | Tick: 450961 | Conf: 450958 | Hash: 0x402239C8 | Rollbacks: 58 (Resim:  63) | Stalls:  0
[HEARTBEAT] Node: 1 | Tick: 451021 | Conf: 451019 | Hash: 0x0E0A6790 | Rollbacks: 44 (Resim:  63) | Stalls:  0
[HEARTBEAT] Node: 1 | Tick: 451081 | Conf: 451079 | Hash: 0x06601408 | Rollbacks: 59 (Resim:  60) | Stalls:  0
[HEARTBEAT] Node: 1 | Tick: 451141 | Conf: 451139 | Hash: 0x34F4D8DD | Rollbacks: 50 (Resim:  60) | Stalls:  0
[HEARTBEAT] Node: 1 | Tick: 451201 | Conf: 451199 | Hash: 0xEF14982E | Rollbacks: 59 (Resim:  67) | Stalls:  0
[BOT:50005] Heartbeat - Sparse Mods Tracked: 2048
[HEARTBEAT] Node: 1 | Tick: 451261 | Conf: 451259 | Hash: 0x428B6352 | Rollbacks: 60 (Resim:  60) | Stalls:  0
[HEARTBEAT] Node: 1 | Tick: 451321 | Conf: 451319 | Hash: 0x5D161AFC | Rollbacks: 59 (Resim:  70) | Stalls:  0
[HEARTBEAT] Node: 1 | Tick: 451381 | Conf: 451378 | Hash: 0x88D23109 | Rollbacks: 47 (Resim:  57) | Stalls:  0
[HEARTBEAT] Node: 1 | Tick: 451441 | Conf: 451439 | Hash: 0xF4F0437F | Rollbacks: 46 (Resim:  55) | Stalls:  0
[HEARTBEAT] Node: 1 | Tick: 451501 | Conf: 451498 | Hash: 0xABF7A759 | Rollbacks: 59 (Resim:  64) | Stalls:  0
[HEARTBEAT] Node: 1 | Tick: 451561 | Conf: 451559 | Hash: 0x1898EF68 | Rollbacks: 46 (Resim:  65) | Stalls:  0
[HEARTBEAT] Node: 1 | Tick: 451621 | Conf: 451619 | Hash: 0xF098C73B | Rollbacks: 54 (Resim:  54) | Stalls:  0
[HEARTBEAT] Node: 1 | Tick: 451681 | Conf: 451679 | Hash: 0xF82EE402 | Rollbacks: 59 (Resim:  82) | Stalls:  0
[HEARTBEAT] Node: 1 | Tick: 451741 | Conf: 451739 | Hash: 0x8AC78DAE | Rollbacks: 49 (Resim:  52) | Stalls:  0
[HEARTBEAT] Node: 1 | Tick: 451801 | Conf: 451799 | Hash: 0x261BFF08 | Rollbacks: 59 (Resim:  60) | Stalls:  0
[BOT:50005] Heartbeat - Sparse Mods Tracked: 2048
[HEARTBEAT] Node: 1 | Tick: 451861 | Conf: 451858 | Hash: 0x37997159 | Rollbacks: 58 (Resim:  66) | Stalls:  0
[HEARTBEAT] Node: 1 | Tick: 451921 | Conf: 451919 | Hash: 0x40BC052B | Rollbacks: 46 (Resim:  60) | Stalls:  0
[HEARTBEAT] Node: 1 | Tick: 451981 | Conf: 451978 | Hash: 0x571108FB | Rollbacks: 55 (Resim:  57) | Stalls:  0
[HEARTBEAT] Node: 1 | Tick: 452041 | Conf: 452039 | Hash: 0xB827BA05 | Rollbacks: 59 (Resim:  73) | Stalls:  0
[HEARTBEAT] Node: 1 | Tick: 452101 | Conf: 452099 | Hash: 0x23F27261 | Rollbacks: 41 (Resim:  41) | Stalls:  0
[HEARTBEAT] Node: 1 | Tick: 452161 | Conf: 452159 | Hash: 0x88C81115 | Rollbacks: 59 (Resim:  70) | Stalls:  0
[HEARTBEAT] Node: 1 | Tick: 452221 | Conf: 452219 | Hash: 0xD88BDC49 | Rollbacks: 58 (Resim:  64) | Stalls:  0
[HEARTBEAT] Node: 1 | Tick: 452281 | Conf: 452279 | Hash: 0xB01DD152 | Rollbacks: 59 (Resim:  71) | Stalls:  0
[HEARTBEAT] Node: 1 | Tick: 452341 | Conf: 452339 | Hash: 0xB77D5306 | Rollbacks: 51 (Resim:  55) | Stalls:  0
[BOT:50005] Heartbeat - Sparse Mods Tracked: 2048
[HEARTBEAT] Node: 1 | Tick: 452401 | Conf: 452399 | Hash: 0xA810BC35 | Rollbacks: 59 (Resim:  84) | Stalls:  0
[HEARTBEAT] Node: 1 | Tick: 452461 | Conf: 452459 | Hash: 0x7C73037F | Rollbacks: 53 (Resim:  56) | Stalls:  0
[HEARTBEAT] Node: 1 | Tick: 452521 | Conf: 452519 | Hash: 0x2ABD67E8 | Rollbacks: 47 (Resim:  47) | Stalls:  0
[HEARTBEAT] Node: 1 | Tick: 452581 | Conf: 452578 | Hash: 0xAC5C71DF | Rollbacks: 58 (Resim:  62) | Stalls:  0
[HEARTBEAT] Node: 1 | Tick: 452641 | Conf: 452639 | Hash: 0x5F847502 | Rollbacks: 55 (Resim:  60) | Stalls:  0
[HEARTBEAT] Node: 1 | Tick: 452701 | Conf: 452698 | Hash: 0xF18EA6C8 | Rollbacks: 59 (Resim:  73) | Stalls:  0
[HEARTBEAT] Node: 1 | Tick: 452761 | Conf: 452759 | Hash: 0x2C5B5B83 | Rollbacks: 50 (Resim:  61) | Stalls:  0
[HEARTBEAT] Node: 1 | Tick: 452821 | Conf: 452819 | Hash: 0xCF8C57F3 | Rollbacks: 47 (Resim:  47) | Stalls:  0
[HEARTBEAT] Node: 1 | Tick: 452881 | Conf: 452879 | Hash: 0xC329411E | Rollbacks: 58 (Resim:  71) | Stalls:  0
[HEARTBEAT] Node: 1 | Tick: 452941 | Conf: 452939 | Hash: 0x039934B3 | Rollbacks: 54 (Resim:  55) | Stalls:  0
[BOT:50005] Heartbeat - Sparse Mods Tracked: 2048
[HEARTBEAT] Node: 1 | Tick: 453001 | Conf: 452998 | Hash: 0x79C48689 | Rollbacks: 54 (Resim:  78) | Stalls:  0
