[C-CORE] Booting Headless Unity Build...
[C-CORE] Routing to scripts/bot.lua...
[BOT:50006] Booting Headless Chaos Node...
[LAB] Initializing Headless Node on Port 50006...
[HEARTBEAT] Node: 0 | Tick:    61 | Conf:    59 | Hash: 0x48499267 | Rollbacks:  0 (Resim:   0) | Stalls:  0
[HEARTBEAT] Node: 0 | Tick:   121 | Conf:   119 | Hash: 0xF038F7E9 | Rollbacks:  3 (Resim:  26) | Stalls:  0
[HEARTBEAT] Node: 0 | Tick:   181 | Conf:   179 | Hash: 0x1CE7BB06 | Rollbacks:  4 (Resim:  24) | Stalls:  0
[HEARTBEAT] Node: 0 | Tick:   241 | Conf:   239 | Hash: 0xC4AB8995 | Rollbacks:  0 (Resim:   0) | Stalls:  0
[HEARTBEAT] Node: 0 | Tick:   301 | Conf:   299 | Hash: 0x90850FEF | Rollbacks:  0 (Resim:   0) | Stalls:  0
[HEARTBEAT] Node: 0 | Tick:   361 | Conf:   359 | Hash: 0xDA53A3DA | Rollbacks: 11 (Resim:  11) | Stalls:  0
[HEARTBEAT] Node: 0 | Tick:   421 | Conf:   419 | Hash: 0xD463FF04 | Rollbacks: 22 (Resim:  22) | Stalls:  0
[HEARTBEAT] Node: 0 | Tick:   481 | Conf:   479 | Hash: 0x3AA97CC0 | Rollbacks: 23 (Resim:  23) | Stalls:  0
[HEARTBEAT] Node: 0 | Tick:   541 | Conf:   539 | Hash: 0xDFC5A293 | Rollbacks: 23 (Resim:  23) | Stalls:  0
[BOT:50006] Heartbeat - Sparse Mods Tracked: 1046
[HEARTBEAT] Node: 0 | Tick:   601 | Conf:   599 | Hash: 0xAC225D6D | Rollbacks: 21 (Resim:  21) | Stalls:  0
[HEARTBEAT] Node: 0 | Tick:   661 | Conf:   659 | Hash: 0xF30C47EF | Rollbacks: 20 (Resim:  20) | Stalls:  0
[HEARTBEAT] Node: 0 | Tick:   721 | Conf:   719 | Hash: 0x32FCAC1C | Rollbacks: 19 (Resim:  19) | Stalls:  0
[HEARTBEAT] Node: 0 | Tick:   781 | Conf:   779 | Hash: 0xC9C62062 | Rollbacks: 20 (Resim:  20) | Stalls:  0
[HEARTBEAT] Node: 0 | Tick:   841 | Conf:   839 | Hash: 0x3A52E59E | Rollbacks: 21 (Resim:  21) | Stalls:  0
[HEARTBEAT] Node: 0 | Tick:   901 | Conf:   899 | Hash: 0x356E33CB | Rollbacks: 21 (Resim:  21) | Stalls:  0
[HEARTBEAT] Node: 0 | Tick:   961 | Conf:   959 | Hash: 0xA0E82F54 | Rollbacks: 20 (Resim:  20) | Stalls:  0
[HEARTBEAT] Node: 0 | Tick:  1021 | Conf:  1019 | Hash: 0xAAA4C66C | Rollbacks: 20 (Resim:  20) | Stalls:  0
[HEARTBEAT] Node: 0 | Tick:  1081 | Conf:  1079 | Hash: 0xB7373BE5 | Rollbacks:  2 (Resim:   3) | Stalls:  0
[HEARTBEAT] Node: 0 | Tick:  1141 | Conf:  1139 | Hash: 0x52AFD155 | Rollbacks: 20 (Resim:  20) | Stalls:  0
[BOT:50006] Heartbeat - Sparse Mods Tracked: 2048
[HEARTBEAT] Node: 0 | Tick:  1201 | Conf:  1199 | Hash: 0xC1430AD7 | Rollbacks:  1 (Resim:   1) | Stalls:  0
[HEARTBEAT] Node: 0 | Tick:  1261 | Conf:  1259 | Hash: 0xA1A306C7 | Rollbacks:  0 (Resim:   0) | Stalls:  0
[HEARTBEAT] Node: 0 | Tick:  1321 | Conf:  1319 | Hash: 0xCF9589E1 | Rollbacks:  6 (Resim:   6) | Stalls:  0
[HEARTBEAT] Node: 0 | Tick:  1381 | Conf:  1379 | Hash: 0xAA135732 | Rollbacks: 12 (Resim:  12) | Stalls:  0
[HEARTBEAT] Node: 0 | Tick:  1441 | Conf:  1439 | Hash: 0xF334CDD2 | Rollbacks:  0 (Resim:   0) | Stalls:  0
[HEARTBEAT] Node: 0 | Tick:  1501 | Conf:  1499 | Hash: 0xFA41883D | Rollbacks: 21 (Resim:  21) | Stalls:  0
[HEARTBEAT] Node: 0 | Tick:  1561 | Conf:  1559 | Hash: 0xD5087B8C | Rollbacks:  4 (Resim:   4) | Stalls:  0
[HEARTBEAT] Node: 0 | Tick:  1621 | Conf:  1619 | Hash: 0x8C715D73 | Rollbacks: 16 (Resim:  16) | Stalls:  0
[HEARTBEAT] Node: 0 | Tick:  1681 | Conf:  1679 | Hash: 0x669AB6C2 | Rollbacks:  0 (Resim:   0) | Stalls:  0
[HEARTBEAT] Node: 0 | Tick:  1741 | Conf:  1739 | Hash: 0x9A80621F | Rollbacks:  0 (Resim:   0) | Stalls:  0
[BOT:50006] Heartbeat - Sparse Mods Tracked: 2048
[HEARTBEAT] Node: 0 | Tick:  1801 | Conf:  1799 | Hash: 0xD0054F74 | Rollbacks: 18 (Resim:  18) | Stalls:  0
[HEARTBEAT] Node: 0 | Tick:  1861 | Conf:  1859 | Hash: 0x9CAC5D93 | Rollbacks:  0 (Resim:   0) | Stalls:  0
[HEARTBEAT] Node: 0 | Tick:  1921 | Conf:  1919 | Hash: 0x4E32E79F | Rollbacks:  2 (Resim:   2) | Stalls:  0
[HEARTBEAT] Node: 0 | Tick:  1981 | Conf:  1979 | Hash: 0x2D4A9BB8 | Rollbacks: 11 (Resim:  11) | Stalls:  0
[HEARTBEAT] Node: 0 | Tick:  2041 | Conf:  2039 | Hash: 0x28292B22 | Rollbacks:  0 (Resim:   0) | Stalls:  0
[HEARTBEAT] Node: 0 | Tick:  2101 | Conf:  2099 | Hash: 0xAA225864 | Rollbacks: 22 (Resim:  22) | Stalls:  0
[HEARTBEAT] Node: 0 | Tick:  2161 | Conf:  2159 | Hash: 0xE1E85C3E | Rollbacks: 18 (Resim:  18) | Stalls:  0
[HEARTBEAT] Node: 0 | Tick:  2221 | Conf:  2219 | Hash: 0x1A4AC6A6 | Rollbacks: 11 (Resim:  11) | Stalls:  0
[HEARTBEAT] Node: 0 | Tick:  2281 | Conf:  2279 | Hash: 0x7C7E1BAA | Rollbacks:  1 (Resim:   1) | Stalls:  0
[BOT:50006] Heartbeat - Sparse Mods Tracked: 2048
[HEARTBEAT] Node: 0 | Tick:  2341 | Conf:  2339 | Hash: 0x4C3EC93A | Rollbacks:  0 (Resim:   0) | Stalls:  0
[HEARTBEAT] Node: 0 | Tick:  2401 | Conf:  2399 | Hash: 0x76549989 | Rollbacks: 16 (Resim:  16) | Stalls:  0
[HEARTBEAT] Node: 0 | Tick:  2461 | Conf:  2459 | Hash: 0x5F373191 | Rollbacks: 13 (Resim:  13) | Stalls:  0
[HEARTBEAT] Node: 0 | Tick:  2521 | Conf:  2519 | Hash: 0xBA0EE2B7 | Rollbacks:  3 (Resim:   3) | Stalls:  0
[HEARTBEAT] Node: 0 | Tick:  2581 | Conf:  2579 | Hash: 0x72ECED0C | Rollbacks: 14 (Resim:  14) | Stalls:  0
[HEARTBEAT] Node: 0 | Tick:  2641 | Conf:  2639 | Hash: 0x6A091E2B | Rollbacks:  7 (Resim:   7) | Stalls:  0
[HEARTBEAT] Node: 0 | Tick:  2701 | Conf:  2699 | Hash: 0x73DBE8F8 | Rollbacks:  0 (Resim:   0) | Stalls:  0
[HEARTBEAT] Node: 0 | Tick:  2761 | Conf:  2759 | Hash: 0x3F281D00 | Rollbacks:  9 (Resim:   9) | Stalls:  0
[HEARTBEAT] Node: 0 | Tick:  2821 | Conf:  2819 | Hash: 0x2897B627 | Rollbacks:  7 (Resim:   7) | Stalls:  0
[HEARTBEAT] Node: 0 | Tick:  2881 | Conf:  2879 | Hash: 0xCE17A401 | Rollbacks: 23 (Resim:  23) | Stalls:  0
[BOT:50006] Heartbeat - Sparse Mods Tracked: 2048
[HEARTBEAT] Node: 0 | Tick:  2941 | Conf:  2939 | Hash: 0xB5D8C6A7 | Rollbacks: 20 (Resim:  20) | Stalls:  0
[HEARTBEAT] Node: 0 | Tick:  3001 | Conf:  2999 | Hash: 0x9B17B1F1 | Rollbacks:  2 (Resim:   2) | Stalls:  0
[HEARTBEAT] Node: 0 | Tick:  3061 | Conf:  3059 | Hash: 0x3A3F495E | Rollbacks: 22 (Resim:  22) | Stalls:  0
[HEARTBEAT] Node: 0 | Tick:  3121 | Conf:  3119 | Hash: 0x4E58DDDA | Rollbacks:  0 (Resim:   0) | Stalls:  0
[HEARTBEAT] Node: 0 | Tick:  3181 | Conf:  3179 | Hash: 0xF17496F8 | Rollbacks:  0 (Resim:   0) | Stalls:  0
[HEARTBEAT] Node: 0 | Tick:  3241 | Conf:  3239 | Hash: 0x864584E5 | Rollbacks:  7 (Resim:   7) | Stalls:  0
[HEARTBEAT] Node: 0 | Tick:  3301 | Conf:  3299 | Hash: 0xBDEEE9BC | Rollbacks: 19 (Resim:  19) | Stalls:  0
[HEARTBEAT] Node: 0 | Tick:  3361 | Conf:  3359 | Hash: 0x56CD8D9A | Rollbacks: 18 (Resim:  18) | Stalls:  0
[HEARTBEAT] Node: 0 | Tick:  3421 | Conf:  3419 | Hash: 0xAD6EFC9E | Rollbacks: 12 (Resim:  12) | Stalls:  0
[HEARTBEAT] Node: 0 | Tick:  3481 | Conf:  3479 | Hash: 0x8519F4CA | Rollbacks:  2 (Resim:   2) | Stalls:  0
[BOT:50006] Heartbeat - Sparse Mods Tracked: 2048
[HEARTBEAT] Node: 0 | Tick:  3541 | Conf:  3539 | Hash: 0x47DEBDA5 | Rollbacks:  0 (Resim:   0) | Stalls:  0
[HEARTBEAT] Node: 0 | Tick:  3601 | Conf:  3599 | Hash: 0x5BF989CC | Rollbacks:  7 (Resim:   7) | Stalls:  0
[HEARTBEAT] Node: 0 | Tick:  3661 | Conf:  3659 | Hash: 0xE8E8306E | Rollbacks:  4 (Resim:   4) | Stalls:  0
[HEARTBEAT] Node: 0 | Tick:  3721 | Conf:  3719 | Hash: 0xF534A02C | Rollbacks: 11 (Resim:  11) | Stalls:  0
[HEARTBEAT] Node: 0 | Tick:  3781 | Conf:  3779 | Hash: 0x776F480E | Rollbacks: 11 (Resim:  11) | Stalls:  0
[HEARTBEAT] Node: 0 | Tick:  3841 | Conf:  3839 | Hash: 0x7B31C58E | Rollbacks:  0 (Resim:   0) | Stalls:  0
[HEARTBEAT] Node: 0 | Tick:  3901 | Conf:  3899 | Hash: 0x9F0410F9 | Rollbacks: 22 (Resim:  22) | Stalls:  0
[HEARTBEAT] Node: 0 | Tick:  3961 | Conf:  3959 | Hash: 0x3378D36A | Rollbacks:  0 (Resim:   0) | Stalls:  0
[HEARTBEAT] Node: 0 | Tick:  4021 | Conf:  4019 | Hash: 0xF423E0E3 | Rollbacks:  4 (Resim:   4) | Stalls:  0
[HEARTBEAT] Node: 0 | Tick:  4081 | Conf:  4079 | Hash: 0xBAAB22A3 | Rollbacks:  3 (Resim:   3) | Stalls:  0
[BOT:50006] Heartbeat - Sparse Mods Tracked: 2048
[HEARTBEAT] Node: 0 | Tick:  4141 | Conf:  4139 | Hash: 0x9143A31F | Rollbacks: 21 (Resim:  21) | Stalls:  0
[HEARTBEAT] Node: 0 | Tick:  4201 | Conf:  4199 | Hash: 0xD077C8E5 | Rollbacks: 22 (Resim:  22) | Stalls:  0
[HEARTBEAT] Node: 0 | Tick:  4261 | Conf:  4259 | Hash: 0x1E3DCC8A | Rollbacks:  1 (Resim:   1) | Stalls:  0
[HEARTBEAT] Node: 0 | Tick:  4321 | Conf:  4319 | Hash: 0x204ED82C | Rollbacks:  0 (Resim:   0) | Stalls:  0
[HEARTBEAT] Node: 0 | Tick:  4381 | Conf:  4379 | Hash: 0x699B5962 | Rollbacks: 22 (Resim:  22) | Stalls:  0
[HEARTBEAT] Node: 0 | Tick:  4441 | Conf:  4439 | Hash: 0x4D75BF4E | Rollbacks:  0 (Resim:   0) | Stalls:  0
[HEARTBEAT] Node: 0 | Tick:  4501 | Conf:  4499 | Hash: 0x7300C82B | Rollbacks:  0 (Resim:   0) | Stalls:  0
[HEARTBEAT] Node: 0 | Tick:  4561 | Conf:  4559 | Hash: 0xB173F7A9 | Rollbacks: 23 (Resim:  23) | Stalls:  0
[HEARTBEAT] Node: 0 | Tick:  4621 | Conf:  4619 | Hash: 0x6AE78B01 | Rollbacks:  3 (Resim:   3) | Stalls:  0
[HEARTBEAT] Node: 0 | Tick:  4681 | Conf:  4679 | Hash: 0x0405666A | Rollbacks:  0 (Resim:   0) | Stalls:  0
[BOT:50006] Heartbeat - Sparse Mods Tracked: 2048
[HEARTBEAT] Node: 0 | Tick:  4741 | Conf:  4739 | Hash: 0x9A157892 | Rollbacks:  9 (Resim:   9) | Stalls:  0
[HEARTBEAT] Node: 0 | Tick:  4801 | Conf:  4799 | Hash: 0xFF7BE7B3 | Rollbacks:  9 (Resim:   9) | Stalls:  0
[HEARTBEAT] Node: 0 | Tick:  4861 | Conf:  4859 | Hash: 0x6ED9F8D5 | Rollbacks: 14 (Resim:  14) | Stalls:  0
[HEARTBEAT] Node: 0 | Tick:  4921 | Conf:  4919 | Hash: 0xA2805AC2 | Rollbacks: 16 (Resim:  17) | Stalls:  0
[HEARTBEAT] Node: 0 | Tick:  4981 | Conf:  4979 | Hash: 0x5F570DC8 | Rollbacks:  0 (Resim:   0) | Stalls:  0
[HEARTBEAT] Node: 0 | Tick:  5041 | Conf:  5039 | Hash: 0x549D3EF2 | Rollbacks:  0 (Resim:   0) | Stalls:  0
[HEARTBEAT] Node: 0 | Tick:  5101 | Conf:  5099 | Hash: 0x8521330F | Rollbacks: 21 (Resim:  21) | Stalls:  0
[HEARTBEAT] Node: 0 | Tick:  5161 | Conf:  5159 | Hash: 0xB9F5EAAE | Rollbacks:  4 (Resim:   4) | Stalls:  0
[HEARTBEAT] Node: 0 | Tick:  5221 | Conf:  5219 | Hash: 0x1D063B4E | Rollbacks:  0 (Resim:   0) | Stalls:  0
[HEARTBEAT] Node: 0 | Tick:  5281 | Conf:  5279 | Hash: 0x4ACBB883 | Rollbacks: 18 (Resim:  18) | Stalls:  0
[BOT:50006] Heartbeat - Sparse Mods Tracked: 2048
[HEARTBEAT] Node: 0 | Tick:  5341 | Conf:  5339 | Hash: 0xC15E395B | Rollbacks: 21 (Resim:  21) | Stalls:  0
[HEARTBEAT] Node: 0 | Tick:  5401 | Conf:  5399 | Hash: 0xFE5CD334 | Rollbacks: 11 (Resim:  11) | Stalls:  0
[HEARTBEAT] Node: 0 | Tick:  5461 | Conf:  5459 | Hash: 0x06D0B557 | Rollbacks: 15 (Resim:  15) | Stalls:  0
[HEARTBEAT] Node: 0 | Tick:  5521 | Conf:  5519 | Hash: 0x6D646868 | Rollbacks: 13 (Resim:  13) | Stalls:  0
[HEARTBEAT] Node: 0 | Tick:  5581 | Conf:  5579 | Hash: 0x2F849C11 | Rollbacks: 18 (Resim:  18) | Stalls:  0
[HEARTBEAT] Node: 0 | Tick:  5641 | Conf:  5639 | Hash: 0x39D1830C | Rollbacks: 15 (Resim:  15) | Stalls:  0
[HEARTBEAT] Node: 0 | Tick:  5701 | Conf:  5699 | Hash: 0x5230F60B | Rollbacks:  9 (Resim:   9) | Stalls:  0
[HEARTBEAT] Node: 0 | Tick:  5761 | Conf:  5759 | Hash: 0x73ED3A03 | Rollbacks:  5 (Resim:   5) | Stalls:  0
[HEARTBEAT] Node: 0 | Tick:  5821 | Conf:  5819 | Hash: 0x6E56FC39 | Rollbacks: 26 (Resim:  26) | Stalls:  0
[BOT:50006] Heartbeat - Sparse Mods Tracked: 2048
[HEARTBEAT] Node: 0 | Tick:  5881 | Conf:  5879 | Hash: 0x335D0B2B | Rollbacks:  0 (Resim:   0) | Stalls:  0
[HEARTBEAT] Node: 0 | Tick:  5941 | Conf:  5939 | Hash: 0xEC1DD6E9 | Rollbacks:  0 (Resim:   0) | Stalls:  0
[HEARTBEAT] Node: 0 | Tick:  6001 | Conf:  5999 | Hash: 0x8BD6E98B | Rollbacks: 12 (Resim:  12) | Stalls:  0
[HEARTBEAT] Node: 0 | Tick:  6061 | Conf:  6059 | Hash: 0x1B773FA3 | Rollbacks:  0 (Resim:   0) | Stalls:  0
[HEARTBEAT] Node: 0 | Tick:  6121 | Conf:  6119 | Hash: 0xA0116599 | Rollbacks:  9 (Resim:   9) | Stalls:  0
[HEARTBEAT] Node: 0 | Tick:  6181 | Conf:  6179 | Hash: 0x89FA7193 | Rollbacks:  4 (Resim:   4) | Stalls:  0
[HEARTBEAT] Node: 0 | Tick:  6241 | Conf:  6239 | Hash: 0xFAF058C8 | Rollbacks: 23 (Resim:  23) | Stalls:  0
[HEARTBEAT] Node: 0 | Tick:  6301 | Conf:  6299 | Hash: 0x80EFA16B | Rollbacks:  7 (Resim:   7) | Stalls:  0
[HEARTBEAT] Node: 0 | Tick:  6361 | Conf:  6359 | Hash: 0xFF0B98B7 | Rollbacks:  0 (Resim:   0) | Stalls:  0
[HEARTBEAT] Node: 0 | Tick:  6421 | Conf:  6419 | Hash: 0x94E134EC | Rollbacks: 24 (Resim:  24) | Stalls:  0
[BOT:50006] Heartbeat - Sparse Mods Tracked: 2048
[HEARTBEAT] Node: 0 | Tick:  6481 | Conf:  6479 | Hash: 0x5B3C69CD | Rollbacks:  5 (Resim:   5) | Stalls:  0
[HEARTBEAT] Node: 0 | Tick:  6541 | Conf:  6539 | Hash: 0x1891F8A9 | Rollbacks: 17 (Resim:  17) | Stalls:  0
[HEARTBEAT] Node: 0 | Tick:  6601 | Conf:  6599 | Hash: 0xAF5D7C2D | Rollbacks: 10 (Resim:  10) | Stalls:  0
[HEARTBEAT] Node: 0 | Tick:  6661 | Conf:  6659 | Hash: 0xF0112F7B | Rollbacks:  5 (Resim:   5) | Stalls:  0
[HEARTBEAT] Node: 0 | Tick:  6721 | Conf:  6719 | Hash: 0x1E736513 | Rollbacks: 22 (Resim:  22) | Stalls:  0
[HEARTBEAT] Node: 0 | Tick:  6781 | Conf:  6779 | Hash: 0xC1803432 | Rollbacks:  0 (Resim:   0) | Stalls:  0
[HEARTBEAT] Node: 0 | Tick:  6841 | Conf:  6839 | Hash: 0xC54247A9 | Rollbacks: 25 (Resim:  25) | Stalls:  0
[HEARTBEAT] Node: 0 | Tick:  6901 | Conf:  6899 | Hash: 0xD39CB385 | Rollbacks: 11 (Resim:  11) | Stalls:  0
[HEARTBEAT] Node: 0 | Tick:  6961 | Conf:  6959 | Hash: 0x82C5FDC3 | Rollbacks: 15 (Resim:  15) | Stalls:  0
[HEARTBEAT] Node: 0 | Tick:  7021 | Conf:  7019 | Hash: 0x9F7BC0C3 | Rollbacks:  0 (Resim:   0) | Stalls:  0
[BOT:50006] Heartbeat - Sparse Mods Tracked: 2048
[HEARTBEAT] Node: 0 | Tick:  7081 | Conf:  7079 | Hash: 0x00D8DA26 | Rollbacks:  3 (Resim:   3) | Stalls:  0
[HEARTBEAT] Node: 0 | Tick:  7141 | Conf:  7139 | Hash: 0xCC57E3F4 | Rollbacks:  0 (Resim:   0) | Stalls:  0
[HEARTBEAT] Node: 0 | Tick:  7201 | Conf:  7199 | Hash: 0x148D98A0 | Rollbacks:  4 (Resim:   4) | Stalls:  0
[HEARTBEAT] Node: 0 | Tick:  7261 | Conf:  7259 | Hash: 0x7A2C9218 | Rollbacks:  6 (Resim:   6) | Stalls:  0
[HEARTBEAT] Node: 0 | Tick:  7321 | Conf:  7319 | Hash: 0x1C4FDD92 | Rollbacks:  0 (Resim:   0) | Stalls:  0
[HEARTBEAT] Node: 0 | Tick:  7381 | Conf:  7379 | Hash: 0x8BB50C8D | Rollbacks: 12 (Resim:  12) | Stalls:  0
[HEARTBEAT] Node: 0 | Tick:  7441 | Conf:  7439 | Hash: 0xA433E574 | Rollbacks: 22 (Resim:  22) | Stalls:  0
[HEARTBEAT] Node: 0 | Tick:  7501 | Conf:  7499 | Hash: 0x16BE5DB6 | Rollbacks:  9 (Resim:   9) | Stalls:  0
[HEARTBEAT] Node: 0 | Tick:  7561 | Conf:  7559 | Hash: 0x8A077C62 | Rollbacks:  0 (Resim:   0) | Stalls:  0
[HEARTBEAT] Node: 0 | Tick:  7621 | Conf:  7619 | Hash: 0x64F17C8D | Rollbacks: 11 (Resim:  11) | Stalls:  0
[BOT:50006] Heartbeat - Sparse Mods Tracked: 2048
[HEARTBEAT] Node: 0 | Tick:  7681 | Conf:  7679 | Hash: 0xEC568DB3 | Rollbacks:  0 (Resim:   0) | Stalls:  0
[HEARTBEAT] Node: 0 | Tick:  7741 | Conf:  7739 | Hash: 0x80729464 | Rollbacks: 25 (Resim:  25) | Stalls:  0
[HEARTBEAT] Node: 0 | Tick:  7801 | Conf:  7799 | Hash: 0x0A5A81D6 | Rollbacks:  1 (Resim:   1) | Stalls:  0
[HEARTBEAT] Node: 0 | Tick:  7861 | Conf:  7859 | Hash: 0xDE731FBD | Rollbacks:  0 (Resim:   0) | Stalls:  0
[HEARTBEAT] Node: 0 | Tick:  7921 | Conf:  7919 | Hash: 0xEB37F0E6 | Rollbacks:  0 (Resim:   0) | Stalls:  0
[HEARTBEAT] Node: 0 | Tick:  7981 | Conf:  7979 | Hash: 0xF653A72F | Rollbacks: 10 (Resim:  10) | Stalls:  0
[HEARTBEAT] Node: 0 | Tick:  8041 | Conf:  8039 | Hash: 0x5CC70530 | Rollbacks:  6 (Resim:   6) | Stalls:  0
[HEARTBEAT] Node: 0 | Tick:  8101 | Conf:  8099 | Hash: 0x65278930 | Rollbacks: 21 (Resim:  21) | Stalls:  0
[HEARTBEAT] Node: 0 | Tick:  8161 | Conf:  8159 | Hash: 0xF0180D1B | Rollbacks:  3 (Resim:   3) | Stalls:  0
[HEARTBEAT] Node: 0 | Tick:  8221 | Conf:  8219 | Hash: 0x7908106F | Rollbacks:  4 (Resim:   4) | Stalls:  0
[BOT:50006] Heartbeat - Sparse Mods Tracked: 2048
[HEARTBEAT] Node: 0 | Tick:  8281 | Conf:  8279 | Hash: 0x5B93E036 | Rollbacks: 17 (Resim:  17) | Stalls:  0
[HEARTBEAT] Node: 0 | Tick:  8341 | Conf:  8339 | Hash: 0xF841383C | Rollbacks:  0 (Resim:   0) | Stalls:  0
[HEARTBEAT] Node: 0 | Tick:  8401 | Conf:  8399 | Hash: 0x5F1AB6DE | Rollbacks: 25 (Resim:  25) | Stalls:  0
[HEARTBEAT] Node: 0 | Tick:  8461 | Conf:  8459 | Hash: 0x037B7FC6 | Rollbacks:  8 (Resim:   8) | Stalls:  0
[HEARTBEAT] Node: 0 | Tick:  8521 | Conf:  8519 | Hash: 0x9BE13CAE | Rollbacks:  1 (Resim:   1) | Stalls:  0
[HEARTBEAT] Node: 0 | Tick:  8581 | Conf:  8579 | Hash: 0x316379B2 | Rollbacks: 28 (Resim:  28) | Stalls:  0
[HEARTBEAT] Node: 0 | Tick:  8641 | Conf:  8639 | Hash: 0x79FF2761 | Rollbacks:  0 (Resim:   0) | Stalls:  0
[HEARTBEAT] Node: 0 | Tick:  8701 | Conf:  8699 | Hash: 0x95F4DB43 | Rollbacks:  0 (Resim:   0) | Stalls:  0
[HEARTBEAT] Node: 0 | Tick:  8761 | Conf:  8759 | Hash: 0x53612CFF | Rollbacks:  8 (Resim:   8) | Stalls:  0
[BOT:50006] Heartbeat - Sparse Mods Tracked: 2048
[HEARTBEAT] Node: 0 | Tick:  8821 | Conf:  8819 | Hash: 0xD6D3144C | Rollbacks: 18 (Resim:  18) | Stalls:  0
[HEARTBEAT] Node: 0 | Tick:  8881 | Conf:  8879 | Hash: 0x73D8080A | Rollbacks:  8 (Resim:   8) | Stalls:  0
[HEARTBEAT] Node: 0 | Tick:  8941 | Conf:  8939 | Hash: 0x7004D072 | Rollbacks:  4 (Resim:   4) | Stalls:  0
[HEARTBEAT] Node: 0 | Tick:  9001 | Conf:  8999 | Hash: 0x856DA091 | Rollbacks: 19 (Resim:  19) | Stalls:  0
[HEARTBEAT] Node: 0 | Tick:  9061 | Conf:  9059 | Hash: 0xE97BA379 | Rollbacks:  4 (Resim:   4) | Stalls:  0
[HEARTBEAT] Node: 0 | Tick:  9121 | Conf:  9119 | Hash: 0xDF476D9C | Rollbacks: 13 (Resim:  13) | Stalls:  0
[HEARTBEAT] Node: 0 | Tick:  9181 | Conf:  9179 | Hash: 0x50BD21D6 | Rollbacks:  2 (Resim:   2) | Stalls:  0
[HEARTBEAT] Node: 0 | Tick:  9241 | Conf:  9239 | Hash: 0x051FC6AE | Rollbacks:  0 (Resim:   0) | Stalls:  0
[HEARTBEAT] Node: 0 | Tick:  9301 | Conf:  9299 | Hash: 0xB1DBA5C3 | Rollbacks: 14 (Resim:  14) | Stalls:  0
[HEARTBEAT] Node: 0 | Tick:  9361 | Conf:  9359 | Hash: 0xAEF24721 | Rollbacks:  0 (Resim:   0) | Stalls:  0
[BOT:50006] Heartbeat - Sparse Mods Tracked: 2048
[HEARTBEAT] Node: 0 | Tick:  9421 | Conf:  9419 | Hash: 0xFAC98F10 | Rollbacks:  0 (Resim:   0) | Stalls:  0
[HEARTBEAT] Node: 0 | Tick:  9481 | Conf:  9479 | Hash: 0x623EC778 | Rollbacks:  3 (Resim:   3) | Stalls:  0
[HEARTBEAT] Node: 0 | Tick:  9541 | Conf:  9539 | Hash: 0x7A6943A9 | Rollbacks:  0 (Resim:   0) | Stalls:  0
[HEARTBEAT] Node: 0 | Tick:  9601 | Conf:  9599 | Hash: 0x34DB6918 | Rollbacks: 22 (Resim:  22) | Stalls:  0
[HEARTBEAT] Node: 0 | Tick:  9661 | Conf:  9659 | Hash: 0xA3A3EB84 | Rollbacks: 18 (Resim:  18) | Stalls:  0
[HEARTBEAT] Node: 0 | Tick:  9721 | Conf:  9719 | Hash: 0xF87DE89D | Rollbacks: 15 (Resim:  16) | Stalls:  0
[HEARTBEAT] Node: 0 | Tick:  9781 | Conf:  9779 | Hash: 0x19B4DED3 | Rollbacks: 16 (Resim:  16) | Stalls:  0
[HEARTBEAT] Node: 0 | Tick:  9841 | Conf:  9839 | Hash: 0x2F416375 | Rollbacks:  4 (Resim:   4) | Stalls:  0
[HEARTBEAT] Node: 0 | Tick:  9901 | Conf:  9899 | Hash: 0xD96F347E | Rollbacks: 22 (Resim:  22) | Stalls:  0
[HEARTBEAT] Node: 0 | Tick:  9961 | Conf:  9959 | Hash: 0x118D6A65 | Rollbacks:  0 (Resim:   0) | Stalls:  0
[BOT:50006] Heartbeat - Sparse Mods Tracked: 2048
[HEARTBEAT] Node: 0 | Tick: 10021 | Conf: 10019 | Hash: 0x31C17DF1 | Rollbacks:  0 (Resim:   0) | Stalls:  0
[HEARTBEAT] Node: 0 | Tick: 10081 | Conf: 10079 | Hash: 0x8B4F86C3 | Rollbacks:  6 (Resim:   6) | Stalls:  0
[HEARTBEAT] Node: 0 | Tick: 10141 | Conf: 10139 | Hash: 0x9BF65886 | Rollbacks:  1 (Resim:   1) | Stalls:  0
[HEARTBEAT] Node: 0 | Tick: 10201 | Conf: 10199 | Hash: 0x1A2CEEA3 | Rollbacks: 28 (Resim:  28) | Stalls:  0
[HEARTBEAT] Node: 0 | Tick: 10261 | Conf: 10259 | Hash: 0x1BC5C8F6 | Rollbacks:  3 (Resim:   3) | Stalls:  0
[HEARTBEAT] Node: 0 | Tick: 10321 | Conf: 10319 | Hash: 0x090CAA87 | Rollbacks: 12 (Resim:  12) | Stalls:  0
[HEARTBEAT] Node: 0 | Tick: 10381 | Conf: 10379 | Hash: 0x8D9D7F6C | Rollbacks: 12 (Resim:  12) | Stalls:  0
[HEARTBEAT] Node: 0 | Tick: 10441 | Conf: 10439 | Hash: 0x03D7FD5C | Rollbacks:  1 (Resim:   1) | Stalls:  0
[HEARTBEAT] Node: 0 | Tick: 10501 | Conf: 10499 | Hash: 0x765C5447 | Rollbacks: 22 (Resim:  22) | Stalls:  0
[HEARTBEAT] Node: 0 | Tick: 10561 | Conf: 10559 | Hash: 0x8935542D | Rollbacks:  7 (Resim:   7) | Stalls:  0
[BOT:50006] Heartbeat - Sparse Mods Tracked: 2048
[HEARTBEAT] Node: 0 | Tick: 10621 | Conf: 10619 | Hash: 0x8607B1D6 | Rollbacks:  0 (Resim:   0) | Stalls:  0
[HEARTBEAT] Node: 0 | Tick: 10681 | Conf: 10679 | Hash: 0xA2FC405D | Rollbacks:  0 (Resim:   0) | Stalls:  0
[HEARTBEAT] Node: 0 | Tick: 10741 | Conf: 10739 | Hash: 0x88F22889 | Rollbacks: 22 (Resim:  22) | Stalls:  0
[HEARTBEAT] Node: 0 | Tick: 10801 | Conf: 10799 | Hash: 0x6D8D7AE5 | Rollbacks: 11 (Resim:  11) | Stalls:  0
[HEARTBEAT] Node: 0 | Tick: 10861 | Conf: 10859 | Hash: 0x718E728E | Rollbacks:  0 (Resim:   0) | Stalls:  0
[HEARTBEAT] Node: 0 | Tick: 10921 | Conf: 10919 | Hash: 0x4B5A147C | Rollbacks: 31 (Resim:  31) | Stalls:  0
[HEARTBEAT] Node: 0 | Tick: 10981 | Conf: 10979 | Hash: 0x8236D903 | Rollbacks:  5 (Resim:   5) | Stalls:  0
[HEARTBEAT] Node: 0 | Tick: 11041 | Conf: 11039 | Hash: 0xD5973E22 | Rollbacks: 23 (Resim:  23) | Stalls:  0
[HEARTBEAT] Node: 0 | Tick: 11101 | Conf: 11099 | Hash: 0x84F9EFD1 | Rollbacks:  2 (Resim:   2) | Stalls:  0
[HEARTBEAT] Node: 0 | Tick: 11161 | Conf: 11159 | Hash: 0x65807DE0 | Rollbacks: 21 (Resim:  21) | Stalls:  0
[BOT:50006] Heartbeat - Sparse Mods Tracked: 2048
[HEARTBEAT] Node: 0 | Tick: 11221 | Conf: 11219 | Hash: 0xB75CBAD1 | Rollbacks:  1 (Resim:   1) | Stalls:  0
[HEARTBEAT] Node: 0 | Tick: 11281 | Conf: 11279 | Hash: 0x767C733C | Rollbacks:  0 (Resim:   0) | Stalls:  0
[HEARTBEAT] Node: 0 | Tick: 11341 | Conf: 11339 | Hash: 0xF432E5F8 | Rollbacks: 23 (Resim:  23) | Stalls:  0
[HEARTBEAT] Node: 0 | Tick: 11401 | Conf: 11399 | Hash: 0xC518CBBA | Rollbacks:  0 (Resim:   0) | Stalls:  0
[HEARTBEAT] Node: 0 | Tick: 11461 | Conf: 11459 | Hash: 0x4D57D0BE | Rollbacks:  2 (Resim:   2) | Stalls:  0
[HEARTBEAT] Node: 0 | Tick: 11521 | Conf: 11519 | Hash: 0x9C815934 | Rollbacks:  5 (Resim:   5) | Stalls:  0
[HEARTBEAT] Node: 0 | Tick: 11581 | Conf: 11579 | Hash: 0x5C81D317 | Rollbacks: 27 (Resim:  27) | Stalls:  0
[HEARTBEAT] Node: 0 | Tick: 11641 | Conf: 11639 | Hash: 0x15276550 | Rollbacks:  9 (Resim:   9) | Stalls:  0
[HEARTBEAT] Node: 0 | Tick: 11701 | Conf: 11699 | Hash: 0x55264061 | Rollbacks:  0 (Resim:   0) | Stalls:  0
[HEARTBEAT] Node: 0 | Tick: 11761 | Conf: 11759 | Hash: 0x245E22C4 | Rollbacks: 18 (Resim:  18) | Stalls:  0
[BOT:50006] Heartbeat - Sparse Mods Tracked: 2048
[HEARTBEAT] Node: 0 | Tick: 11821 | Conf: 11819 | Hash: 0xDBFDEB73 | Rollbacks: 10 (Resim:  10) | Stalls:  0
[HEARTBEAT] Node: 0 | Tick: 11881 | Conf: 11879 | Hash: 0x082C4D19 | Rollbacks:  5 (Resim:   5) | Stalls:  0
[HEARTBEAT] Node: 0 | Tick: 11941 | Conf: 11939 | Hash: 0x79337C6F | Rollbacks: 10 (Resim:  10) | Stalls:  0
[HEARTBEAT] Node: 0 | Tick: 12001 | Conf: 11999 | Hash: 0x1AB275AB | Rollbacks:  0 (Resim:   0) | Stalls:  0
[HEARTBEAT] Node: 0 | Tick: 12061 | Conf: 12059 | Hash: 0x5F82CDC7 | Rollbacks: 23 (Resim:  23) | Stalls:  0
[HEARTBEAT] Node: 0 | Tick: 12121 | Conf: 12119 | Hash: 0x709DFA7E | Rollbacks:  0 (Resim:   0) | Stalls:  0
[HEARTBEAT] Node: 0 | Tick: 12181 | Conf: 12179 | Hash: 0x757CC7AB | Rollbacks:  5 (Resim:   5) | Stalls:  0
[HEARTBEAT] Node: 0 | Tick: 12241 | Conf: 12239 | Hash: 0x6D2105ED | Rollbacks: 10 (Resim:  10) | Stalls:  0
[HEARTBEAT] Node: 0 | Tick: 12301 | Conf: 12299 | Hash: 0x41E7AC5C | Rollbacks:  6 (Resim:   6) | Stalls:  0
[BOT:50006] Heartbeat - Sparse Mods Tracked: 2048
[HEARTBEAT] Node: 0 | Tick: 12361 | Conf: 12359 | Hash: 0x2A812B9E | Rollbacks:  8 (Resim:   8) | Stalls:  0
[HEARTBEAT] Node: 0 | Tick: 12421 | Conf: 12419 | Hash: 0xAB039C97 | Rollbacks: 19 (Resim:  19) | Stalls:  0
[HEARTBEAT] Node: 0 | Tick: 12481 | Conf: 12479 | Hash: 0x63A79ECD | Rollbacks:  2 (Resim:   2) | Stalls:  0
[HEARTBEAT] Node: 0 | Tick: 12541 | Conf: 12539 | Hash: 0xDF828A6C | Rollbacks: 11 (Resim:  11) | Stalls:  0
[HEARTBEAT] Node: 0 | Tick: 12601 | Conf: 12599 | Hash: 0xA6156E61 | Rollbacks:  0 (Resim:   0) | Stalls:  0
[HEARTBEAT] Node: 0 | Tick: 12661 | Conf: 12659 | Hash: 0x50F18D48 | Rollbacks: 23 (Resim:  23) | Stalls:  0
[HEARTBEAT] Node: 0 | Tick: 12721 | Conf: 12719 | Hash: 0x4ACF68F9 | Rollbacks:  1 (Resim:   1) | Stalls:  0
[HEARTBEAT] Node: 0 | Tick: 12781 | Conf: 12779 | Hash: 0xF812FA59 | Rollbacks:  0 (Resim:   0) | Stalls:  0
[HEARTBEAT] Node: 0 | Tick: 12841 | Conf: 12839 | Hash: 0xDAAA3BBE | Rollbacks: 24 (Resim:  24) | Stalls:  0
[HEARTBEAT] Node: 0 | Tick: 12901 | Conf: 12899 | Hash: 0x440D98BC | Rollbacks:  0 (Resim:   0) | Stalls:  0
[BOT:50006] Heartbeat - Sparse Mods Tracked: 2048
[HEARTBEAT] Node: 0 | Tick: 12961 | Conf: 12959 | Hash: 0xA12E144C | Rollbacks:  1 (Resim:   1) | Stalls:  0
[HEARTBEAT] Node: 0 | Tick: 13021 | Conf: 13019 | Hash: 0x98C7DB54 | Rollbacks:  0 (Resim:   0) | Stalls:  0
[HEARTBEAT] Node: 0 | Tick: 13081 | Conf: 13079 | Hash: 0xED5F7A0C | Rollbacks: 23 (Resim:  23) | Stalls:  0
[HEARTBEAT] Node: 0 | Tick: 13141 | Conf: 13139 | Hash: 0x599A1F10 | Rollbacks:  9 (Resim:   9) | Stalls:  0
[HEARTBEAT] Node: 0 | Tick: 13201 | Conf: 13199 | Hash: 0x7C578B61 | Rollbacks:  0 (Resim:   0) | Stalls:  0
[HEARTBEAT] Node: 0 | Tick: 13261 | Conf: 13259 | Hash: 0xA187A8FD | Rollbacks: 21 (Resim:  21) | Stalls:  0
[HEARTBEAT] Node: 0 | Tick: 13321 | Conf: 13319 | Hash: 0x33AA6DE7 | Rollbacks:  0 (Resim:   0) | Stalls:  0
[HEARTBEAT] Node: 0 | Tick: 13381 | Conf: 13379 | Hash: 0x020BA6B7 | Rollbacks:  4 (Resim:   4) | Stalls:  0
[HEARTBEAT] Node: 0 | Tick: 13441 | Conf: 13439 | Hash: 0x779A5871 | Rollbacks: 17 (Resim:  17) | Stalls:  0
[HEARTBEAT] Node: 0 | Tick: 13501 | Conf: 13499 | Hash: 0x693ACCB6 | Rollbacks:  0 (Resim:   0) | Stalls:  0
[BOT:50006] Heartbeat - Sparse Mods Tracked: 2048
[HEARTBEAT] Node: 0 | Tick: 13561 | Conf: 13559 | Hash: 0x1A6C98B9 | Rollbacks: 16 (Resim:  16) | Stalls:  0
[HEARTBEAT] Node: 0 | Tick: 13621 | Conf: 13619 | Hash: 0x7341B82A | Rollbacks: 13 (Resim:  13) | Stalls:  0
[HEARTBEAT] Node: 0 | Tick: 13681 | Conf: 13679 | Hash: 0xAED9FD52 | Rollbacks:  0 (Resim:   0) | Stalls:  0
[HEARTBEAT] Node: 0 | Tick: 13741 | Conf: 13739 | Hash: 0x5F4263A8 | Rollbacks: 29 (Resim:  29) | Stalls:  0
[HEARTBEAT] Node: 0 | Tick: 13801 | Conf: 13799 | Hash: 0xA5AC5F3F | Rollbacks: 13 (Resim:  13) | Stalls:  0
[HEARTBEAT] Node: 0 | Tick: 13861 | Conf: 13859 | Hash: 0x1C9C4BB4 | Rollbacks:  0 (Resim:   0) | Stalls:  0
[HEARTBEAT] Node: 0 | Tick: 13921 | Conf: 13919 | Hash: 0x821F4597 | Rollbacks: 26 (Resim:  26) | Stalls:  0
[HEARTBEAT] Node: 0 | Tick: 13981 | Conf: 13979 | Hash: 0xB3BC236B | Rollbacks:  6 (Resim:   6) | Stalls:  0
[HEARTBEAT] Node: 0 | Tick: 14041 | Conf: 14039 | Hash: 0xAC9E170D | Rollbacks:  0 (Resim:   0) | Stalls:  0
[HEARTBEAT] Node: 0 | Tick: 14101 | Conf: 14099 | Hash: 0x5FF89D5B | Rollbacks:  0 (Resim:   0) | Stalls:  0
[BOT:50006] Heartbeat - Sparse Mods Tracked: 2048
[HEARTBEAT] Node: 0 | Tick: 14161 | Conf: 14159 | Hash: 0xF5761B18 | Rollbacks: 19 (Resim:  19) | Stalls:  0
[HEARTBEAT] Node: 0 | Tick: 14221 | Conf: 14219 | Hash: 0xE8A1DC04 | Rollbacks: 17 (Resim:  17) | Stalls:  0
[HEARTBEAT] Node: 0 | Tick: 14281 | Conf: 14279 | Hash: 0xB32AFF88 | Rollbacks: 23 (Resim:  23) | Stalls:  0
[HEARTBEAT] Node: 0 | Tick: 14341 | Conf: 14339 | Hash: 0xFC446BA2 | Rollbacks:  0 (Resim:   0) | Stalls:  0
[HEARTBEAT] Node: 0 | Tick: 14401 | Conf: 14399 | Hash: 0x92B65469 | Rollbacks:  0 (Resim:   0) | Stalls:  0
[HEARTBEAT] Node: 0 | Tick: 14461 | Conf: 14459 | Hash: 0xB555D8BC | Rollbacks: 15 (Resim:  15) | Stalls:  0
[HEARTBEAT] Node: 0 | Tick: 14521 | Conf: 14519 | Hash: 0x912F574E | Rollbacks:  0 (Resim:   0) | Stalls:  0
[HEARTBEAT] Node: 0 | Tick: 14581 | Conf: 14579 | Hash: 0xF1681C95 | Rollbacks:  2 (Resim:   2) | Stalls:  0
[HEARTBEAT] Node: 0 | Tick: 14641 | Conf: 14639 | Hash: 0xF9233908 | Rollbacks: 25 (Resim:  25) | Stalls:  0
[HEARTBEAT] Node: 0 | Tick: 14701 | Conf: 14699 | Hash: 0x8E1AAC22 | Rollbacks:  7 (Resim:   7) | Stalls:  0
[BOT:50006] Heartbeat - Sparse Mods Tracked: 2048
[HEARTBEAT] Node: 0 | Tick: 14761 | Conf: 14759 | Hash: 0x411A1D94 | Rollbacks: 14 (Resim:  14) | Stalls:  0
[HEARTBEAT] Node: 0 | Tick: 14821 | Conf: 14819 | Hash: 0x26EFCEF5 | Rollbacks: 15 (Resim:  15) | Stalls:  0
[HEARTBEAT] Node: 0 | Tick: 14881 | Conf: 14879 | Hash: 0xCB6B82EB | Rollbacks: 20 (Resim:  20) | Stalls:  0
[HEARTBEAT] Node: 0 | Tick: 14941 | Conf: 14939 | Hash: 0x1EE154F7 | Rollbacks: 13 (Resim:  13) | Stalls:  0
[HEARTBEAT] Node: 0 | Tick: 15001 | Conf: 14999 | Hash: 0x6D968055 | Rollbacks: 20 (Resim:  20) | Stalls:  0
[HEARTBEAT] Node: 0 | Tick: 15061 | Conf: 15059 | Hash: 0xBFD5EFBD | Rollbacks:  1 (Resim:   1) | Stalls:  0
[HEARTBEAT] Node: 0 | Tick: 15121 | Conf: 15119 | Hash: 0xCEBDB358 | Rollbacks:  0 (Resim:   0) | Stalls:  0
[HEARTBEAT] Node: 0 | Tick: 15181 | Conf: 15179 | Hash: 0xA706CCBC | Rollbacks: 12 (Resim:  12) | Stalls:  0
[HEARTBEAT] Node: 0 | Tick: 15241 | Conf: 15239 | Hash: 0x34B0CD1A | Rollbacks:  0 (Resim:   0) | Stalls:  0
[HEARTBEAT] Node: 0 | Tick: 15301 | Conf: 15299 | Hash: 0x5ABB6455 | Rollbacks: 26 (Resim:  26) | Stalls:  0
[BOT:50006] Heartbeat - Sparse Mods Tracked: 2048
[HEARTBEAT] Node: 0 | Tick: 15361 | Conf: 15359 | Hash: 0x33C4EEE8 | Rollbacks: 11 (Resim:  11) | Stalls:  0
[HEARTBEAT] Node: 0 | Tick: 15421 | Conf: 15419 | Hash: 0x8B97DEF8 | Rollbacks:  0 (Resim:   0) | Stalls:  0
[HEARTBEAT] Node: 0 | Tick: 15481 | Conf: 15479 | Hash: 0x7B24F574 | Rollbacks: 17 (Resim:  17) | Stalls:  0
[HEARTBEAT] Node: 0 | Tick: 15541 | Conf: 15539 | Hash: 0x1B4631C4 | Rollbacks:  4 (Resim:   4) | Stalls:  0
[HEARTBEAT] Node: 0 | Tick: 15601 | Conf: 15599 | Hash: 0xF443C744 | Rollbacks:  3 (Resim:   3) | Stalls:  0
[HEARTBEAT] Node: 0 | Tick: 15661 | Conf: 15659 | Hash: 0xFD12269F | Rollbacks: 27 (Resim:  27) | Stalls:  0
[HEARTBEAT] Node: 0 | Tick: 15721 | Conf: 15719 | Hash: 0x8F8F96A6 | Rollbacks: 11 (Resim:  11) | Stalls:  0
[HEARTBEAT] Node: 0 | Tick: 15781 | Conf: 15779 | Hash: 0xA280C396 | Rollbacks:  0 (Resim:   0) | Stalls:  0
[HEARTBEAT] Node: 0 | Tick: 15841 | Conf: 15839 | Hash: 0x209FE3E8 | Rollbacks:  0 (Resim:   0) | Stalls:  0
[BOT:50006] Heartbeat - Sparse Mods Tracked: 2048
[HEARTBEAT] Node: 0 | Tick: 15901 | Conf: 15899 | Hash: 0xD12C1151 | Rollbacks: 22 (Resim:  22) | Stalls:  0
[HEARTBEAT] Node: 0 | Tick: 15961 | Conf: 15959 | Hash: 0x1572EA63 | Rollbacks:  6 (Resim:   6) | Stalls:  0
[HEARTBEAT] Node: 0 | Tick: 16021 | Conf: 16019 | Hash: 0x80E297C2 | Rollbacks:  4 (Resim:   4) | Stalls:  0
[HEARTBEAT] Node: 0 | Tick: 16081 | Conf: 16079 | Hash: 0x5EEDA8FF | Rollbacks: 22 (Resim:  22) | Stalls:  0
[HEARTBEAT] Node: 0 | Tick: 16141 | Conf: 16139 | Hash: 0xDE2D96CD | Rollbacks:  0 (Resim:   0) | Stalls:  0
[HEARTBEAT] Node: 0 | Tick: 16201 | Conf: 16199 | Hash: 0xF235BDFD | Rollbacks: 28 (Resim:  28) | Stalls:  0
[HEARTBEAT] Node: 0 | Tick: 16261 | Conf: 16259 | Hash: 0x3B530518 | Rollbacks: 11 (Resim:  11) | Stalls:  0
[HEARTBEAT] Node: 0 | Tick: 16321 | Conf: 16319 | Hash: 0x73811FF5 | Rollbacks:  0 (Resim:   0) | Stalls:  0
[HEARTBEAT] Node: 0 | Tick: 16381 | Conf: 16379 | Hash: 0x719A6E40 | Rollbacks:  0 (Resim:   0) | Stalls:  0
[HEARTBEAT] Node: 0 | Tick: 16441 | Conf: 16439 | Hash: 0xB49C576C | Rollbacks:  0 (Resim:   0) | Stalls:  0
[BOT:50006] Heartbeat - Sparse Mods Tracked: 2048
[HEARTBEAT] Node: 0 | Tick: 16501 | Conf: 16499 | Hash: 0x2C14FA04 | Rollbacks:  1 (Resim:   1) | Stalls:  0
[HEARTBEAT] Node: 0 | Tick: 16561 | Conf: 16559 | Hash: 0xD8B3DBBF | Rollbacks:  0 (Resim:   0) | Stalls:  0
[HEARTBEAT] Node: 0 | Tick: 16621 | Conf: 16619 | Hash: 0x49943B27 | Rollbacks:  0 (Resim:   0) | Stalls:  0
[HEARTBEAT] Node: 0 | Tick: 16681 | Conf: 16679 | Hash: 0x1D3AEFD7 | Rollbacks:  3 (Resim:   3) | Stalls:  0
[HEARTBEAT] Node: 0 | Tick: 16741 | Conf: 16739 | Hash: 0x217D162A | Rollbacks: 14 (Resim:  15) | Stalls:  0
[HEARTBEAT] Node: 0 | Tick: 16801 | Conf: 16799 | Hash: 0xFAD093E6 | Rollbacks:  1 (Resim:   1) | Stalls:  0
[HEARTBEAT] Node: 0 | Tick: 16861 | Conf: 16859 | Hash: 0xE1F037EF | Rollbacks: 18 (Resim:  18) | Stalls:  0
[HEARTBEAT] Node: 0 | Tick: 16921 | Conf: 16919 | Hash: 0xD725C61E | Rollbacks:  5 (Resim:   5) | Stalls:  0
[HEARTBEAT] Node: 0 | Tick: 16981 | Conf: 16979 | Hash: 0xADE129E5 | Rollbacks:  0 (Resim:   0) | Stalls:  0
[HEARTBEAT] Node: 0 | Tick: 17041 | Conf: 17039 | Hash: 0x7F19DBF6 | Rollbacks:  8 (Resim:   9) | Stalls:  0
[BOT:50006] Heartbeat - Sparse Mods Tracked: 2048
[HEARTBEAT] Node: 0 | Tick: 17101 | Conf: 17099 | Hash: 0x2C1DB132 | Rollbacks: 17 (Resim:  17) | Stalls:  0
[HEARTBEAT] Node: 0 | Tick: 17161 | Conf: 17159 | Hash: 0x41548FE2 | Rollbacks: 15 (Resim:  15) | Stalls:  0
[HEARTBEAT] Node: 0 | Tick: 17221 | Conf: 17219 | Hash: 0x1DFB2352 | Rollbacks:  0 (Resim:   0) | Stalls:  0
[HEARTBEAT] Node: 0 | Tick: 17281 | Conf: 17279 | Hash: 0x29DE05C0 | Rollbacks: 17 (Resim:  17) | Stalls:  0
[HEARTBEAT] Node: 0 | Tick: 17341 | Conf: 17339 | Hash: 0x505E42C0 | Rollbacks: 19 (Resim:  19) | Stalls:  0
[HEARTBEAT] Node: 0 | Tick: 17401 | Conf: 17399 | Hash: 0xF4471A8C | Rollbacks:  9 (Resim:   9) | Stalls:  0
[HEARTBEAT] Node: 0 | Tick: 17461 | Conf: 17459 | Hash: 0xAEBE158D | Rollbacks:  0 (Resim:   0) | Stalls:  0
[HEARTBEAT] Node: 0 | Tick: 17521 | Conf: 17519 | Hash: 0x57775363 | Rollbacks: 25 (Resim:  25) | Stalls:  0
[HEARTBEAT] Node: 0 | Tick: 17581 | Conf: 17579 | Hash: 0x341A37B8 | Rollbacks:  7 (Resim:   7) | Stalls:  0
[HEARTBEAT] Node: 0 | Tick: 17641 | Conf: 17639 | Hash: 0xC85E3C98 | Rollbacks:  2 (Resim:   2) | Stalls:  0
[BOT:50006] Heartbeat - Sparse Mods Tracked: 2048
[HEARTBEAT] Node: 0 | Tick: 17701 | Conf: 17699 | Hash: 0x7EA57C10 | Rollbacks: 27 (Resim:  27) | Stalls:  0
[HEARTBEAT] Node: 0 | Tick: 17761 | Conf: 17759 | Hash: 0x38A68018 | Rollbacks:  2 (Resim:   2) | Stalls:  0
[HEARTBEAT] Node: 0 | Tick: 17821 | Conf: 17819 | Hash: 0x0F3D0CBE | Rollbacks:  1 (Resim:   1) | Stalls:  0
[HEARTBEAT] Node: 0 | Tick: 17881 | Conf: 17879 | Hash: 0x305F72A2 | Rollbacks: 23 (Resim:  23) | Stalls:  0
[HEARTBEAT] Node: 0 | Tick: 17941 | Conf: 17939 | Hash: 0xFBB8F570 | Rollbacks: 20 (Resim:  20) | Stalls:  0
[HEARTBEAT] Node: 0 | Tick: 18001 | Conf: 17999 | Hash: 0x337466DB | Rollbacks:  0 (Resim:   0) | Stalls:  0
[HEARTBEAT] Node: 0 | Tick: 18061 | Conf: 18059 | Hash: 0xC2F6EC77 | Rollbacks: 15 (Resim:  15) | Stalls:  0
[HEARTBEAT] Node: 0 | Tick: 18121 | Conf: 18119 | Hash: 0x3C83B0F2 | Rollbacks:  7 (Resim:   7) | Stalls:  0
[HEARTBEAT] Node: 0 | Tick: 18181 | Conf: 18179 | Hash: 0xBF76DEBD | Rollbacks: 20 (Resim:  20) | Stalls:  0
[HEARTBEAT] Node: 0 | Tick: 18241 | Conf: 18239 | Hash: 0x070C802A | Rollbacks: 15 (Resim:  15) | Stalls:  0
[BOT:50006] Heartbeat - Sparse Mods Tracked: 2048
[HEARTBEAT] Node: 0 | Tick: 18301 | Conf: 18299 | Hash: 0x94F47231 | Rollbacks:  0 (Resim:   0) | Stalls:  0
[HEARTBEAT] Node: 0 | Tick: 18361 | Conf: 18359 | Hash: 0x2D8D3D39 | Rollbacks:  2 (Resim:   2) | Stalls:  0
[HEARTBEAT] Node: 0 | Tick: 18421 | Conf: 18419 | Hash: 0xDD0AD333 | Rollbacks: 19 (Resim:  19) | Stalls:  0
[HEARTBEAT] Node: 0 | Tick: 18481 | Conf: 18479 | Hash: 0x911C6922 | Rollbacks: 19 (Resim:  19) | Stalls:  0
[HEARTBEAT] Node: 0 | Tick: 18541 | Conf: 18539 | Hash: 0xFDCE3EE7 | Rollbacks: 16 (Resim:  16) | Stalls:  0
[HEARTBEAT] Node: 0 | Tick: 18601 | Conf: 18599 | Hash: 0xFEBE0ABD | Rollbacks:  6 (Resim:   6) | Stalls:  0
[HEARTBEAT] Node: 0 | Tick: 18661 | Conf: 18659 | Hash: 0xCC333CA1 | Rollbacks:  0 (Resim:   0) | Stalls:  0
[HEARTBEAT] Node: 0 | Tick: 18721 | Conf: 18719 | Hash: 0x9B5A8814 | Rollbacks: 14 (Resim:  14) | Stalls:  0
[HEARTBEAT] Node: 0 | Tick: 18781 | Conf: 18779 | Hash: 0x442AD69E | Rollbacks:  3 (Resim:   3) | Stalls:  0
[BOT:50006] Heartbeat - Sparse Mods Tracked: 2048
[HEARTBEAT] Node: 0 | Tick: 18841 | Conf: 18839 | Hash: 0x4C0AD6B2 | Rollbacks:  0 (Resim:   0) | Stalls:  0
[HEARTBEAT] Node: 0 | Tick: 18901 | Conf: 18899 | Hash: 0x5BE96F12 | Rollbacks: 22 (Resim:  22) | Stalls:  0
[HEARTBEAT] Node: 0 | Tick: 18961 | Conf: 18959 | Hash: 0xA03F130E | Rollbacks:  7 (Resim:   7) | Stalls:  0
[HEARTBEAT] Node: 0 | Tick: 19021 | Conf: 19019 | Hash: 0x552A0D80 | Rollbacks:  0 (Resim:   0) | Stalls:  0
[HEARTBEAT] Node: 0 | Tick: 19081 | Conf: 19079 | Hash: 0x976316A0 | Rollbacks: 23 (Resim:  23) | Stalls:  0
[HEARTBEAT] Node: 0 | Tick: 19141 | Conf: 19139 | Hash: 0x9F35D0FA | Rollbacks:  6 (Resim:   6) | Stalls:  0
[HEARTBEAT] Node: 0 | Tick: 19201 | Conf: 19199 | Hash: 0xC1CC5EEF | Rollbacks:  0 (Resim:   0) | Stalls:  0
[HEARTBEAT] Node: 0 | Tick: 19261 | Conf: 19259 | Hash: 0xEA902F06 | Rollbacks: 28 (Resim:  28) | Stalls:  0
[HEARTBEAT] Node: 0 | Tick: 19321 | Conf: 19319 | Hash: 0xBB8775F4 | Rollbacks: 14 (Resim:  14) | Stalls:  0
[HEARTBEAT] Node: 0 | Tick: 19381 | Conf: 19379 | Hash: 0xF84C703C | Rollbacks:  0 (Resim:   0) | Stalls:  0
[BOT:50006] Heartbeat - Sparse Mods Tracked: 2048
[HEARTBEAT] Node: 0 | Tick: 19441 | Conf: 19439 | Hash: 0xAE9000ED | Rollbacks:  0 (Resim:   0) | Stalls:  0
[HEARTBEAT] Node: 0 | Tick: 19501 | Conf: 19499 | Hash: 0x33E514E0 | Rollbacks: 27 (Resim:  27) | Stalls:  0
[HEARTBEAT] Node: 0 | Tick: 19561 | Conf: 19559 | Hash: 0xCEF1B96C | Rollbacks: 16 (Resim:  16) | Stalls:  0
[HEARTBEAT] Node: 0 | Tick: 19621 | Conf: 19619 | Hash: 0x74EEA232 | Rollbacks: 22 (Resim:  22) | Stalls:  0
[HEARTBEAT] Node: 0 | Tick: 19681 | Conf: 19679 | Hash: 0xB6A94B30 | Rollbacks:  7 (Resim:   7) | Stalls:  0
[HEARTBEAT] Node: 0 | Tick: 19741 | Conf: 19739 | Hash: 0x6EE51CC7 | Rollbacks:  0 (Resim:   0) | Stalls:  0
[HEARTBEAT] Node: 0 | Tick: 19801 | Conf: 19799 | Hash: 0x57575E2B | Rollbacks: 20 (Resim:  20) | Stalls:  0
[HEARTBEAT] Node: 0 | Tick: 19861 | Conf: 19859 | Hash: 0xA2247228 | Rollbacks:  0 (Resim:   0) | Stalls:  0
[HEARTBEAT] Node: 0 | Tick: 19921 | Conf: 19919 | Hash: 0x8943C25B | Rollbacks: 10 (Resim:  10) | Stalls:  0
[HEARTBEAT] Node: 0 | Tick: 19981 | Conf: 19979 | Hash: 0x46E88DF4 | Rollbacks: 13 (Resim:  13) | Stalls:  0
[BOT:50006] Heartbeat - Sparse Mods Tracked: 2048
[HEARTBEAT] Node: 0 | Tick: 20041 | Conf: 20039 | Hash: 0xB327E67C | Rollbacks:  0 (Resim:   0) | Stalls:  0
[HEARTBEAT] Node: 0 | Tick: 20101 | Conf: 20099 | Hash: 0xC32206E0 | Rollbacks: 18 (Resim:  18) | Stalls:  0
[HEARTBEAT] Node: 0 | Tick: 20161 | Conf: 20159 | Hash: 0x678B446D | Rollbacks: 28 (Resim:  28) | Stalls:  0
[HEARTBEAT] Node: 0 | Tick: 20221 | Conf: 20219 | Hash: 0x49EB7E04 | Rollbacks: 11 (Resim:  11) | Stalls:  0
[HEARTBEAT] Node: 0 | Tick: 20281 | Conf: 20279 | Hash: 0xC9BE06BA | Rollbacks:  5 (Resim:   5) | Stalls:  0
[HEARTBEAT] Node: 0 | Tick: 20341 | Conf: 20339 | Hash: 0xF2887708 | Rollbacks: 16 (Resim:  16) | Stalls:  0
[HEARTBEAT] Node: 0 | Tick: 20401 | Conf: 20399 | Hash: 0x8594F9C5 | Rollbacks:  2 (Resim:   2) | Stalls:  0
[HEARTBEAT] Node: 0 | Tick: 20461 | Conf: 20459 | Hash: 0x8A47E3E8 | Rollbacks:  0 (Resim:   0) | Stalls:  0
[HEARTBEAT] Node: 0 | Tick: 20521 | Conf: 20519 | Hash: 0x8EE813A2 | Rollbacks: 26 (Resim:  26) | Stalls:  0
[HEARTBEAT] Node: 0 | Tick: 20581 | Conf: 20579 | Hash: 0xEABC2914 | Rollbacks: 13 (Resim:  13) | Stalls:  0
[BOT:50006] Heartbeat - Sparse Mods Tracked: 2048
[HEARTBEAT] Node: 0 | Tick: 20641 | Conf: 20639 | Hash: 0x46A61615 | Rollbacks: 19 (Resim:  19) | Stalls:  0
[HEARTBEAT] Node: 0 | Tick: 20701 | Conf: 20699 | Hash: 0x3D7352F1 | Rollbacks:  8 (Resim:   8) | Stalls:  0
[HEARTBEAT] Node: 0 | Tick: 20761 | Conf: 20759 | Hash: 0x5592C2C4 | Rollbacks:  0 (Resim:   0) | Stalls:  0
[HEARTBEAT] Node: 0 | Tick: 20821 | Conf: 20819 | Hash: 0xE487720A | Rollbacks:  0 (Resim:   0) | Stalls:  0
[HEARTBEAT] Node: 0 | Tick: 20881 | Conf: 20879 | Hash: 0x90CCBC49 | Rollbacks: 17 (Resim:  17) | Stalls:  0
[HEARTBEAT] Node: 0 | Tick: 20941 | Conf: 20939 | Hash: 0x1D01300E | Rollbacks: 14 (Resim:  14) | Stalls:  0
[HEARTBEAT] Node: 0 | Tick: 21001 | Conf: 20999 | Hash: 0xEDF40D73 | Rollbacks: 24 (Resim:  24) | Stalls:  0
[HEARTBEAT] Node: 0 | Tick: 21061 | Conf: 21059 | Hash: 0xB4BA36D0 | Rollbacks: 14 (Resim:  14) | Stalls:  0
[HEARTBEAT] Node: 0 | Tick: 21121 | Conf: 21119 | Hash: 0x94B14A1C | Rollbacks:  1 (Resim:   1) | Stalls:  0
[HEARTBEAT] Node: 0 | Tick: 21181 | Conf: 21179 | Hash: 0xBFA0A7D7 | Rollbacks: 12 (Resim:  12) | Stalls:  0
[BOT:50006] Heartbeat - Sparse Mods Tracked: 2048
[HEARTBEAT] Node: 0 | Tick: 21241 | Conf: 21239 | Hash: 0x83ABF226 | Rollbacks: 11 (Resim:  11) | Stalls:  0
[HEARTBEAT] Node: 0 | Tick: 21301 | Conf: 21299 | Hash: 0x57182ECE | Rollbacks: 13 (Resim:  13) | Stalls:  0
[HEARTBEAT] Node: 0 | Tick: 21361 | Conf: 21359 | Hash: 0x049CA8C8 | Rollbacks: 14 (Resim:  14) | Stalls:  0
[HEARTBEAT] Node: 0 | Tick: 21421 | Conf: 21419 | Hash: 0xF55EA952 | Rollbacks:  0 (Resim:   0) | Stalls:  0
[HEARTBEAT] Node: 0 | Tick: 21481 | Conf: 21479 | Hash: 0xC2A4D4AF | Rollbacks: 15 (Resim:  15) | Stalls:  0
[HEARTBEAT] Node: 0 | Tick: 21541 | Conf: 21539 | Hash: 0xD79B752E | Rollbacks:  9 (Resim:   9) | Stalls:  0
[HEARTBEAT] Node: 0 | Tick: 21601 | Conf: 21599 | Hash: 0xBD37F27B | Rollbacks:  2 (Resim:   2) | Stalls:  0
[HEARTBEAT] Node: 0 | Tick: 21661 | Conf: 21659 | Hash: 0xAB626365 | Rollbacks:  5 (Resim:   5) | Stalls:  0
[HEARTBEAT] Node: 0 | Tick: 21721 | Conf: 21719 | Hash: 0xEDEBE1DB | Rollbacks:  0 (Resim:   0) | Stalls:  0
[BOT:50006] Heartbeat - Sparse Mods Tracked: 2048
[HEARTBEAT] Node: 0 | Tick: 21781 | Conf: 21779 | Hash: 0xF0D0C67F | Rollbacks: 18 (Resim:  19) | Stalls:  0
[HEARTBEAT] Node: 0 | Tick: 21841 | Conf: 21839 | Hash: 0xBC9DC8E9 | Rollbacks:  8 (Resim:   8) | Stalls:  0
[HEARTBEAT] Node: 0 | Tick: 21901 | Conf: 21899 | Hash: 0xD6DE61B9 | Rollbacks:  2 (Resim:   2) | Stalls:  0
[HEARTBEAT] Node: 0 | Tick: 21961 | Conf: 21959 | Hash: 0xA9E81C5C | Rollbacks:  0 (Resim:   0) | Stalls:  0
[HEARTBEAT] Node: 0 | Tick: 22021 | Conf: 22019 | Hash: 0x50FF1470 | Rollbacks:  3 (Resim:   3) | Stalls:  0
[HEARTBEAT] Node: 0 | Tick: 22081 | Conf: 22079 | Hash: 0x2CA68865 | Rollbacks: 18 (Resim:  18) | Stalls:  0
[HEARTBEAT] Node: 0 | Tick: 22141 | Conf: 22139 | Hash: 0x862151ED | Rollbacks: 19 (Resim:  19) | Stalls:  0
[HEARTBEAT] Node: 0 | Tick: 22201 | Conf: 22199 | Hash: 0xE810226E | Rollbacks: 11 (Resim:  11) | Stalls:  0
[HEARTBEAT] Node: 0 | Tick: 22261 | Conf: 22259 | Hash: 0x0A1FB5CA | Rollbacks: 15 (Resim:  15) | Stalls:  0
[HEARTBEAT] Node: 0 | Tick: 22321 | Conf: 22319 | Hash: 0x3DEAC693 | Rollbacks:  5 (Resim:   5) | Stalls:  0
[BOT:50006] Heartbeat - Sparse Mods Tracked: 2048
[HEARTBEAT] Node: 0 | Tick: 22381 | Conf: 22379 | Hash: 0x88661B9C | Rollbacks:  1 (Resim:   1) | Stalls:  0
[HEARTBEAT] Node: 0 | Tick: 22441 | Conf: 22439 | Hash: 0x8CBF88F0 | Rollbacks: 15 (Resim:  15) | Stalls:  0
[HEARTBEAT] Node: 0 | Tick: 22501 | Conf: 22499 | Hash: 0x20FB4C13 | Rollbacks:  5 (Resim:   5) | Stalls:  0
[HEARTBEAT] Node: 0 | Tick: 22561 | Conf: 22559 | Hash: 0xF13BB1E4 | Rollbacks:  0 (Resim:   0) | Stalls:  0
[HEARTBEAT] Node: 0 | Tick: 22621 | Conf: 22619 | Hash: 0x47CD1B62 | Rollbacks: 10 (Resim:  10) | Stalls:  0
[HEARTBEAT] Node: 0 | Tick: 22681 | Conf: 22679 | Hash: 0x3B54591E | Rollbacks:  1 (Resim:   1) | Stalls:  0
[HEARTBEAT] Node: 0 | Tick: 22741 | Conf: 22739 | Hash: 0xA8B26ED2 | Rollbacks: 18 (Resim:  18) | Stalls:  0
[HEARTBEAT] Node: 0 | Tick: 22801 | Conf: 22799 | Hash: 0x8441365E | Rollbacks: 13 (Resim:  13) | Stalls:  0
[HEARTBEAT] Node: 0 | Tick: 22861 | Conf: 22859 | Hash: 0xC76E5235 | Rollbacks: 21 (Resim:  21) | Stalls:  0
[HEARTBEAT] Node: 0 | Tick: 22921 | Conf: 22919 | Hash: 0xFC541735 | Rollbacks:  5 (Resim:   5) | Stalls:  0
[BOT:50006] Heartbeat - Sparse Mods Tracked: 2048
[HEARTBEAT] Node: 0 | Tick: 22981 | Conf: 22979 | Hash: 0xD9B9E6B4 | Rollbacks:  0 (Resim:   0) | Stalls:  0
[HEARTBEAT] Node: 0 | Tick: 23041 | Conf: 23039 | Hash: 0x1B197A02 | Rollbacks:  6 (Resim:   6) | Stalls:  0
[HEARTBEAT] Node: 0 | Tick: 23101 | Conf: 23099 | Hash: 0x4381CBC5 | Rollbacks:  0 (Resim:   0) | Stalls:  0
[HEARTBEAT] Node: 0 | Tick: 23161 | Conf: 23159 | Hash: 0x752E8CE0 | Rollbacks:  5 (Resim:   5) | Stalls:  0
[HEARTBEAT] Node: 0 | Tick: 23221 | Conf: 23219 | Hash: 0xFD727878 | Rollbacks: 17 (Resim:  17) | Stalls:  0
[HEARTBEAT] Node: 0 | Tick: 23281 | Conf: 23279 | Hash: 0xCD988004 | Rollbacks: 15 (Resim:  15) | Stalls:  0
[HEARTBEAT] Node: 0 | Tick: 23341 | Conf: 23339 | Hash: 0x57E962B8 | Rollbacks:  5 (Resim:   5) | Stalls:  0
[HEARTBEAT] Node: 0 | Tick: 23401 | Conf: 23399 | Hash: 0x319CA4B8 | Rollbacks:  1 (Resim:   1) | Stalls:  0
[HEARTBEAT] Node: 0 | Tick: 23461 | Conf: 23459 | Hash: 0x7E7334D5 | Rollbacks:  0 (Resim:   0) | Stalls:  0
[HEARTBEAT] Node: 0 | Tick: 23521 | Conf: 23519 | Hash: 0x5AB116B8 | Rollbacks:  2 (Resim:   2) | Stalls:  0
[BOT:50006] Heartbeat - Sparse Mods Tracked: 2048
[HEARTBEAT] Node: 0 | Tick: 23581 | Conf: 23579 | Hash: 0xECB53D29 | Rollbacks: 25 (Resim:  25) | Stalls:  0
[HEARTBEAT] Node: 0 | Tick: 23641 | Conf: 23639 | Hash: 0x2A4E64CB | Rollbacks: 11 (Resim:  11) | Stalls:  0
[HEARTBEAT] Node: 0 | Tick: 23701 | Conf: 23699 | Hash: 0x4C8FBBA3 | Rollbacks:  6 (Resim:   6) | Stalls:  0
[HEARTBEAT] Node: 0 | Tick: 23761 | Conf: 23759 | Hash: 0x85E0246F | Rollbacks:  0 (Resim:   0) | Stalls:  0
[HEARTBEAT] Node: 0 | Tick: 23821 | Conf: 23819 | Hash: 0xF5D5613A | Rollbacks: 12 (Resim:  12) | Stalls:  0
[HEARTBEAT] Node: 0 | Tick: 23881 | Conf: 23879 | Hash: 0xA343F446 | Rollbacks:  0 (Resim:   0) | Stalls:  0
[HEARTBEAT] Node: 0 | Tick: 23941 | Conf: 23939 | Hash: 0xD4548F9D | Rollbacks:  3 (Resim:   3) | Stalls:  0
[HEARTBEAT] Node: 0 | Tick: 24001 | Conf: 23999 | Hash: 0xEFAE22E8 | Rollbacks:  5 (Resim:   5) | Stalls:  0
[HEARTBEAT] Node: 0 | Tick: 24061 | Conf: 24059 | Hash: 0x43AB87F7 | Rollbacks:  0 (Resim:   0) | Stalls:  0
[HEARTBEAT] Node: 0 | Tick: 24121 | Conf: 24119 | Hash: 0xF7AA64E2 | Rollbacks: 23 (Resim:  23) | Stalls:  0
[BOT:50006] Heartbeat - Sparse Mods Tracked: 2048
[HEARTBEAT] Node: 0 | Tick: 24181 | Conf: 24179 | Hash: 0x3F34A8C7 | Rollbacks: 14 (Resim:  14) | Stalls:  0
[HEARTBEAT] Node: 0 | Tick: 24241 | Conf: 24239 | Hash: 0x11CC61AD | Rollbacks:  1 (Resim:   1) | Stalls:  0
[HEARTBEAT] Node: 0 | Tick: 24301 | Conf: 24299 | Hash: 0xA44A8049 | Rollbacks:  7 (Resim:   7) | Stalls:  0
[HEARTBEAT] Node: 0 | Tick: 24361 | Conf: 24359 | Hash: 0xA59EA1E1 | Rollbacks:  8 (Resim:   8) | Stalls:  0
[HEARTBEAT] Node: 0 | Tick: 24421 | Conf: 24419 | Hash: 0x29249EBF | Rollbacks: 12 (Resim:  12) | Stalls:  0
[HEARTBEAT] Node: 0 | Tick: 24481 | Conf: 24479 | Hash: 0x55F199A7 | Rollbacks:  0 (Resim:   0) | Stalls:  0
[HEARTBEAT] Node: 0 | Tick: 24541 | Conf: 24539 | Hash: 0xB9711A63 | Rollbacks:  4 (Resim:   5) | Stalls:  0
[HEARTBEAT] Node: 0 | Tick: 24601 | Conf: 24599 | Hash: 0x91DCA468 | Rollbacks:  0 (Resim:   0) | Stalls:  0
[HEARTBEAT] Node: 0 | Tick: 24661 | Conf: 24659 | Hash: 0x1CDE23FF | Rollbacks: 17 (Resim:  17) | Stalls:  0
[BOT:50006] Heartbeat - Sparse Mods Tracked: 2048
[HEARTBEAT] Node: 0 | Tick: 24721 | Conf: 24719 | Hash: 0x7BEBC74E | Rollbacks:  5 (Resim:   5) | Stalls:  0
[HEARTBEAT] Node: 0 | Tick: 24781 | Conf: 24779 | Hash: 0xFF9B170E | Rollbacks:  0 (Resim:   0) | Stalls:  0
[HEARTBEAT] Node: 0 | Tick: 24841 | Conf: 24839 | Hash: 0xE05B5356 | Rollbacks: 14 (Resim:  14) | Stalls:  0
[HEARTBEAT] Node: 0 | Tick: 24901 | Conf: 24899 | Hash: 0xD78D2260 | Rollbacks:  5 (Resim:   5) | Stalls:  0
[HEARTBEAT] Node: 0 | Tick: 24961 | Conf: 24959 | Hash: 0x00219CA6 | Rollbacks: 24 (Resim:  24) | Stalls:  0
[HEARTBEAT] Node: 0 | Tick: 25021 | Conf: 25019 | Hash: 0x6D46A250 | Rollbacks:  0 (Resim:   0) | Stalls:  0
[HEARTBEAT] Node: 0 | Tick: 25081 | Conf: 25079 | Hash: 0x4E46BABF | Rollbacks: 12 (Resim:  12) | Stalls:  0
[HEARTBEAT] Node: 0 | Tick: 25141 | Conf: 25139 | Hash: 0x33611CFA | Rollbacks:  3 (Resim:   3) | Stalls:  0
[HEARTBEAT] Node: 0 | Tick: 25201 | Conf: 25199 | Hash: 0xD0C4A16E | Rollbacks: 13 (Resim:  13) | Stalls:  0
[HEARTBEAT] Node: 0 | Tick: 25261 | Conf: 25259 | Hash: 0x7163415F | Rollbacks:  0 (Resim:   0) | Stalls:  0
[BOT:50006] Heartbeat - Sparse Mods Tracked: 2048
[HEARTBEAT] Node: 0 | Tick: 25321 | Conf: 25319 | Hash: 0x5DFD81A6 | Rollbacks: 16 (Resim:  16) | Stalls:  0
[HEARTBEAT] Node: 0 | Tick: 25381 | Conf: 25379 | Hash: 0x2E3FD5C2 | Rollbacks:  9 (Resim:   9) | Stalls:  0
[HEARTBEAT] Node: 0 | Tick: 25441 | Conf: 25439 | Hash: 0x5A18D651 | Rollbacks:  0 (Resim:   0) | Stalls:  0
[HEARTBEAT] Node: 0 | Tick: 25501 | Conf: 25499 | Hash: 0x7132E814 | Rollbacks: 20 (Resim:  20) | Stalls:  0
[HEARTBEAT] Node: 0 | Tick: 25561 | Conf: 25559 | Hash: 0x143BE15D | Rollbacks:  4 (Resim:   4) | Stalls:  0
[HEARTBEAT] Node: 0 | Tick: 25621 | Conf: 25619 | Hash: 0xC88A07FE | Rollbacks: 14 (Resim:  14) | Stalls:  0
[HEARTBEAT] Node: 0 | Tick: 25681 | Conf: 25679 | Hash: 0x5B49AF98 | Rollbacks: 11 (Resim:  11) | Stalls:  0
[HEARTBEAT] Node: 0 | Tick: 25741 | Conf: 25739 | Hash: 0x374CC54C | Rollbacks:  0 (Resim:   0) | Stalls:  0
[HEARTBEAT] Node: 0 | Tick: 25801 | Conf: 25799 | Hash: 0x0D4C5005 | Rollbacks: 17 (Resim:  17) | Stalls:  0
[HEARTBEAT] Node: 0 | Tick: 25861 | Conf: 25859 | Hash: 0xEBAC16E2 | Rollbacks: 11 (Resim:  11) | Stalls:  0
[BOT:50006] Heartbeat - Sparse Mods Tracked: 2048
[HEARTBEAT] Node: 0 | Tick: 25921 | Conf: 25919 | Hash: 0xAAAA7299 | Rollbacks:  2 (Resim:   2) | Stalls:  0
[HEARTBEAT] Node: 0 | Tick: 25981 | Conf: 25979 | Hash: 0xD67C6C3B | Rollbacks: 16 (Resim:  16) | Stalls:  0
[HEARTBEAT] Node: 0 | Tick: 26041 | Conf: 26039 | Hash: 0x24C3DED3 | Rollbacks:  2 (Resim:   2) | Stalls:  0
[HEARTBEAT] Node: 0 | Tick: 26101 | Conf: 26099 | Hash: 0x9DD3B183 | Rollbacks: 13 (Resim:  13) | Stalls:  0
[HEARTBEAT] Node: 0 | Tick: 26161 | Conf: 26159 | Hash: 0xAD56DC50 | Rollbacks: 18 (Resim:  18) | Stalls:  0
[HEARTBEAT] Node: 0 | Tick: 26221 | Conf: 26219 | Hash: 0xCA711CA7 | Rollbacks:  8 (Resim:   8) | Stalls:  0
[HEARTBEAT] Node: 0 | Tick: 26281 | Conf: 26279 | Hash: 0xE885E86A | Rollbacks:  0 (Resim:   0) | Stalls:  0
[HEARTBEAT] Node: 0 | Tick: 26341 | Conf: 26339 | Hash: 0xC3C217BD | Rollbacks:  1 (Resim:   1) | Stalls:  0
[HEARTBEAT] Node: 0 | Tick: 26401 | Conf: 26399 | Hash: 0xE56AEB03 | Rollbacks: 20 (Resim:  20) | Stalls:  0
[HEARTBEAT] Node: 0 | Tick: 26461 | Conf: 26459 | Hash: 0x3599DD0B | Rollbacks: 13 (Resim:  13) | Stalls:  0
[BOT:50006] Heartbeat - Sparse Mods Tracked: 2048
[HEARTBEAT] Node: 0 | Tick: 26521 | Conf: 26519 | Hash: 0xCC843BF7 | Rollbacks:  6 (Resim:   6) | Stalls:  0
[HEARTBEAT] Node: 0 | Tick: 26581 | Conf: 26579 | Hash: 0x6354DD7F | Rollbacks:  0 (Resim:   0) | Stalls:  0
[HEARTBEAT] Node: 0 | Tick: 26641 | Conf: 26639 | Hash: 0x4B74BE71 | Rollbacks: 10 (Resim:  10) | Stalls:  0
[HEARTBEAT] Node: 0 | Tick: 26701 | Conf: 26699 | Hash: 0x1855A7A5 | Rollbacks:  0 (Resim:   0) | Stalls:  0
[HEARTBEAT] Node: 0 | Tick: 26761 | Conf: 26759 | Hash: 0xB301129B | Rollbacks: 18 (Resim:  18) | Stalls:  0
[HEARTBEAT] Node: 0 | Tick: 26821 | Conf: 26819 | Hash: 0xAAA37D0B | Rollbacks:  0 (Resim:   0) | Stalls:  0
[HEARTBEAT] Node: 0 | Tick: 26881 | Conf: 26879 | Hash: 0xA2473A92 | Rollbacks: 10 (Resim:  10) | Stalls:  0
[HEARTBEAT] Node: 0 | Tick: 26941 | Conf: 26939 | Hash: 0xA0B29E26 | Rollbacks:  0 (Resim:   0) | Stalls:  0
[HEARTBEAT] Node: 0 | Tick: 27001 | Conf: 26999 | Hash: 0x98A8AD9E | Rollbacks: 28 (Resim:  28) | Stalls:  0
[BOT:50006] Heartbeat - Sparse Mods Tracked: 2048
[HEARTBEAT] Node: 0 | Tick: 27061 | Conf: 27059 | Hash: 0xE336F648 | Rollbacks:  0 (Resim:   0) | Stalls:  0
[HEARTBEAT] Node: 0 | Tick: 27121 | Conf: 27119 | Hash: 0x0AF523B1 | Rollbacks: 18 (Resim:  18) | Stalls:  0
[HEARTBEAT] Node: 0 | Tick: 27181 | Conf: 27179 | Hash: 0x5FF30C35 | Rollbacks: 10 (Resim:  10) | Stalls:  0
[HEARTBEAT] Node: 0 | Tick: 27241 | Conf: 27239 | Hash: 0xD2F3BA5D | Rollbacks:  0 (Resim:   0) | Stalls:  0
[HEARTBEAT] Node: 0 | Tick: 27301 | Conf: 27299 | Hash: 0x83066E54 | Rollbacks: 17 (Resim:  17) | Stalls:  0
[HEARTBEAT] Node: 0 | Tick: 27361 | Conf: 27359 | Hash: 0xFF49A3F3 | Rollbacks: 17 (Resim:  17) | Stalls:  0
[HEARTBEAT] Node: 0 | Tick: 27421 | Conf: 27419 | Hash: 0x57886C04 | Rollbacks: 12 (Resim:  12) | Stalls:  0
[HEARTBEAT] Node: 0 | Tick: 27481 | Conf: 27479 | Hash: 0x7BBB4FAB | Rollbacks: 21 (Resim:  21) | Stalls:  0
[HEARTBEAT] Node: 0 | Tick: 27541 | Conf: 27539 | Hash: 0xA809CDE8 | Rollbacks:  3 (Resim:   3) | Stalls:  0
[HEARTBEAT] Node: 0 | Tick: 27601 | Conf: 27599 | Hash: 0x0E2BB211 | Rollbacks: 18 (Resim:  18) | Stalls:  0
[BOT:50006] Heartbeat - Sparse Mods Tracked: 2048
[HEARTBEAT] Node: 0 | Tick: 27661 | Conf: 27659 | Hash: 0x469A2CC0 | Rollbacks: 22 (Resim:  22) | Stalls:  0
[HEARTBEAT] Node: 0 | Tick: 27721 | Conf: 27719 | Hash: 0x81B00B87 | Rollbacks: 16 (Resim:  16) | Stalls:  0
[HEARTBEAT] Node: 0 | Tick: 27781 | Conf: 27779 | Hash: 0xCFA24417 | Rollbacks:  0 (Resim:   0) | Stalls:  0
[HEARTBEAT] Node: 0 | Tick: 27841 | Conf: 27839 | Hash: 0x1B18BEA9 | Rollbacks:  8 (Resim:   8) | Stalls:  0
[HEARTBEAT] Node: 0 | Tick: 27901 | Conf: 27899 | Hash: 0x2D5DDF4B | Rollbacks:  0 (Resim:   0) | Stalls:  0
[HEARTBEAT] Node: 0 | Tick: 27961 | Conf: 27959 | Hash: 0x37D2CF3F | Rollbacks: 11 (Resim:  11) | Stalls:  0
[HEARTBEAT] Node: 0 | Tick: 28021 | Conf: 28019 | Hash: 0xAD1DF099 | Rollbacks: 17 (Resim:  17) | Stalls:  0
[HEARTBEAT] Node: 0 | Tick: 28081 | Conf: 28079 | Hash: 0xD6D379CF | Rollbacks:  0 (Resim:   0) | Stalls:  0
[HEARTBEAT] Node: 0 | Tick: 28141 | Conf: 28139 | Hash: 0x01DE6FDE | Rollbacks: 20 (Resim:  20) | Stalls:  0
[HEARTBEAT] Node: 0 | Tick: 28201 | Conf: 28199 | Hash: 0x3DE51BF8 | Rollbacks:  8 (Resim:   8) | Stalls:  0
[BOT:50006] Heartbeat - Sparse Mods Tracked: 2048
[HEARTBEAT] Node: 0 | Tick: 28261 | Conf: 28259 | Hash: 0x234BD51E | Rollbacks:  0 (Resim:   0) | Stalls:  0
[HEARTBEAT] Node: 0 | Tick: 28321 | Conf: 28319 | Hash: 0xA305A2C7 | Rollbacks:  3 (Resim:   3) | Stalls:  0
[HEARTBEAT] Node: 0 | Tick: 28381 | Conf: 28379 | Hash: 0x34EEBAA4 | Rollbacks:  6 (Resim:   6) | Stalls:  0
[HEARTBEAT] Node: 0 | Tick: 28441 | Conf: 28439 | Hash: 0xB845B496 | Rollbacks: 24 (Resim:  24) | Stalls:  0
[HEARTBEAT] Node: 0 | Tick: 28501 | Conf: 28499 | Hash: 0x8B166FDB | Rollbacks: 12 (Resim:  12) | Stalls:  0
[HEARTBEAT] Node: 0 | Tick: 28561 | Conf: 28559 | Hash: 0xE13AD5B1 | Rollbacks: 22 (Resim:  22) | Stalls:  0
[HEARTBEAT] Node: 0 | Tick: 28621 | Conf: 28619 | Hash: 0x218FBCE3 | Rollbacks:  5 (Resim:   5) | Stalls:  0
[HEARTBEAT] Node: 0 | Tick: 28681 | Conf: 28679 | Hash: 0xDB1A7D58 | Rollbacks:  7 (Resim:   7) | Stalls:  0
[HEARTBEAT] Node: 0 | Tick: 28741 | Conf: 28739 | Hash: 0xA08AEEE0 | Rollbacks: 14 (Resim:  14) | Stalls:  0
[HEARTBEAT] Node: 0 | Tick: 28801 | Conf: 28799 | Hash: 0x9116B28A | Rollbacks:  4 (Resim:   4) | Stalls:  0
[BOT:50006] Heartbeat - Sparse Mods Tracked: 2048
[HEARTBEAT] Node: 0 | Tick: 28861 | Conf: 28859 | Hash: 0x0DBF9BAD | Rollbacks: 18 (Resim:  18) | Stalls:  0
[HEARTBEAT] Node: 0 | Tick: 28921 | Conf: 28919 | Hash: 0x5DB6E53A | Rollbacks:  9 (Resim:   9) | Stalls:  0
[HEARTBEAT] Node: 0 | Tick: 28981 | Conf: 28979 | Hash: 0xAA35D976 | Rollbacks:  0 (Resim:   0) | Stalls:  0
[HEARTBEAT] Node: 0 | Tick: 29041 | Conf: 29039 | Hash: 0x80F9687A | Rollbacks: 14 (Resim:  15) | Stalls:  0
[HEARTBEAT] Node: 0 | Tick: 29101 | Conf: 29099 | Hash: 0x2EC2B1B9 | Rollbacks:  5 (Resim:   5) | Stalls:  0
[HEARTBEAT] Node: 0 | Tick: 29161 | Conf: 29159 | Hash: 0xC57CEE10 | Rollbacks:  0 (Resim:   0) | Stalls:  0
[HEARTBEAT] Node: 0 | Tick: 29221 | Conf: 29219 | Hash: 0xA175BB5E | Rollbacks: 13 (Resim:  13) | Stalls:  0
[HEARTBEAT] Node: 0 | Tick: 29281 | Conf: 29279 | Hash: 0x01681A3B | Rollbacks:  6 (Resim:   6) | Stalls:  0
[HEARTBEAT] Node: 0 | Tick: 29341 | Conf: 29339 | Hash: 0x427B9A75 | Rollbacks: 22 (Resim:  22) | Stalls:  0
[HEARTBEAT] Node: 0 | Tick: 29401 | Conf: 29399 | Hash: 0x55791000 | Rollbacks: 11 (Resim:  11) | Stalls:  0
[BOT:50006] Heartbeat - Sparse Mods Tracked: 2048
[HEARTBEAT] Node: 0 | Tick: 29461 | Conf: 29459 | Hash: 0x9D7B2123 | Rollbacks:  0 (Resim:   0) | Stalls:  0
[HEARTBEAT] Node: 0 | Tick: 29521 | Conf: 29519 | Hash: 0x0EE06CE7 | Rollbacks: 18 (Resim:  18) | Stalls:  0
[HEARTBEAT] Node: 0 | Tick: 29581 | Conf: 29579 | Hash: 0x0D3CB877 | Rollbacks:  5 (Resim:   5) | Stalls:  0
[HEARTBEAT] Node: 0 | Tick: 29641 | Conf: 29639 | Hash: 0x3724DFFF | Rollbacks: 15 (Resim:  15) | Stalls:  0
[HEARTBEAT] Node: 0 | Tick: 29701 | Conf: 29699 | Hash: 0xC5013EAA | Rollbacks: 15 (Resim:  15) | Stalls:  0
[HEARTBEAT] Node: 0 | Tick: 29761 | Conf: 29759 | Hash: 0x7EBB4C9D | Rollbacks:  0 (Resim:   0) | Stalls:  0
[HEARTBEAT] Node: 0 | Tick: 29821 | Conf: 29819 | Hash: 0x88A47C7D | Rollbacks:  8 (Resim:   8) | Stalls:  0
[HEARTBEAT] Node: 0 | Tick: 29881 | Conf: 29879 | Hash: 0xD9B4F71A | Rollbacks:  0 (Resim:   0) | Stalls:  0
[HEARTBEAT] Node: 0 | Tick: 29941 | Conf: 29939 | Hash: 0x50D643A4 | Rollbacks:  2 (Resim:   2) | Stalls:  0
[BOT:50006] Heartbeat - Sparse Mods Tracked: 2048
[HEARTBEAT] Node: 0 | Tick: 30001 | Conf: 29999 | Hash: 0x86B63771 | Rollbacks:  0 (Resim:   0) | Stalls:  0
[HEARTBEAT] Node: 0 | Tick: 30061 | Conf: 30059 | Hash: 0xA383604A | Rollbacks: 15 (Resim:  15) | Stalls:  0
[HEARTBEAT] Node: 0 | Tick: 30121 | Conf: 30119 | Hash: 0x8D824DDA | Rollbacks:  8 (Resim:   8) | Stalls:  0
[HEARTBEAT] Node: 0 | Tick: 30181 | Conf: 30179 | Hash: 0xCA8112C5 | Rollbacks:  3 (Resim:   3) | Stalls:  0
[HEARTBEAT] Node: 0 | Tick: 30241 | Conf: 30239 | Hash: 0x3B3F61D5 | Rollbacks:  4 (Resim:   4) | Stalls:  0
[HEARTBEAT] Node: 0 | Tick: 30301 | Conf: 30299 | Hash: 0xD6662CE6 | Rollbacks: 15 (Resim:  15) | Stalls:  0
[HEARTBEAT] Node: 0 | Tick: 30361 | Conf: 30359 | Hash: 0x2124A2A1 | Rollbacks:  6 (Resim:   6) | Stalls:  0
[HEARTBEAT] Node: 0 | Tick: 30421 | Conf: 30419 | Hash: 0x8944DC9E | Rollbacks:  0 (Resim:   0) | Stalls:  0
[HEARTBEAT] Node: 0 | Tick: 30481 | Conf: 30479 | Hash: 0xE1683A42 | Rollbacks: 14 (Resim:  14) | Stalls:  0
[HEARTBEAT] Node: 0 | Tick: 30541 | Conf: 30539 | Hash: 0x04DBFB2F | Rollbacks: 11 (Resim:  11) | Stalls:  0
[BOT:50006] Heartbeat - Sparse Mods Tracked: 2048
[HEARTBEAT] Node: 0 | Tick: 30601 | Conf: 30599 | Hash: 0xEC3D8E20 | Rollbacks:  0 (Resim:   0) | Stalls:  0
[HEARTBEAT] Node: 0 | Tick: 30661 | Conf: 30659 | Hash: 0x3DD04EA3 | Rollbacks: 11 (Resim:  11) | Stalls:  0
[HEARTBEAT] Node: 0 | Tick: 30721 | Conf: 30719 | Hash: 0x1073E0EE | Rollbacks: 13 (Resim:  13) | Stalls:  0
[HEARTBEAT] Node: 0 | Tick: 30781 | Conf: 30779 | Hash: 0x73B53F3E | Rollbacks:  7 (Resim:   7) | Stalls:  0
[HEARTBEAT] Node: 0 | Tick: 30841 | Conf: 30839 | Hash: 0xC81F7862 | Rollbacks: 17 (Resim:  17) | Stalls:  0
[HEARTBEAT] Node: 0 | Tick: 30901 | Conf: 30899 | Hash: 0x62B67785 | Rollbacks: 12 (Resim:  12) | Stalls:  0
[HEARTBEAT] Node: 0 | Tick: 30961 | Conf: 30959 | Hash: 0xCBC34B0A | Rollbacks:  2 (Resim:   2) | Stalls:  0
[HEARTBEAT] Node: 0 | Tick: 31021 | Conf: 31019 | Hash: 0x4CBD827D | Rollbacks:  1 (Resim:   1) | Stalls:  0
[HEARTBEAT] Node: 0 | Tick: 31081 | Conf: 31079 | Hash: 0x7AA80BD9 | Rollbacks: 23 (Resim:  23) | Stalls:  0
[HEARTBEAT] Node: 0 | Tick: 31141 | Conf: 31139 | Hash: 0xE2DAF080 | Rollbacks:  2 (Resim:   2) | Stalls:  0
[BOT:50006] Heartbeat - Sparse Mods Tracked: 2048
[HEARTBEAT] Node: 0 | Tick: 31201 | Conf: 31199 | Hash: 0x4781A3AB | Rollbacks: 18 (Resim:  18) | Stalls:  0
[HEARTBEAT] Node: 0 | Tick: 31261 | Conf: 31259 | Hash: 0xFD8CD714 | Rollbacks:  0 (Resim:   0) | Stalls:  0
[HEARTBEAT] Node: 0 | Tick: 31321 | Conf: 31319 | Hash: 0x2B656380 | Rollbacks:  6 (Resim:   6) | Stalls:  0
[HEARTBEAT] Node: 0 | Tick: 31381 | Conf: 31379 | Hash: 0xE8E1B371 | Rollbacks:  0 (Resim:   0) | Stalls:  0
[HEARTBEAT] Node: 0 | Tick: 31441 | Conf: 31439 | Hash: 0x8AADE6AF | Rollbacks: 16 (Resim:  16) | Stalls:  0
[HEARTBEAT] Node: 0 | Tick: 31501 | Conf: 31499 | Hash: 0x531F0C8D | Rollbacks:  3 (Resim:   3) | Stalls:  0
[HEARTBEAT] Node: 0 | Tick: 31561 | Conf: 31559 | Hash: 0x8FC2FB62 | Rollbacks:  0 (Resim:   0) | Stalls:  0
[HEARTBEAT] Node: 0 | Tick: 31621 | Conf: 31619 | Hash: 0xCCC06A6B | Rollbacks: 14 (Resim:  14) | Stalls:  0
[HEARTBEAT] Node: 0 | Tick: 31681 | Conf: 31679 | Hash: 0xF8DCBD3D | Rollbacks: 24 (Resim:  24) | Stalls:  0
[HEARTBEAT] Node: 0 | Tick: 31741 | Conf: 31739 | Hash: 0x502C5608 | Rollbacks: 11 (Resim:  11) | Stalls:  0
[BOT:50006] Heartbeat - Sparse Mods Tracked: 2048
[HEARTBEAT] Node: 0 | Tick: 31801 | Conf: 31799 | Hash: 0x1CF7F1CD | Rollbacks:  6 (Resim:   6) | Stalls:  0
[HEARTBEAT] Node: 0 | Tick: 31861 | Conf: 31859 | Hash: 0x310A35BB | Rollbacks:  0 (Resim:   0) | Stalls:  0
[HEARTBEAT] Node: 0 | Tick: 31921 | Conf: 31919 | Hash: 0x1EA1517E | Rollbacks: 23 (Resim:  24) | Stalls:  0
[HEARTBEAT] Node: 0 | Tick: 31981 | Conf: 31979 | Hash: 0x9970B649 | Rollbacks:  2 (Resim:   2) | Stalls:  0
[HEARTBEAT] Node: 0 | Tick: 32041 | Conf: 32039 | Hash: 0x463096D3 | Rollbacks: 20 (Resim:  20) | Stalls:  0
[HEARTBEAT] Node: 0 | Tick: 32101 | Conf: 32099 | Hash: 0x6C1AA42F | Rollbacks:  5 (Resim:   5) | Stalls:  0
[HEARTBEAT] Node: 0 | Tick: 32161 | Conf: 32159 | Hash: 0xB9FDD7ED | Rollbacks: 13 (Resim:  13) | Stalls:  0
[HEARTBEAT] Node: 0 | Tick: 32221 | Conf: 32219 | Hash: 0x68795B02 | Rollbacks: 15 (Resim:  16) | Stalls:  0
[HEARTBEAT] Node: 0 | Tick: 32281 | Conf: 32279 | Hash: 0xDCA38685 | Rollbacks: 25 (Resim:  25) | Stalls:  0
[HEARTBEAT] Node: 0 | Tick: 32341 | Conf: 32339 | Hash: 0xDF4CC3B7 | Rollbacks:  0 (Resim:   0) | Stalls:  0
[BOT:50006] Heartbeat - Sparse Mods Tracked: 2048
[HEARTBEAT] Node: 0 | Tick: 32401 | Conf: 32399 | Hash: 0x143205A6 | Rollbacks:  2 (Resim:   2) | Stalls:  0
[HEARTBEAT] Node: 0 | Tick: 32461 | Conf: 32459 | Hash: 0xE82FB242 | Rollbacks: 13 (Resim:  13) | Stalls:  0
[HEARTBEAT] Node: 0 | Tick: 32521 | Conf: 32519 | Hash: 0x7416CD01 | Rollbacks:  7 (Resim:   7) | Stalls:  0
[HEARTBEAT] Node: 0 | Tick: 32581 | Conf: 32579 | Hash: 0x6BE5C509 | Rollbacks:  0 (Resim:   0) | Stalls:  0
[HEARTBEAT] Node: 0 | Tick: 32641 | Conf: 32639 | Hash: 0xE7503272 | Rollbacks: 10 (Resim:  10) | Stalls:  0
[HEARTBEAT] Node: 0 | Tick: 32701 | Conf: 32699 | Hash: 0x8CF0D477 | Rollbacks: 17 (Resim:  17) | Stalls:  0
[HEARTBEAT] Node: 0 | Tick: 32761 | Conf: 32759 | Hash: 0xB164F200 | Rollbacks: 11 (Resim:  11) | Stalls:  0
[HEARTBEAT] Node: 0 | Tick: 32821 | Conf: 32819 | Hash: 0xDD7D2E5F | Rollbacks: 15 (Resim:  15) | Stalls:  0
[HEARTBEAT] Node: 0 | Tick: 32881 | Conf: 32879 | Hash: 0xF3A99E35 | Rollbacks:  8 (Resim:   8) | Stalls:  0
[BOT:50006] Heartbeat - Sparse Mods Tracked: 2048
[HEARTBEAT] Node: 0 | Tick: 32941 | Conf: 32939 | Hash: 0xF6987B49 | Rollbacks:  0 (Resim:   0) | Stalls:  0
[HEARTBEAT] Node: 0 | Tick: 33001 | Conf: 32999 | Hash: 0xE677ADDD | Rollbacks: 20 (Resim:  20) | Stalls:  0
[HEARTBEAT] Node: 0 | Tick: 33061 | Conf: 33059 | Hash: 0x60F4A2EC | Rollbacks: 21 (Resim:  21) | Stalls:  0
[HEARTBEAT] Node: 0 | Tick: 33121 | Conf: 33119 | Hash: 0xFD8CA5B3 | Rollbacks:  2 (Resim:   2) | Stalls:  0
[HEARTBEAT] Node: 0 | Tick: 33181 | Conf: 33179 | Hash: 0x2D555E4B | Rollbacks: 11 (Resim:  11) | Stalls:  0
[HEARTBEAT] Node: 0 | Tick: 33241 | Conf: 33239 | Hash: 0xA86B36FF | Rollbacks:  0 (Resim:   0) | Stalls:  0
[HEARTBEAT] Node: 0 | Tick: 33301 | Conf: 33299 | Hash: 0xF7D37879 | Rollbacks:  9 (Resim:   9) | Stalls:  0
[HEARTBEAT] Node: 0 | Tick: 33361 | Conf: 33359 | Hash: 0x950F89F5 | Rollbacks: 15 (Resim:  15) | Stalls:  0
[HEARTBEAT] Node: 0 | Tick: 33421 | Conf: 33419 | Hash: 0xC9762135 | Rollbacks: 25 (Resim:  25) | Stalls:  0
[HEARTBEAT] Node: 0 | Tick: 33481 | Conf: 33479 | Hash: 0x2B19EB8C | Rollbacks:  3 (Resim:   3) | Stalls:  0
[BOT:50006] Heartbeat - Sparse Mods Tracked: 2048
[HEARTBEAT] Node: 0 | Tick: 33541 | Conf: 33539 | Hash: 0x307129B4 | Rollbacks:  8 (Resim:   8) | Stalls:  0
[HEARTBEAT] Node: 0 | Tick: 33601 | Conf: 33599 | Hash: 0xC16330A7 | Rollbacks: 16 (Resim:  16) | Stalls:  0
[HEARTBEAT] Node: 0 | Tick: 33661 | Conf: 33659 | Hash: 0x906534B8 | Rollbacks: 10 (Resim:  10) | Stalls:  0
[HEARTBEAT] Node: 0 | Tick: 33721 | Conf: 33719 | Hash: 0x9B5A2F5A | Rollbacks:  0 (Resim:   0) | Stalls:  0
[HEARTBEAT] Node: 0 | Tick: 33781 | Conf: 33779 | Hash: 0x5E8EA2BB | Rollbacks: 13 (Resim:  13) | Stalls:  0
[HEARTBEAT] Node: 0 | Tick: 33841 | Conf: 33839 | Hash: 0xCE10A31B | Rollbacks:  7 (Resim:   7) | Stalls:  0
[HEARTBEAT] Node: 0 | Tick: 33901 | Conf: 33899 | Hash: 0x961B5CE6 | Rollbacks:  0 (Resim:   0) | Stalls:  0
[HEARTBEAT] Node: 0 | Tick: 33961 | Conf: 33959 | Hash: 0x1F849A99 | Rollbacks: 10 (Resim:  10) | Stalls:  0
[HEARTBEAT] Node: 0 | Tick: 34021 | Conf: 34019 | Hash: 0x67CC6FFD | Rollbacks:  7 (Resim:   7) | Stalls:  0
[HEARTBEAT] Node: 0 | Tick: 34081 | Conf: 34079 | Hash: 0x65BBC282 | Rollbacks: 11 (Resim:  11) | Stalls:  0
[BOT:50006] Heartbeat - Sparse Mods Tracked: 2048
[HEARTBEAT] Node: 0 | Tick: 34141 | Conf: 34139 | Hash: 0x77180066 | Rollbacks:  9 (Resim:   9) | Stalls:  0
[HEARTBEAT] Node: 0 | Tick: 34201 | Conf: 34199 | Hash: 0x3F48889E | Rollbacks:  0 (Resim:   0) | Stalls:  0
[HEARTBEAT] Node: 0 | Tick: 34261 | Conf: 34259 | Hash: 0x2FB90CC4 | Rollbacks: 28 (Resim:  28) | Stalls:  0
[HEARTBEAT] Node: 0 | Tick: 34321 | Conf: 34319 | Hash: 0x28F0AE3D | Rollbacks:  0 (Resim:   0) | Stalls:  0
[HEARTBEAT] Node: 0 | Tick: 34381 | Conf: 34379 | Hash: 0x056B2A7E | Rollbacks: 11 (Resim:  11) | Stalls:  0
[HEARTBEAT] Node: 0 | Tick: 34441 | Conf: 34439 | Hash: 0x7AD2EC28 | Rollbacks: 17 (Resim:  17) | Stalls:  0
[HEARTBEAT] Node: 0 | Tick: 34501 | Conf: 34499 | Hash: 0x8423C1BB | Rollbacks:  8 (Resim:   8) | Stalls:  0
[HEARTBEAT] Node: 0 | Tick: 34561 | Conf: 34559 | Hash: 0xB3315AA0 | Rollbacks:  0 (Resim:   0) | Stalls:  0
[HEARTBEAT] Node: 0 | Tick: 34621 | Conf: 34619 | Hash: 0x08F8CC30 | Rollbacks:  1 (Resim:   1) | Stalls:  0
[HEARTBEAT] Node: 0 | Tick: 34681 | Conf: 34679 | Hash: 0x8110C986 | Rollbacks: 11 (Resim:  11) | Stalls:  0
[BOT:50006] Heartbeat - Sparse Mods Tracked: 2048
[HEARTBEAT] Node: 0 | Tick: 34741 | Conf: 34739 | Hash: 0x1E576180 | Rollbacks: 19 (Resim:  19) | Stalls:  0
[HEARTBEAT] Node: 0 | Tick: 34801 | Conf: 34799 | Hash: 0x7D6561F7 | Rollbacks: 13 (Resim:  13) | Stalls:  0
[HEARTBEAT] Node: 0 | Tick: 34861 | Conf: 34859 | Hash: 0x7A4E6095 | Rollbacks: 10 (Resim:  10) | Stalls:  0
[HEARTBEAT] Node: 0 | Tick: 34921 | Conf: 34919 | Hash: 0x2FE08BC6 | Rollbacks:  0 (Resim:   0) | Stalls:  0
[HEARTBEAT] Node: 0 | Tick: 34981 | Conf: 34979 | Hash: 0x1192E9FB | Rollbacks: 18 (Resim:  18) | Stalls:  0
[HEARTBEAT] Node: 0 | Tick: 35041 | Conf: 35039 | Hash: 0x409E3DD7 | Rollbacks:  0 (Resim:   0) | Stalls:  0
[HEARTBEAT] Node: 0 | Tick: 35101 | Conf: 35099 | Hash: 0xA78855D1 | Rollbacks: 16 (Resim:  16) | Stalls:  0
[HEARTBEAT] Node: 0 | Tick: 35161 | Conf: 35159 | Hash: 0x68F62554 | Rollbacks:  5 (Resim:   5) | Stalls:  0
[HEARTBEAT] Node: 0 | Tick: 35221 | Conf: 35219 | Hash: 0x72A414A9 | Rollbacks: 20 (Resim:  20) | Stalls:  0
[BOT:50006] Heartbeat - Sparse Mods Tracked: 2048
[HEARTBEAT] Node: 0 | Tick: 35281 | Conf: 35279 | Hash: 0xB67CB48C | Rollbacks:  5 (Resim:   5) | Stalls:  0
[HEARTBEAT] Node: 0 | Tick: 35341 | Conf: 35339 | Hash: 0x77071CD4 | Rollbacks:  0 (Resim:   0) | Stalls:  0
[HEARTBEAT] Node: 0 | Tick: 35401 | Conf: 35399 | Hash: 0xC6FAF388 | Rollbacks: 10 (Resim:  10) | Stalls:  0
[HEARTBEAT] Node: 0 | Tick: 35461 | Conf: 35459 | Hash: 0x9BE7A9DA | Rollbacks:  0 (Resim:   0) | Stalls:  0
[HEARTBEAT] Node: 0 | Tick: 35521 | Conf: 35519 | Hash: 0x66132546 | Rollbacks:  4 (Resim:   4) | Stalls:  0
[HEARTBEAT] Node: 0 | Tick: 35581 | Conf: 35579 | Hash: 0x02AE12F1 | Rollbacks: 15 (Resim:  15) | Stalls:  0
[HEARTBEAT] Node: 0 | Tick: 35641 | Conf: 35639 | Hash: 0x1EC43DAA | Rollbacks:  0 (Resim:   0) | Stalls:  0
[HEARTBEAT] Node: 0 | Tick: 35701 | Conf: 35699 | Hash: 0x3C60CCBE | Rollbacks: 12 (Resim:  12) | Stalls:  0
[HEARTBEAT] Node: 0 | Tick: 35761 | Conf: 35759 | Hash: 0x22CF0FB7 | Rollbacks:  1 (Resim:   1) | Stalls:  0
[HEARTBEAT] Node: 0 | Tick: 35821 | Conf: 35819 | Hash: 0x0527A0D0 | Rollbacks: 20 (Resim:  20) | Stalls:  0
[BOT:50006] Heartbeat - Sparse Mods Tracked: 2048
[HEARTBEAT] Node: 0 | Tick: 35881 | Conf: 35879 | Hash: 0x4102316E | Rollbacks:  0 (Resim:   0) | Stalls:  0
[HEARTBEAT] Node: 0 | Tick: 35941 | Conf: 35939 | Hash: 0x68833D92 | Rollbacks: 13 (Resim:  13) | Stalls:  0
[HEARTBEAT] Node: 0 | Tick: 36001 | Conf: 35999 | Hash: 0x7B2C2AC0 | Rollbacks: 14 (Resim:  14) | Stalls:  0
[HEARTBEAT] Node: 0 | Tick: 36061 | Conf: 36059 | Hash: 0x3C76E1CA | Rollbacks:  9 (Resim:   9) | Stalls:  0
[HEARTBEAT] Node: 0 | Tick: 36121 | Conf: 36119 | Hash: 0xB002C462 | Rollbacks:  3 (Resim:   3) | Stalls:  0
[HEARTBEAT] Node: 0 | Tick: 36181 | Conf: 36179 | Hash: 0x152DDB53 | Rollbacks:  0 (Resim:   0) | Stalls:  0
[HEARTBEAT] Node: 0 | Tick: 36241 | Conf: 36239 | Hash: 0xAC2DBBC3 | Rollbacks: 15 (Resim:  15) | Stalls:  0
[HEARTBEAT] Node: 0 | Tick: 36301 | Conf: 36299 | Hash: 0x1EAF788E | Rollbacks:  3 (Resim:   3) | Stalls:  0
[HEARTBEAT] Node: 0 | Tick: 36361 | Conf: 36359 | Hash: 0x6AF2332A | Rollbacks:  8 (Resim:   8) | Stalls:  0
[HEARTBEAT] Node: 0 | Tick: 36421 | Conf: 36419 | Hash: 0x54062458 | Rollbacks:  9 (Resim:   9) | Stalls:  0
[BOT:50006] Heartbeat - Sparse Mods Tracked: 2048
[HEARTBEAT] Node: 0 | Tick: 36481 | Conf: 36479 | Hash: 0xFA74853B | Rollbacks:  0 (Resim:   0) | Stalls:  0
[HEARTBEAT] Node: 0 | Tick: 36541 | Conf: 36539 | Hash: 0xE3C9025E | Rollbacks: 20 (Resim:  20) | Stalls:  0
[HEARTBEAT] Node: 0 | Tick: 36601 | Conf: 36599 | Hash: 0x87EBB88A | Rollbacks: 17 (Resim:  17) | Stalls:  0
[HEARTBEAT] Node: 0 | Tick: 36661 | Conf: 36659 | Hash: 0x217834FE | Rollbacks: 16 (Resim:  16) | Stalls:  0
[HEARTBEAT] Node: 0 | Tick: 36721 | Conf: 36719 | Hash: 0xC9DDFF83 | Rollbacks: 24 (Resim:  24) | Stalls:  0
[HEARTBEAT] Node: 0 | Tick: 36781 | Conf: 36779 | Hash: 0x054DBF74 | Rollbacks: 10 (Resim:  10) | Stalls:  0
[HEARTBEAT] Node: 0 | Tick: 36841 | Conf: 36839 | Hash: 0x48B75391 | Rollbacks:  8 (Resim:   8) | Stalls:  0
[HEARTBEAT] Node: 0 | Tick: 36901 | Conf: 36899 | Hash: 0x9B58B502 | Rollbacks:  5 (Resim:   5) | Stalls:  0
[HEARTBEAT] Node: 0 | Tick: 36961 | Conf: 36959 | Hash: 0xB737ACB2 | Rollbacks:  8 (Resim:   8) | Stalls:  0
[HEARTBEAT] Node: 0 | Tick: 37021 | Conf: 37019 | Hash: 0x11B96D99 | Rollbacks: 28 (Resim:  28) | Stalls:  0
[BOT:50006] Heartbeat - Sparse Mods Tracked: 2048
[HEARTBEAT] Node: 0 | Tick: 37081 | Conf: 37079 | Hash: 0x3D67BFFB | Rollbacks:  0 (Resim:   0) | Stalls:  0
[HEARTBEAT] Node: 0 | Tick: 37141 | Conf: 37139 | Hash: 0xF8E9E8DA | Rollbacks:  0 (Resim:   0) | Stalls:  0
[HEARTBEAT] Node: 0 | Tick: 37201 | Conf: 37199 | Hash: 0x44CE391A | Rollbacks:  8 (Resim:   8) | Stalls:  0
[HEARTBEAT] Node: 0 | Tick: 37261 | Conf: 37259 | Hash: 0xB5B3C1FC | Rollbacks: 24 (Resim:  24) | Stalls:  0
[HEARTBEAT] Node: 0 | Tick: 37321 | Conf: 37319 | Hash: 0xC3C8F136 | Rollbacks:  0 (Resim:   0) | Stalls:  0
[HEARTBEAT] Node: 0 | Tick: 37381 | Conf: 37379 | Hash: 0x8D12A7CD | Rollbacks:  1 (Resim:   1) | Stalls:  0
[HEARTBEAT] Node: 0 | Tick: 37441 | Conf: 37439 | Hash: 0xA301C01D | Rollbacks:  6 (Resim:   6) | Stalls:  0
[HEARTBEAT] Node: 0 | Tick: 37501 | Conf: 37499 | Hash: 0x9DC86670 | Rollbacks:  6 (Resim:   6) | Stalls:  0
[HEARTBEAT] Node: 0 | Tick: 37561 | Conf: 37559 | Hash: 0xC6F11BF2 | Rollbacks: 19 (Resim:  19) | Stalls:  0
[HEARTBEAT] Node: 0 | Tick: 37621 | Conf: 37619 | Hash: 0xD10420D4 | Rollbacks:  1 (Resim:   1) | Stalls:  0
[BOT:50006] Heartbeat - Sparse Mods Tracked: 2048
[HEARTBEAT] Node: 0 | Tick: 37681 | Conf: 37679 | Hash: 0x5F015AB5 | Rollbacks: 10 (Resim:  10) | Stalls:  0
[HEARTBEAT] Node: 0 | Tick: 37741 | Conf: 37739 | Hash: 0xB5BE1962 | Rollbacks:  0 (Resim:   0) | Stalls:  0
[HEARTBEAT] Node: 0 | Tick: 37801 | Conf: 37799 | Hash: 0xF063700C | Rollbacks:  8 (Resim:   8) | Stalls:  0
[HEARTBEAT] Node: 0 | Tick: 37861 | Conf: 37859 | Hash: 0x2B977B90 | Rollbacks:  0 (Resim:   0) | Stalls:  0
[HEARTBEAT] Node: 0 | Tick: 37921 | Conf: 37919 | Hash: 0x3E08F44F | Rollbacks:  5 (Resim:   5) | Stalls:  0
[HEARTBEAT] Node: 0 | Tick: 37981 | Conf: 37979 | Hash: 0x99919EF4 | Rollbacks:  0 (Resim:   0) | Stalls:  0
[HEARTBEAT] Node: 0 | Tick: 38041 | Conf: 38039 | Hash: 0x9526301D | Rollbacks:  7 (Resim:   7) | Stalls:  0
[HEARTBEAT] Node: 0 | Tick: 38101 | Conf: 38099 | Hash: 0x70149347 | Rollbacks:  5 (Resim:   5) | Stalls:  0
[HEARTBEAT] Node: 0 | Tick: 38161 | Conf: 38159 | Hash: 0x9C12DD89 | Rollbacks:  2 (Resim:   2) | Stalls:  0
[BOT:50006] Heartbeat - Sparse Mods Tracked: 2048
[HEARTBEAT] Node: 0 | Tick: 38221 | Conf: 38219 | Hash: 0x9EC680EF | Rollbacks: 12 (Resim:  12) | Stalls:  0
[HEARTBEAT] Node: 0 | Tick: 38281 | Conf: 38279 | Hash: 0x364F0D85 | Rollbacks: 16 (Resim:  17) | Stalls:  0
[HEARTBEAT] Node: 0 | Tick: 38341 | Conf: 38339 | Hash: 0xD56F1B9B | Rollbacks:  6 (Resim:   6) | Stalls:  0
[HEARTBEAT] Node: 0 | Tick: 38401 | Conf: 38399 | Hash: 0x98BBD240 | Rollbacks:  7 (Resim:   7) | Stalls:  0
[HEARTBEAT] Node: 0 | Tick: 38461 | Conf: 38459 | Hash: 0x0A264F5F | Rollbacks:  1 (Resim:   1) | Stalls:  0
[HEARTBEAT] Node: 0 | Tick: 38521 | Conf: 38519 | Hash: 0x45ECD5FC | Rollbacks: 11 (Resim:  11) | Stalls:  0
[HEARTBEAT] Node: 0 | Tick: 38581 | Conf: 38579 | Hash: 0x6721B8C7 | Rollbacks:  0 (Resim:   0) | Stalls:  0
[HEARTBEAT] Node: 0 | Tick: 38641 | Conf: 38639 | Hash: 0xC7A71828 | Rollbacks: 20 (Resim:  20) | Stalls:  0
[HEARTBEAT] Node: 0 | Tick: 38701 | Conf: 38699 | Hash: 0x1BA5E3B3 | Rollbacks:  3 (Resim:   3) | Stalls:  0
[HEARTBEAT] Node: 0 | Tick: 38761 | Conf: 38759 | Hash: 0xC8DD978D | Rollbacks: 15 (Resim:  15) | Stalls:  0
[BOT:50006] Heartbeat - Sparse Mods Tracked: 2048
[HEARTBEAT] Node: 0 | Tick: 38821 | Conf: 38819 | Hash: 0xB496529A | Rollbacks: 16 (Resim:  16) | Stalls:  0
[HEARTBEAT] Node: 0 | Tick: 38881 | Conf: 38879 | Hash: 0xEF00C8B7 | Rollbacks: 17 (Resim:  17) | Stalls:  0
[HEARTBEAT] Node: 0 | Tick: 38941 | Conf: 38939 | Hash: 0x63485991 | Rollbacks:  4 (Resim:   4) | Stalls:  0
[HEARTBEAT] Node: 0 | Tick: 39001 | Conf: 38999 | Hash: 0x0F6A0FEF | Rollbacks:  0 (Resim:   0) | Stalls:  0
[HEARTBEAT] Node: 0 | Tick: 39061 | Conf: 39059 | Hash: 0x1E00E52C | Rollbacks: 18 (Resim:  18) | Stalls:  0
[HEARTBEAT] Node: 0 | Tick: 39121 | Conf: 39119 | Hash: 0x3E93C9B4 | Rollbacks:  7 (Resim:   7) | Stalls:  0
[HEARTBEAT] Node: 0 | Tick: 39181 | Conf: 39179 | Hash: 0x6A6C5C15 | Rollbacks:  0 (Resim:   0) | Stalls:  0
[HEARTBEAT] Node: 0 | Tick: 39241 | Conf: 39239 | Hash: 0xE1D0B234 | Rollbacks: 15 (Resim:  15) | Stalls:  0
[HEARTBEAT] Node: 0 | Tick: 39301 | Conf: 39299 | Hash: 0xB0D14E46 | Rollbacks: 16 (Resim:  16) | Stalls:  0
[HEARTBEAT] Node: 0 | Tick: 39361 | Conf: 39359 | Hash: 0x777E4320 | Rollbacks:  5 (Resim:   5) | Stalls:  0
[BOT:50006] Heartbeat - Sparse Mods Tracked: 2048
[HEARTBEAT] Node: 0 | Tick: 39421 | Conf: 39419 | Hash: 0x152ACC6A | Rollbacks:  0 (Resim:   0) | Stalls:  0
[HEARTBEAT] Node: 0 | Tick: 39481 | Conf: 39479 | Hash: 0x62417A16 | Rollbacks: 15 (Resim:  15) | Stalls:  0
[HEARTBEAT] Node: 0 | Tick: 39541 | Conf: 39539 | Hash: 0xAC43D8E2 | Rollbacks:  0 (Resim:   0) | Stalls:  0
[HEARTBEAT] Node: 0 | Tick: 39601 | Conf: 39599 | Hash: 0x033869E6 | Rollbacks: 21 (Resim:  21) | Stalls:  0
[HEARTBEAT] Node: 0 | Tick: 39661 | Conf: 39659 | Hash: 0xD6EA274A | Rollbacks:  9 (Resim:   9) | Stalls:  0
[HEARTBEAT] Node: 0 | Tick: 39721 | Conf: 39719 | Hash: 0xCAC1D21F | Rollbacks:  0 (Resim:   0) | Stalls:  0
[HEARTBEAT] Node: 0 | Tick: 39781 | Conf: 39779 | Hash: 0x3A0C9FFC | Rollbacks: 17 (Resim:  17) | Stalls:  0
[HEARTBEAT] Node: 0 | Tick: 39841 | Conf: 39839 | Hash: 0x0591F862 | Rollbacks: 20 (Resim:  20) | Stalls:  0
[HEARTBEAT] Node: 0 | Tick: 39901 | Conf: 39899 | Hash: 0xDB54F973 | Rollbacks:  3 (Resim:   3) | Stalls:  0
[HEARTBEAT] Node: 0 | Tick: 39961 | Conf: 39959 | Hash: 0x356C4D15 | Rollbacks:  9 (Resim:   9) | Stalls:  0
[BOT:50006] Heartbeat - Sparse Mods Tracked: 2048
[HEARTBEAT] Node: 0 | Tick: 40021 | Conf: 40019 | Hash: 0x3EF08B50 | Rollbacks:  0 (Resim:   0) | Stalls:  0
[HEARTBEAT] Node: 0 | Tick: 40081 | Conf: 40079 | Hash: 0x67034F92 | Rollbacks:  8 (Resim:   8) | Stalls:  0
[HEARTBEAT] Node: 0 | Tick: 40141 | Conf: 40139 | Hash: 0xE417CE9D | Rollbacks: 18 (Resim:  18) | Stalls:  0
[HEARTBEAT] Node: 0 | Tick: 40201 | Conf: 40199 | Hash: 0x03B46CDB | Rollbacks:  8 (Resim:   8) | Stalls:  0
[HEARTBEAT] Node: 0 | Tick: 40261 | Conf: 40259 | Hash: 0x020D3C3A | Rollbacks:  0 (Resim:   0) | Stalls:  0
[HEARTBEAT] Node: 0 | Tick: 40321 | Conf: 40319 | Hash: 0xDF151B76 | Rollbacks: 14 (Resim:  14) | Stalls:  0
[HEARTBEAT] Node: 0 | Tick: 40381 | Conf: 40379 | Hash: 0xB92C372B | Rollbacks: 15 (Resim:  15) | Stalls:  0
[HEARTBEAT] Node: 0 | Tick: 40441 | Conf: 40439 | Hash: 0xE4276AAB | Rollbacks: 17 (Resim:  17) | Stalls:  0
[HEARTBEAT] Node: 0 | Tick: 40501 | Conf: 40499 | Hash: 0x0EEA0B04 | Rollbacks: 18 (Resim:  18) | Stalls:  0
[HEARTBEAT] Node: 0 | Tick: 40561 | Conf: 40559 | Hash: 0x9F943C3F | Rollbacks:  0 (Resim:   0) | Stalls:  0
[BOT:50006] Heartbeat - Sparse Mods Tracked: 2048
[HEARTBEAT] Node: 0 | Tick: 40621 | Conf: 40619 | Hash: 0x29A75102 | Rollbacks: 11 (Resim:  11) | Stalls:  0
[HEARTBEAT] Node: 0 | Tick: 40681 | Conf: 40679 | Hash: 0xD2754E12 | Rollbacks: 17 (Resim:  17) | Stalls:  0
[HEARTBEAT] Node: 0 | Tick: 40741 | Conf: 40739 | Hash: 0x756596B5 | Rollbacks:  5 (Resim:   5) | Stalls:  0
[HEARTBEAT] Node: 0 | Tick: 40801 | Conf: 40799 | Hash: 0xDA6DB62C | Rollbacks:  0 (Resim:   0) | Stalls:  0
[HEARTBEAT] Node: 0 | Tick: 40861 | Conf: 40859 | Hash: 0x8B3AE704 | Rollbacks: 16 (Resim:  16) | Stalls:  0
[HEARTBEAT] Node: 0 | Tick: 40921 | Conf: 40919 | Hash: 0x118BAC5C | Rollbacks:  5 (Resim:   5) | Stalls:  0
[HEARTBEAT] Node: 0 | Tick: 40981 | Conf: 40979 | Hash: 0x0865CEB7 | Rollbacks:  0 (Resim:   0) | Stalls:  0
[HEARTBEAT] Node: 0 | Tick: 41041 | Conf: 41039 | Hash: 0x6B1A60BD | Rollbacks: 17 (Resim:  17) | Stalls:  0
[HEARTBEAT] Node: 0 | Tick: 41101 | Conf: 41099 | Hash: 0xB18843F7 | Rollbacks:  0 (Resim:   0) | Stalls:  0
[BOT:50006] Heartbeat - Sparse Mods Tracked: 2048
[HEARTBEAT] Node: 0 | Tick: 41161 | Conf: 41159 | Hash: 0x46DD2A09 | Rollbacks: 17 (Resim:  17) | Stalls:  0
[HEARTBEAT] Node: 0 | Tick: 41221 | Conf: 41219 | Hash: 0xE55DCB73 | Rollbacks: 20 (Resim:  20) | Stalls:  0
[HEARTBEAT] Node: 0 | Tick: 41281 | Conf: 41279 | Hash: 0xD3C8372A | Rollbacks: 10 (Resim:  10) | Stalls:  0
[HEARTBEAT] Node: 0 | Tick: 41341 | Conf: 41339 | Hash: 0x3E278A72 | Rollbacks:  5 (Resim:   5) | Stalls:  0
[HEARTBEAT] Node: 0 | Tick: 41401 | Conf: 41399 | Hash: 0xAFF7DA88 | Rollbacks:  1 (Resim:   1) | Stalls:  0
[HEARTBEAT] Node: 0 | Tick: 41461 | Conf: 41459 | Hash: 0x8D392E34 | Rollbacks: 12 (Resim:  12) | Stalls:  0
[HEARTBEAT] Node: 0 | Tick: 41521 | Conf: 41519 | Hash: 0xCA83970F | Rollbacks: 14 (Resim:  14) | Stalls:  0
[HEARTBEAT] Node: 0 | Tick: 41581 | Conf: 41579 | Hash: 0x4294ECC0 | Rollbacks:  5 (Resim:   5) | Stalls:  0
[HEARTBEAT] Node: 0 | Tick: 41641 | Conf: 41639 | Hash: 0x0712954C | Rollbacks:  0 (Resim:   0) | Stalls:  0
[HEARTBEAT] Node: 0 | Tick: 41701 | Conf: 41699 | Hash: 0x13674F36 | Rollbacks: 13 (Resim:  13) | Stalls:  0
[BOT:50006] Heartbeat - Sparse Mods Tracked: 2048
[HEARTBEAT] Node: 0 | Tick: 41761 | Conf: 41759 | Hash: 0x576FC5F9 | Rollbacks: 15 (Resim:  15) | Stalls:  0
[HEARTBEAT] Node: 0 | Tick: 41821 | Conf: 41819 | Hash: 0x500348A9 | Rollbacks:  8 (Resim:   8) | Stalls:  0
[HEARTBEAT] Node: 0 | Tick: 41881 | Conf: 41879 | Hash: 0x87D7BF77 | Rollbacks:  4 (Resim:   4) | Stalls:  0
[HEARTBEAT] Node: 0 | Tick: 41941 | Conf: 41939 | Hash: 0x6238758C | Rollbacks: 21 (Resim:  21) | Stalls:  0
[HEARTBEAT] Node: 0 | Tick: 42001 | Conf: 41999 | Hash: 0x68D4F7FC | Rollbacks: 10 (Resim:  10) | Stalls:  0
[HEARTBEAT] Node: 0 | Tick: 42061 | Conf: 42059 | Hash: 0xFDC5F364 | Rollbacks:  1 (Resim:   1) | Stalls:  0
[HEARTBEAT] Node: 0 | Tick: 42121 | Conf: 42119 | Hash: 0x81927CCA | Rollbacks: 14 (Resim:  14) | Stalls:  0
[HEARTBEAT] Node: 0 | Tick: 42181 | Conf: 42179 | Hash: 0x35EED15B | Rollbacks: 13 (Resim:  13) | Stalls:  0
[HEARTBEAT] Node: 0 | Tick: 42241 | Conf: 42239 | Hash: 0xB006F243 | Rollbacks:  9 (Resim:   9) | Stalls:  0
[HEARTBEAT] Node: 0 | Tick: 42301 | Conf: 42299 | Hash: 0xF3558458 | Rollbacks:  0 (Resim:   0) | Stalls:  0
[BOT:50006] Heartbeat - Sparse Mods Tracked: 2048
[HEARTBEAT] Node: 0 | Tick: 42361 | Conf: 42359 | Hash: 0x39F40C79 | Rollbacks: 13 (Resim:  13) | Stalls:  0
[HEARTBEAT] Node: 0 | Tick: 42421 | Conf: 42419 | Hash: 0xFF60846B | Rollbacks: 18 (Resim:  18) | Stalls:  0
[HEARTBEAT] Node: 0 | Tick: 42481 | Conf: 42479 | Hash: 0xC7759E7D | Rollbacks: 15 (Resim:  15) | Stalls:  0
[HEARTBEAT] Node: 0 | Tick: 42541 | Conf: 42539 | Hash: 0x4F8125AB | Rollbacks:  0 (Resim:   0) | Stalls:  0
[HEARTBEAT] Node: 0 | Tick: 42601 | Conf: 42599 | Hash: 0xFDF98DA2 | Rollbacks:  7 (Resim:   7) | Stalls:  0
[HEARTBEAT] Node: 0 | Tick: 42661 | Conf: 42659 | Hash: 0x514772FD | Rollbacks: 29 (Resim:  29) | Stalls:  0
[HEARTBEAT] Node: 0 | Tick: 42721 | Conf: 42719 | Hash: 0xF470844F | Rollbacks: 16 (Resim:  16) | Stalls:  0
[HEARTBEAT] Node: 0 | Tick: 42781 | Conf: 42779 | Hash: 0xC8603602 | Rollbacks: 28 (Resim:  28) | Stalls:  0
[HEARTBEAT] Node: 0 | Tick: 42841 | Conf: 42839 | Hash: 0x53418F2B | Rollbacks: 12 (Resim:  12) | Stalls:  0
[HEARTBEAT] Node: 0 | Tick: 42901 | Conf: 42899 | Hash: 0x19D97BFB | Rollbacks: 10 (Resim:  10) | Stalls:  0
[BOT:50006] Heartbeat - Sparse Mods Tracked: 2048
[HEARTBEAT] Node: 0 | Tick: 42961 | Conf: 42959 | Hash: 0xFD693364 | Rollbacks:  0 (Resim:   0) | Stalls:  0
[HEARTBEAT] Node: 0 | Tick: 43021 | Conf: 43019 | Hash: 0x71EE0C7E | Rollbacks: 13 (Resim:  13) | Stalls:  0
[HEARTBEAT] Node: 0 | Tick: 43081 | Conf: 43079 | Hash: 0x813BB536 | Rollbacks: 18 (Resim:  18) | Stalls:  0
[HEARTBEAT] Node: 0 | Tick: 43141 | Conf: 43139 | Hash: 0x4BB961CB | Rollbacks:  5 (Resim:   5) | Stalls:  0
[HEARTBEAT] Node: 0 | Tick: 43201 | Conf: 43199 | Hash: 0x50C26481 | Rollbacks:  0 (Resim:   0) | Stalls:  0
[HEARTBEAT] Node: 0 | Tick: 43261 | Conf: 43259 | Hash: 0x85650EAC | Rollbacks: 20 (Resim:  20) | Stalls:  0
[HEARTBEAT] Node: 0 | Tick: 43321 | Conf: 43319 | Hash: 0xCE8D439D | Rollbacks:  9 (Resim:   9) | Stalls:  0
[HEARTBEAT] Node: 0 | Tick: 43381 | Conf: 43379 | Hash: 0x91BFA20C | Rollbacks:  4 (Resim:   4) | Stalls:  0
[HEARTBEAT] Node: 0 | Tick: 43441 | Conf: 43439 | Hash: 0x3C648A3E | Rollbacks:  0 (Resim:   0) | Stalls:  0
[HEARTBEAT] Node: 0 | Tick: 43501 | Conf: 43499 | Hash: 0xF801FED8 | Rollbacks: 17 (Resim:  17) | Stalls:  0
[BOT:50006] Heartbeat - Sparse Mods Tracked: 2048
[HEARTBEAT] Node: 0 | Tick: 43561 | Conf: 43559 | Hash: 0xC956BDEB | Rollbacks: 18 (Resim:  18) | Stalls:  0
[HEARTBEAT] Node: 0 | Tick: 43621 | Conf: 43619 | Hash: 0x7A58BFCD | Rollbacks:  4 (Resim:   4) | Stalls:  0
[HEARTBEAT] Node: 0 | Tick: 43681 | Conf: 43679 | Hash: 0xF90705E8 | Rollbacks:  0 (Resim:   0) | Stalls:  0
[HEARTBEAT] Node: 0 | Tick: 43741 | Conf: 43739 | Hash: 0x12507066 | Rollbacks: 14 (Resim:  14) | Stalls:  0
[HEARTBEAT] Node: 0 | Tick: 43801 | Conf: 43799 | Hash: 0xB3851849 | Rollbacks: 16 (Resim:  16) | Stalls:  0
[HEARTBEAT] Node: 0 | Tick: 43861 | Conf: 43859 | Hash: 0x71179F7B | Rollbacks:  0 (Resim:   0) | Stalls:  0
[HEARTBEAT] Node: 0 | Tick: 43921 | Conf: 43919 | Hash: 0x75B5B0A3 | Rollbacks:  5 (Resim:   5) | Stalls:  0
[HEARTBEAT] Node: 0 | Tick: 43981 | Conf: 43979 | Hash: 0x7F03CD0C | Rollbacks: 24 (Resim:  24) | Stalls:  0
[HEARTBEAT] Node: 0 | Tick: 44041 | Conf: 44039 | Hash: 0xE39C5835 | Rollbacks:  6 (Resim:   6) | Stalls:  0
[BOT:50006] Heartbeat - Sparse Mods Tracked: 2048
[HEARTBEAT] Node: 0 | Tick: 44101 | Conf: 44099 | Hash: 0xA7AFAFAE | Rollbacks:  0 (Resim:   0) | Stalls:  0
[HEARTBEAT] Node: 0 | Tick: 44161 | Conf: 44159 | Hash: 0x2EB31E0B | Rollbacks: 22 (Resim:  22) | Stalls:  0
[HEARTBEAT] Node: 0 | Tick: 44221 | Conf: 44219 | Hash: 0x9FAD6BA7 | Rollbacks: 11 (Resim:  11) | Stalls:  0
[HEARTBEAT] Node: 0 | Tick: 44281 | Conf: 44279 | Hash: 0xD7C3E717 | Rollbacks:  0 (Resim:   0) | Stalls:  0
[HEARTBEAT] Node: 0 | Tick: 44341 | Conf: 44339 | Hash: 0xABE640B6 | Rollbacks: 14 (Resim:  14) | Stalls:  0
[HEARTBEAT] Node: 0 | Tick: 44401 | Conf: 44399 | Hash: 0xCE44ABC8 | Rollbacks:  9 (Resim:   9) | Stalls:  0
[HEARTBEAT] Node: 0 | Tick: 44461 | Conf: 44459 | Hash: 0xD30FF50E | Rollbacks:  0 (Resim:   0) | Stalls:  0
[HEARTBEAT] Node: 0 | Tick: 44521 | Conf: 44519 | Hash: 0x9076D558 | Rollbacks: 23 (Resim:  23) | Stalls:  0
[HEARTBEAT] Node: 0 | Tick: 44581 | Conf: 44579 | Hash: 0xFAA3758A | Rollbacks:  6 (Resim:   6) | Stalls:  0
[HEARTBEAT] Node: 0 | Tick: 44641 | Conf: 44639 | Hash: 0xA702F772 | Rollbacks:  0 (Resim:   0) | Stalls:  0
[BOT:50006] Heartbeat - Sparse Mods Tracked: 2048
[HEARTBEAT] Node: 0 | Tick: 44701 | Conf: 44699 | Hash: 0xCD8164F3 | Rollbacks: 22 (Resim:  22) | Stalls:  0
[HEARTBEAT] Node: 0 | Tick: 44761 | Conf: 44759 | Hash: 0x83D22B65 | Rollbacks: 19 (Resim:  19) | Stalls:  0
[HEARTBEAT] Node: 0 | Tick: 44821 | Conf: 44819 | Hash: 0xDD1283D1 | Rollbacks:  4 (Resim:   4) | Stalls:  0
[HEARTBEAT] Node: 0 | Tick: 44881 | Conf: 44879 | Hash: 0xB6C05BA1 | Rollbacks:  0 (Resim:   0) | Stalls:  0
[HEARTBEAT] Node: 0 | Tick: 44941 | Conf: 44939 | Hash: 0x4D2547C1 | Rollbacks: 19 (Resim:  19) | Stalls:  0
[HEARTBEAT] Node: 0 | Tick: 45001 | Conf: 44999 | Hash: 0x2403BA31 | Rollbacks:  0 (Resim:   0) | Stalls:  0
[HEARTBEAT] Node: 0 | Tick: 45061 | Conf: 45059 | Hash: 0xDE7BD98D | Rollbacks: 17 (Resim:  17) | Stalls:  0
[HEARTBEAT] Node: 0 | Tick: 45121 | Conf: 45119 | Hash: 0x60084D6C | Rollbacks:  6 (Resim:   6) | Stalls:  0
[HEARTBEAT] Node: 0 | Tick: 45181 | Conf: 45179 | Hash: 0x0C9F716B | Rollbacks:  0 (Resim:   0) | Stalls:  0
[HEARTBEAT] Node: 0 | Tick: 45241 | Conf: 45239 | Hash: 0xCE3092D2 | Rollbacks: 15 (Resim:  15) | Stalls:  0
[BOT:50006] Heartbeat - Sparse Mods Tracked: 2048
[HEARTBEAT] Node: 0 | Tick: 45301 | Conf: 45299 | Hash: 0xE849C5E3 | Rollbacks:  1 (Resim:   1) | Stalls:  0
[HEARTBEAT] Node: 0 | Tick: 45361 | Conf: 45359 | Hash: 0x022B86D9 | Rollbacks: 20 (Resim:  20) | Stalls:  0
[HEARTBEAT] Node: 0 | Tick: 45421 | Conf: 45419 | Hash: 0x79DFF063 | Rollbacks: 23 (Resim:  23) | Stalls:  0
[HEARTBEAT] Node: 0 | Tick: 45481 | Conf: 45479 | Hash: 0xCAF2876F | Rollbacks:  2 (Resim:   2) | Stalls:  0
[HEARTBEAT] Node: 0 | Tick: 45541 | Conf: 45539 | Hash: 0x4A75C94B | Rollbacks:  4 (Resim:   4) | Stalls:  0
[HEARTBEAT] Node: 0 | Tick: 45601 | Conf: 45599 | Hash: 0x78C70DF1 | Rollbacks:  7 (Resim:   8) | Stalls:  0
[HEARTBEAT] Node: 0 | Tick: 45661 | Conf: 45659 | Hash: 0xB394563A | Rollbacks: 11 (Resim:  11) | Stalls:  0
[HEARTBEAT] Node: 0 | Tick: 45721 | Conf: 45719 | Hash: 0x55AD92EB | Rollbacks:  0 (Resim:   0) | Stalls:  0
[HEARTBEAT] Node: 0 | Tick: 45781 | Conf: 45779 | Hash: 0x723BA1D2 | Rollbacks:  8 (Resim:   8) | Stalls:  0
[HEARTBEAT] Node: 0 | Tick: 45841 | Conf: 45839 | Hash: 0x3D4C8359 | Rollbacks:  0 (Resim:   0) | Stalls:  0
[BOT:50006] Heartbeat - Sparse Mods Tracked: 2048
[HEARTBEAT] Node: 0 | Tick: 45901 | Conf: 45899 | Hash: 0x86E6A66A | Rollbacks: 10 (Resim:  10) | Stalls:  0
[HEARTBEAT] Node: 0 | Tick: 45961 | Conf: 45959 | Hash: 0xDA493503 | Rollbacks:  0 (Resim:   0) | Stalls:  0
[HEARTBEAT] Node: 0 | Tick: 46021 | Conf: 46019 | Hash: 0x8667B5AE | Rollbacks:  0 (Resim:   0) | Stalls:  0
[HEARTBEAT] Node: 0 | Tick: 46081 | Conf: 46079 | Hash: 0xB84165A9 | Rollbacks:  7 (Resim:   7) | Stalls:  0
[HEARTBEAT] Node: 0 | Tick: 46141 | Conf: 46139 | Hash: 0x4DEE2830 | Rollbacks:  6 (Resim:   6) | Stalls:  0
[HEARTBEAT] Node: 0 | Tick: 46201 | Conf: 46199 | Hash: 0xE0FE5E62 | Rollbacks: 14 (Resim:  14) | Stalls:  0
[HEARTBEAT] Node: 0 | Tick: 46261 | Conf: 46259 | Hash: 0x632280C9 | Rollbacks:  0 (Resim:   0) | Stalls:  0
[HEARTBEAT] Node: 0 | Tick: 46321 | Conf: 46319 | Hash: 0xD2A9E10B | Rollbacks:  6 (Resim:   6) | Stalls:  0
[HEARTBEAT] Node: 0 | Tick: 46381 | Conf: 46379 | Hash: 0x254A8011 | Rollbacks: 23 (Resim:  23) | Stalls:  0
[BOT:50006] Heartbeat - Sparse Mods Tracked: 2048
[HEARTBEAT] Node: 0 | Tick: 46441 | Conf: 46439 | Hash: 0xB03B27C9 | Rollbacks:  5 (Resim:   5) | Stalls:  0
[HEARTBEAT] Node: 0 | Tick: 46501 | Conf: 46499 | Hash: 0x1E27D52A | Rollbacks:  7 (Resim:   7) | Stalls:  0
[HEARTBEAT] Node: 0 | Tick: 46561 | Conf: 46559 | Hash: 0x043B0561 | Rollbacks:  4 (Resim:   4) | Stalls:  0
[HEARTBEAT] Node: 0 | Tick: 46621 | Conf: 46619 | Hash: 0x400E2810 | Rollbacks:  0 (Resim:   0) | Stalls:  0
[HEARTBEAT] Node: 0 | Tick: 46681 | Conf: 46679 | Hash: 0x5003F6B8 | Rollbacks: 14 (Resim:  14) | Stalls:  0
[HEARTBEAT] Node: 0 | Tick: 46741 | Conf: 46739 | Hash: 0xF57A0D58 | Rollbacks: 18 (Resim:  18) | Stalls:  0
[HEARTBEAT] Node: 0 | Tick: 46801 | Conf: 46799 | Hash: 0xCFB05AD2 | Rollbacks:  0 (Resim:   0) | Stalls:  0
[HEARTBEAT] Node: 0 | Tick: 46861 | Conf: 46859 | Hash: 0xE539E528 | Rollbacks: 17 (Resim:  17) | Stalls:  0
[HEARTBEAT] Node: 0 | Tick: 46921 | Conf: 46919 | Hash: 0x1417664D | Rollbacks:  2 (Resim:   2) | Stalls:  0
[HEARTBEAT] Node: 0 | Tick: 46981 | Conf: 46979 | Hash: 0x5E7010F6 | Rollbacks:  0 (Resim:   0) | Stalls:  0
[BOT:50006] Heartbeat - Sparse Mods Tracked: 2048
[HEARTBEAT] Node: 0 | Tick: 47041 | Conf: 47039 | Hash: 0xDD75B37A | Rollbacks: 17 (Resim:  17) | Stalls:  0
[HEARTBEAT] Node: 0 | Tick: 47101 | Conf: 47099 | Hash: 0xE10E0DB7 | Rollbacks:  0 (Resim:   0) | Stalls:  0
[HEARTBEAT] Node: 0 | Tick: 47161 | Conf: 47159 | Hash: 0xFE67FCC6 | Rollbacks:  0 (Resim:   0) | Stalls:  0
[HEARTBEAT] Node: 0 | Tick: 47221 | Conf: 47219 | Hash: 0xEEEA4424 | Rollbacks:  8 (Resim:   8) | Stalls:  0
[HEARTBEAT] Node: 0 | Tick: 47281 | Conf: 47279 | Hash: 0xF52BCABC | Rollbacks:  0 (Resim:   0) | Stalls:  0
[HEARTBEAT] Node: 0 | Tick: 47341 | Conf: 47339 | Hash: 0xA914FDFA | Rollbacks: 15 (Resim:  15) | Stalls:  0
[HEARTBEAT] Node: 0 | Tick: 47401 | Conf: 47399 | Hash: 0xAECB1623 | Rollbacks: 11 (Resim:  11) | Stalls:  0
[HEARTBEAT] Node: 0 | Tick: 47461 | Conf: 47459 | Hash: 0xB2D48295 | Rollbacks:  2 (Resim:   2) | Stalls:  0
[HEARTBEAT] Node: 0 | Tick: 47521 | Conf: 47519 | Hash: 0x3001EEA0 | Rollbacks:  0 (Resim:   0) | Stalls:  0
[HEARTBEAT] Node: 0 | Tick: 47581 | Conf: 47579 | Hash: 0xE8B9DCCB | Rollbacks:  9 (Resim:   9) | Stalls:  0
[BOT:50006] Heartbeat - Sparse Mods Tracked: 2048
[HEARTBEAT] Node: 0 | Tick: 47641 | Conf: 47639 | Hash: 0x7DC632E1 | Rollbacks:  0 (Resim:   0) | Stalls:  0
[HEARTBEAT] Node: 0 | Tick: 47701 | Conf: 47699 | Hash: 0xF09D13A8 | Rollbacks:  0 (Resim:   0) | Stalls:  0
[HEARTBEAT] Node: 0 | Tick: 47761 | Conf: 47759 | Hash: 0xE28B7463 | Rollbacks:  0 (Resim:   0) | Stalls:  0
[HEARTBEAT] Node: 0 | Tick: 47821 | Conf: 47819 | Hash: 0x6A2A2316 | Rollbacks:  6 (Resim:   6) | Stalls:  0
[HEARTBEAT] Node: 0 | Tick: 47881 | Conf: 47879 | Hash: 0x262C5E08 | Rollbacks: 10 (Resim:  10) | Stalls:  0
[HEARTBEAT] Node: 0 | Tick: 47941 | Conf: 47939 | Hash: 0xD0EDB66D | Rollbacks:  0 (Resim:   0) | Stalls:  0
[HEARTBEAT] Node: 0 | Tick: 48001 | Conf: 47999 | Hash: 0x84598BE4 | Rollbacks:  9 (Resim:   9) | Stalls:  0
[HEARTBEAT] Node: 0 | Tick: 48061 | Conf: 48059 | Hash: 0x9D2F82CC | Rollbacks:  0 (Resim:   0) | Stalls:  0
[HEARTBEAT] Node: 0 | Tick: 48121 | Conf: 48119 | Hash: 0x131D3254 | Rollbacks:  0 (Resim:   0) | Stalls:  0
[HEARTBEAT] Node: 0 | Tick: 48181 | Conf: 48179 | Hash: 0x401AD4B9 | Rollbacks: 24 (Resim:  24) | Stalls:  0
[BOT:50006] Heartbeat - Sparse Mods Tracked: 2048
[HEARTBEAT] Node: 0 | Tick: 48241 | Conf: 48239 | Hash: 0x946F1455 | Rollbacks:  0 (Resim:   0) | Stalls:  0
[HEARTBEAT] Node: 0 | Tick: 48301 | Conf: 48299 | Hash: 0xA90B14BF | Rollbacks:  0 (Resim:   0) | Stalls:  0
[HEARTBEAT] Node: 0 | Tick: 48361 | Conf: 48359 | Hash: 0xB975BAEA | Rollbacks: 16 (Resim:  16) | Stalls:  0
[HEARTBEAT] Node: 0 | Tick: 48421 | Conf: 48419 | Hash: 0x593BB137 | Rollbacks:  0 (Resim:   0) | Stalls:  0
[HEARTBEAT] Node: 0 | Tick: 48481 | Conf: 48479 | Hash: 0x08733172 | Rollbacks:  0 (Resim:   0) | Stalls:  0
[HEARTBEAT] Node: 0 | Tick: 48541 | Conf: 48539 | Hash: 0x144F9752 | Rollbacks: 12 (Resim:  12) | Stalls:  0
[HEARTBEAT] Node: 0 | Tick: 48601 | Conf: 48599 | Hash: 0x0F544261 | Rollbacks:  9 (Resim:   9) | Stalls:  0
[HEARTBEAT] Node: 0 | Tick: 48661 | Conf: 48659 | Hash: 0x7AA18B78 | Rollbacks: 14 (Resim:  14) | Stalls:  0
[HEARTBEAT] Node: 0 | Tick: 48721 | Conf: 48719 | Hash: 0xB0FAAE19 | Rollbacks:  2 (Resim:   2) | Stalls:  0
[HEARTBEAT] Node: 0 | Tick: 48781 | Conf: 48779 | Hash: 0xFB50320D | Rollbacks: 23 (Resim:  23) | Stalls:  0
[BOT:50006] Heartbeat - Sparse Mods Tracked: 2048
[HEARTBEAT] Node: 0 | Tick: 48841 | Conf: 48839 | Hash: 0x90D8F436 | Rollbacks: 14 (Resim:  14) | Stalls:  0
[HEARTBEAT] Node: 0 | Tick: 48901 | Conf: 48899 | Hash: 0x05BD6327 | Rollbacks:  1 (Resim:   1) | Stalls:  0
[HEARTBEAT] Node: 0 | Tick: 48961 | Conf: 48959 | Hash: 0x52BFB1BE | Rollbacks:  0 (Resim:   0) | Stalls:  0
[HEARTBEAT] Node: 0 | Tick: 49021 | Conf: 49019 | Hash: 0x137C68D4 | Rollbacks: 22 (Resim:  22) | Stalls:  0
[HEARTBEAT] Node: 0 | Tick: 49081 | Conf: 49079 | Hash: 0x530167C2 | Rollbacks:  5 (Resim:   5) | Stalls:  0
[HEARTBEAT] Node: 0 | Tick: 49141 | Conf: 49139 | Hash: 0x3265705F | Rollbacks: 12 (Resim:  12) | Stalls:  0
[HEARTBEAT] Node: 0 | Tick: 49201 | Conf: 49199 | Hash: 0x4B3811A5 | Rollbacks: 13 (Resim:  13) | Stalls:  0
[HEARTBEAT] Node: 0 | Tick: 49261 | Conf: 49259 | Hash: 0x678E2922 | Rollbacks: 12 (Resim:  12) | Stalls:  0
[HEARTBEAT] Node: 0 | Tick: 49321 | Conf: 49319 | Hash: 0xA8EF37FF | Rollbacks:  0 (Resim:   0) | Stalls:  0
[BOT:50006] Heartbeat - Sparse Mods Tracked: 2048
[HEARTBEAT] Node: 0 | Tick: 49381 | Conf: 49379 | Hash: 0x408883DF | Rollbacks: 11 (Resim:  11) | Stalls:  0
[HEARTBEAT] Node: 0 | Tick: 49441 | Conf: 49439 | Hash: 0xD2F9CE8B | Rollbacks:  1 (Resim:   1) | Stalls:  0
[HEARTBEAT] Node: 0 | Tick: 49501 | Conf: 49499 | Hash: 0xF1F22AFA | Rollbacks:  4 (Resim:   4) | Stalls:  0
[HEARTBEAT] Node: 0 | Tick: 49561 | Conf: 49559 | Hash: 0x06A8C004 | Rollbacks: 15 (Resim:  15) | Stalls:  0
[HEARTBEAT] Node: 0 | Tick: 49621 | Conf: 49619 | Hash: 0xD6492227 | Rollbacks:  2 (Resim:   2) | Stalls:  0
[HEARTBEAT] Node: 0 | Tick: 49681 | Conf: 49679 | Hash: 0x73A6F66B | Rollbacks: 26 (Resim:  26) | Stalls:  0
[HEARTBEAT] Node: 0 | Tick: 49741 | Conf: 49739 | Hash: 0xEBA82ED4 | Rollbacks:  3 (Resim:   3) | Stalls:  0
[HEARTBEAT] Node: 0 | Tick: 49801 | Conf: 49799 | Hash: 0xEBA663AB | Rollbacks: 21 (Resim:  22) | Stalls:  0
[HEARTBEAT] Node: 0 | Tick: 49861 | Conf: 49859 | Hash: 0x520BC394 | Rollbacks:  1 (Resim:   1) | Stalls:  0
[HEARTBEAT] Node: 0 | Tick: 49921 | Conf: 49919 | Hash: 0x0BD7D868 | Rollbacks: 18 (Resim:  18) | Stalls:  0
[BOT:50006] Heartbeat - Sparse Mods Tracked: 2048
[HEARTBEAT] Node: 0 | Tick: 49981 | Conf: 49979 | Hash: 0x105E41C5 | Rollbacks: 20 (Resim:  20) | Stalls:  0
[HEARTBEAT] Node: 0 | Tick: 50041 | Conf: 50039 | Hash: 0xE458EC54 | Rollbacks:  5 (Resim:   5) | Stalls:  0
[HEARTBEAT] Node: 0 | Tick: 50101 | Conf: 50099 | Hash: 0xF2189867 | Rollbacks:  0 (Resim:   0) | Stalls:  0
[HEARTBEAT] Node: 0 | Tick: 50161 | Conf: 50159 | Hash: 0x5979EEAA | Rollbacks:  6 (Resim:   6) | Stalls:  0
[HEARTBEAT] Node: 0 | Tick: 50221 | Conf: 50219 | Hash: 0x1C33F111 | Rollbacks: 18 (Resim:  18) | Stalls:  0
[HEARTBEAT] Node: 0 | Tick: 50281 | Conf: 50279 | Hash: 0x78A4F44C | Rollbacks: 10 (Resim:  10) | Stalls:  0
[HEARTBEAT] Node: 0 | Tick: 50341 | Conf: 50339 | Hash: 0x290F2D22 | Rollbacks:  0 (Resim:   0) | Stalls:  0
[HEARTBEAT] Node: 0 | Tick: 50401 | Conf: 50399 | Hash: 0xB76B9F48 | Rollbacks: 17 (Resim:  17) | Stalls:  0
[HEARTBEAT] Node: 0 | Tick: 50461 | Conf: 50459 | Hash: 0x4FC7096F | Rollbacks:  1 (Resim:   1) | Stalls:  0
[HEARTBEAT] Node: 0 | Tick: 50521 | Conf: 50519 | Hash: 0x2DE638A4 | Rollbacks: 20 (Resim:  20) | Stalls:  0
[BOT:50006] Heartbeat - Sparse Mods Tracked: 2048
[HEARTBEAT] Node: 0 | Tick: 50581 | Conf: 50579 | Hash: 0x8D4BFB81 | Rollbacks: 10 (Resim:  10) | Stalls:  0
[HEARTBEAT] Node: 0 | Tick: 50641 | Conf: 50639 | Hash: 0xBDB97AFC | Rollbacks:  0 (Resim:   0) | Stalls:  0
[HEARTBEAT] Node: 0 | Tick: 50701 | Conf: 50699 | Hash: 0x62EE48DE | Rollbacks: 25 (Resim:  25) | Stalls:  0
[HEARTBEAT] Node: 0 | Tick: 50761 | Conf: 50759 | Hash: 0xA3EB9FDA | Rollbacks:  2 (Resim:   2) | Stalls:  0
[HEARTBEAT] Node: 0 | Tick: 50821 | Conf: 50819 | Hash: 0x3954B5A7 | Rollbacks:  6 (Resim:   6) | Stalls:  0
[HEARTBEAT] Node: 0 | Tick: 50881 | Conf: 50879 | Hash: 0x856CA9E4 | Rollbacks: 19 (Resim:  19) | Stalls:  0
[HEARTBEAT] Node: 0 | Tick: 50941 | Conf: 50939 | Hash: 0x00926462 | Rollbacks:  4 (Resim:   4) | Stalls:  0
[HEARTBEAT] Node: 0 | Tick: 51001 | Conf: 50999 | Hash: 0x1B79B5A3 | Rollbacks: 11 (Resim:  11) | Stalls:  0
[HEARTBEAT] Node: 0 | Tick: 51061 | Conf: 51059 | Hash: 0x2A566A42 | Rollbacks: 30 (Resim:  31) | Stalls:  0
[HEARTBEAT] Node: 0 | Tick: 51121 | Conf: 51119 | Hash: 0xFC59CE19 | Rollbacks: 30 (Resim:  30) | Stalls:  0
[BOT:50006] Heartbeat - Sparse Mods Tracked: 2048
[HEARTBEAT] Node: 0 | Tick: 51181 | Conf: 51179 | Hash: 0xA311E208 | Rollbacks:  5 (Resim:   5) | Stalls:  0
[HEARTBEAT] Node: 0 | Tick: 51241 | Conf: 51239 | Hash: 0x01AA4336 | Rollbacks:  0 (Resim:   0) | Stalls:  0
[HEARTBEAT] Node: 0 | Tick: 51301 | Conf: 51299 | Hash: 0x569D5CFD | Rollbacks: 21 (Resim:  21) | Stalls:  0
[HEARTBEAT] Node: 0 | Tick: 51361 | Conf: 51359 | Hash: 0xFF4A3FCE | Rollbacks:  0 (Resim:   0) | Stalls:  0
[HEARTBEAT] Node: 0 | Tick: 51421 | Conf: 51419 | Hash: 0xB4983B42 | Rollbacks: 10 (Resim:  10) | Stalls:  0
[HEARTBEAT] Node: 0 | Tick: 51481 | Conf: 51479 | Hash: 0x9F1B60E7 | Rollbacks:  0 (Resim:   0) | Stalls:  0
[HEARTBEAT] Node: 0 | Tick: 51541 | Conf: 51539 | Hash: 0x41632B85 | Rollbacks:  0 (Resim:   0) | Stalls:  0
[HEARTBEAT] Node: 0 | Tick: 51601 | Conf: 51599 | Hash: 0x5BD0AC97 | Rollbacks: 22 (Resim:  22) | Stalls:  0
[HEARTBEAT] Node: 0 | Tick: 51661 | Conf: 51659 | Hash: 0x6A6F1DA7 | Rollbacks: 13 (Resim:  13) | Stalls:  0
[HEARTBEAT] Node: 0 | Tick: 51721 | Conf: 51719 | Hash: 0xB9E7588F | Rollbacks:  0 (Resim:   0) | Stalls:  0
[BOT:50006] Heartbeat - Sparse Mods Tracked: 2048
[HEARTBEAT] Node: 0 | Tick: 51781 | Conf: 51779 | Hash: 0x491ADA50 | Rollbacks: 13 (Resim:  13) | Stalls:  0
[HEARTBEAT] Node: 0 | Tick: 51841 | Conf: 51839 | Hash: 0xAECA7A8C | Rollbacks: 14 (Resim:  14) | Stalls:  0
[HEARTBEAT] Node: 0 | Tick: 51901 | Conf: 51899 | Hash: 0x41A9C01C | Rollbacks:  5 (Resim:   5) | Stalls:  0
[HEARTBEAT] Node: 0 | Tick: 51961 | Conf: 51959 | Hash: 0x75802169 | Rollbacks: 21 (Resim:  21) | Stalls:  0
[HEARTBEAT] Node: 0 | Tick: 52021 | Conf: 52019 | Hash: 0xBFDCB6FD | Rollbacks:  9 (Resim:   9) | Stalls:  0
[HEARTBEAT] Node: 0 | Tick: 52081 | Conf: 52079 | Hash: 0x7BBDB399 | Rollbacks: 10 (Resim:  10) | Stalls:  0
[HEARTBEAT] Node: 0 | Tick: 52141 | Conf: 52139 | Hash: 0x601399FA | Rollbacks: 23 (Resim:  23) | Stalls:  0
[HEARTBEAT] Node: 0 | Tick: 52201 | Conf: 52199 | Hash: 0x745B28D5 | Rollbacks: 12 (Resim:  12) | Stalls:  0
[HEARTBEAT] Node: 0 | Tick: 52261 | Conf: 52259 | Hash: 0x7FC4A6B2 | Rollbacks:  0 (Resim:   0) | Stalls:  0
[HEARTBEAT] Node: 0 | Tick: 52321 | Conf: 52319 | Hash: 0xF9C1F4C8 | Rollbacks: 19 (Resim:  20) | Stalls:  0
[BOT:50006] Heartbeat - Sparse Mods Tracked: 2048
[HEARTBEAT] Node: 0 | Tick: 52381 | Conf: 52379 | Hash: 0x3B390AE6 | Rollbacks:  5 (Resim:   5) | Stalls:  0
[HEARTBEAT] Node: 0 | Tick: 52441 | Conf: 52439 | Hash: 0xF895CB0C | Rollbacks: 19 (Resim:  19) | Stalls:  0
[HEARTBEAT] Node: 0 | Tick: 52501 | Conf: 52499 | Hash: 0xC4F55D5E | Rollbacks: 12 (Resim:  12) | Stalls:  0
[HEARTBEAT] Node: 0 | Tick: 52561 | Conf: 52559 | Hash: 0x9A9E22B1 | Rollbacks: 16 (Resim:  16) | Stalls:  0
[HEARTBEAT] Node: 0 | Tick: 52621 | Conf: 52619 | Hash: 0x3B05DAD4 | Rollbacks:  0 (Resim:   0) | Stalls:  0
[HEARTBEAT] Node: 0 | Tick: 52681 | Conf: 52679 | Hash: 0x666E05FE | Rollbacks:  3 (Resim:   3) | Stalls:  0
[HEARTBEAT] Node: 0 | Tick: 52741 | Conf: 52739 | Hash: 0x6416BDC1 | Rollbacks: 16 (Resim:  16) | Stalls:  0
[HEARTBEAT] Node: 0 | Tick: 52801 | Conf: 52799 | Hash: 0x70954478 | Rollbacks:  8 (Resim:   8) | Stalls:  0
[HEARTBEAT] Node: 0 | Tick: 52861 | Conf: 52859 | Hash: 0x0384FD11 | Rollbacks:  0 (Resim:   0) | Stalls:  0
[BOT:50006] Heartbeat - Sparse Mods Tracked: 2048
[HEARTBEAT] Node: 0 | Tick: 52921 | Conf: 52919 | Hash: 0xFA7918E2 | Rollbacks:  0 (Resim:   0) | Stalls:  0
[HEARTBEAT] Node: 0 | Tick: 52981 | Conf: 52979 | Hash: 0xC81FDBC9 | Rollbacks:  0 (Resim:   0) | Stalls:  0
[HEARTBEAT] Node: 0 | Tick: 53041 | Conf: 53039 | Hash: 0x87C7EEBF | Rollbacks:  0 (Resim:   0) | Stalls:  0
[HEARTBEAT] Node: 0 | Tick: 53101 | Conf: 53099 | Hash: 0x5A81D3B2 | Rollbacks:  0 (Resim:   0) | Stalls:  0
[HEARTBEAT] Node: 0 | Tick: 53161 | Conf: 53159 | Hash: 0xCB941946 | Rollbacks:  0 (Resim:   0) | Stalls:  0
[HEARTBEAT] Node: 0 | Tick: 53221 | Conf: 53219 | Hash: 0x36B7EF32 | Rollbacks: 20 (Resim:  20) | Stalls:  0
[HEARTBEAT] Node: 0 | Tick: 53281 | Conf: 53279 | Hash: 0x4C4D8629 | Rollbacks:  7 (Resim:   7) | Stalls:  0
[HEARTBEAT] Node: 0 | Tick: 53341 | Conf: 53339 | Hash: 0x6DAA5F82 | Rollbacks:  1 (Resim:   1) | Stalls:  0
[HEARTBEAT] Node: 0 | Tick: 53401 | Conf: 53399 | Hash: 0xF6E0AE3C | Rollbacks: 26 (Resim:  26) | Stalls:  0
[HEARTBEAT] Node: 0 | Tick: 53461 | Conf: 53459 | Hash: 0xC55E9E01 | Rollbacks:  0 (Resim:   0) | Stalls:  0
[BOT:50006] Heartbeat - Sparse Mods Tracked: 2048
[HEARTBEAT] Node: 0 | Tick: 53521 | Conf: 53519 | Hash: 0x2245C6D7 | Rollbacks: 13 (Resim:  13) | Stalls:  0
[HEARTBEAT] Node: 0 | Tick: 53581 | Conf: 53579 | Hash: 0x7D9FD960 | Rollbacks: 22 (Resim:  22) | Stalls:  0
[HEARTBEAT] Node: 0 | Tick: 53641 | Conf: 53639 | Hash: 0x8E38ADAA | Rollbacks:  9 (Resim:   9) | Stalls:  0
[HEARTBEAT] Node: 0 | Tick: 53701 | Conf: 53699 | Hash: 0x8C2F0AD4 | Rollbacks: 10 (Resim:  10) | Stalls:  0
[HEARTBEAT] Node: 0 | Tick: 53761 | Conf: 53759 | Hash: 0xC54BA314 | Rollbacks:  6 (Resim:   6) | Stalls:  0
[HEARTBEAT] Node: 0 | Tick: 53821 | Conf: 53819 | Hash: 0x4A2935B3 | Rollbacks:  5 (Resim:   5) | Stalls:  0
[HEARTBEAT] Node: 0 | Tick: 53881 | Conf: 53879 | Hash: 0x4D0706A2 | Rollbacks:  0 (Resim:   0) | Stalls:  0
[HEARTBEAT] Node: 0 | Tick: 53941 | Conf: 53939 | Hash: 0x4F8B82D4 | Rollbacks: 28 (Resim:  28) | Stalls:  0
[HEARTBEAT] Node: 0 | Tick: 54001 | Conf: 53999 | Hash: 0x223B8538 | Rollbacks: 23 (Resim:  23) | Stalls:  0
[HEARTBEAT] Node: 0 | Tick: 54061 | Conf: 54059 | Hash: 0x651AFFEF | Rollbacks: 17 (Resim:  17) | Stalls:  0
[BOT:50006] Heartbeat - Sparse Mods Tracked: 2048
[HEARTBEAT] Node: 0 | Tick: 54121 | Conf: 54119 | Hash: 0x110B2340 | Rollbacks: 12 (Resim:  12) | Stalls:  0
[HEARTBEAT] Node: 0 | Tick: 54181 | Conf: 54179 | Hash: 0x42DF0F5F | Rollbacks: 22 (Resim:  22) | Stalls:  0
[HEARTBEAT] Node: 0 | Tick: 54241 | Conf: 54239 | Hash: 0x603ED8F6 | Rollbacks:  1 (Resim:   1) | Stalls:  0
[HEARTBEAT] Node: 0 | Tick: 54301 | Conf: 54299 | Hash: 0x21D89A1D | Rollbacks: 10 (Resim:  10) | Stalls:  0
[HEARTBEAT] Node: 0 | Tick: 54361 | Conf: 54359 | Hash: 0x560B1B89 | Rollbacks:  9 (Resim:   9) | Stalls:  0
[HEARTBEAT] Node: 0 | Tick: 54421 | Conf: 54419 | Hash: 0x79717AFA | Rollbacks:  0 (Resim:   0) | Stalls:  0
[HEARTBEAT] Node: 0 | Tick: 54481 | Conf: 54479 | Hash: 0x7B9DCDE6 | Rollbacks: 23 (Resim:  23) | Stalls:  0
[HEARTBEAT] Node: 0 | Tick: 54541 | Conf: 54539 | Hash: 0xD119DE80 | Rollbacks: 24 (Resim:  25) | Stalls:  0
[HEARTBEAT] Node: 0 | Tick: 54601 | Conf: 54599 | Hash: 0x075EBBC0 | Rollbacks: 15 (Resim:  15) | Stalls:  0
[HEARTBEAT] Node: 0 | Tick: 54661 | Conf: 54659 | Hash: 0x3083D084 | Rollbacks:  7 (Resim:   7) | Stalls:  0
[BOT:50006] Heartbeat - Sparse Mods Tracked: 2048
[HEARTBEAT] Node: 0 | Tick: 54721 | Conf: 54719 | Hash: 0x217ED20C | Rollbacks:  0 (Resim:   0) | Stalls:  0
[HEARTBEAT] Node: 0 | Tick: 54781 | Conf: 54779 | Hash: 0x2BFBECBA | Rollbacks: 14 (Resim:  14) | Stalls:  0
[HEARTBEAT] Node: 0 | Tick: 54841 | Conf: 54839 | Hash: 0x52F3857A | Rollbacks: 11 (Resim:  11) | Stalls:  0
[HEARTBEAT] Node: 0 | Tick: 54901 | Conf: 54899 | Hash: 0xAE992782 | Rollbacks:  0 (Resim:   0) | Stalls:  0
[HEARTBEAT] Node: 0 | Tick: 54961 | Conf: 54959 | Hash: 0xF1848B6C | Rollbacks:  9 (Resim:   9) | Stalls:  0
[HEARTBEAT] Node: 0 | Tick: 55021 | Conf: 55019 | Hash: 0xDC858F9D | Rollbacks:  8 (Resim:   8) | Stalls:  0
[HEARTBEAT] Node: 0 | Tick: 55081 | Conf: 55079 | Hash: 0xB7902D7D | Rollbacks:  4 (Resim:   4) | Stalls:  0
[HEARTBEAT] Node: 0 | Tick: 55141 | Conf: 55139 | Hash: 0xD69528DC | Rollbacks:  1 (Resim:   1) | Stalls:  0
[HEARTBEAT] Node: 0 | Tick: 55201 | Conf: 55199 | Hash: 0x73C8C824 | Rollbacks:  1 (Resim:   1) | Stalls:  0
[HEARTBEAT] Node: 0 | Tick: 55261 | Conf: 55259 | Hash: 0xD28524DE | Rollbacks: 12 (Resim:  12) | Stalls:  0
[BOT:50006] Heartbeat - Sparse Mods Tracked: 2048
[HEARTBEAT] Node: 0 | Tick: 55321 | Conf: 55319 | Hash: 0x16C1BFB8 | Rollbacks: 11 (Resim:  11) | Stalls:  0
[HEARTBEAT] Node: 0 | Tick: 55381 | Conf: 55379 | Hash: 0x84518FEB | Rollbacks: 19 (Resim:  19) | Stalls:  0
[HEARTBEAT] Node: 0 | Tick: 55441 | Conf: 55439 | Hash: 0x6C9BC845 | Rollbacks:  0 (Resim:   0) | Stalls:  0
[HEARTBEAT] Node: 0 | Tick: 55501 | Conf: 55499 | Hash: 0x0CA503B8 | Rollbacks:  5 (Resim:   5) | Stalls:  0
[HEARTBEAT] Node: 0 | Tick: 55561 | Conf: 55559 | Hash: 0x44B36908 | Rollbacks:  0 (Resim:   0) | Stalls:  0
[HEARTBEAT] Node: 0 | Tick: 55621 | Conf: 55619 | Hash: 0xE43D20AA | Rollbacks:  5 (Resim:   5) | Stalls:  0
[HEARTBEAT] Node: 0 | Tick: 55681 | Conf: 55679 | Hash: 0xF6B22052 | Rollbacks:  0 (Resim:   0) | Stalls:  0
[HEARTBEAT] Node: 0 | Tick: 55741 | Conf: 55739 | Hash: 0x3E7C773B | Rollbacks: 19 (Resim:  19) | Stalls:  0
[HEARTBEAT] Node: 0 | Tick: 55801 | Conf: 55799 | Hash: 0x177B1738 | Rollbacks:  0 (Resim:   0) | Stalls:  0
[HEARTBEAT] Node: 0 | Tick: 55861 | Conf: 55859 | Hash: 0x1E8B1B94 | Rollbacks:  6 (Resim:   6) | Stalls:  0
[BOT:50006] Heartbeat - Sparse Mods Tracked: 2048
[HEARTBEAT] Node: 0 | Tick: 55921 | Conf: 55919 | Hash: 0xD9C8F211 | Rollbacks:  3 (Resim:   3) | Stalls:  0
[HEARTBEAT] Node: 0 | Tick: 55981 | Conf: 55979 | Hash: 0xFA96E903 | Rollbacks: 32 (Resim:  32) | Stalls:  0
[HEARTBEAT] Node: 0 | Tick: 56041 | Conf: 56039 | Hash: 0xB3456119 | Rollbacks:  7 (Resim:   7) | Stalls:  0
[HEARTBEAT] Node: 0 | Tick: 56101 | Conf: 56099 | Hash: 0xBCB04EF0 | Rollbacks:  0 (Resim:   0) | Stalls:  0
[HEARTBEAT] Node: 0 | Tick: 56161 | Conf: 56159 | Hash: 0xF04D18D2 | Rollbacks: 36 (Resim:  36) | Stalls:  0
[HEARTBEAT] Node: 0 | Tick: 56221 | Conf: 56219 | Hash: 0x7666CA75 | Rollbacks:  9 (Resim:   9) | Stalls:  0
[HEARTBEAT] Node: 0 | Tick: 56281 | Conf: 56279 | Hash: 0x904056E5 | Rollbacks:  0 (Resim:   0) | Stalls:  0
[HEARTBEAT] Node: 0 | Tick: 56341 | Conf: 56339 | Hash: 0x201A667C | Rollbacks: 20 (Resim:  20) | Stalls:  0
[HEARTBEAT] Node: 0 | Tick: 56401 | Conf: 56399 | Hash: 0xBB5E5B57 | Rollbacks:  6 (Resim:   6) | Stalls:  0
[BOT:50006] Heartbeat - Sparse Mods Tracked: 2048
[HEARTBEAT] Node: 0 | Tick: 56461 | Conf: 56459 | Hash: 0xB63E0108 | Rollbacks: 19 (Resim:  20) | Stalls:  0
[HEARTBEAT] Node: 0 | Tick: 56521 | Conf: 56519 | Hash: 0xEB26F671 | Rollbacks:  0 (Resim:   0) | Stalls:  0
[HEARTBEAT] Node: 0 | Tick: 56581 | Conf: 56579 | Hash: 0x4FA6E63F | Rollbacks:  7 (Resim:   7) | Stalls:  0
[HEARTBEAT] Node: 0 | Tick: 56641 | Conf: 56639 | Hash: 0xBEC9EC9B | Rollbacks:  0 (Resim:   0) | Stalls:  0
[HEARTBEAT] Node: 0 | Tick: 56701 | Conf: 56699 | Hash: 0x7F523857 | Rollbacks:  4 (Resim:   4) | Stalls:  0
[HEARTBEAT] Node: 0 | Tick: 56761 | Conf: 56759 | Hash: 0xDDC456DD | Rollbacks:  7 (Resim:   7) | Stalls:  0
[HEARTBEAT] Node: 0 | Tick: 56821 | Conf: 56819 | Hash: 0x7CB6ACE0 | Rollbacks: 16 (Resim:  16) | Stalls:  0
[HEARTBEAT] Node: 0 | Tick: 56881 | Conf: 56879 | Hash: 0x430F232A | Rollbacks:  4 (Resim:   4) | Stalls:  0
[HEARTBEAT] Node: 0 | Tick: 56941 | Conf: 56939 | Hash: 0xC5294882 | Rollbacks: 28 (Resim:  28) | Stalls:  0
[HEARTBEAT] Node: 0 | Tick: 57001 | Conf: 56999 | Hash: 0x3A83D6B4 | Rollbacks: 21 (Resim:  21) | Stalls:  0
[BOT:50006] Heartbeat - Sparse Mods Tracked: 2048
[HEARTBEAT] Node: 0 | Tick: 57061 | Conf: 57059 | Hash: 0x78BBA669 | Rollbacks:  2 (Resim:   2) | Stalls:  0
[HEARTBEAT] Node: 0 | Tick: 57121 | Conf: 57119 | Hash: 0xDAEE73B0 | Rollbacks:  0 (Resim:   0) | Stalls:  0
[HEARTBEAT] Node: 0 | Tick: 57181 | Conf: 57179 | Hash: 0x3F16F370 | Rollbacks: 17 (Resim:  17) | Stalls:  0
[HEARTBEAT] Node: 0 | Tick: 57241 | Conf: 57239 | Hash: 0x25F4E726 | Rollbacks:  0 (Resim:   0) | Stalls:  0
[HEARTBEAT] Node: 0 | Tick: 57301 | Conf: 57299 | Hash: 0x7DACF3CF | Rollbacks:  0 (Resim:   0) | Stalls:  0
[HEARTBEAT] Node: 0 | Tick: 57361 | Conf: 57359 | Hash: 0xF084730C | Rollbacks:  3 (Resim:   3) | Stalls:  0
[HEARTBEAT] Node: 0 | Tick: 57421 | Conf: 57419 | Hash: 0xB34E13E5 | Rollbacks:  3 (Resim:   3) | Stalls:  0
[HEARTBEAT] Node: 0 | Tick: 57481 | Conf: 57479 | Hash: 0x3993048C | Rollbacks:  0 (Resim:   0) | Stalls:  0
[HEARTBEAT] Node: 0 | Tick: 57541 | Conf: 57539 | Hash: 0x7244B528 | Rollbacks:  4 (Resim:   4) | Stalls:  0
[HEARTBEAT] Node: 0 | Tick: 57601 | Conf: 57599 | Hash: 0x5D032CBB | Rollbacks: 21 (Resim:  21) | Stalls:  0
[BOT:50006] Heartbeat - Sparse Mods Tracked: 2048
[HEARTBEAT] Node: 0 | Tick: 57661 | Conf: 57659 | Hash: 0x05BE8897 | Rollbacks:  0 (Resim:   0) | Stalls:  0
[HEARTBEAT] Node: 0 | Tick: 57721 | Conf: 57719 | Hash: 0x96F11416 | Rollbacks:  0 (Resim:   0) | Stalls:  0
[HEARTBEAT] Node: 0 | Tick: 57781 | Conf: 57779 | Hash: 0x85F92A82 | Rollbacks: 16 (Resim:  16) | Stalls:  0
[HEARTBEAT] Node: 0 | Tick: 57841 | Conf: 57839 | Hash: 0xA785D64D | Rollbacks: 11 (Resim:  11) | Stalls:  0
[HEARTBEAT] Node: 0 | Tick: 57901 | Conf: 57899 | Hash: 0x615426B2 | Rollbacks: 16 (Resim:  16) | Stalls:  0
[HEARTBEAT] Node: 0 | Tick: 57961 | Conf: 57959 | Hash: 0x7B47D42E | Rollbacks: 17 (Resim:  17) | Stalls:  0
[HEARTBEAT] Node: 0 | Tick: 58021 | Conf: 58019 | Hash: 0xB053ACEE | Rollbacks:  9 (Resim:   9) | Stalls:  0
[HEARTBEAT] Node: 0 | Tick: 58081 | Conf: 58079 | Hash: 0xBBD0C373 | Rollbacks: 23 (Resim:  23) | Stalls:  0
[HEARTBEAT] Node: 0 | Tick: 58141 | Conf: 58139 | Hash: 0x433EDBB8 | Rollbacks:  0 (Resim:   0) | Stalls:  0
[HEARTBEAT] Node: 0 | Tick: 58201 | Conf: 58199 | Hash: 0xE8377BCF | Rollbacks:  0 (Resim:   0) | Stalls:  0
[BOT:50006] Heartbeat - Sparse Mods Tracked: 2048
[HEARTBEAT] Node: 0 | Tick: 58261 | Conf: 58259 | Hash: 0xDE427796 | Rollbacks: 15 (Resim:  15) | Stalls:  0
[HEARTBEAT] Node: 0 | Tick: 58321 | Conf: 58319 | Hash: 0x6CF846D8 | Rollbacks:  3 (Resim:   3) | Stalls:  0
[HEARTBEAT] Node: 0 | Tick: 58381 | Conf: 58379 | Hash: 0xD8D73510 | Rollbacks:  8 (Resim:   8) | Stalls:  0
[HEARTBEAT] Node: 0 | Tick: 58441 | Conf: 58439 | Hash: 0x6B8E17AB | Rollbacks:  0 (Resim:   0) | Stalls:  0
[HEARTBEAT] Node: 0 | Tick: 58501 | Conf: 58499 | Hash: 0xC1065D54 | Rollbacks: 13 (Resim:  13) | Stalls:  0
[HEARTBEAT] Node: 0 | Tick: 58561 | Conf: 58559 | Hash: 0x49638D06 | Rollbacks:  8 (Resim:   8) | Stalls:  0
[HEARTBEAT] Node: 0 | Tick: 58621 | Conf: 58619 | Hash: 0x0676C17E | Rollbacks: 22 (Resim:  22) | Stalls:  0
[HEARTBEAT] Node: 0 | Tick: 58681 | Conf: 58679 | Hash: 0xF3250070 | Rollbacks:  3 (Resim:   3) | Stalls:  0
[HEARTBEAT] Node: 0 | Tick: 58741 | Conf: 58739 | Hash: 0x41FA9AA2 | Rollbacks: 21 (Resim:  21) | Stalls:  0
[HEARTBEAT] Node: 0 | Tick: 58801 | Conf: 58799 | Hash: 0x9303D009 | Rollbacks: 12 (Resim:  12) | Stalls:  0
[BOT:50006] Heartbeat - Sparse Mods Tracked: 2048
[HEARTBEAT] Node: 0 | Tick: 58861 | Conf: 58859 | Hash: 0x870F2128 | Rollbacks:  0 (Resim:   0) | Stalls:  0
[HEARTBEAT] Node: 0 | Tick: 58921 | Conf: 58919 | Hash: 0x7F8A770D | Rollbacks:  2 (Resim:   2) | Stalls:  0
[HEARTBEAT] Node: 0 | Tick: 58981 | Conf: 58979 | Hash: 0x0EC9E95C | Rollbacks: 15 (Resim:  15) | Stalls:  0
[HEARTBEAT] Node: 0 | Tick: 59041 | Conf: 59039 | Hash: 0xA48EB1E3 | Rollbacks:  0 (Resim:   0) | Stalls:  0
[HEARTBEAT] Node: 0 | Tick: 59101 | Conf: 59099 | Hash: 0xB665AC60 | Rollbacks: 14 (Resim:  14) | Stalls:  0
[HEARTBEAT] Node: 0 | Tick: 59161 | Conf: 59159 | Hash: 0xEDD8EE02 | Rollbacks: 12 (Resim:  12) | Stalls:  0
[HEARTBEAT] Node: 0 | Tick: 59221 | Conf: 59219 | Hash: 0xF13C2943 | Rollbacks:  0 (Resim:   0) | Stalls:  0
[HEARTBEAT] Node: 0 | Tick: 59281 | Conf: 59279 | Hash: 0x1BE630C5 | Rollbacks:  0 (Resim:   0) | Stalls:  0
[HEARTBEAT] Node: 0 | Tick: 59341 | Conf: 59339 | Hash: 0x408F484F | Rollbacks: 18 (Resim:  18) | Stalls:  0
[BOT:50006] Heartbeat - Sparse Mods Tracked: 2048
[HEARTBEAT] Node: 0 | Tick: 59401 | Conf: 59399 | Hash: 0x2CF2C84D | Rollbacks:  0 (Resim:   0) | Stalls:  0
[HEARTBEAT] Node: 0 | Tick: 59461 | Conf: 59459 | Hash: 0xDE80BF87 | Rollbacks: 22 (Resim:  22) | Stalls:  0
[HEARTBEAT] Node: 0 | Tick: 59521 | Conf: 59519 | Hash: 0xC1F830FE | Rollbacks:  3 (Resim:   3) | Stalls:  0
[HEARTBEAT] Node: 0 | Tick: 59581 | Conf: 59579 | Hash: 0x02536B3C | Rollbacks:  0 (Resim:   0) | Stalls:  0
[HEARTBEAT] Node: 0 | Tick: 59641 | Conf: 59639 | Hash: 0x1201E588 | Rollbacks: 24 (Resim:  24) | Stalls:  0
[HEARTBEAT] Node: 0 | Tick: 59701 | Conf: 59699 | Hash: 0xB33EED6C | Rollbacks: 13 (Resim:  13) | Stalls:  0
[HEARTBEAT] Node: 0 | Tick: 59761 | Conf: 59759 | Hash: 0x8DEE73F0 | Rollbacks:  0 (Resim:   0) | Stalls:  0
[HEARTBEAT] Node: 0 | Tick: 59821 | Conf: 59819 | Hash: 0x99223A61 | Rollbacks:  0 (Resim:   0) | Stalls:  0
[HEARTBEAT] Node: 0 | Tick: 59881 | Conf: 59879 | Hash: 0x8BA4EF37 | Rollbacks: 12 (Resim:  12) | Stalls:  0
[HEARTBEAT] Node: 0 | Tick: 59941 | Conf: 59939 | Hash: 0xF8B46CEC | Rollbacks:  0 (Resim:   0) | Stalls:  0
[BOT:50006] Heartbeat - Sparse Mods Tracked: 2048
[HEARTBEAT] Node: 0 | Tick: 60001 | Conf: 59999 | Hash: 0xCB39F07E | Rollbacks: 16 (Resim:  16) | Stalls:  0
[HEARTBEAT] Node: 0 | Tick: 60061 | Conf: 60059 | Hash: 0x587CD283 | Rollbacks: 12 (Resim:  12) | Stalls:  0
[HEARTBEAT] Node: 0 | Tick: 60121 | Conf: 60119 | Hash: 0xCBB74918 | Rollbacks:  0 (Resim:   0) | Stalls:  0
[HEARTBEAT] Node: 0 | Tick: 60181 | Conf: 60179 | Hash: 0x4E47B491 | Rollbacks:  0 (Resim:   0) | Stalls:  0
[HEARTBEAT] Node: 0 | Tick: 60241 | Conf: 60239 | Hash: 0x24D7233F | Rollbacks:  1 (Resim:   1) | Stalls:  0
[HEARTBEAT] Node: 0 | Tick: 60301 | Conf: 60299 | Hash: 0x9A2537E9 | Rollbacks:  6 (Resim:   6) | Stalls:  0
[HEARTBEAT] Node: 0 | Tick: 60361 | Conf: 60359 | Hash: 0xC6A5C098 | Rollbacks:  0 (Resim:   0) | Stalls:  0
[HEARTBEAT] Node: 0 | Tick: 60421 | Conf: 60419 | Hash: 0x5D1477B1 | Rollbacks: 22 (Resim:  22) | Stalls:  0
[HEARTBEAT] Node: 0 | Tick: 60481 | Conf: 60479 | Hash: 0xF0572C7C | Rollbacks:  6 (Resim:   6) | Stalls:  0
[HEARTBEAT] Node: 0 | Tick: 60541 | Conf: 60539 | Hash: 0x71CE7924 | Rollbacks:  7 (Resim:   7) | Stalls:  0
[BOT:50006] Heartbeat - Sparse Mods Tracked: 2048
[HEARTBEAT] Node: 0 | Tick: 60601 | Conf: 60599 | Hash: 0xB1F0BDA3 | Rollbacks:  0 (Resim:   0) | Stalls:  0
[HEARTBEAT] Node: 0 | Tick: 60661 | Conf: 60659 | Hash: 0x4D851D33 | Rollbacks: 22 (Resim:  22) | Stalls:  0
[HEARTBEAT] Node: 0 | Tick: 60721 | Conf: 60719 | Hash: 0x6389C6E1 | Rollbacks: 12 (Resim:  12) | Stalls:  0
[HEARTBEAT] Node: 0 | Tick: 60781 | Conf: 60779 | Hash: 0x4AB8C912 | Rollbacks: 18 (Resim:  18) | Stalls:  0
[HEARTBEAT] Node: 0 | Tick: 60841 | Conf: 60839 | Hash: 0x4D25E739 | Rollbacks: 11 (Resim:  11) | Stalls:  0
[HEARTBEAT] Node: 0 | Tick: 60901 | Conf: 60899 | Hash: 0x9A5ED707 | Rollbacks:  0 (Resim:   0) | Stalls:  0
[HEARTBEAT] Node: 0 | Tick: 60961 | Conf: 60959 | Hash: 0x713A27E9 | Rollbacks: 16 (Resim:  16) | Stalls:  0
[HEARTBEAT] Node: 0 | Tick: 61021 | Conf: 61019 | Hash: 0x51608E31 | Rollbacks: 25 (Resim:  25) | Stalls:  0
[HEARTBEAT] Node: 0 | Tick: 61081 | Conf: 61079 | Hash: 0x15F450AD | Rollbacks: 14 (Resim:  14) | Stalls:  0
[HEARTBEAT] Node: 0 | Tick: 61141 | Conf: 61139 | Hash: 0x1F9A31C6 | Rollbacks: 21 (Resim:  21) | Stalls:  0
[BOT:50006] Heartbeat - Sparse Mods Tracked: 2048
[HEARTBEAT] Node: 0 | Tick: 61201 | Conf: 61199 | Hash: 0x5D0916EF | Rollbacks:  2 (Resim:   2) | Stalls:  0
[HEARTBEAT] Node: 0 | Tick: 61261 | Conf: 61259 | Hash: 0x8BF2729D | Rollbacks:  0 (Resim:   0) | Stalls:  0
[HEARTBEAT] Node: 0 | Tick: 61321 | Conf: 61319 | Hash: 0xD50C7331 | Rollbacks: 15 (Resim:  15) | Stalls:  0
[HEARTBEAT] Node: 0 | Tick: 61381 | Conf: 61379 | Hash: 0xEC20D109 | Rollbacks:  7 (Resim:   7) | Stalls:  0
[HEARTBEAT] Node: 0 | Tick: 61441 | Conf: 61439 | Hash: 0xFD05B764 | Rollbacks:  4 (Resim:   4) | Stalls:  0
[HEARTBEAT] Node: 0 | Tick: 61501 | Conf: 61499 | Hash: 0xF2570782 | Rollbacks: 17 (Resim:  17) | Stalls:  0
[HEARTBEAT] Node: 0 | Tick: 61561 | Conf: 61559 | Hash: 0x5CE81F4F | Rollbacks: 14 (Resim:  14) | Stalls:  0
[HEARTBEAT] Node: 0 | Tick: 61621 | Conf: 61619 | Hash: 0xEDB04E91 | Rollbacks: 13 (Resim:  13) | Stalls:  0
[HEARTBEAT] Node: 0 | Tick: 61681 | Conf: 61679 | Hash: 0xDDEC3A15 | Rollbacks:  0 (Resim:   0) | Stalls:  0
[HEARTBEAT] Node: 0 | Tick: 61741 | Conf: 61739 | Hash: 0x063678A0 | Rollbacks: 12 (Resim:  12) | Stalls:  0
[BOT:50006] Heartbeat - Sparse Mods Tracked: 2048
[HEARTBEAT] Node: 0 | Tick: 61801 | Conf: 61799 | Hash: 0xB37CCE7C | Rollbacks:  4 (Resim:   4) | Stalls:  0
[HEARTBEAT] Node: 0 | Tick: 61861 | Conf: 61859 | Hash: 0xE97DF60C | Rollbacks: 15 (Resim:  16) | Stalls:  0
[HEARTBEAT] Node: 0 | Tick: 61921 | Conf: 61919 | Hash: 0xE95DC09F | Rollbacks:  3 (Resim:   3) | Stalls:  0
[HEARTBEAT] Node: 0 | Tick: 61981 | Conf: 61979 | Hash: 0x4AB949E5 | Rollbacks: 17 (Resim:  17) | Stalls:  0
[HEARTBEAT] Node: 0 | Tick: 62041 | Conf: 62039 | Hash: 0x5E3EFF74 | Rollbacks: 13 (Resim:  13) | Stalls:  0
[HEARTBEAT] Node: 0 | Tick: 62101 | Conf: 62099 | Hash: 0x7265E446 | Rollbacks:  2 (Resim:   2) | Stalls:  0
[HEARTBEAT] Node: 0 | Tick: 62161 | Conf: 62159 | Hash: 0xE6D98125 | Rollbacks:  0 (Resim:   0) | Stalls:  0
[HEARTBEAT] Node: 0 | Tick: 62221 | Conf: 62219 | Hash: 0xBD46D16A | Rollbacks: 19 (Resim:  19) | Stalls:  0
[HEARTBEAT] Node: 0 | Tick: 62281 | Conf: 62279 | Hash: 0x635D696B | Rollbacks:  3 (Resim:   3) | Stalls:  0
[HEARTBEAT] Node: 0 | Tick: 62341 | Conf: 62339 | Hash: 0xF2B15C9F | Rollbacks: 22 (Resim:  22) | Stalls:  0
[BOT:50006] Heartbeat - Sparse Mods Tracked: 2048
[HEARTBEAT] Node: 0 | Tick: 62401 | Conf: 62399 | Hash: 0xA03225DF | Rollbacks:  4 (Resim:   4) | Stalls:  0
[HEARTBEAT] Node: 0 | Tick: 62461 | Conf: 62459 | Hash: 0xD62CAE76 | Rollbacks:  0 (Resim:   0) | Stalls:  0
[HEARTBEAT] Node: 0 | Tick: 62521 | Conf: 62519 | Hash: 0xEA26B968 | Rollbacks: 23 (Resim:  23) | Stalls:  0
[HEARTBEAT] Node: 0 | Tick: 62581 | Conf: 62579 | Hash: 0x7F10FEFB | Rollbacks:  7 (Resim:   7) | Stalls:  0
[HEARTBEAT] Node: 0 | Tick: 62641 | Conf: 62639 | Hash: 0x07666DCD | Rollbacks: 12 (Resim:  12) | Stalls:  0
[HEARTBEAT] Node: 0 | Tick: 62701 | Conf: 62699 | Hash: 0x45569488 | Rollbacks: 11 (Resim:  11) | Stalls:  0
[HEARTBEAT] Node: 0 | Tick: 62761 | Conf: 62759 | Hash: 0xDD4D438D | Rollbacks:  0 (Resim:   0) | Stalls:  0
[HEARTBEAT] Node: 0 | Tick: 62821 | Conf: 62819 | Hash: 0x5347724F | Rollbacks:  0 (Resim:   0) | Stalls:  0
[HEARTBEAT] Node: 0 | Tick: 62881 | Conf: 62879 | Hash: 0xFA6BA37B | Rollbacks:  1 (Resim:   1) | Stalls:  0
[BOT:50006] Heartbeat - Sparse Mods Tracked: 2048
[HEARTBEAT] Node: 0 | Tick: 62941 | Conf: 62939 | Hash: 0x122A4A7E | Rollbacks:  0 (Resim:   0) | Stalls:  0
[HEARTBEAT] Node: 0 | Tick: 63001 | Conf: 62999 | Hash: 0x71E9C610 | Rollbacks: 10 (Resim:  10) | Stalls:  0
[HEARTBEAT] Node: 0 | Tick: 63061 | Conf: 63059 | Hash: 0xD91375BE | Rollbacks: 10 (Resim:  10) | Stalls:  0
[HEARTBEAT] Node: 0 | Tick: 63121 | Conf: 63119 | Hash: 0xCFE8CCC5 | Rollbacks:  0 (Resim:   0) | Stalls:  0
[HEARTBEAT] Node: 0 | Tick: 63181 | Conf: 63179 | Hash: 0xFD47DC32 | Rollbacks: 20 (Resim:  20) | Stalls:  0
[HEARTBEAT] Node: 0 | Tick: 63241 | Conf: 63239 | Hash: 0xC137A671 | Rollbacks:  5 (Resim:   5) | Stalls:  0
[HEARTBEAT] Node: 0 | Tick: 63301 | Conf: 63299 | Hash: 0xD2E14F30 | Rollbacks: 28 (Resim:  28) | Stalls:  0
[HEARTBEAT] Node: 0 | Tick: 63361 | Conf: 63359 | Hash: 0xD2A93B05 | Rollbacks:  5 (Resim:   5) | Stalls:  0
[HEARTBEAT] Node: 0 | Tick: 63421 | Conf: 63419 | Hash: 0x88C6A0AB | Rollbacks:  0 (Resim:   0) | Stalls:  0
[HEARTBEAT] Node: 0 | Tick: 63481 | Conf: 63479 | Hash: 0x423D8ABF | Rollbacks: 23 (Resim:  23) | Stalls:  0
[BOT:50006] Heartbeat - Sparse Mods Tracked: 2048
[HEARTBEAT] Node: 0 | Tick: 63541 | Conf: 63539 | Hash: 0x724856EF | Rollbacks:  4 (Resim:   4) | Stalls:  0
[HEARTBEAT] Node: 0 | Tick: 63601 | Conf: 63599 | Hash: 0x51214FD8 | Rollbacks: 14 (Resim:  14) | Stalls:  0
[HEARTBEAT] Node: 0 | Tick: 63661 | Conf: 63659 | Hash: 0xE86DF1FE | Rollbacks:  4 (Resim:   4) | Stalls:  0
[HEARTBEAT] Node: 0 | Tick: 63721 | Conf: 63719 | Hash: 0x39FB19BE | Rollbacks:  0 (Resim:   0) | Stalls:  0
[HEARTBEAT] Node: 0 | Tick: 63781 | Conf: 63779 | Hash: 0x97A424BC | Rollbacks: 17 (Resim:  17) | Stalls:  0
[HEARTBEAT] Node: 0 | Tick: 63841 | Conf: 63839 | Hash: 0xBAF77B43 | Rollbacks: 29 (Resim:  29) | Stalls:  0
[HEARTBEAT] Node: 0 | Tick: 63901 | Conf: 63899 | Hash: 0x717CCBE0 | Rollbacks: 15 (Resim:  15) | Stalls:  0
[HEARTBEAT] Node: 0 | Tick: 63961 | Conf: 63959 | Hash: 0x9DCB4159 | Rollbacks: 21 (Resim:  21) | Stalls:  0
[HEARTBEAT] Node: 0 | Tick: 64021 | Conf: 64019 | Hash: 0xC8E71899 | Rollbacks: 13 (Resim:  13) | Stalls:  0
[HEARTBEAT] Node: 0 | Tick: 64081 | Conf: 64079 | Hash: 0xD8BEC932 | Rollbacks:  0 (Resim:   0) | Stalls:  0
[BOT:50006] Heartbeat - Sparse Mods Tracked: 2048
[HEARTBEAT] Node: 0 | Tick: 64141 | Conf: 64139 | Hash: 0x034AC27F | Rollbacks:  4 (Resim:   4) | Stalls:  0
[HEARTBEAT] Node: 0 | Tick: 64201 | Conf: 64199 | Hash: 0x7594B0F9 | Rollbacks:  2 (Resim:   2) | Stalls:  0
[HEARTBEAT] Node: 0 | Tick: 64261 | Conf: 64259 | Hash: 0x7F0A61A5 | Rollbacks: 15 (Resim:  15) | Stalls:  0
[HEARTBEAT] Node: 0 | Tick: 64321 | Conf: 64319 | Hash: 0x2D2CA15A | Rollbacks:  9 (Resim:   9) | Stalls:  0
[HEARTBEAT] Node: 0 | Tick: 64381 | Conf: 64379 | Hash: 0x46E8A848 | Rollbacks:  0 (Resim:   0) | Stalls:  0
[HEARTBEAT] Node: 0 | Tick: 64441 | Conf: 64439 | Hash: 0x0B531143 | Rollbacks: 25 (Resim:  25) | Stalls:  0
[HEARTBEAT] Node: 0 | Tick: 64501 | Conf: 64499 | Hash: 0x5F512774 | Rollbacks:  9 (Resim:   9) | Stalls:  0
[HEARTBEAT] Node: 0 | Tick: 64561 | Conf: 64559 | Hash: 0x38D0DFB2 | Rollbacks:  0 (Resim:   0) | Stalls:  0
[HEARTBEAT] Node: 0 | Tick: 64621 | Conf: 64619 | Hash: 0xE61CDA05 | Rollbacks: 22 (Resim:  22) | Stalls:  0
[HEARTBEAT] Node: 0 | Tick: 64681 | Conf: 64679 | Hash: 0x1F97E249 | Rollbacks:  2 (Resim:   3) | Stalls:  0
[BOT:50006] Heartbeat - Sparse Mods Tracked: 2048
[HEARTBEAT] Node: 0 | Tick: 64741 | Conf: 64739 | Hash: 0x4172145E | Rollbacks:  0 (Resim:   0) | Stalls:  0
[HEARTBEAT] Node: 0 | Tick: 64801 | Conf: 64799 | Hash: 0x142DC587 | Rollbacks: 22 (Resim:  22) | Stalls:  0
[HEARTBEAT] Node: 0 | Tick: 64861 | Conf: 64859 | Hash: 0x2A3FDF2C | Rollbacks: 12 (Resim:  12) | Stalls:  0
[HEARTBEAT] Node: 0 | Tick: 64921 | Conf: 64919 | Hash: 0x67CE7034 | Rollbacks:  0 (Resim:   0) | Stalls:  0
[HEARTBEAT] Node: 0 | Tick: 64981 | Conf: 64979 | Hash: 0x4281FEEF | Rollbacks: 16 (Resim:  16) | Stalls:  0
[HEARTBEAT] Node: 0 | Tick: 65041 | Conf: 65039 | Hash: 0x6DA30AF3 | Rollbacks:  0 (Resim:   0) | Stalls:  0
[HEARTBEAT] Node: 0 | Tick: 65101 | Conf: 65099 | Hash: 0xC5B701C2 | Rollbacks:  4 (Resim:   4) | Stalls:  0
[HEARTBEAT] Node: 0 | Tick: 65161 | Conf: 65159 | Hash: 0xEBC8C5DE | Rollbacks:  8 (Resim:   8) | Stalls:  0
[HEARTBEAT] Node: 0 | Tick: 65221 | Conf: 65219 | Hash: 0x23E31C8D | Rollbacks: 12 (Resim:  12) | Stalls:  0
[HEARTBEAT] Node: 0 | Tick: 65281 | Conf: 65279 | Hash: 0x3A5EA69D | Rollbacks:  4 (Resim:   4) | Stalls:  0
[BOT:50006] Heartbeat - Sparse Mods Tracked: 2048
[HEARTBEAT] Node: 0 | Tick: 65341 | Conf: 65339 | Hash: 0xE3EA488B | Rollbacks:  0 (Resim:   0) | Stalls:  0
[HEARTBEAT] Node: 0 | Tick: 65401 | Conf: 65399 | Hash: 0xEC969B05 | Rollbacks: 21 (Resim:  21) | Stalls:  0
[HEARTBEAT] Node: 0 | Tick: 65461 | Conf: 65459 | Hash: 0x92EF2AB9 | Rollbacks:  1 (Resim:   1) | Stalls:  0
[HEARTBEAT] Node: 0 | Tick: 65521 | Conf: 65519 | Hash: 0xF5D5E222 | Rollbacks:  0 (Resim:   0) | Stalls:  0
[HEARTBEAT] Node: 0 | Tick: 65581 | Conf: 65579 | Hash: 0xEE7F915C | Rollbacks: 10 (Resim:  10) | Stalls:  0
[HEARTBEAT] Node: 0 | Tick: 65641 | Conf: 65639 | Hash: 0xCBA6ACCF | Rollbacks:  0 (Resim:   0) | Stalls:  0
[HEARTBEAT] Node: 0 | Tick: 65701 | Conf: 65699 | Hash: 0xF662281C | Rollbacks: 19 (Resim:  19) | Stalls:  0
[HEARTBEAT] Node: 0 | Tick: 65761 | Conf: 65759 | Hash: 0x5C9B18B0 | Rollbacks:  9 (Resim:   9) | Stalls:  0
[HEARTBEAT] Node: 0 | Tick: 65821 | Conf: 65819 | Hash: 0x566744A3 | Rollbacks: 20 (Resim:  20) | Stalls:  0
[BOT:50006] Heartbeat - Sparse Mods Tracked: 2048
[HEARTBEAT] Node: 0 | Tick: 65881 | Conf: 65879 | Hash: 0x133BBBA5 | Rollbacks: 18 (Resim:  18) | Stalls:  0
[HEARTBEAT] Node: 0 | Tick: 65941 | Conf: 65939 | Hash: 0x4A38B588 | Rollbacks:  0 (Resim:   0) | Stalls:  0
[HEARTBEAT] Node: 0 | Tick: 66001 | Conf: 65999 | Hash: 0x1CCF5496 | Rollbacks:  8 (Resim:   8) | Stalls:  0
[HEARTBEAT] Node: 0 | Tick: 66061 | Conf: 66059 | Hash: 0x61D8E6E6 | Rollbacks: 16 (Resim:  16) | Stalls:  0
[HEARTBEAT] Node: 0 | Tick: 66121 | Conf: 66119 | Hash: 0xECD327EE | Rollbacks: 22 (Resim:  22) | Stalls:  0
[HEARTBEAT] Node: 0 | Tick: 66181 | Conf: 66179 | Hash: 0x85F2AAEC | Rollbacks: 20 (Resim:  20) | Stalls:  0
[HEARTBEAT] Node: 0 | Tick: 66241 | Conf: 66239 | Hash: 0x56DF8F75 | Rollbacks: 18 (Resim:  18) | Stalls:  0
[HEARTBEAT] Node: 0 | Tick: 66301 | Conf: 66299 | Hash: 0x4982CD8B | Rollbacks:  0 (Resim:   0) | Stalls:  0
[HEARTBEAT] Node: 0 | Tick: 66361 | Conf: 66359 | Hash: 0x3DD4D2EE | Rollbacks:  0 (Resim:   0) | Stalls:  0
[HEARTBEAT] Node: 0 | Tick: 66421 | Conf: 66419 | Hash: 0xAD752930 | Rollbacks: 18 (Resim:  18) | Stalls:  0
[BOT:50006] Heartbeat - Sparse Mods Tracked: 2048
[HEARTBEAT] Node: 0 | Tick: 66481 | Conf: 66479 | Hash: 0x55699E05 | Rollbacks: 18 (Resim:  18) | Stalls:  0
[HEARTBEAT] Node: 0 | Tick: 66541 | Conf: 66539 | Hash: 0x216652C6 | Rollbacks: 13 (Resim:  13) | Stalls:  0
[HEARTBEAT] Node: 0 | Tick: 66601 | Conf: 66599 | Hash: 0x449EC601 | Rollbacks: 26 (Resim:  27) | Stalls:  0
[HEARTBEAT] Node: 0 | Tick: 66661 | Conf: 66659 | Hash: 0x3AF4E4BE | Rollbacks: 13 (Resim:  13) | Stalls:  0
[HEARTBEAT] Node: 0 | Tick: 66721 | Conf: 66719 | Hash: 0x64D2D97B | Rollbacks:  2 (Resim:   2) | Stalls:  0
[HEARTBEAT] Node: 0 | Tick: 66781 | Conf: 66779 | Hash: 0xD36F227E | Rollbacks: 17 (Resim:  17) | Stalls:  0
[HEARTBEAT] Node: 0 | Tick: 66841 | Conf: 66839 | Hash: 0xE7CD9280 | Rollbacks: 15 (Resim:  15) | Stalls:  0
[HEARTBEAT] Node: 0 | Tick: 66901 | Conf: 66899 | Hash: 0xB519F98A | Rollbacks:  4 (Resim:   4) | Stalls:  0
[HEARTBEAT] Node: 0 | Tick: 66961 | Conf: 66959 | Hash: 0xF1885CF5 | Rollbacks:  5 (Resim:   5) | Stalls:  0
[HEARTBEAT] Node: 0 | Tick: 67021 | Conf: 67019 | Hash: 0xB2CF1795 | Rollbacks: 19 (Resim:  19) | Stalls:  0
[BOT:50006] Heartbeat - Sparse Mods Tracked: 2048
[HEARTBEAT] Node: 0 | Tick: 67081 | Conf: 67079 | Hash: 0xF92F3707 | Rollbacks:  8 (Resim:   8) | Stalls:  0
[HEARTBEAT] Node: 0 | Tick: 67141 | Conf: 67139 | Hash: 0xFE74CF18 | Rollbacks: 10 (Resim:  10) | Stalls:  0
[HEARTBEAT] Node: 0 | Tick: 67201 | Conf: 67199 | Hash: 0x924EA32A | Rollbacks: 20 (Resim:  20) | Stalls:  0
[HEARTBEAT] Node: 0 | Tick: 67261 | Conf: 67259 | Hash: 0x7270A94C | Rollbacks:  9 (Resim:   9) | Stalls:  0
[HEARTBEAT] Node: 0 | Tick: 67321 | Conf: 67319 | Hash: 0xFA6ACA05 | Rollbacks: 15 (Resim:  15) | Stalls:  0
[HEARTBEAT] Node: 0 | Tick: 67381 | Conf: 67379 | Hash: 0x136A87DE | Rollbacks: 15 (Resim:  15) | Stalls:  0
[HEARTBEAT] Node: 0 | Tick: 67441 | Conf: 67439 | Hash: 0x463C8FCB | Rollbacks: 12 (Resim:  12) | Stalls:  0
[HEARTBEAT] Node: 0 | Tick: 67501 | Conf: 67499 | Hash: 0x674C399F | Rollbacks:  0 (Resim:   0) | Stalls:  0
[HEARTBEAT] Node: 0 | Tick: 67561 | Conf: 67559 | Hash: 0x09C1D36E | Rollbacks:  6 (Resim:   6) | Stalls:  0
[HEARTBEAT] Node: 0 | Tick: 67621 | Conf: 67619 | Hash: 0x8B2EB462 | Rollbacks: 21 (Resim:  21) | Stalls:  0
[BOT:50006] Heartbeat - Sparse Mods Tracked: 2048
[HEARTBEAT] Node: 0 | Tick: 67681 | Conf: 67679 | Hash: 0xECA03FB4 | Rollbacks:  4 (Resim:   4) | Stalls:  0
[HEARTBEAT] Node: 0 | Tick: 67741 | Conf: 67739 | Hash: 0xFE7974C3 | Rollbacks:  3 (Resim:   3) | Stalls:  0
[HEARTBEAT] Node: 0 | Tick: 67801 | Conf: 67799 | Hash: 0x104910BF | Rollbacks: 19 (Resim:  19) | Stalls:  0
[HEARTBEAT] Node: 0 | Tick: 67861 | Conf: 67859 | Hash: 0xFC880B2C | Rollbacks: 15 (Resim:  15) | Stalls:  0
[HEARTBEAT] Node: 0 | Tick: 67921 | Conf: 67919 | Hash: 0x9FF5C133 | Rollbacks: 11 (Resim:  11) | Stalls:  0
[HEARTBEAT] Node: 0 | Tick: 67981 | Conf: 67979 | Hash: 0xED940D08 | Rollbacks: 28 (Resim:  28) | Stalls:  0
[HEARTBEAT] Node: 0 | Tick: 68041 | Conf: 68039 | Hash: 0xB8913249 | Rollbacks: 22 (Resim:  22) | Stalls:  0
[HEARTBEAT] Node: 0 | Tick: 68101 | Conf: 68099 | Hash: 0x30F8A517 | Rollbacks: 17 (Resim:  17) | Stalls:  0
[HEARTBEAT] Node: 0 | Tick: 68161 | Conf: 68159 | Hash: 0xFE56D95F | Rollbacks:  7 (Resim:   7) | Stalls:  0
[HEARTBEAT] Node: 0 | Tick: 68221 | Conf: 68219 | Hash: 0x57707A78 | Rollbacks: 14 (Resim:  14) | Stalls:  0
[BOT:50006] Heartbeat - Sparse Mods Tracked: 2048
[HEARTBEAT] Node: 0 | Tick: 68281 | Conf: 68279 | Hash: 0x4419F664 | Rollbacks: 18 (Resim:  18) | Stalls:  0
[HEARTBEAT] Node: 0 | Tick: 68341 | Conf: 68339 | Hash: 0x6FDAE6E3 | Rollbacks: 11 (Resim:  11) | Stalls:  0
[HEARTBEAT] Node: 0 | Tick: 68401 | Conf: 68399 | Hash: 0x887DEF6F | Rollbacks:  8 (Resim:   8) | Stalls:  0
[HEARTBEAT] Node: 0 | Tick: 68461 | Conf: 68459 | Hash: 0x960C212A | Rollbacks: 16 (Resim:  16) | Stalls:  0
[HEARTBEAT] Node: 0 | Tick: 68521 | Conf: 68519 | Hash: 0x8F195663 | Rollbacks:  0 (Resim:   0) | Stalls:  0
[HEARTBEAT] Node: 0 | Tick: 68581 | Conf: 68579 | Hash: 0x1B9748D2 | Rollbacks: 12 (Resim:  12) | Stalls:  0
[HEARTBEAT] Node: 0 | Tick: 68641 | Conf: 68639 | Hash: 0x4861A216 | Rollbacks: 17 (Resim:  17) | Stalls:  0
[HEARTBEAT] Node: 0 | Tick: 68701 | Conf: 68699 | Hash: 0xFCDC5531 | Rollbacks:  0 (Resim:   0) | Stalls:  0
[HEARTBEAT] Node: 0 | Tick: 68761 | Conf: 68759 | Hash: 0x1115D1EC | Rollbacks: 16 (Resim:  16) | Stalls:  0
[HEARTBEAT] Node: 0 | Tick: 68821 | Conf: 68819 | Hash: 0xF12DF3CD | Rollbacks:  0 (Resim:   0) | Stalls:  0
[BOT:50006] Heartbeat - Sparse Mods Tracked: 2048
[HEARTBEAT] Node: 0 | Tick: 68881 | Conf: 68879 | Hash: 0xD3DCD075 | Rollbacks: 32 (Resim:  32) | Stalls:  0
[HEARTBEAT] Node: 0 | Tick: 68941 | Conf: 68939 | Hash: 0x2148AB14 | Rollbacks:  0 (Resim:   0) | Stalls:  0
[HEARTBEAT] Node: 0 | Tick: 69001 | Conf: 68999 | Hash: 0x61AE2AB9 | Rollbacks:  0 (Resim:   0) | Stalls:  0
[HEARTBEAT] Node: 0 | Tick: 69061 | Conf: 69059 | Hash: 0x97A05106 | Rollbacks:  2 (Resim:   2) | Stalls:  0
[HEARTBEAT] Node: 0 | Tick: 69121 | Conf: 69119 | Hash: 0xDF6501B5 | Rollbacks: 17 (Resim:  18) | Stalls:  0
[HEARTBEAT] Node: 0 | Tick: 69181 | Conf: 69179 | Hash: 0xB7A57DBC | Rollbacks: 14 (Resim:  14) | Stalls:  0
[HEARTBEAT] Node: 0 | Tick: 69241 | Conf: 69239 | Hash: 0x70D485D7 | Rollbacks:  7 (Resim:   7) | Stalls:  0
[HEARTBEAT] Node: 0 | Tick: 69301 | Conf: 69299 | Hash: 0x8BE08ECB | Rollbacks:  0 (Resim:   0) | Stalls:  0
[HEARTBEAT] Node: 0 | Tick: 69361 | Conf: 69359 | Hash: 0xB719C171 | Rollbacks:  4 (Resim:   4) | Stalls:  0
[BOT:50006] Heartbeat - Sparse Mods Tracked: 2048
[HEARTBEAT] Node: 0 | Tick: 69421 | Conf: 69419 | Hash: 0x471188AF | Rollbacks: 11 (Resim:  11) | Stalls:  0
[HEARTBEAT] Node: 0 | Tick: 69481 | Conf: 69479 | Hash: 0x79A6F01B | Rollbacks: 14 (Resim:  14) | Stalls:  0
[HEARTBEAT] Node: 0 | Tick: 69541 | Conf: 69539 | Hash: 0xA351369F | Rollbacks:  0 (Resim:   0) | Stalls:  0
[HEARTBEAT] Node: 0 | Tick: 69601 | Conf: 69599 | Hash: 0xF18CEAA5 | Rollbacks: 16 (Resim:  16) | Stalls:  0
[HEARTBEAT] Node: 0 | Tick: 69661 | Conf: 69659 | Hash: 0xDACE5900 | Rollbacks: 16 (Resim:  16) | Stalls:  0
[HEARTBEAT] Node: 0 | Tick: 69721 | Conf: 69719 | Hash: 0x5AA3FF69 | Rollbacks: 12 (Resim:  12) | Stalls:  0
[HEARTBEAT] Node: 0 | Tick: 69781 | Conf: 69779 | Hash: 0xB8F90A3A | Rollbacks: 35 (Resim:  36) | Stalls:  0
[HEARTBEAT] Node: 0 | Tick: 69841 | Conf: 69839 | Hash: 0xAB6D9ECF | Rollbacks:  0 (Resim:   0) | Stalls:  0
[HEARTBEAT] Node: 0 | Tick: 69901 | Conf: 69899 | Hash: 0xC9FADC68 | Rollbacks:  3 (Resim:   3) | Stalls:  0
[HEARTBEAT] Node: 0 | Tick: 69961 | Conf: 69959 | Hash: 0x65CAAB61 | Rollbacks:  0 (Resim:   0) | Stalls:  0
[BOT:50006] Heartbeat - Sparse Mods Tracked: 2048
[HEARTBEAT] Node: 0 | Tick: 70021 | Conf: 70019 | Hash: 0xF5AFC48E | Rollbacks: 10 (Resim:  10) | Stalls:  0
[HEARTBEAT] Node: 0 | Tick: 70081 | Conf: 70079 | Hash: 0xE10FB7EF | Rollbacks:  1 (Resim:   1) | Stalls:  0
[HEARTBEAT] Node: 0 | Tick: 70141 | Conf: 70139 | Hash: 0x88776770 | Rollbacks:  6 (Resim:   6) | Stalls:  0
[HEARTBEAT] Node: 0 | Tick: 70201 | Conf: 70199 | Hash: 0x79234856 | Rollbacks:  0 (Resim:   0) | Stalls:  0
[HEARTBEAT] Node: 0 | Tick: 70261 | Conf: 70259 | Hash: 0xA7716CE7 | Rollbacks:  8 (Resim:   8) | Stalls:  0
[HEARTBEAT] Node: 0 | Tick: 70321 | Conf: 70319 | Hash: 0x715F1812 | Rollbacks: 21 (Resim:  21) | Stalls:  0
[HEARTBEAT] Node: 0 | Tick: 70381 | Conf: 70379 | Hash: 0x73C019B4 | Rollbacks:  0 (Resim:   0) | Stalls:  0
[HEARTBEAT] Node: 0 | Tick: 70441 | Conf: 70439 | Hash: 0x3EFD7366 | Rollbacks:  5 (Resim:   5) | Stalls:  0
[HEARTBEAT] Node: 0 | Tick: 70501 | Conf: 70499 | Hash: 0x4F8127FA | Rollbacks: 15 (Resim:  15) | Stalls:  0
[HEARTBEAT] Node: 0 | Tick: 70561 | Conf: 70559 | Hash: 0xF4DA9A22 | Rollbacks:  0 (Resim:   0) | Stalls:  0
[BOT:50006] Heartbeat - Sparse Mods Tracked: 2048
[HEARTBEAT] Node: 0 | Tick: 70621 | Conf: 70619 | Hash: 0xCF3E5B0B | Rollbacks:  2 (Resim:   2) | Stalls:  0
[HEARTBEAT] Node: 0 | Tick: 70681 | Conf: 70679 | Hash: 0x7234C06A | Rollbacks:  0 (Resim:   0) | Stalls:  0
[HEARTBEAT] Node: 0 | Tick: 70741 | Conf: 70739 | Hash: 0x3FA00103 | Rollbacks: 18 (Resim:  18) | Stalls:  0
[HEARTBEAT] Node: 0 | Tick: 70801 | Conf: 70799 | Hash: 0x2F7FBD04 | Rollbacks:  0 (Resim:   0) | Stalls:  0
[HEARTBEAT] Node: 0 | Tick: 70861 | Conf: 70859 | Hash: 0x79466F72 | Rollbacks: 24 (Resim:  24) | Stalls:  0
[HEARTBEAT] Node: 0 | Tick: 70921 | Conf: 70919 | Hash: 0xB42DBE0F | Rollbacks:  2 (Resim:   2) | Stalls:  0
[HEARTBEAT] Node: 0 | Tick: 70981 | Conf: 70979 | Hash: 0xBDB76778 | Rollbacks: 14 (Resim:  14) | Stalls:  0
[HEARTBEAT] Node: 0 | Tick: 71041 | Conf: 71039 | Hash: 0x6CFA2833 | Rollbacks: 21 (Resim:  22) | Stalls:  0
[HEARTBEAT] Node: 0 | Tick: 71101 | Conf: 71099 | Hash: 0xE41AB764 | Rollbacks:  0 (Resim:   0) | Stalls:  0
[HEARTBEAT] Node: 0 | Tick: 71161 | Conf: 71159 | Hash: 0x252971CC | Rollbacks: 19 (Resim:  19) | Stalls:  0
[BOT:50006] Heartbeat - Sparse Mods Tracked: 2048
[HEARTBEAT] Node: 0 | Tick: 71221 | Conf: 71219 | Hash: 0xE3D93D8D | Rollbacks:  9 (Resim:   9) | Stalls:  0
[HEARTBEAT] Node: 0 | Tick: 71281 | Conf: 71279 | Hash: 0x4C12015B | Rollbacks:  7 (Resim:   7) | Stalls:  0
[HEARTBEAT] Node: 0 | Tick: 71341 | Conf: 71339 | Hash: 0x62E86BE4 | Rollbacks: 19 (Resim:  19) | Stalls:  0
[HEARTBEAT] Node: 0 | Tick: 71401 | Conf: 71399 | Hash: 0x72E27AF2 | Rollbacks:  0 (Resim:   0) | Stalls:  0
[HEARTBEAT] Node: 0 | Tick: 71461 | Conf: 71459 | Hash: 0xE69B9531 | Rollbacks:  0 (Resim:   0) | Stalls:  0
[HEARTBEAT] Node: 0 | Tick: 71521 | Conf: 71519 | Hash: 0x0D59E9A0 | Rollbacks: 17 (Resim:  17) | Stalls:  0
[HEARTBEAT] Node: 0 | Tick: 71581 | Conf: 71579 | Hash: 0x2F9199A0 | Rollbacks: 10 (Resim:  10) | Stalls:  0
[HEARTBEAT] Node: 0 | Tick: 71641 | Conf: 71639 | Hash: 0x5DA5EE82 | Rollbacks: 13 (Resim:  13) | Stalls:  0
[HEARTBEAT] Node: 0 | Tick: 71701 | Conf: 71699 | Hash: 0xBF2187BC | Rollbacks:  4 (Resim:   4) | Stalls:  0
[HEARTBEAT] Node: 0 | Tick: 71761 | Conf: 71759 | Hash: 0x613B0DA4 | Rollbacks: 19 (Resim:  19) | Stalls:  0
[BOT:50006] Heartbeat - Sparse Mods Tracked: 2048
[HEARTBEAT] Node: 0 | Tick: 71821 | Conf: 71819 | Hash: 0x74575E0F | Rollbacks: 11 (Resim:  11) | Stalls:  0
[HEARTBEAT] Node: 0 | Tick: 71881 | Conf: 71879 | Hash: 0xE4EE9913 | Rollbacks:  0 (Resim:   0) | Stalls:  0
[HEARTBEAT] Node: 0 | Tick: 71941 | Conf: 71939 | Hash: 0xECB58EF7 | Rollbacks:  0 (Resim:   0) | Stalls:  0
[HEARTBEAT] Node: 0 | Tick: 72001 | Conf: 71999 | Hash: 0x7DA5A4C3 | Rollbacks: 25 (Resim:  25) | Stalls:  0
[HEARTBEAT] Node: 0 | Tick: 72061 | Conf: 72059 | Hash: 0x3129B003 | Rollbacks: 23 (Resim:  23) | Stalls:  0
[HEARTBEAT] Node: 0 | Tick: 72121 | Conf: 72119 | Hash: 0xC12F5FAD | Rollbacks: 16 (Resim:  16) | Stalls:  0
[HEARTBEAT] Node: 0 | Tick: 72181 | Conf: 72179 | Hash: 0x2D58293B | Rollbacks: 16 (Resim:  16) | Stalls:  0
[HEARTBEAT] Node: 0 | Tick: 72241 | Conf: 72239 | Hash: 0xD5C0F7BC | Rollbacks:  0 (Resim:   0) | Stalls:  0
[HEARTBEAT] Node: 0 | Tick: 72301 | Conf: 72299 | Hash: 0xC1D9A633 | Rollbacks:  0 (Resim:   0) | Stalls:  0
[BOT:50006] Heartbeat - Sparse Mods Tracked: 2048
[HEARTBEAT] Node: 0 | Tick: 72361 | Conf: 72359 | Hash: 0xD288EC7B | Rollbacks:  1 (Resim:   1) | Stalls:  0
[HEARTBEAT] Node: 0 | Tick: 72421 | Conf: 72419 | Hash: 0xDF713C29 | Rollbacks: 22 (Resim:  22) | Stalls:  0
[HEARTBEAT] Node: 0 | Tick: 72481 | Conf: 72479 | Hash: 0xB7894F6D | Rollbacks: 14 (Resim:  14) | Stalls:  0
[HEARTBEAT] Node: 0 | Tick: 72541 | Conf: 72539 | Hash: 0xD1602F1D | Rollbacks:  0 (Resim:   0) | Stalls:  0
[HEARTBEAT] Node: 0 | Tick: 72601 | Conf: 72599 | Hash: 0xC9BA922D | Rollbacks:  3 (Resim:   3) | Stalls:  0
[HEARTBEAT] Node: 0 | Tick: 72661 | Conf: 72659 | Hash: 0xDBBA40EF | Rollbacks:  0 (Resim:   0) | Stalls:  0
[HEARTBEAT] Node: 0 | Tick: 72721 | Conf: 72719 | Hash: 0xADC14A33 | Rollbacks: 13 (Resim:  13) | Stalls:  0
[HEARTBEAT] Node: 0 | Tick: 72781 | Conf: 72779 | Hash: 0xB2DD60BC | Rollbacks: 17 (Resim:  17) | Stalls:  0
[HEARTBEAT] Node: 0 | Tick: 72841 | Conf: 72839 | Hash: 0xF32EF5CA | Rollbacks: 15 (Resim:  15) | Stalls:  0
[HEARTBEAT] Node: 0 | Tick: 72901 | Conf: 72899 | Hash: 0x6125AB85 | Rollbacks:  5 (Resim:   5) | Stalls:  0
[BOT:50006] Heartbeat - Sparse Mods Tracked: 2048
[HEARTBEAT] Node: 0 | Tick: 72961 | Conf: 72959 | Hash: 0x16E2F6C6 | Rollbacks:  9 (Resim:   9) | Stalls:  0
[HEARTBEAT] Node: 0 | Tick: 73021 | Conf: 73019 | Hash: 0x3270C09F | Rollbacks: 13 (Resim:  13) | Stalls:  0
[HEARTBEAT] Node: 0 | Tick: 73081 | Conf: 73079 | Hash: 0x88E118E9 | Rollbacks:  0 (Resim:   0) | Stalls:  0
[HEARTBEAT] Node: 0 | Tick: 73141 | Conf: 73139 | Hash: 0xB06007F1 | Rollbacks:  0 (Resim:   0) | Stalls:  0
[HEARTBEAT] Node: 0 | Tick: 73201 | Conf: 73199 | Hash: 0xF3FCBEF6 | Rollbacks: 19 (Resim:  19) | Stalls:  0
[HEARTBEAT] Node: 0 | Tick: 73261 | Conf: 73259 | Hash: 0x1E1A5049 | Rollbacks: 14 (Resim:  14) | Stalls:  0
[HEARTBEAT] Node: 0 | Tick: 73321 | Conf: 73319 | Hash: 0xBCF6E616 | Rollbacks:  1 (Resim:   1) | Stalls:  0
[HEARTBEAT] Node: 0 | Tick: 73381 | Conf: 73379 | Hash: 0x72000A25 | Rollbacks: 12 (Resim:  12) | Stalls:  0
[HEARTBEAT] Node: 0 | Tick: 73441 | Conf: 73439 | Hash: 0x9B702648 | Rollbacks:  9 (Resim:   9) | Stalls:  0
[HEARTBEAT] Node: 0 | Tick: 73501 | Conf: 73499 | Hash: 0xC8399892 | Rollbacks:  0 (Resim:   0) | Stalls:  0
[BOT:50006] Heartbeat - Sparse Mods Tracked: 2048
[HEARTBEAT] Node: 0 | Tick: 73561 | Conf: 73559 | Hash: 0xD53408C1 | Rollbacks:  7 (Resim:   7) | Stalls:  0
[HEARTBEAT] Node: 0 | Tick: 73621 | Conf: 73619 | Hash: 0xB73C5E0F | Rollbacks:  0 (Resim:   0) | Stalls:  0
[HEARTBEAT] Node: 0 | Tick: 73681 | Conf: 73679 | Hash: 0x4B986DAF | Rollbacks:  5 (Resim:   5) | Stalls:  0
[HEARTBEAT] Node: 0 | Tick: 73741 | Conf: 73739 | Hash: 0x77219B9D | Rollbacks: 10 (Resim:  10) | Stalls:  0
[HEARTBEAT] Node: 0 | Tick: 73801 | Conf: 73799 | Hash: 0xB3680AA2 | Rollbacks: 12 (Resim:  12) | Stalls:  0
[HEARTBEAT] Node: 0 | Tick: 73861 | Conf: 73859 | Hash: 0xF330269F | Rollbacks:  0 (Resim:   0) | Stalls:  0
[HEARTBEAT] Node: 0 | Tick: 73921 | Conf: 73919 | Hash: 0x2834E120 | Rollbacks:  0 (Resim:   0) | Stalls:  0
[HEARTBEAT] Node: 0 | Tick: 73981 | Conf: 73979 | Hash: 0x0F356237 | Rollbacks:  1 (Resim:   1) | Stalls:  0
[HEARTBEAT] Node: 0 | Tick: 74041 | Conf: 74039 | Hash: 0xD4245038 | Rollbacks: 17 (Resim:  17) | Stalls:  0
[HEARTBEAT] Node: 0 | Tick: 74101 | Conf: 74099 | Hash: 0x4DA944F4 | Rollbacks:  0 (Resim:   0) | Stalls:  0
[BOT:50006] Heartbeat - Sparse Mods Tracked: 2048
[HEARTBEAT] Node: 0 | Tick: 74161 | Conf: 74159 | Hash: 0xD75D9F48 | Rollbacks:  8 (Resim:   8) | Stalls:  0
[HEARTBEAT] Node: 0 | Tick: 74221 | Conf: 74219 | Hash: 0xA99A2D08 | Rollbacks:  6 (Resim:   6) | Stalls:  0
[HEARTBEAT] Node: 0 | Tick: 74281 | Conf: 74279 | Hash: 0x6B692EFB | Rollbacks:  0 (Resim:   0) | Stalls:  0
[HEARTBEAT] Node: 0 | Tick: 74341 | Conf: 74339 | Hash: 0x28E703AA | Rollbacks: 23 (Resim:  23) | Stalls:  0
[HEARTBEAT] Node: 0 | Tick: 74401 | Conf: 74399 | Hash: 0x4ED512BE | Rollbacks:  2 (Resim:   2) | Stalls:  0
[HEARTBEAT] Node: 0 | Tick: 74461 | Conf: 74459 | Hash: 0x8CA799A4 | Rollbacks: 12 (Resim:  12) | Stalls:  0
[HEARTBEAT] Node: 0 | Tick: 74521 | Conf: 74519 | Hash: 0xC739A993 | Rollbacks: 12 (Resim:  12) | Stalls:  0
[HEARTBEAT] Node: 0 | Tick: 74581 | Conf: 74579 | Hash: 0xDB36C5C0 | Rollbacks:  0 (Resim:   0) | Stalls:  0
[HEARTBEAT] Node: 0 | Tick: 74641 | Conf: 74639 | Hash: 0x0DE67EF6 | Rollbacks: 21 (Resim:  21) | Stalls:  0
[HEARTBEAT] Node: 0 | Tick: 74701 | Conf: 74699 | Hash: 0xFAAB31CF | Rollbacks: 26 (Resim:  26) | Stalls:  0
[BOT:50006] Heartbeat - Sparse Mods Tracked: 2048
[HEARTBEAT] Node: 0 | Tick: 74761 | Conf: 74759 | Hash: 0x95454742 | Rollbacks:  6 (Resim:   6) | Stalls:  0
[HEARTBEAT] Node: 0 | Tick: 74821 | Conf: 74819 | Hash: 0xE9F15FFF | Rollbacks:  0 (Resim:   0) | Stalls:  0
[HEARTBEAT] Node: 0 | Tick: 74881 | Conf: 74879 | Hash: 0x89416550 | Rollbacks:  0 (Resim:   0) | Stalls:  0
[HEARTBEAT] Node: 0 | Tick: 74941 | Conf: 74939 | Hash: 0x723AF38A | Rollbacks: 20 (Resim:  20) | Stalls:  0
[HEARTBEAT] Node: 0 | Tick: 75001 | Conf: 74999 | Hash: 0xE0B665AE | Rollbacks: 14 (Resim:  14) | Stalls:  0
[HEARTBEAT] Node: 0 | Tick: 75061 | Conf: 75059 | Hash: 0xE701D992 | Rollbacks: 15 (Resim:  15) | Stalls:  0
[HEARTBEAT] Node: 0 | Tick: 75121 | Conf: 75119 | Hash: 0xFD66E786 | Rollbacks:  3 (Resim:   3) | Stalls:  0
[HEARTBEAT] Node: 0 | Tick: 75181 | Conf: 75179 | Hash: 0x56473C65 | Rollbacks: 21 (Resim:  21) | Stalls:  0
[HEARTBEAT] Node: 0 | Tick: 75241 | Conf: 75239 | Hash: 0xDD523D0E | Rollbacks:  0 (Resim:   0) | Stalls:  0
[BOT:50006] Heartbeat - Sparse Mods Tracked: 2048
[HEARTBEAT] Node: 0 | Tick: 75301 | Conf: 75299 | Hash: 0x67160ADD | Rollbacks:  6 (Resim:   6) | Stalls:  0
[HEARTBEAT] Node: 0 | Tick: 75361 | Conf: 75359 | Hash: 0xA21482A8 | Rollbacks:  0 (Resim:   0) | Stalls:  0
[HEARTBEAT] Node: 0 | Tick: 75421 | Conf: 75419 | Hash: 0x6E733724 | Rollbacks: 25 (Resim:  25) | Stalls:  0
[HEARTBEAT] Node: 0 | Tick: 75481 | Conf: 75479 | Hash: 0xEFC191DC | Rollbacks:  9 (Resim:   9) | Stalls:  0
[HEARTBEAT] Node: 0 | Tick: 75541 | Conf: 75539 | Hash: 0xAA521CA1 | Rollbacks:  0 (Resim:   0) | Stalls:  0
[HEARTBEAT] Node: 0 | Tick: 75601 | Conf: 75599 | Hash: 0x721847DB | Rollbacks: 14 (Resim:  14) | Stalls:  0
[HEARTBEAT] Node: 0 | Tick: 75661 | Conf: 75659 | Hash: 0xD53CD44D | Rollbacks: 24 (Resim:  24) | Stalls:  0
[HEARTBEAT] Node: 0 | Tick: 75721 | Conf: 75719 | Hash: 0x18049653 | Rollbacks: 17 (Resim:  17) | Stalls:  0
[HEARTBEAT] Node: 0 | Tick: 75781 | Conf: 75779 | Hash: 0xC9B13187 | Rollbacks: 14 (Resim:  14) | Stalls:  0
[HEARTBEAT] Node: 0 | Tick: 75841 | Conf: 75839 | Hash: 0xBD732694 | Rollbacks: 21 (Resim:  21) | Stalls:  0
[BOT:50006] Heartbeat - Sparse Mods Tracked: 2048
[HEARTBEAT] Node: 0 | Tick: 75901 | Conf: 75899 | Hash: 0x4AAA4565 | Rollbacks:  0 (Resim:   0) | Stalls:  0
[HEARTBEAT] Node: 0 | Tick: 75961 | Conf: 75959 | Hash: 0x9D8337D5 | Rollbacks: 16 (Resim:  16) | Stalls:  0
[HEARTBEAT] Node: 0 | Tick: 76021 | Conf: 76019 | Hash: 0x7D413E41 | Rollbacks:  3 (Resim:   3) | Stalls:  0
[HEARTBEAT] Node: 0 | Tick: 76081 | Conf: 76079 | Hash: 0xD0FF07C6 | Rollbacks:  0 (Resim:   0) | Stalls:  0
[HEARTBEAT] Node: 0 | Tick: 76141 | Conf: 76139 | Hash: 0x0CA9E1BD | Rollbacks:  5 (Resim:   5) | Stalls:  0
[HEARTBEAT] Node: 0 | Tick: 76201 | Conf: 76199 | Hash: 0xDDF969B4 | Rollbacks:  0 (Resim:   0) | Stalls:  0
[HEARTBEAT] Node: 0 | Tick: 76261 | Conf: 76259 | Hash: 0x344DAA5A | Rollbacks: 15 (Resim:  15) | Stalls:  0
[HEARTBEAT] Node: 0 | Tick: 76321 | Conf: 76319 | Hash: 0x07D10C2C | Rollbacks: 15 (Resim:  15) | Stalls:  0
[HEARTBEAT] Node: 0 | Tick: 76381 | Conf: 76379 | Hash: 0x461E868B | Rollbacks: 11 (Resim:  11) | Stalls:  0
[HEARTBEAT] Node: 0 | Tick: 76441 | Conf: 76439 | Hash: 0x0A73F2E7 | Rollbacks:  0 (Resim:   0) | Stalls:  0
[BOT:50006] Heartbeat - Sparse Mods Tracked: 2048
[HEARTBEAT] Node: 0 | Tick: 76501 | Conf: 76499 | Hash: 0xF8D84B37 | Rollbacks: 13 (Resim:  13) | Stalls:  0
[HEARTBEAT] Node: 0 | Tick: 76561 | Conf: 76559 | Hash: 0x3B8A4EA9 | Rollbacks: 15 (Resim:  15) | Stalls:  0
[HEARTBEAT] Node: 0 | Tick: 76621 | Conf: 76619 | Hash: 0x6D0615C2 | Rollbacks: 13 (Resim:  13) | Stalls:  0
[HEARTBEAT] Node: 0 | Tick: 76681 | Conf: 76679 | Hash: 0xB7BCB936 | Rollbacks:  2 (Resim:   2) | Stalls:  0
[HEARTBEAT] Node: 0 | Tick: 76741 | Conf: 76739 | Hash: 0xDB800363 | Rollbacks:  9 (Resim:   9) | Stalls:  0
[HEARTBEAT] Node: 0 | Tick: 76801 | Conf: 76799 | Hash: 0xB5AE3C7C | Rollbacks:  0 (Resim:   0) | Stalls:  0
[HEARTBEAT] Node: 0 | Tick: 76861 | Conf: 76859 | Hash: 0xF352DA4C | Rollbacks: 31 (Resim:  32) | Stalls:  0
[HEARTBEAT] Node: 0 | Tick: 76921 | Conf: 76919 | Hash: 0xC1ACECF4 | Rollbacks:  2 (Resim:   2) | Stalls:  0
[HEARTBEAT] Node: 0 | Tick: 76981 | Conf: 76979 | Hash: 0xC8EDF9F2 | Rollbacks: 13 (Resim:  13) | Stalls:  0
[HEARTBEAT] Node: 0 | Tick: 77041 | Conf: 77039 | Hash: 0x5B66D344 | Rollbacks:  6 (Resim:   6) | Stalls:  0
[BOT:50006] Heartbeat - Sparse Mods Tracked: 2048
[HEARTBEAT] Node: 0 | Tick: 77101 | Conf: 77099 | Hash: 0x9E71F76E | Rollbacks:  0 (Resim:   0) | Stalls:  0
[HEARTBEAT] Node: 0 | Tick: 77161 | Conf: 77159 | Hash: 0xC5ADF80D | Rollbacks:  0 (Resim:   0) | Stalls:  0
[HEARTBEAT] Node: 0 | Tick: 77221 | Conf: 77219 | Hash: 0xD9669FFB | Rollbacks: 32 (Resim:  32) | Stalls:  0
[HEARTBEAT] Node: 0 | Tick: 77281 | Conf: 77279 | Hash: 0xA379EBE2 | Rollbacks:  5 (Resim:   5) | Stalls:  0
[HEARTBEAT] Node: 0 | Tick: 77341 | Conf: 77339 | Hash: 0x6C777586 | Rollbacks:  0 (Resim:   0) | Stalls:  0
[HEARTBEAT] Node: 0 | Tick: 77401 | Conf: 77399 | Hash: 0x14E12DD0 | Rollbacks: 19 (Resim:  19) | Stalls:  0
[HEARTBEAT] Node: 0 | Tick: 77461 | Conf: 77459 | Hash: 0x4B060FB4 | Rollbacks: 12 (Resim:  12) | Stalls:  0
[HEARTBEAT] Node: 0 | Tick: 77521 | Conf: 77519 | Hash: 0x63BB7134 | Rollbacks:  3 (Resim:   3) | Stalls:  0
[HEARTBEAT] Node: 0 | Tick: 77581 | Conf: 77579 | Hash: 0x0CFD1C7C | Rollbacks: 23 (Resim:  23) | Stalls:  0
[HEARTBEAT] Node: 0 | Tick: 77641 | Conf: 77639 | Hash: 0xFD0C3414 | Rollbacks:  0 (Resim:   0) | Stalls:  0
[BOT:50006] Heartbeat - Sparse Mods Tracked: 2048
[HEARTBEAT] Node: 0 | Tick: 77701 | Conf: 77699 | Hash: 0xB022E6D4 | Rollbacks:  5 (Resim:   5) | Stalls:  0
[HEARTBEAT] Node: 0 | Tick: 77761 | Conf: 77759 | Hash: 0xB5DCB43E | Rollbacks:  3 (Resim:   3) | Stalls:  0
[HEARTBEAT] Node: 0 | Tick: 77821 | Conf: 77819 | Hash: 0x70727465 | Rollbacks: 14 (Resim:  14) | Stalls:  0
[HEARTBEAT] Node: 0 | Tick: 77881 | Conf: 77879 | Hash: 0x7DBFED8F | Rollbacks:  5 (Resim:   5) | Stalls:  0
[HEARTBEAT] Node: 0 | Tick: 77941 | Conf: 77939 | Hash: 0x4A6EDEFF | Rollbacks: 15 (Resim:  15) | Stalls:  0
[HEARTBEAT] Node: 0 | Tick: 78001 | Conf: 77999 | Hash: 0x14255E30 | Rollbacks: 15 (Resim:  15) | Stalls:  0
[HEARTBEAT] Node: 0 | Tick: 78061 | Conf: 78059 | Hash: 0x7DB2CD8D | Rollbacks:  0 (Resim:   0) | Stalls:  0
[HEARTBEAT] Node: 0 | Tick: 78121 | Conf: 78119 | Hash: 0xD9FBFD6F | Rollbacks:  0 (Resim:   0) | Stalls:  0
[HEARTBEAT] Node: 0 | Tick: 78181 | Conf: 78179 | Hash: 0xCCE41BBD | Rollbacks:  1 (Resim:   1) | Stalls:  0
[HEARTBEAT] Node: 0 | Tick: 78241 | Conf: 78239 | Hash: 0x6F4D3EC1 | Rollbacks: 16 (Resim:  16) | Stalls:  0
[BOT:50006] Heartbeat - Sparse Mods Tracked: 2048
[HEARTBEAT] Node: 0 | Tick: 78301 | Conf: 78299 | Hash: 0xD8979370 | Rollbacks: 16 (Resim:  16) | Stalls:  0
[HEARTBEAT] Node: 0 | Tick: 78361 | Conf: 78359 | Hash: 0x93747F68 | Rollbacks:  6 (Resim:   6) | Stalls:  0
[HEARTBEAT] Node: 0 | Tick: 78421 | Conf: 78419 | Hash: 0x7E10495C | Rollbacks: 35 (Resim:  36) | Stalls:  0
[HEARTBEAT] Node: 0 | Tick: 78481 | Conf: 78479 | Hash: 0x6642D473 | Rollbacks: 25 (Resim:  25) | Stalls:  0
[HEARTBEAT] Node: 0 | Tick: 78541 | Conf: 78539 | Hash: 0x9DB330ED | Rollbacks: 10 (Resim:  10) | Stalls:  0
[HEARTBEAT] Node: 0 | Tick: 78601 | Conf: 78599 | Hash: 0xDC87DB07 | Rollbacks:  0 (Resim:   0) | Stalls:  0
[HEARTBEAT] Node: 0 | Tick: 78661 | Conf: 78659 | Hash: 0x5A2A84B9 | Rollbacks:  0 (Resim:   0) | Stalls:  0
[HEARTBEAT] Node: 0 | Tick: 78721 | Conf: 78719 | Hash: 0xACC519E5 | Rollbacks: 24 (Resim:  24) | Stalls:  0
[HEARTBEAT] Node: 0 | Tick: 78781 | Conf: 78779 | Hash: 0xD6C3E5C6 | Rollbacks: 12 (Resim:  12) | Stalls:  0
[BOT:50006] Heartbeat - Sparse Mods Tracked: 2048
[HEARTBEAT] Node: 0 | Tick: 78841 | Conf: 78839 | Hash: 0x3C54B4B9 | Rollbacks: 20 (Resim:  20) | Stalls:  0
[HEARTBEAT] Node: 0 | Tick: 78901 | Conf: 78899 | Hash: 0xB5C96F28 | Rollbacks: 16 (Resim:  16) | Stalls:  0
[HEARTBEAT] Node: 0 | Tick: 78961 | Conf: 78959 | Hash: 0x788C21BB | Rollbacks: 11 (Resim:  11) | Stalls:  0
[HEARTBEAT] Node: 0 | Tick: 79021 | Conf: 79019 | Hash: 0xA8C51051 | Rollbacks:  0 (Resim:   0) | Stalls:  0
[HEARTBEAT] Node: 0 | Tick: 79081 | Conf: 79079 | Hash: 0x44E25A15 | Rollbacks:  0 (Resim:   0) | Stalls:  0
[HEARTBEAT] Node: 0 | Tick: 79141 | Conf: 79139 | Hash: 0xF54557F5 | Rollbacks:  1 (Resim:   1) | Stalls:  0
[HEARTBEAT] Node: 0 | Tick: 79201 | Conf: 79199 | Hash: 0x77B2D24E | Rollbacks:  0 (Resim:   0) | Stalls:  0
[HEARTBEAT] Node: 0 | Tick: 79261 | Conf: 79259 | Hash: 0x2D5AF65E | Rollbacks: 15 (Resim:  15) | Stalls:  0
[HEARTBEAT] Node: 0 | Tick: 79321 | Conf: 79319 | Hash: 0xB20AB8C4 | Rollbacks:  8 (Resim:   8) | Stalls:  0
[HEARTBEAT] Node: 0 | Tick: 79381 | Conf: 79379 | Hash: 0x3A5E01E1 | Rollbacks: 11 (Resim:  11) | Stalls:  0
[BOT:50006] Heartbeat - Sparse Mods Tracked: 2048
[HEARTBEAT] Node: 0 | Tick: 79441 | Conf: 79439 | Hash: 0x127DD508 | Rollbacks:  0 (Resim:   0) | Stalls:  0
[HEARTBEAT] Node: 0 | Tick: 79501 | Conf: 79499 | Hash: 0xB93DFCA9 | Rollbacks: 29 (Resim:  29) | Stalls:  0
[HEARTBEAT] Node: 0 | Tick: 79561 | Conf: 79559 | Hash: 0x72B26BCD | Rollbacks: 15 (Resim:  15) | Stalls:  0
[HEARTBEAT] Node: 0 | Tick: 79621 | Conf: 79619 | Hash: 0x89CC29DC | Rollbacks:  0 (Resim:   0) | Stalls:  0
[HEARTBEAT] Node: 0 | Tick: 79681 | Conf: 79679 | Hash: 0xFB22E863 | Rollbacks:  8 (Resim:   8) | Stalls:  0
[HEARTBEAT] Node: 0 | Tick: 79741 | Conf: 79739 | Hash: 0xC8586353 | Rollbacks: 12 (Resim:  12) | Stalls:  0
[HEARTBEAT] Node: 0 | Tick: 79801 | Conf: 79799 | Hash: 0x785F59F5 | Rollbacks: 13 (Resim:  13) | Stalls:  0
[HEARTBEAT] Node: 0 | Tick: 79861 | Conf: 79859 | Hash: 0xF183012B | Rollbacks:  0 (Resim:   0) | Stalls:  0
[HEARTBEAT] Node: 0 | Tick: 79921 | Conf: 79919 | Hash: 0x7F8322A6 | Rollbacks: 28 (Resim:  28) | Stalls:  0
[HEARTBEAT] Node: 0 | Tick: 79981 | Conf: 79979 | Hash: 0xA4D37E95 | Rollbacks:  2 (Resim:   2) | Stalls:  0
[BOT:50006] Heartbeat - Sparse Mods Tracked: 2048
[HEARTBEAT] Node: 0 | Tick: 80041 | Conf: 80039 | Hash: 0x675769CC | Rollbacks:  0 (Resim:   0) | Stalls:  0
[HEARTBEAT] Node: 0 | Tick: 80101 | Conf: 80099 | Hash: 0x6CC0450E | Rollbacks:  3 (Resim:   3) | Stalls:  0
[HEARTBEAT] Node: 0 | Tick: 80161 | Conf: 80159 | Hash: 0x9323159C | Rollbacks:  0 (Resim:   0) | Stalls:  0
[HEARTBEAT] Node: 0 | Tick: 80221 | Conf: 80219 | Hash: 0x0D746360 | Rollbacks: 17 (Resim:  17) | Stalls:  0
[HEARTBEAT] Node: 0 | Tick: 80281 | Conf: 80279 | Hash: 0x936A66FE | Rollbacks:  2 (Resim:   2) | Stalls:  0
[HEARTBEAT] Node: 0 | Tick: 80341 | Conf: 80339 | Hash: 0xCE93D1DD | Rollbacks:  0 (Resim:   0) | Stalls:  0
[HEARTBEAT] Node: 0 | Tick: 80401 | Conf: 80399 | Hash: 0x8C7AB953 | Rollbacks: 13 (Resim:  13) | Stalls:  0
[HEARTBEAT] Node: 0 | Tick: 80461 | Conf: 80459 | Hash: 0x5355FCC7 | Rollbacks: 10 (Resim:  10) | Stalls:  0
[HEARTBEAT] Node: 0 | Tick: 80521 | Conf: 80519 | Hash: 0xD5CDC658 | Rollbacks:  4 (Resim:   4) | Stalls:  0
[HEARTBEAT] Node: 0 | Tick: 80581 | Conf: 80579 | Hash: 0xD26BD510 | Rollbacks:  6 (Resim:   6) | Stalls:  0
[BOT:50006] Heartbeat - Sparse Mods Tracked: 2048
[HEARTBEAT] Node: 0 | Tick: 80641 | Conf: 80639 | Hash: 0xC94BE5FB | Rollbacks:  6 (Resim:   6) | Stalls:  0
[HEARTBEAT] Node: 0 | Tick: 80701 | Conf: 80699 | Hash: 0x2B6405AE | Rollbacks:  1 (Resim:   1) | Stalls:  0
[HEARTBEAT] Node: 0 | Tick: 80761 | Conf: 80759 | Hash: 0xEADC693F | Rollbacks: 26 (Resim:  26) | Stalls:  0
[HEARTBEAT] Node: 0 | Tick: 80821 | Conf: 80819 | Hash: 0xB7E102DE | Rollbacks:  3 (Resim:   3) | Stalls:  0
[HEARTBEAT] Node: 0 | Tick: 80881 | Conf: 80879 | Hash: 0x60BF6EDC | Rollbacks: 10 (Resim:  10) | Stalls:  0
[HEARTBEAT] Node: 0 | Tick: 80941 | Conf: 80939 | Hash: 0x4FB7E0D2 | Rollbacks: 14 (Resim:  14) | Stalls:  0
[HEARTBEAT] Node: 0 | Tick: 81001 | Conf: 80999 | Hash: 0x3A7B1BD9 | Rollbacks:  5 (Resim:   5) | Stalls:  0
[HEARTBEAT] Node: 0 | Tick: 81061 | Conf: 81059 | Hash: 0xB6E68B3F | Rollbacks: 24 (Resim:  24) | Stalls:  0
[HEARTBEAT] Node: 0 | Tick: 81121 | Conf: 81119 | Hash: 0xD70C7BD1 | Rollbacks: 11 (Resim:  11) | Stalls:  0
[HEARTBEAT] Node: 0 | Tick: 81181 | Conf: 81179 | Hash: 0xF66BEE13 | Rollbacks:  5 (Resim:   5) | Stalls:  0
[BOT:50006] Heartbeat - Sparse Mods Tracked: 2048
[HEARTBEAT] Node: 0 | Tick: 81241 | Conf: 81239 | Hash: 0xCBF1A692 | Rollbacks:  2 (Resim:   2) | Stalls:  0
[HEARTBEAT] Node: 0 | Tick: 81301 | Conf: 81299 | Hash: 0x48729C2C | Rollbacks: 13 (Resim:  13) | Stalls:  0
[HEARTBEAT] Node: 0 | Tick: 81361 | Conf: 81359 | Hash: 0x0FB8456E | Rollbacks: 25 (Resim:  26) | Stalls:  0
[HEARTBEAT] Node: 0 | Tick: 81421 | Conf: 81419 | Hash: 0xC8D3B179 | Rollbacks: 12 (Resim:  12) | Stalls:  0
[HEARTBEAT] Node: 0 | Tick: 81481 | Conf: 81479 | Hash: 0xA344119A | Rollbacks:  0 (Resim:   0) | Stalls:  0
[HEARTBEAT] Node: 0 | Tick: 81541 | Conf: 81539 | Hash: 0xD078B6E3 | Rollbacks: 10 (Resim:  10) | Stalls:  0
[HEARTBEAT] Node: 0 | Tick: 81601 | Conf: 81599 | Hash: 0x0C4E2A27 | Rollbacks:  6 (Resim:   6) | Stalls:  0
[HEARTBEAT] Node: 0 | Tick: 81661 | Conf: 81659 | Hash: 0xC83F0B05 | Rollbacks: 15 (Resim:  15) | Stalls:  0
[HEARTBEAT] Node: 0 | Tick: 81721 | Conf: 81719 | Hash: 0x7EB8EEDF | Rollbacks: 15 (Resim:  15) | Stalls:  0
[HEARTBEAT] Node: 0 | Tick: 81781 | Conf: 81779 | Hash: 0x9A2B9E74 | Rollbacks:  2 (Resim:   2) | Stalls:  0
[BOT:50006] Heartbeat - Sparse Mods Tracked: 2048
[HEARTBEAT] Node: 0 | Tick: 81841 | Conf: 81839 | Hash: 0x61A4511D | Rollbacks: 29 (Resim:  29) | Stalls:  0
[HEARTBEAT] Node: 0 | Tick: 81901 | Conf: 81899 | Hash: 0xBB429764 | Rollbacks:  0 (Resim:   0) | Stalls:  0
[HEARTBEAT] Node: 0 | Tick: 81961 | Conf: 81959 | Hash: 0x3002AC30 | Rollbacks:  0 (Resim:   0) | Stalls:  0
[HEARTBEAT] Node: 0 | Tick: 82021 | Conf: 82019 | Hash: 0x177CF11B | Rollbacks: 28 (Resim:  28) | Stalls:  0
[HEARTBEAT] Node: 0 | Tick: 82081 | Conf: 82079 | Hash: 0xF6D8D378 | Rollbacks:  6 (Resim:   6) | Stalls:  0
[HEARTBEAT] Node: 0 | Tick: 82141 | Conf: 82139 | Hash: 0x452EBF00 | Rollbacks:  0 (Resim:   0) | Stalls:  0
[HEARTBEAT] Node: 0 | Tick: 82201 | Conf: 82199 | Hash: 0x6F326408 | Rollbacks: 25 (Resim:  25) | Stalls:  0
[HEARTBEAT] Node: 0 | Tick: 82261 | Conf: 82259 | Hash: 0x41E4BD68 | Rollbacks: 12 (Resim:  12) | Stalls:  0
[HEARTBEAT] Node: 0 | Tick: 82321 | Conf: 82319 | Hash: 0x17B8FD59 | Rollbacks: 16 (Resim:  16) | Stalls:  0
[BOT:50006] Heartbeat - Sparse Mods Tracked: 2048
[HEARTBEAT] Node: 0 | Tick: 82381 | Conf: 82379 | Hash: 0xEA7EE800 | Rollbacks:  0 (Resim:   0) | Stalls:  0
[HEARTBEAT] Node: 0 | Tick: 82441 | Conf: 82439 | Hash: 0xE2929DA9 | Rollbacks:  0 (Resim:   0) | Stalls:  0
[HEARTBEAT] Node: 0 | Tick: 82501 | Conf: 82499 | Hash: 0x5B0171E7 | Rollbacks: 28 (Resim:  28) | Stalls:  0
[HEARTBEAT] Node: 0 | Tick: 82561 | Conf: 82559 | Hash: 0x2EB01EF0 | Rollbacks: 13 (Resim:  13) | Stalls:  0
[HEARTBEAT] Node: 0 | Tick: 82621 | Conf: 82619 | Hash: 0x32A83B6B | Rollbacks: 18 (Resim:  19) | Stalls:  0
[HEARTBEAT] Node: 0 | Tick: 82681 | Conf: 82679 | Hash: 0xB465CCF1 | Rollbacks:  8 (Resim:   8) | Stalls:  0
[HEARTBEAT] Node: 0 | Tick: 82741 | Conf: 82739 | Hash: 0x1AC1D03E | Rollbacks:  3 (Resim:   3) | Stalls:  0
[HEARTBEAT] Node: 0 | Tick: 82801 | Conf: 82799 | Hash: 0x7E22FC03 | Rollbacks: 19 (Resim:  19) | Stalls:  0
[HEARTBEAT] Node: 0 | Tick: 82861 | Conf: 82859 | Hash: 0x52F7E6BD | Rollbacks: 12 (Resim:  12) | Stalls:  0
[HEARTBEAT] Node: 0 | Tick: 82921 | Conf: 82919 | Hash: 0x65C17DF8 | Rollbacks:  0 (Resim:   0) | Stalls:  0
[BOT:50006] Heartbeat - Sparse Mods Tracked: 2048
[HEARTBEAT] Node: 0 | Tick: 82981 | Conf: 82979 | Hash: 0x2C5893CA | Rollbacks: 24 (Resim:  24) | Stalls:  0
[HEARTBEAT] Node: 0 | Tick: 83041 | Conf: 83039 | Hash: 0xD26E013B | Rollbacks:  4 (Resim:   4) | Stalls:  0
[HEARTBEAT] Node: 0 | Tick: 83101 | Conf: 83099 | Hash: 0x19959E4A | Rollbacks:  1 (Resim:   1) | Stalls:  0
[HEARTBEAT] Node: 0 | Tick: 83161 | Conf: 83159 | Hash: 0xC9DFB488 | Rollbacks: 20 (Resim:  20) | Stalls:  0
[HEARTBEAT] Node: 0 | Tick: 83221 | Conf: 83219 | Hash: 0x9250217F | Rollbacks:  2 (Resim:   2) | Stalls:  0
[HEARTBEAT] Node: 0 | Tick: 83281 | Conf: 83279 | Hash: 0x4035931A | Rollbacks: 20 (Resim:  20) | Stalls:  0
[HEARTBEAT] Node: 0 | Tick: 83341 | Conf: 83339 | Hash: 0xAE7C1DE9 | Rollbacks:  1 (Resim:   1) | Stalls:  0
[HEARTBEAT] Node: 0 | Tick: 83401 | Conf: 83399 | Hash: 0xB6796A90 | Rollbacks:  0 (Resim:   0) | Stalls:  0
[HEARTBEAT] Node: 0 | Tick: 83461 | Conf: 83459 | Hash: 0xBBA4EF0F | Rollbacks: 20 (Resim:  20) | Stalls:  0
[HEARTBEAT] Node: 0 | Tick: 83521 | Conf: 83519 | Hash: 0x41F68B0F | Rollbacks:  1 (Resim:   1) | Stalls:  0
[BOT:50006] Heartbeat - Sparse Mods Tracked: 2048
[HEARTBEAT] Node: 0 | Tick: 83581 | Conf: 83579 | Hash: 0xB59254FD | Rollbacks:  0 (Resim:   0) | Stalls:  0
[HEARTBEAT] Node: 0 | Tick: 83641 | Conf: 83639 | Hash: 0x5DC3FD2C | Rollbacks: 21 (Resim:  21) | Stalls:  0
[HEARTBEAT] Node: 0 | Tick: 83701 | Conf: 83699 | Hash: 0xEDC6C012 | Rollbacks:  0 (Resim:   0) | Stalls:  0
[HEARTBEAT] Node: 0 | Tick: 83761 | Conf: 83759 | Hash: 0xC3F9CA2E | Rollbacks: 11 (Resim:  11) | Stalls:  0
[HEARTBEAT] Node: 0 | Tick: 83821 | Conf: 83819 | Hash: 0x4BCCB154 | Rollbacks:  0 (Resim:   0) | Stalls:  0
[HEARTBEAT] Node: 0 | Tick: 83881 | Conf: 83879 | Hash: 0x4DCA3217 | Rollbacks: 28 (Resim:  28) | Stalls:  0
[HEARTBEAT] Node: 0 | Tick: 83941 | Conf: 83939 | Hash: 0xF12376D7 | Rollbacks:  0 (Resim:   0) | Stalls:  0
[HEARTBEAT] Node: 0 | Tick: 84001 | Conf: 83999 | Hash: 0x9B393A72 | Rollbacks:  0 (Resim:   0) | Stalls:  0
[HEARTBEAT] Node: 0 | Tick: 84061 | Conf: 84059 | Hash: 0xD73A1431 | Rollbacks: 34 (Resim:  34) | Stalls:  0
[HEARTBEAT] Node: 0 | Tick: 84121 | Conf: 84119 | Hash: 0x03F87AC8 | Rollbacks:  0 (Resim:   0) | Stalls:  0
[BOT:50006] Heartbeat - Sparse Mods Tracked: 2048
[HEARTBEAT] Node: 0 | Tick: 84181 | Conf: 84179 | Hash: 0xABA2E0EC | Rollbacks:  1 (Resim:   1) | Stalls:  0
[HEARTBEAT] Node: 0 | Tick: 84241 | Conf: 84239 | Hash: 0xB4D2160C | Rollbacks:  8 (Resim:   8) | Stalls:  0
[HEARTBEAT] Node: 0 | Tick: 84301 | Conf: 84299 | Hash: 0x0449EBC8 | Rollbacks: 13 (Resim:  13) | Stalls:  0
[HEARTBEAT] Node: 0 | Tick: 84361 | Conf: 84359 | Hash: 0xFC932D62 | Rollbacks:  0 (Resim:   0) | Stalls:  0
[HEARTBEAT] Node: 0 | Tick: 84421 | Conf: 84419 | Hash: 0x66CD4AAE | Rollbacks: 27 (Resim:  27) | Stalls:  0
[HEARTBEAT] Node: 0 | Tick: 84481 | Conf: 84479 | Hash: 0x43B4BB4F | Rollbacks:  0 (Resim:   0) | Stalls:  0
[HEARTBEAT] Node: 0 | Tick: 84541 | Conf: 84539 | Hash: 0x15B320C7 | Rollbacks:  1 (Resim:   1) | Stalls:  0
[HEARTBEAT] Node: 0 | Tick: 84601 | Conf: 84599 | Hash: 0x99F5C5E6 | Rollbacks:  0 (Resim:   0) | Stalls:  0
[HEARTBEAT] Node: 0 | Tick: 84661 | Conf: 84659 | Hash: 0x4E241CB1 | Rollbacks:  3 (Resim:   3) | Stalls:  0
[HEARTBEAT] Node: 0 | Tick: 84721 | Conf: 84719 | Hash: 0x953510A3 | Rollbacks:  0 (Resim:   0) | Stalls:  0
[BOT:50006] Heartbeat - Sparse Mods Tracked: 2048
[HEARTBEAT] Node: 0 | Tick: 84781 | Conf: 84779 | Hash: 0x530DED30 | Rollbacks:  9 (Resim:   9) | Stalls:  0
[HEARTBEAT] Node: 0 | Tick: 84841 | Conf: 84839 | Hash: 0x20730F71 | Rollbacks:  0 (Resim:   0) | Stalls:  0
[HEARTBEAT] Node: 0 | Tick: 84901 | Conf: 84899 | Hash: 0x1C9420F5 | Rollbacks: 28 (Resim:  28) | Stalls:  0
[HEARTBEAT] Node: 0 | Tick: 84961 | Conf: 84959 | Hash: 0x2B0652E9 | Rollbacks:  1 (Resim:   1) | Stalls:  0
[HEARTBEAT] Node: 0 | Tick: 85021 | Conf: 85019 | Hash: 0xAFFB35F6 | Rollbacks:  0 (Resim:   0) | Stalls:  0
[HEARTBEAT] Node: 0 | Tick: 85081 | Conf: 85079 | Hash: 0x5C8462B3 | Rollbacks: 15 (Resim:  15) | Stalls:  0
[HEARTBEAT] Node: 0 | Tick: 85141 | Conf: 85139 | Hash: 0x1834EF69 | Rollbacks: 15 (Resim:  15) | Stalls:  0
[HEARTBEAT] Node: 0 | Tick: 85201 | Conf: 85199 | Hash: 0xED06F605 | Rollbacks:  1 (Resim:   1) | Stalls:  0
[HEARTBEAT] Node: 0 | Tick: 85261 | Conf: 85259 | Hash: 0xA258DF47 | Rollbacks: 10 (Resim:  10) | Stalls:  0
[HEARTBEAT] Node: 0 | Tick: 85321 | Conf: 85319 | Hash: 0x96363FAD | Rollbacks: 20 (Resim:  20) | Stalls:  0
[BOT:50006] Heartbeat - Sparse Mods Tracked: 2048
[HEARTBEAT] Node: 0 | Tick: 85381 | Conf: 85379 | Hash: 0xB27FFE5B | Rollbacks: 20 (Resim:  20) | Stalls:  0
[HEARTBEAT] Node: 0 | Tick: 85441 | Conf: 85439 | Hash: 0x4A5C1927 | Rollbacks: 10 (Resim:  10) | Stalls:  0
[HEARTBEAT] Node: 0 | Tick: 85501 | Conf: 85499 | Hash: 0x69A4E467 | Rollbacks: 13 (Resim:  13) | Stalls:  0
[HEARTBEAT] Node: 0 | Tick: 85561 | Conf: 85559 | Hash: 0xE71A3ACE | Rollbacks: 16 (Resim:  16) | Stalls:  0
[HEARTBEAT] Node: 0 | Tick: 85621 | Conf: 85619 | Hash: 0x2BEA4CEC | Rollbacks: 19 (Resim:  19) | Stalls:  0
[HEARTBEAT] Node: 0 | Tick: 85681 | Conf: 85679 | Hash: 0xD3F45BFE | Rollbacks:  0 (Resim:   0) | Stalls:  0
[HEARTBEAT] Node: 0 | Tick: 85741 | Conf: 85739 | Hash: 0xAAFFCA4B | Rollbacks:  0 (Resim:   0) | Stalls:  0
[HEARTBEAT] Node: 0 | Tick: 85801 | Conf: 85799 | Hash: 0x3EA3A907 | Rollbacks:  0 (Resim:   0) | Stalls:  0
[HEARTBEAT] Node: 0 | Tick: 85861 | Conf: 85859 | Hash: 0x5FD0E03F | Rollbacks: 11 (Resim:  11) | Stalls:  0
[HEARTBEAT] Node: 0 | Tick: 85921 | Conf: 85919 | Hash: 0xE06235BE | Rollbacks:  0 (Resim:   0) | Stalls:  0
[BOT:50006] Heartbeat - Sparse Mods Tracked: 2048
[HEARTBEAT] Node: 0 | Tick: 85981 | Conf: 85979 | Hash: 0x42B82725 | Rollbacks: 20 (Resim:  20) | Stalls:  0
[HEARTBEAT] Node: 0 | Tick: 86041 | Conf: 86039 | Hash: 0x96E2437F | Rollbacks:  5 (Resim:   5) | Stalls:  0
[HEARTBEAT] Node: 0 | Tick: 86101 | Conf: 86099 | Hash: 0x134DF92D | Rollbacks:  0 (Resim:   0) | Stalls:  0
[HEARTBEAT] Node: 0 | Tick: 86161 | Conf: 86159 | Hash: 0x59AC60C2 | Rollbacks: 11 (Resim:  11) | Stalls:  0
[HEARTBEAT] Node: 0 | Tick: 86221 | Conf: 86219 | Hash: 0x4FEA9478 | Rollbacks:  0 (Resim:   0) | Stalls:  0
[HEARTBEAT] Node: 0 | Tick: 86281 | Conf: 86279 | Hash: 0xA0F04E81 | Rollbacks:  0 (Resim:   0) | Stalls:  0
[HEARTBEAT] Node: 0 | Tick: 86341 | Conf: 86339 | Hash: 0x70BBF35A | Rollbacks:  0 (Resim:   0) | Stalls:  0
[HEARTBEAT] Node: 0 | Tick: 86401 | Conf: 86399 | Hash: 0xBDEDB0BB | Rollbacks:  8 (Resim:   8) | Stalls:  0
[HEARTBEAT] Node: 0 | Tick: 86461 | Conf: 86459 | Hash: 0xF5BFE176 | Rollbacks: 15 (Resim:  15) | Stalls:  0
[BOT:50006] Heartbeat - Sparse Mods Tracked: 2048
[HEARTBEAT] Node: 0 | Tick: 86521 | Conf: 86519 | Hash: 0x19C6152C | Rollbacks:  0 (Resim:   0) | Stalls:  0
[HEARTBEAT] Node: 0 | Tick: 86581 | Conf: 86579 | Hash: 0x71831DB8 | Rollbacks:  0 (Resim:   0) | Stalls:  0
[HEARTBEAT] Node: 0 | Tick: 86641 | Conf: 86639 | Hash: 0x0384550B | Rollbacks:  0 (Resim:   0) | Stalls:  0
[HEARTBEAT] Node: 0 | Tick: 86701 | Conf: 86699 | Hash: 0xBD1E43E8 | Rollbacks:  9 (Resim:   9) | Stalls:  0
[HEARTBEAT] Node: 0 | Tick: 86761 | Conf: 86759 | Hash: 0x1721F7D1 | Rollbacks:  0 (Resim:   0) | Stalls:  0
[HEARTBEAT] Node: 0 | Tick: 86821 | Conf: 86819 | Hash: 0xC629F66E | Rollbacks: 33 (Resim:  33) | Stalls:  0
[HEARTBEAT] Node: 0 | Tick: 86881 | Conf: 86879 | Hash: 0xED6148BE | Rollbacks:  0 (Resim:   0) | Stalls:  0
[HEARTBEAT] Node: 0 | Tick: 86941 | Conf: 86939 | Hash: 0x47AE54F4 | Rollbacks:  1 (Resim:   1) | Stalls:  0
[HEARTBEAT] Node: 0 | Tick: 87001 | Conf: 86999 | Hash: 0x18B65B80 | Rollbacks:  0 (Resim:   0) | Stalls:  0
[HEARTBEAT] Node: 0 | Tick: 87061 | Conf: 87059 | Hash: 0xC9FD126A | Rollbacks: 11 (Resim:  11) | Stalls:  0
[BOT:50006] Heartbeat - Sparse Mods Tracked: 2048
[HEARTBEAT] Node: 0 | Tick: 87121 | Conf: 87119 | Hash: 0xC2FECAA1 | Rollbacks:  0 (Resim:   0) | Stalls:  0
[HEARTBEAT] Node: 0 | Tick: 87181 | Conf: 87179 | Hash: 0x3C05F448 | Rollbacks:  1 (Resim:   1) | Stalls:  0
[HEARTBEAT] Node: 0 | Tick: 87241 | Conf: 87239 | Hash: 0xC01F0887 | Rollbacks:  0 (Resim:   0) | Stalls:  0
[HEARTBEAT] Node: 0 | Tick: 87301 | Conf: 87299 | Hash: 0xFE6EB0B9 | Rollbacks: 24 (Resim:  24) | Stalls:  0
[HEARTBEAT] Node: 0 | Tick: 87361 | Conf: 87359 | Hash: 0xBDBFEF3B | Rollbacks:  0 (Resim:   0) | Stalls:  0
[HEARTBEAT] Node: 0 | Tick: 87421 | Conf: 87419 | Hash: 0xF58263E0 | Rollbacks:  6 (Resim:   6) | Stalls:  0
[HEARTBEAT] Node: 0 | Tick: 87481 | Conf: 87479 | Hash: 0x01C36270 | Rollbacks:  0 (Resim:   0) | Stalls:  0
[HEARTBEAT] Node: 0 | Tick: 87541 | Conf: 87539 | Hash: 0xEE484B3A | Rollbacks:  0 (Resim:   0) | Stalls:  0
[HEARTBEAT] Node: 0 | Tick: 87601 | Conf: 87599 | Hash: 0x7EE8D491 | Rollbacks:  6 (Resim:   6) | Stalls:  0
[HEARTBEAT] Node: 0 | Tick: 87661 | Conf: 87659 | Hash: 0x87B71A0C | Rollbacks:  0 (Resim:   0) | Stalls:  0
[BOT:50006] Heartbeat - Sparse Mods Tracked: 2048
[HEARTBEAT] Node: 0 | Tick: 87721 | Conf: 87719 | Hash: 0xC81F6302 | Rollbacks:  1 (Resim:   2) | Stalls:  0
[HEARTBEAT] Node: 0 | Tick: 87781 | Conf: 87779 | Hash: 0xFA3B0D85 | Rollbacks:  0 (Resim:   0) | Stalls:  0
[HEARTBEAT] Node: 0 | Tick: 87841 | Conf: 87839 | Hash: 0xB6088C79 | Rollbacks: 14 (Resim:  14) | Stalls:  0
[HEARTBEAT] Node: 0 | Tick: 87901 | Conf: 87899 | Hash: 0x74006E8D | Rollbacks:  0 (Resim:   0) | Stalls:  0
[HEARTBEAT] Node: 0 | Tick: 87961 | Conf: 87959 | Hash: 0xF60C100E | Rollbacks:  0 (Resim:   0) | Stalls:  0
[HEARTBEAT] Node: 0 | Tick: 88021 | Conf: 88019 | Hash: 0x1FCBD04F | Rollbacks:  7 (Resim:   7) | Stalls:  0
[HEARTBEAT] Node: 0 | Tick: 88081 | Conf: 88079 | Hash: 0xFBDD2DD6 | Rollbacks: 23 (Resim:  23) | Stalls:  0
[HEARTBEAT] Node: 0 | Tick: 88141 | Conf: 88139 | Hash: 0x34F56E99 | Rollbacks:  0 (Resim:   0) | Stalls:  0
[HEARTBEAT] Node: 0 | Tick: 88201 | Conf: 88199 | Hash: 0x79415BAC | Rollbacks: 33 (Resim:  33) | Stalls:  0
[HEARTBEAT] Node: 0 | Tick: 88261 | Conf: 88259 | Hash: 0x6C96A679 | Rollbacks:  1 (Resim:   1) | Stalls:  0
[BOT:50006] Heartbeat - Sparse Mods Tracked: 2048
[HEARTBEAT] Node: 0 | Tick: 88321 | Conf: 88319 | Hash: 0xF7E38086 | Rollbacks:  0 (Resim:   0) | Stalls:  0
[HEARTBEAT] Node: 0 | Tick: 88381 | Conf: 88379 | Hash: 0xF95305CD | Rollbacks: 23 (Resim:  23) | Stalls:  0
[HEARTBEAT] Node: 0 | Tick: 88441 | Conf: 88439 | Hash: 0xF5E90948 | Rollbacks:  2 (Resim:   2) | Stalls:  0
[HEARTBEAT] Node: 0 | Tick: 88501 | Conf: 88499 | Hash: 0x4D8CEBB5 | Rollbacks:  0 (Resim:   0) | Stalls:  0
[HEARTBEAT] Node: 0 | Tick: 88561 | Conf: 88559 | Hash: 0xB2AE5A7B | Rollbacks: 17 (Resim:  17) | Stalls:  0
[HEARTBEAT] Node: 0 | Tick: 88621 | Conf: 88619 | Hash: 0x5EB4C391 | Rollbacks:  5 (Resim:   5) | Stalls:  0
[HEARTBEAT] Node: 0 | Tick: 88681 | Conf: 88679 | Hash: 0x21A8061C | Rollbacks: 16 (Resim:  16) | Stalls:  0
[HEARTBEAT] Node: 0 | Tick: 88741 | Conf: 88739 | Hash: 0x6B6BE105 | Rollbacks: 15 (Resim:  15) | Stalls:  0
[HEARTBEAT] Node: 0 | Tick: 88801 | Conf: 88799 | Hash: 0x152F42A9 | Rollbacks:  3 (Resim:   3) | Stalls:  0
[HEARTBEAT] Node: 0 | Tick: 88861 | Conf: 88859 | Hash: 0x5BC80E16 | Rollbacks:  0 (Resim:   0) | Stalls:  0
[BOT:50006] Heartbeat - Sparse Mods Tracked: 2048
[HEARTBEAT] Node: 0 | Tick: 88921 | Conf: 88919 | Hash: 0xDDDE914F | Rollbacks:  7 (Resim:   7) | Stalls:  0
[HEARTBEAT] Node: 0 | Tick: 88981 | Conf: 88979 | Hash: 0xFF42D78E | Rollbacks:  4 (Resim:   4) | Stalls:  0
[HEARTBEAT] Node: 0 | Tick: 89041 | Conf: 89039 | Hash: 0x6FCFD0CF | Rollbacks: 12 (Resim:  12) | Stalls:  0
[HEARTBEAT] Node: 0 | Tick: 89101 | Conf: 89099 | Hash: 0x7713705B | Rollbacks:  0 (Resim:   0) | Stalls:  0
[HEARTBEAT] Node: 0 | Tick: 89161 | Conf: 89159 | Hash: 0x9B466252 | Rollbacks: 12 (Resim:  12) | Stalls:  0
[HEARTBEAT] Node: 0 | Tick: 89221 | Conf: 89219 | Hash: 0x447B7E1C | Rollbacks:  0 (Resim:   0) | Stalls:  0
[HEARTBEAT] Node: 0 | Tick: 89281 | Conf: 89279 | Hash: 0x7035CD7F | Rollbacks: 17 (Resim:  17) | Stalls:  0
[HEARTBEAT] Node: 0 | Tick: 89341 | Conf: 89339 | Hash: 0x83140A9B | Rollbacks: 13 (Resim:  13) | Stalls:  0
[HEARTBEAT] Node: 0 | Tick: 89401 | Conf: 89399 | Hash: 0x3C1DA04F | Rollbacks: 24 (Resim:  24) | Stalls:  0
[BOT:50006] Heartbeat - Sparse Mods Tracked: 2048
[HEARTBEAT] Node: 0 | Tick: 89461 | Conf: 89459 | Hash: 0x08CD9CB7 | Rollbacks: 13 (Resim:  13) | Stalls:  0
[HEARTBEAT] Node: 0 | Tick: 89521 | Conf: 89519 | Hash: 0x1DE39662 | Rollbacks: 23 (Resim:  23) | Stalls:  0
[HEARTBEAT] Node: 0 | Tick: 89581 | Conf: 89579 | Hash: 0x0EF482A3 | Rollbacks:  0 (Resim:   0) | Stalls:  0
[HEARTBEAT] Node: 0 | Tick: 89641 | Conf: 89639 | Hash: 0x645799BA | Rollbacks: 10 (Resim:  10) | Stalls:  0
[HEARTBEAT] Node: 0 | Tick: 89701 | Conf: 89699 | Hash: 0xFCF45702 | Rollbacks:  3 (Resim:   3) | Stalls:  0
[HEARTBEAT] Node: 0 | Tick: 89761 | Conf: 89759 | Hash: 0xF1D9D34F | Rollbacks:  3 (Resim:   3) | Stalls:  0
[HEARTBEAT] Node: 0 | Tick: 89821 | Conf: 89819 | Hash: 0x07E5469A | Rollbacks:  6 (Resim:   6) | Stalls:  0
[HEARTBEAT] Node: 0 | Tick: 89881 | Conf: 89879 | Hash: 0xF2128CC2 | Rollbacks: 19 (Resim:  20) | Stalls:  0
[HEARTBEAT] Node: 0 | Tick: 89941 | Conf: 89939 | Hash: 0x92345822 | Rollbacks:  4 (Resim:   4) | Stalls:  0
[HEARTBEAT] Node: 0 | Tick: 90001 | Conf: 89999 | Hash: 0x03B7DEC3 | Rollbacks: 12 (Resim:  12) | Stalls:  0
[BOT:50006] Heartbeat - Sparse Mods Tracked: 2048
[HEARTBEAT] Node: 0 | Tick: 90061 | Conf: 90059 | Hash: 0x49C7D31B | Rollbacks:  9 (Resim:   9) | Stalls:  0
[HEARTBEAT] Node: 0 | Tick: 90121 | Conf: 90119 | Hash: 0xD54AA0EA | Rollbacks:  0 (Resim:   0) | Stalls:  0
[HEARTBEAT] Node: 0 | Tick: 90181 | Conf: 90179 | Hash: 0x86667591 | Rollbacks: 18 (Resim:  18) | Stalls:  0
[HEARTBEAT] Node: 0 | Tick: 90241 | Conf: 90239 | Hash: 0x2D9E9913 | Rollbacks:  0 (Resim:   0) | Stalls:  0
[HEARTBEAT] Node: 0 | Tick: 90301 | Conf: 90299 | Hash: 0x37BE88B2 | Rollbacks:  0 (Resim:   0) | Stalls:  0
[HEARTBEAT] Node: 0 | Tick: 90361 | Conf: 90359 | Hash: 0xA53FBA06 | Rollbacks: 16 (Resim:  16) | Stalls:  0
[HEARTBEAT] Node: 0 | Tick: 90421 | Conf: 90419 | Hash: 0x4C07DD47 | Rollbacks:  0 (Resim:   0) | Stalls:  0
[HEARTBEAT] Node: 0 | Tick: 90481 | Conf: 90479 | Hash: 0xBB94A7E0 | Rollbacks:  8 (Resim:   8) | Stalls:  0
[HEARTBEAT] Node: 0 | Tick: 90541 | Conf: 90539 | Hash: 0x63F8EE2E | Rollbacks: 10 (Resim:  10) | Stalls:  0
[HEARTBEAT] Node: 0 | Tick: 90601 | Conf: 90599 | Hash: 0x54834701 | Rollbacks:  0 (Resim:   0) | Stalls:  0
[BOT:50006] Heartbeat - Sparse Mods Tracked: 2048
[HEARTBEAT] Node: 0 | Tick: 90661 | Conf: 90659 | Hash: 0xEC9105E7 | Rollbacks:  1 (Resim:   1) | Stalls:  0
[HEARTBEAT] Node: 0 | Tick: 90721 | Conf: 90719 | Hash: 0x9CA0B598 | Rollbacks:  6 (Resim:   6) | Stalls:  0
[HEARTBEAT] Node: 0 | Tick: 90781 | Conf: 90779 | Hash: 0xC214FF74 | Rollbacks:  8 (Resim:   8) | Stalls:  0
[HEARTBEAT] Node: 0 | Tick: 90841 | Conf: 90839 | Hash: 0x084C5FF5 | Rollbacks:  0 (Resim:   0) | Stalls:  0
[HEARTBEAT] Node: 0 | Tick: 90901 | Conf: 90899 | Hash: 0xD772632D | Rollbacks: 10 (Resim:  10) | Stalls:  0
[HEARTBEAT] Node: 0 | Tick: 90961 | Conf: 90959 | Hash: 0xAAF5A984 | Rollbacks:  0 (Resim:   0) | Stalls:  0
[HEARTBEAT] Node: 0 | Tick: 91021 | Conf: 91019 | Hash: 0x3C8A9606 | Rollbacks:  1 (Resim:   1) | Stalls:  0
[HEARTBEAT] Node: 0 | Tick: 91081 | Conf: 91079 | Hash: 0xDC846072 | Rollbacks:  9 (Resim:   9) | Stalls:  0
[HEARTBEAT] Node: 0 | Tick: 91141 | Conf: 91139 | Hash: 0x8CF0C34D | Rollbacks: 24 (Resim:  24) | Stalls:  0
[HEARTBEAT] Node: 0 | Tick: 91201 | Conf: 91199 | Hash: 0x7574CDDE | Rollbacks:  8 (Resim:   8) | Stalls:  0
[BOT:50006] Heartbeat - Sparse Mods Tracked: 2048
[HEARTBEAT] Node: 0 | Tick: 91261 | Conf: 91259 | Hash: 0xCD0E6702 | Rollbacks:  0 (Resim:   0) | Stalls:  0
[HEARTBEAT] Node: 0 | Tick: 91321 | Conf: 91319 | Hash: 0x7DAC40B1 | Rollbacks: 31 (Resim:  31) | Stalls:  0
[HEARTBEAT] Node: 0 | Tick: 91381 | Conf: 91379 | Hash: 0x79F90AC7 | Rollbacks:  4 (Resim:   4) | Stalls:  0
[HEARTBEAT] Node: 0 | Tick: 91441 | Conf: 91439 | Hash: 0x276CF140 | Rollbacks: 23 (Resim:  24) | Stalls:  0
[HEARTBEAT] Node: 0 | Tick: 91501 | Conf: 91499 | Hash: 0xCA486A61 | Rollbacks:  0 (Resim:   0) | Stalls:  0
[HEARTBEAT] Node: 0 | Tick: 91561 | Conf: 91559 | Hash: 0x7F479267 | Rollbacks:  1 (Resim:   1) | Stalls:  0
[HEARTBEAT] Node: 0 | Tick: 91621 | Conf: 91619 | Hash: 0x6D635DB6 | Rollbacks: 20 (Resim:  20) | Stalls:  0
[HEARTBEAT] Node: 0 | Tick: 91681 | Conf: 91679 | Hash: 0xAF744136 | Rollbacks: 11 (Resim:  11) | Stalls:  0
[HEARTBEAT] Node: 0 | Tick: 91741 | Conf: 91739 | Hash: 0x4CDC4B52 | Rollbacks: 15 (Resim:  15) | Stalls:  0
[HEARTBEAT] Node: 0 | Tick: 91801 | Conf: 91799 | Hash: 0xBC60A159 | Rollbacks: 13 (Resim:  13) | Stalls:  0
[BOT:50006] Heartbeat - Sparse Mods Tracked: 2048
[HEARTBEAT] Node: 0 | Tick: 91861 | Conf: 91859 | Hash: 0x56EC7BB8 | Rollbacks:  0 (Resim:   0) | Stalls:  0
[HEARTBEAT] Node: 0 | Tick: 91921 | Conf: 91919 | Hash: 0x724DB2B4 | Rollbacks: 25 (Resim:  25) | Stalls:  0
[HEARTBEAT] Node: 0 | Tick: 91981 | Conf: 91979 | Hash: 0xFF272B02 | Rollbacks: 14 (Resim:  14) | Stalls:  0
[HEARTBEAT] Node: 0 | Tick: 92041 | Conf: 92039 | Hash: 0x186F109F | Rollbacks:  0 (Resim:   0) | Stalls:  0
[HEARTBEAT] Node: 0 | Tick: 92101 | Conf: 92099 | Hash: 0xD3F89823 | Rollbacks:  0 (Resim:   0) | Stalls:  0
[HEARTBEAT] Node: 0 | Tick: 92161 | Conf: 92159 | Hash: 0xB5A804EC | Rollbacks: 13 (Resim:  13) | Stalls:  0
[HEARTBEAT] Node: 0 | Tick: 92221 | Conf: 92219 | Hash: 0xF727410C | Rollbacks:  0 (Resim:   0) | Stalls:  0
[HEARTBEAT] Node: 0 | Tick: 92281 | Conf: 92279 | Hash: 0x0A6CD632 | Rollbacks: 14 (Resim:  14) | Stalls:  0
[HEARTBEAT] Node: 0 | Tick: 92341 | Conf: 92339 | Hash: 0x9F70DB0B | Rollbacks:  5 (Resim:   5) | Stalls:  0
[HEARTBEAT] Node: 0 | Tick: 92401 | Conf: 92399 | Hash: 0x59C705B1 | Rollbacks:  0 (Resim:   0) | Stalls:  0
[BOT:50006] Heartbeat - Sparse Mods Tracked: 2048
[HEARTBEAT] Node: 0 | Tick: 92461 | Conf: 92459 | Hash: 0x459B4AEB | Rollbacks: 24 (Resim:  24) | Stalls:  0
[HEARTBEAT] Node: 0 | Tick: 92521 | Conf: 92519 | Hash: 0x2305C9F6 | Rollbacks: 15 (Resim:  15) | Stalls:  0
[HEARTBEAT] Node: 0 | Tick: 92581 | Conf: 92579 | Hash: 0x30CE6473 | Rollbacks:  0 (Resim:   0) | Stalls:  0
[HEARTBEAT] Node: 0 | Tick: 92641 | Conf: 92639 | Hash: 0xD7DF40F8 | Rollbacks:  0 (Resim:   0) | Stalls:  0
[HEARTBEAT] Node: 0 | Tick: 92701 | Conf: 92699 | Hash: 0x6C17C016 | Rollbacks: 17 (Resim:  17) | Stalls:  0
[HEARTBEAT] Node: 0 | Tick: 92761 | Conf: 92759 | Hash: 0x215B1B8A | Rollbacks: 15 (Resim:  15) | Stalls:  0
[HEARTBEAT] Node: 0 | Tick: 92821 | Conf: 92819 | Hash: 0xFAB55E2F | Rollbacks:  0 (Resim:   0) | Stalls:  0
[HEARTBEAT] Node: 0 | Tick: 92881 | Conf: 92879 | Hash: 0x403DA42B | Rollbacks: 15 (Resim:  15) | Stalls:  0
[HEARTBEAT] Node: 0 | Tick: 92941 | Conf: 92939 | Hash: 0x12A656A9 | Rollbacks: 17 (Resim:  17) | Stalls:  0
[BOT:50006] Heartbeat - Sparse Mods Tracked: 2048
[HEARTBEAT] Node: 0 | Tick: 93001 | Conf: 92999 | Hash: 0xDE565095 | Rollbacks: 12 (Resim:  12) | Stalls:  0
[HEARTBEAT] Node: 0 | Tick: 93061 | Conf: 93059 | Hash: 0xC83C039E | Rollbacks:  2 (Resim:   2) | Stalls:  0
[HEARTBEAT] Node: 0 | Tick: 93121 | Conf: 93119 | Hash: 0x3A483139 | Rollbacks: 10 (Resim:  10) | Stalls:  0
[HEARTBEAT] Node: 0 | Tick: 93181 | Conf: 93179 | Hash: 0x2E44C565 | Rollbacks:  8 (Resim:   8) | Stalls:  0
[HEARTBEAT] Node: 0 | Tick: 93241 | Conf: 93239 | Hash: 0x8A840127 | Rollbacks:  0 (Resim:   0) | Stalls:  0
[HEARTBEAT] Node: 0 | Tick: 93301 | Conf: 93299 | Hash: 0x246939F8 | Rollbacks: 12 (Resim:  12) | Stalls:  0
[HEARTBEAT] Node: 0 | Tick: 93361 | Conf: 93359 | Hash: 0xBE8AB78C | Rollbacks:  6 (Resim:   6) | Stalls:  0
[HEARTBEAT] Node: 0 | Tick: 93421 | Conf: 93419 | Hash: 0x0164C62D | Rollbacks: 11 (Resim:  11) | Stalls:  0
[HEARTBEAT] Node: 0 | Tick: 93481 | Conf: 93479 | Hash: 0x5732DA7D | Rollbacks: 15 (Resim:  15) | Stalls:  0
[HEARTBEAT] Node: 0 | Tick: 93541 | Conf: 93539 | Hash: 0xFECB551C | Rollbacks: 19 (Resim:  19) | Stalls:  0
[BOT:50006] Heartbeat - Sparse Mods Tracked: 2048
[HEARTBEAT] Node: 0 | Tick: 93601 | Conf: 93599 | Hash: 0x36947327 | Rollbacks:  6 (Resim:   6) | Stalls:  0
[HEARTBEAT] Node: 0 | Tick: 93661 | Conf: 93659 | Hash: 0x77D5E2FA | Rollbacks:  0 (Resim:   0) | Stalls:  0
[HEARTBEAT] Node: 0 | Tick: 93721 | Conf: 93719 | Hash: 0x18B7E5F8 | Rollbacks: 21 (Resim:  21) | Stalls:  0
[HEARTBEAT] Node: 0 | Tick: 93781 | Conf: 93779 | Hash: 0x1C10F729 | Rollbacks:  0 (Resim:   0) | Stalls:  0
[HEARTBEAT] Node: 0 | Tick: 93841 | Conf: 93839 | Hash: 0x9F9FF272 | Rollbacks:  7 (Resim:   7) | Stalls:  0
[HEARTBEAT] Node: 0 | Tick: 93901 | Conf: 93899 | Hash: 0x3AD450F8 | Rollbacks:  6 (Resim:   6) | Stalls:  0
[HEARTBEAT] Node: 0 | Tick: 93961 | Conf: 93959 | Hash: 0x379ED66D | Rollbacks: 28 (Resim:  28) | Stalls:  0
[HEARTBEAT] Node: 0 | Tick: 94021 | Conf: 94019 | Hash: 0xC3B09698 | Rollbacks: 13 (Resim:  13) | Stalls:  0
[HEARTBEAT] Node: 0 | Tick: 94081 | Conf: 94079 | Hash: 0x8692A30F | Rollbacks:  6 (Resim:   6) | Stalls:  0
[HEARTBEAT] Node: 0 | Tick: 94141 | Conf: 94139 | Hash: 0xD122413D | Rollbacks:  0 (Resim:   0) | Stalls:  0
[BOT:50006] Heartbeat - Sparse Mods Tracked: 2048
[HEARTBEAT] Node: 0 | Tick: 94201 | Conf: 94199 | Hash: 0x6743CB2B | Rollbacks: 13 (Resim:  13) | Stalls:  0
[HEARTBEAT] Node: 0 | Tick: 94261 | Conf: 94259 | Hash: 0x16A46FCF | Rollbacks:  4 (Resim:   4) | Stalls:  0
[HEARTBEAT] Node: 0 | Tick: 94321 | Conf: 94319 | Hash: 0x9829DF55 | Rollbacks: 22 (Resim:  22) | Stalls:  0
[HEARTBEAT] Node: 0 | Tick: 94381 | Conf: 94379 | Hash: 0x740312B2 | Rollbacks:  7 (Resim:   7) | Stalls:  0
[HEARTBEAT] Node: 0 | Tick: 94441 | Conf: 94439 | Hash: 0x1CDF82EB | Rollbacks:  6 (Resim:   6) | Stalls:  0
[HEARTBEAT] Node: 0 | Tick: 94501 | Conf: 94499 | Hash: 0x46416DB8 | Rollbacks:  1 (Resim:   1) | Stalls:  0
[HEARTBEAT] Node: 0 | Tick: 94561 | Conf: 94559 | Hash: 0xB5DD7740 | Rollbacks: 13 (Resim:  13) | Stalls:  0
[HEARTBEAT] Node: 0 | Tick: 94621 | Conf: 94619 | Hash: 0x84A140DA | Rollbacks: 13 (Resim:  13) | Stalls:  0
[HEARTBEAT] Node: 0 | Tick: 94681 | Conf: 94679 | Hash: 0xC15D0E82 | Rollbacks:  2 (Resim:   2) | Stalls:  0
[HEARTBEAT] Node: 0 | Tick: 94741 | Conf: 94739 | Hash: 0xAC76F49A | Rollbacks: 33 (Resim:  33) | Stalls:  0
[BOT:50006] Heartbeat - Sparse Mods Tracked: 2048
[HEARTBEAT] Node: 0 | Tick: 94801 | Conf: 94799 | Hash: 0xCC0F2E10 | Rollbacks: 15 (Resim:  15) | Stalls:  0
[HEARTBEAT] Node: 0 | Tick: 94861 | Conf: 94859 | Hash: 0x31AF4055 | Rollbacks: 12 (Resim:  12) | Stalls:  0
[HEARTBEAT] Node: 0 | Tick: 94921 | Conf: 94919 | Hash: 0x01B260B2 | Rollbacks:  9 (Resim:   9) | Stalls:  0
[HEARTBEAT] Node: 0 | Tick: 94981 | Conf: 94979 | Hash: 0xAB09A9F0 | Rollbacks:  5 (Resim:   5) | Stalls:  0
[HEARTBEAT] Node: 0 | Tick: 95041 | Conf: 95039 | Hash: 0xB83D96AA | Rollbacks: 10 (Resim:  10) | Stalls:  0
[HEARTBEAT] Node: 0 | Tick: 95101 | Conf: 95099 | Hash: 0xDE326106 | Rollbacks:  7 (Resim:   7) | Stalls:  0
[HEARTBEAT] Node: 0 | Tick: 95161 | Conf: 95159 | Hash: 0xAF02AAE8 | Rollbacks:  0 (Resim:   0) | Stalls:  0
[HEARTBEAT] Node: 0 | Tick: 95221 | Conf: 95219 | Hash: 0x7EA919A2 | Rollbacks: 17 (Resim:  17) | Stalls:  0
[HEARTBEAT] Node: 0 | Tick: 95281 | Conf: 95279 | Hash: 0x0F589245 | Rollbacks:  0 (Resim:   0) | Stalls:  0
[HEARTBEAT] Node: 0 | Tick: 95341 | Conf: 95339 | Hash: 0x6FB484C8 | Rollbacks:  1 (Resim:   1) | Stalls:  0
[BOT:50006] Heartbeat - Sparse Mods Tracked: 2048
[HEARTBEAT] Node: 0 | Tick: 95401 | Conf: 95399 | Hash: 0x2623DD38 | Rollbacks:  4 (Resim:   4) | Stalls:  0
[HEARTBEAT] Node: 0 | Tick: 95461 | Conf: 95459 | Hash: 0x1E975B33 | Rollbacks:  2 (Resim:   2) | Stalls:  0
[HEARTBEAT] Node: 0 | Tick: 95521 | Conf: 95519 | Hash: 0x478F5055 | Rollbacks:  0 (Resim:   0) | Stalls:  0
[HEARTBEAT] Node: 0 | Tick: 95581 | Conf: 95579 | Hash: 0x1692327F | Rollbacks: 17 (Resim:  17) | Stalls:  0
[HEARTBEAT] Node: 0 | Tick: 95641 | Conf: 95639 | Hash: 0x9E58ACE1 | Rollbacks: 11 (Resim:  11) | Stalls:  0
[HEARTBEAT] Node: 0 | Tick: 95701 | Conf: 95699 | Hash: 0x4CB5F9B6 | Rollbacks: 15 (Resim:  15) | Stalls:  0
[HEARTBEAT] Node: 0 | Tick: 95761 | Conf: 95759 | Hash: 0xD88632F5 | Rollbacks:  1 (Resim:   1) | Stalls:  0
[HEARTBEAT] Node: 0 | Tick: 95821 | Conf: 95819 | Hash: 0xCBE4A91C | Rollbacks: 23 (Resim:  23) | Stalls:  0
[HEARTBEAT] Node: 0 | Tick: 95881 | Conf: 95879 | Hash: 0xF0FCB991 | Rollbacks:  3 (Resim:   3) | Stalls:  0
[HEARTBEAT] Node: 0 | Tick: 95941 | Conf: 95939 | Hash: 0x02B15359 | Rollbacks:  4 (Resim:   4) | Stalls:  0
[BOT:50006] Heartbeat - Sparse Mods Tracked: 2048
[HEARTBEAT] Node: 0 | Tick: 96001 | Conf: 95999 | Hash: 0xBB638D7B | Rollbacks: 23 (Resim:  23) | Stalls:  0
[HEARTBEAT] Node: 0 | Tick: 96061 | Conf: 96059 | Hash: 0x6525C64D | Rollbacks: 11 (Resim:  11) | Stalls:  0
[HEARTBEAT] Node: 0 | Tick: 96121 | Conf: 96119 | Hash: 0x2AED21AB | Rollbacks:  1 (Resim:   1) | Stalls:  0
[HEARTBEAT] Node: 0 | Tick: 96181 | Conf: 96179 | Hash: 0xA8E2F76D | Rollbacks: 10 (Resim:  10) | Stalls:  0
[HEARTBEAT] Node: 0 | Tick: 96241 | Conf: 96239 | Hash: 0x3F5D935E | Rollbacks: 10 (Resim:  10) | Stalls:  0
[HEARTBEAT] Node: 0 | Tick: 96301 | Conf: 96299 | Hash: 0x3D4E6F75 | Rollbacks:  0 (Resim:   0) | Stalls:  0
[HEARTBEAT] Node: 0 | Tick: 96361 | Conf: 96359 | Hash: 0xF9FE6477 | Rollbacks: 13 (Resim:  13) | Stalls:  0
[HEARTBEAT] Node: 0 | Tick: 96421 | Conf: 96419 | Hash: 0xB3AC50C0 | Rollbacks:  0 (Resim:   0) | Stalls:  0
[HEARTBEAT] Node: 0 | Tick: 96481 | Conf: 96479 | Hash: 0xE43F6E8B | Rollbacks: 26 (Resim:  26) | Stalls:  0
[BOT:50006] Heartbeat - Sparse Mods Tracked: 2048
[HEARTBEAT] Node: 0 | Tick: 96541 | Conf: 96539 | Hash: 0x783E3EFB | Rollbacks:  8 (Resim:   8) | Stalls:  0
[HEARTBEAT] Node: 0 | Tick: 96601 | Conf: 96599 | Hash: 0x06E62E70 | Rollbacks:  0 (Resim:   0) | Stalls:  0
[HEARTBEAT] Node: 0 | Tick: 96661 | Conf: 96659 | Hash: 0x1F23BE1E | Rollbacks: 21 (Resim:  21) | Stalls:  0
[HEARTBEAT] Node: 0 | Tick: 96721 | Conf: 96719 | Hash: 0xAF58A49D | Rollbacks:  0 (Resim:   0) | Stalls:  0
[HEARTBEAT] Node: 0 | Tick: 96781 | Conf: 96779 | Hash: 0x80A8BC2C | Rollbacks:  0 (Resim:   0) | Stalls:  0
[HEARTBEAT] Node: 0 | Tick: 96841 | Conf: 96839 | Hash: 0x39AE90C2 | Rollbacks:  0 (Resim:   0) | Stalls:  0
[HEARTBEAT] Node: 0 | Tick: 96901 | Conf: 96899 | Hash: 0x9C3181BB | Rollbacks:  0 (Resim:   0) | Stalls:  0
[HEARTBEAT] Node: 0 | Tick: 96961 | Conf: 96959 | Hash: 0x091B5187 | Rollbacks:  5 (Resim:   5) | Stalls:  0
[HEARTBEAT] Node: 0 | Tick: 97021 | Conf: 97019 | Hash: 0x1955149D | Rollbacks: 24 (Resim:  25) | Stalls:  0
[HEARTBEAT] Node: 0 | Tick: 97081 | Conf: 97079 | Hash: 0xC2F1E648 | Rollbacks:  0 (Resim:   0) | Stalls:  0
[BOT:50006] Heartbeat - Sparse Mods Tracked: 2048
[HEARTBEAT] Node: 0 | Tick: 97141 | Conf: 97139 | Hash: 0x8B5ABCC6 | Rollbacks: 10 (Resim:  10) | Stalls:  0
[HEARTBEAT] Node: 0 | Tick: 97201 | Conf: 97199 | Hash: 0x8F8F18B5 | Rollbacks:  0 (Resim:   0) | Stalls:  0
[HEARTBEAT] Node: 0 | Tick: 97261 | Conf: 97259 | Hash: 0xDD3A14FA | Rollbacks: 15 (Resim:  15) | Stalls:  0
[HEARTBEAT] Node: 0 | Tick: 97321 | Conf: 97319 | Hash: 0x3C7F69A4 | Rollbacks:  1 (Resim:   1) | Stalls:  0
[HEARTBEAT] Node: 0 | Tick: 97381 | Conf: 97379 | Hash: 0xA3A89124 | Rollbacks:  0 (Resim:   0) | Stalls:  0
[HEARTBEAT] Node: 0 | Tick: 97441 | Conf: 97439 | Hash: 0x0010B0D4 | Rollbacks:  0 (Resim:   0) | Stalls:  0
[HEARTBEAT] Node: 0 | Tick: 97501 | Conf: 97499 | Hash: 0x7C4CEDE2 | Rollbacks:  0 (Resim:   0) | Stalls:  0
[HEARTBEAT] Node: 0 | Tick: 97561 | Conf: 97559 | Hash: 0x1402C3C9 | Rollbacks: 15 (Resim:  15) | Stalls:  0
[HEARTBEAT] Node: 0 | Tick: 97621 | Conf: 97619 | Hash: 0x75611826 | Rollbacks:  9 (Resim:   9) | Stalls:  0
[HEARTBEAT] Node: 0 | Tick: 97681 | Conf: 97679 | Hash: 0x1307B7F0 | Rollbacks: 26 (Resim:  27) | Stalls:  0
[BOT:50006] Heartbeat - Sparse Mods Tracked: 2048
[HEARTBEAT] Node: 0 | Tick: 97741 | Conf: 97739 | Hash: 0xB8D17269 | Rollbacks:  6 (Resim:   6) | Stalls:  0
[HEARTBEAT] Node: 0 | Tick: 97801 | Conf: 97799 | Hash: 0x14F30471 | Rollbacks: 13 (Resim:  13) | Stalls:  0
[HEARTBEAT] Node: 0 | Tick: 97861 | Conf: 97859 | Hash: 0xAA6938B6 | Rollbacks:  4 (Resim:   4) | Stalls:  0
[HEARTBEAT] Node: 0 | Tick: 97921 | Conf: 97919 | Hash: 0x11E112EF | Rollbacks: 20 (Resim:  20) | Stalls:  0
[HEARTBEAT] Node: 0 | Tick: 97981 | Conf: 97979 | Hash: 0xF6CD3F7E | Rollbacks: 18 (Resim:  18) | Stalls:  0
[HEARTBEAT] Node: 0 | Tick: 98041 | Conf: 98039 | Hash: 0xD2FA7014 | Rollbacks:  8 (Resim:   8) | Stalls:  0
[HEARTBEAT] Node: 0 | Tick: 98101 | Conf: 98099 | Hash: 0xB6015A17 | Rollbacks: 25 (Resim:  25) | Stalls:  0
[HEARTBEAT] Node: 0 | Tick: 98161 | Conf: 98159 | Hash: 0x64144C85 | Rollbacks:  0 (Resim:   0) | Stalls:  0
[HEARTBEAT] Node: 0 | Tick: 98221 | Conf: 98219 | Hash: 0x127FB969 | Rollbacks:  0 (Resim:   0) | Stalls:  0
[HEARTBEAT] Node: 0 | Tick: 98281 | Conf: 98279 | Hash: 0x447EE10B | Rollbacks:  0 (Resim:   0) | Stalls:  0
[BOT:50006] Heartbeat - Sparse Mods Tracked: 2048
[HEARTBEAT] Node: 0 | Tick: 98341 | Conf: 98339 | Hash: 0x7219F805 | Rollbacks:  0 (Resim:   0) | Stalls:  0
[HEARTBEAT] Node: 0 | Tick: 98401 | Conf: 98399 | Hash: 0xE5FA4BF6 | Rollbacks:  8 (Resim:   8) | Stalls:  0
[HEARTBEAT] Node: 0 | Tick: 98461 | Conf: 98459 | Hash: 0x98A05363 | Rollbacks:  0 (Resim:   0) | Stalls:  0
[HEARTBEAT] Node: 0 | Tick: 98521 | Conf: 98519 | Hash: 0x6E3996C0 | Rollbacks: 41 (Resim:  41) | Stalls:  0
[HEARTBEAT] Node: 0 | Tick: 98581 | Conf: 98579 | Hash: 0x05BA0485 | Rollbacks:  0 (Resim:   0) | Stalls:  0
[HEARTBEAT] Node: 0 | Tick: 98641 | Conf: 98639 | Hash: 0x291A5817 | Rollbacks:  0 (Resim:   0) | Stalls:  0
[HEARTBEAT] Node: 0 | Tick: 98701 | Conf: 98699 | Hash: 0x26885A7E | Rollbacks: 24 (Resim:  24) | Stalls:  0
[HEARTBEAT] Node: 0 | Tick: 98761 | Conf: 98759 | Hash: 0xD71D0AA7 | Rollbacks:  2 (Resim:   2) | Stalls:  0
[HEARTBEAT] Node: 0 | Tick: 98821 | Conf: 98819 | Hash: 0x87458E1A | Rollbacks:  6 (Resim:   6) | Stalls:  0
[HEARTBEAT] Node: 0 | Tick: 98881 | Conf: 98879 | Hash: 0xF42F9864 | Rollbacks: 22 (Resim:  22) | Stalls:  0
[BOT:50006] Heartbeat - Sparse Mods Tracked: 2048
[HEARTBEAT] Node: 0 | Tick: 98941 | Conf: 98939 | Hash: 0xFCFE076D | Rollbacks:  0 (Resim:   0) | Stalls:  0
[HEARTBEAT] Node: 0 | Tick: 99001 | Conf: 98999 | Hash: 0x97107114 | Rollbacks: 10 (Resim:  10) | Stalls:  0
[HEARTBEAT] Node: 0 | Tick: 99061 | Conf: 99059 | Hash: 0x481CABFB | Rollbacks:  0 (Resim:   0) | Stalls:  0
[HEARTBEAT] Node: 0 | Tick: 99121 | Conf: 99119 | Hash: 0xA1619C28 | Rollbacks: 11 (Resim:  11) | Stalls:  0
[HEARTBEAT] Node: 0 | Tick: 99181 | Conf: 99179 | Hash: 0x5FDFA753 | Rollbacks:  5 (Resim:   5) | Stalls:  0
[HEARTBEAT] Node: 0 | Tick: 99241 | Conf: 99239 | Hash: 0xD9378523 | Rollbacks:  1 (Resim:   1) | Stalls:  0
[HEARTBEAT] Node: 0 | Tick: 99301 | Conf: 99299 | Hash: 0xFD7BEC6F | Rollbacks: 24 (Resim:  24) | Stalls:  0
[HEARTBEAT] Node: 0 | Tick: 99361 | Conf: 99359 | Hash: 0x1E56E474 | Rollbacks: 23 (Resim:  23) | Stalls:  0
[HEARTBEAT] Node: 0 | Tick: 99421 | Conf: 99419 | Hash: 0x6B263CD3 | Rollbacks:  3 (Resim:   3) | Stalls:  0
[BOT:50006] Heartbeat - Sparse Mods Tracked: 2048
[HEARTBEAT] Node: 0 | Tick: 99481 | Conf: 99479 | Hash: 0x602B4D4A | Rollbacks:  6 (Resim:   6) | Stalls:  0
[HEARTBEAT] Node: 0 | Tick: 99541 | Conf: 99539 | Hash: 0x633EB679 | Rollbacks:  0 (Resim:   0) | Stalls:  0
[HEARTBEAT] Node: 0 | Tick: 99601 | Conf: 99599 | Hash: 0xB9E12E50 | Rollbacks: 17 (Resim:  17) | Stalls:  0
[HEARTBEAT] Node: 0 | Tick: 99661 | Conf: 99659 | Hash: 0xB393D22E | Rollbacks:  3 (Resim:   3) | Stalls:  0
[HEARTBEAT] Node: 0 | Tick: 99721 | Conf: 99719 | Hash: 0x1438C589 | Rollbacks:  6 (Resim:   6) | Stalls:  0
[HEARTBEAT] Node: 0 | Tick: 99781 | Conf: 99779 | Hash: 0x7B112CCB | Rollbacks: 19 (Resim:  19) | Stalls:  0
[HEARTBEAT] Node: 0 | Tick: 99841 | Conf: 99839 | Hash: 0xE44320BD | Rollbacks:  3 (Resim:   3) | Stalls:  0
[HEARTBEAT] Node: 0 | Tick: 99901 | Conf: 99899 | Hash: 0xA5988FF9 | Rollbacks: 17 (Resim:  18) | Stalls:  0
[HEARTBEAT] Node: 0 | Tick: 99961 | Conf: 99959 | Hash: 0xC1F7A5CE | Rollbacks:  6 (Resim:   6) | Stalls:  0
[HEARTBEAT] Node: 0 | Tick: 100021 | Conf: 100019 | Hash: 0x5374A623 | Rollbacks: 16 (Resim:  16) | Stalls:  0
[BOT:50006] Heartbeat - Sparse Mods Tracked: 2048
[HEARTBEAT] Node: 0 | Tick: 100081 | Conf: 100079 | Hash: 0xF9966ADC | Rollbacks: 13 (Resim:  13) | Stalls:  0
[HEARTBEAT] Node: 0 | Tick: 100141 | Conf: 100139 | Hash: 0x504764EC | Rollbacks:  6 (Resim:   6) | Stalls:  0
[HEARTBEAT] Node: 0 | Tick: 100201 | Conf: 100199 | Hash: 0x14024ED7 | Rollbacks: 24 (Resim:  24) | Stalls:  0
[HEARTBEAT] Node: 0 | Tick: 100261 | Conf: 100259 | Hash: 0xBEC776B9 | Rollbacks:  0 (Resim:   0) | Stalls:  0
[HEARTBEAT] Node: 0 | Tick: 100321 | Conf: 100319 | Hash: 0x5BDB2FC9 | Rollbacks:  0 (Resim:   0) | Stalls:  0
[HEARTBEAT] Node: 0 | Tick: 100381 | Conf: 100379 | Hash: 0x357FAD67 | Rollbacks: 16 (Resim:  16) | Stalls:  0
[HEARTBEAT] Node: 0 | Tick: 100441 | Conf: 100439 | Hash: 0x127E154F | Rollbacks:  0 (Resim:   0) | Stalls:  0
[HEARTBEAT] Node: 0 | Tick: 100501 | Conf: 100499 | Hash: 0x35D8FC27 | Rollbacks:  0 (Resim:   0) | Stalls:  0
[HEARTBEAT] Node: 0 | Tick: 100561 | Conf: 100559 | Hash: 0x491FB65F | Rollbacks: 25 (Resim:  25) | Stalls:  0
[HEARTBEAT] Node: 0 | Tick: 100621 | Conf: 100619 | Hash: 0x0A43C8CB | Rollbacks:  5 (Resim:   5) | Stalls:  0
[BOT:50006] Heartbeat - Sparse Mods Tracked: 2048
[HEARTBEAT] Node: 0 | Tick: 100681 | Conf: 100679 | Hash: 0x2B92DED8 | Rollbacks:  0 (Resim:   0) | Stalls:  0
[HEARTBEAT] Node: 0 | Tick: 100741 | Conf: 100739 | Hash: 0x6169EAE8 | Rollbacks: 12 (Resim:  12) | Stalls:  0
[HEARTBEAT] Node: 0 | Tick: 100801 | Conf: 100799 | Hash: 0x990F3C61 | Rollbacks:  0 (Resim:   0) | Stalls:  0
[HEARTBEAT] Node: 0 | Tick: 100861 | Conf: 100859 | Hash: 0x728B546B | Rollbacks: 28 (Resim:  28) | Stalls:  0
[HEARTBEAT] Node: 0 | Tick: 100921 | Conf: 100919 | Hash: 0x15694F3D | Rollbacks:  0 (Resim:   0) | Stalls:  0
[HEARTBEAT] Node: 0 | Tick: 100981 | Conf: 100979 | Hash: 0x995DE964 | Rollbacks: 28 (Resim:  28) | Stalls:  0
[HEARTBEAT] Node: 0 | Tick: 101041 | Conf: 101039 | Hash: 0x2CA76C7A | Rollbacks:  5 (Resim:   5) | Stalls:  0
[HEARTBEAT] Node: 0 | Tick: 101101 | Conf: 101099 | Hash: 0x8E10575A | Rollbacks:  4 (Resim:   4) | Stalls:  0
[HEARTBEAT] Node: 0 | Tick: 101161 | Conf: 101159 | Hash: 0xA2583C87 | Rollbacks: 25 (Resim:  25) | Stalls:  0
[HEARTBEAT] Node: 0 | Tick: 101221 | Conf: 101219 | Hash: 0xBB7086E3 | Rollbacks:  3 (Resim:   3) | Stalls:  0
[BOT:50006] Heartbeat - Sparse Mods Tracked: 2048
[HEARTBEAT] Node: 0 | Tick: 101281 | Conf: 101279 | Hash: 0x936EACE5 | Rollbacks:  6 (Resim:   6) | Stalls:  0
[HEARTBEAT] Node: 0 | Tick: 101341 | Conf: 101339 | Hash: 0xCDA8E325 | Rollbacks: 21 (Resim:  21) | Stalls:  0
[HEARTBEAT] Node: 0 | Tick: 101401 | Conf: 101399 | Hash: 0x98F4EE65 | Rollbacks:  1 (Resim:   1) | Stalls:  0
[HEARTBEAT] Node: 0 | Tick: 101461 | Conf: 101459 | Hash: 0x660FDD95 | Rollbacks:  3 (Resim:   3) | Stalls:  0
[HEARTBEAT] Node: 0 | Tick: 101521 | Conf: 101519 | Hash: 0x4595914F | Rollbacks: 12 (Resim:  12) | Stalls:  0
[HEARTBEAT] Node: 0 | Tick: 101581 | Conf: 101579 | Hash: 0xBD73EC31 | Rollbacks:  0 (Resim:   0) | Stalls:  0
[HEARTBEAT] Node: 0 | Tick: 101641 | Conf: 101639 | Hash: 0x3280D0CF | Rollbacks: 21 (Resim:  21) | Stalls:  0
[HEARTBEAT] Node: 0 | Tick: 101701 | Conf: 101699 | Hash: 0xFAB804B6 | Rollbacks:  7 (Resim:   7) | Stalls:  0
[HEARTBEAT] Node: 0 | Tick: 101761 | Conf: 101759 | Hash: 0x679A2DA8 | Rollbacks:  0 (Resim:   0) | Stalls:  0
[HEARTBEAT] Node: 0 | Tick: 101821 | Conf: 101819 | Hash: 0x495B7824 | Rollbacks: 24 (Resim:  24) | Stalls:  0
[BOT:50006] Heartbeat - Sparse Mods Tracked: 2048
[HEARTBEAT] Node: 0 | Tick: 101881 | Conf: 101879 | Hash: 0xB2251C2D | Rollbacks: 31 (Resim:  32) | Stalls:  0
[HEARTBEAT] Node: 0 | Tick: 101941 | Conf: 101939 | Hash: 0x6DF96E0B | Rollbacks:  9 (Resim:   9) | Stalls:  0
[HEARTBEAT] Node: 0 | Tick: 102001 | Conf: 101999 | Hash: 0xA3238398 | Rollbacks:  0 (Resim:   0) | Stalls:  0
[HEARTBEAT] Node: 0 | Tick: 102061 | Conf: 102059 | Hash: 0xCE4F7C3B | Rollbacks: 28 (Resim:  28) | Stalls:  0
[HEARTBEAT] Node: 0 | Tick: 102121 | Conf: 102119 | Hash: 0xBCEE027A | Rollbacks:  9 (Resim:   9) | Stalls:  0
[HEARTBEAT] Node: 0 | Tick: 102181 | Conf: 102179 | Hash: 0x05630CDE | Rollbacks:  5 (Resim:   5) | Stalls:  0
[HEARTBEAT] Node: 0 | Tick: 102241 | Conf: 102239 | Hash: 0xEEB7F92C | Rollbacks: 10 (Resim:  10) | Stalls:  0
[HEARTBEAT] Node: 0 | Tick: 102301 | Conf: 102299 | Hash: 0xA6A8A06C | Rollbacks:  1 (Resim:   1) | Stalls:  0
[HEARTBEAT] Node: 0 | Tick: 102361 | Conf: 102359 | Hash: 0x2E13119E | Rollbacks: 23 (Resim:  23) | Stalls:  0
[HEARTBEAT] Node: 0 | Tick: 102421 | Conf: 102419 | Hash: 0xF5AB067F | Rollbacks:  8 (Resim:   8) | Stalls:  0
[BOT:50006] Heartbeat - Sparse Mods Tracked: 2048
[HEARTBEAT] Node: 0 | Tick: 102481 | Conf: 102479 | Hash: 0x2E61DA30 | Rollbacks:  0 (Resim:   0) | Stalls:  0
[HEARTBEAT] Node: 0 | Tick: 102541 | Conf: 102539 | Hash: 0xD4B329FE | Rollbacks: 31 (Resim:  31) | Stalls:  0
[HEARTBEAT] Node: 0 | Tick: 102601 | Conf: 102599 | Hash: 0x7982C23B | Rollbacks:  0 (Resim:   0) | Stalls:  0
[HEARTBEAT] Node: 0 | Tick: 102661 | Conf: 102659 | Hash: 0xAAC3C10B | Rollbacks:  0 (Resim:   0) | Stalls:  0
[HEARTBEAT] Node: 0 | Tick: 102721 | Conf: 102719 | Hash: 0x0ABA26E2 | Rollbacks: 33 (Resim:  33) | Stalls:  0
[HEARTBEAT] Node: 0 | Tick: 102781 | Conf: 102779 | Hash: 0x51F7C25D | Rollbacks:  3 (Resim:   3) | Stalls:  0
[HEARTBEAT] Node: 0 | Tick: 102841 | Conf: 102839 | Hash: 0xEBDB1C81 | Rollbacks:  0 (Resim:   0) | Stalls:  0
[HEARTBEAT] Node: 0 | Tick: 102901 | Conf: 102899 | Hash: 0xBA188BD0 | Rollbacks: 22 (Resim:  22) | Stalls:  0
[HEARTBEAT] Node: 0 | Tick: 102961 | Conf: 102959 | Hash: 0x035ABE46 | Rollbacks: 24 (Resim:  24) | Stalls:  0
[BOT:50006] Heartbeat - Sparse Mods Tracked: 2048
[HEARTBEAT] Node: 0 | Tick: 103021 | Conf: 103019 | Hash: 0x3B105189 | Rollbacks:  2 (Resim:   2) | Stalls:  0
[HEARTBEAT] Node: 0 | Tick: 103081 | Conf: 103079 | Hash: 0x963A317F | Rollbacks:  0 (Resim:   0) | Stalls:  0
[HEARTBEAT] Node: 0 | Tick: 103141 | Conf: 103139 | Hash: 0x78F33DF4 | Rollbacks:  5 (Resim:   5) | Stalls:  0
[HEARTBEAT] Node: 0 | Tick: 103201 | Conf: 103199 | Hash: 0x34808F3C | Rollbacks: 23 (Resim:  23) | Stalls:  0
[HEARTBEAT] Node: 0 | Tick: 103261 | Conf: 103259 | Hash: 0x266992CF | Rollbacks: 20 (Resim:  20) | Stalls:  0
[HEARTBEAT] Node: 0 | Tick: 103321 | Conf: 103319 | Hash: 0xD51F3B6E | Rollbacks:  9 (Resim:   9) | Stalls:  0
[HEARTBEAT] Node: 0 | Tick: 103381 | Conf: 103379 | Hash: 0x7CD5942F | Rollbacks:  0 (Resim:   0) | Stalls:  0
[HEARTBEAT] Node: 0 | Tick: 103441 | Conf: 103439 | Hash: 0xD5A6797E | Rollbacks: 29 (Resim:  29) | Stalls:  0
[HEARTBEAT] Node: 0 | Tick: 103501 | Conf: 103499 | Hash: 0xD3624E2F | Rollbacks:  2 (Resim:   2) | Stalls:  0
[HEARTBEAT] Node: 0 | Tick: 103561 | Conf: 103559 | Hash: 0x571DFABB | Rollbacks: 18 (Resim:  19) | Stalls:  0
[BOT:50006] Heartbeat - Sparse Mods Tracked: 2048
[HEARTBEAT] Node: 0 | Tick: 103621 | Conf: 103619 | Hash: 0x10268CAF | Rollbacks:  3 (Resim:   3) | Stalls:  0
[HEARTBEAT] Node: 0 | Tick: 103681 | Conf: 103679 | Hash: 0x432EE080 | Rollbacks:  7 (Resim:   7) | Stalls:  0
[HEARTBEAT] Node: 0 | Tick: 103741 | Conf: 103739 | Hash: 0x266284A5 | Rollbacks: 17 (Resim:  17) | Stalls:  0
[HEARTBEAT] Node: 0 | Tick: 103801 | Conf: 103799 | Hash: 0xA062BCFB | Rollbacks: 18 (Resim:  18) | Stalls:  0
[HEARTBEAT] Node: 0 | Tick: 103861 | Conf: 103859 | Hash: 0x192FF99A | Rollbacks: 20 (Resim:  20) | Stalls:  0
[HEARTBEAT] Node: 0 | Tick: 103921 | Conf: 103919 | Hash: 0xB5B28AC2 | Rollbacks: 10 (Resim:  10) | Stalls:  0
[HEARTBEAT] Node: 0 | Tick: 103981 | Conf: 103979 | Hash: 0x113EB620 | Rollbacks:  5 (Resim:   5) | Stalls:  0
[HEARTBEAT] Node: 0 | Tick: 104041 | Conf: 104039 | Hash: 0xCEF8BF36 | Rollbacks: 17 (Resim:  17) | Stalls:  0
[HEARTBEAT] Node: 0 | Tick: 104101 | Conf: 104099 | Hash: 0xE3DDDBEA | Rollbacks:  6 (Resim:   6) | Stalls:  0
[HEARTBEAT] Node: 0 | Tick: 104161 | Conf: 104159 | Hash: 0xF1CC169B | Rollbacks: 21 (Resim:  21) | Stalls:  0
[BOT:50006] Heartbeat - Sparse Mods Tracked: 2048
[HEARTBEAT] Node: 0 | Tick: 104221 | Conf: 104219 | Hash: 0x4EA5DAAE | Rollbacks:  9 (Resim:   9) | Stalls:  0
[HEARTBEAT] Node: 0 | Tick: 104281 | Conf: 104279 | Hash: 0xFB7656BF | Rollbacks:  5 (Resim:   5) | Stalls:  0
[HEARTBEAT] Node: 0 | Tick: 104341 | Conf: 104339 | Hash: 0x4B1BD8CB | Rollbacks:  0 (Resim:   0) | Stalls:  0
[HEARTBEAT] Node: 0 | Tick: 104401 | Conf: 104399 | Hash: 0xE797994B | Rollbacks: 20 (Resim:  20) | Stalls:  0
[HEARTBEAT] Node: 0 | Tick: 104461 | Conf: 104459 | Hash: 0xEC499F2E | Rollbacks:  0 (Resim:   0) | Stalls:  0
[HEARTBEAT] Node: 0 | Tick: 104521 | Conf: 104519 | Hash: 0xDBBCE727 | Rollbacks:  0 (Resim:   0) | Stalls:  0
[HEARTBEAT] Node: 0 | Tick: 104581 | Conf: 104579 | Hash: 0xC1360657 | Rollbacks: 16 (Resim:  16) | Stalls:  0
[HEARTBEAT] Node: 0 | Tick: 104641 | Conf: 104639 | Hash: 0x6E75473C | Rollbacks:  0 (Resim:   0) | Stalls:  0
[HEARTBEAT] Node: 0 | Tick: 104701 | Conf: 104699 | Hash: 0x585233DC | Rollbacks:  0 (Resim:   0) | Stalls:  0
[HEARTBEAT] Node: 0 | Tick: 104761 | Conf: 104759 | Hash: 0x615043F7 | Rollbacks:  7 (Resim:   7) | Stalls:  0
[BOT:50006] Heartbeat - Sparse Mods Tracked: 2048
[HEARTBEAT] Node: 0 | Tick: 104821 | Conf: 104819 | Hash: 0xD97D1B9F | Rollbacks: 12 (Resim:  12) | Stalls:  0
[HEARTBEAT] Node: 0 | Tick: 104881 | Conf: 104879 | Hash: 0x14B07C9F | Rollbacks:  0 (Resim:   0) | Stalls:  0
[HEARTBEAT] Node: 0 | Tick: 104941 | Conf: 104939 | Hash: 0x3F1294D2 | Rollbacks:  0 (Resim:   0) | Stalls:  0
[HEARTBEAT] Node: 0 | Tick: 105001 | Conf: 104999 | Hash: 0xB5058F91 | Rollbacks: 22 (Resim:  22) | Stalls:  0
[HEARTBEAT] Node: 0 | Tick: 105061 | Conf: 105059 | Hash: 0x7231F295 | Rollbacks: 10 (Resim:  10) | Stalls:  0
[HEARTBEAT] Node: 0 | Tick: 105121 | Conf: 105119 | Hash: 0xF67784F9 | Rollbacks:  0 (Resim:   0) | Stalls:  0
[HEARTBEAT] Node: 0 | Tick: 105181 | Conf: 105179 | Hash: 0xBB3BDFFB | Rollbacks: 22 (Resim:  22) | Stalls:  0
[HEARTBEAT] Node: 0 | Tick: 105241 | Conf: 105239 | Hash: 0x2E4624F8 | Rollbacks: 12 (Resim:  12) | Stalls:  0
[HEARTBEAT] Node: 0 | Tick: 105301 | Conf: 105299 | Hash: 0xE1218BD0 | Rollbacks: 14 (Resim:  14) | Stalls:  0
[HEARTBEAT] Node: 0 | Tick: 105361 | Conf: 105359 | Hash: 0x6D493A3A | Rollbacks: 19 (Resim:  19) | Stalls:  0
[BOT:50006] Heartbeat - Sparse Mods Tracked: 2048
[HEARTBEAT] Node: 0 | Tick: 105421 | Conf: 105419 | Hash: 0x86CC9DFC | Rollbacks: 15 (Resim:  15) | Stalls:  0
[HEARTBEAT] Node: 0 | Tick: 105481 | Conf: 105479 | Hash: 0x9A9334E9 | Rollbacks:  0 (Resim:   0) | Stalls:  0
[HEARTBEAT] Node: 0 | Tick: 105541 | Conf: 105539 | Hash: 0x42985BD4 | Rollbacks:  0 (Resim:   0) | Stalls:  0
[HEARTBEAT] Node: 0 | Tick: 105601 | Conf: 105599 | Hash: 0x510B8E94 | Rollbacks: 21 (Resim:  21) | Stalls:  0
[HEARTBEAT] Node: 0 | Tick: 105661 | Conf: 105659 | Hash: 0xA853F776 | Rollbacks: 17 (Resim:  17) | Stalls:  0
[HEARTBEAT] Node: 0 | Tick: 105721 | Conf: 105719 | Hash: 0x1AF37632 | Rollbacks: 13 (Resim:  13) | Stalls:  0
[HEARTBEAT] Node: 0 | Tick: 105781 | Conf: 105779 | Hash: 0x03048F50 | Rollbacks:  0 (Resim:   0) | Stalls:  0
[HEARTBEAT] Node: 0 | Tick: 105841 | Conf: 105839 | Hash: 0xC2952D14 | Rollbacks: 15 (Resim:  15) | Stalls:  0
[HEARTBEAT] Node: 0 | Tick: 105901 | Conf: 105899 | Hash: 0x0FF82FAC | Rollbacks:  9 (Resim:   9) | Stalls:  0
[HEARTBEAT] Node: 0 | Tick: 105961 | Conf: 105959 | Hash: 0x7D7EC7C5 | Rollbacks: 15 (Resim:  15) | Stalls:  0
[BOT:50006] Heartbeat - Sparse Mods Tracked: 2048
[HEARTBEAT] Node: 0 | Tick: 106021 | Conf: 106019 | Hash: 0xBA1D3353 | Rollbacks:  0 (Resim:   0) | Stalls:  0
[HEARTBEAT] Node: 0 | Tick: 106081 | Conf: 106079 | Hash: 0x802E94BE | Rollbacks:  0 (Resim:   0) | Stalls:  0
[HEARTBEAT] Node: 0 | Tick: 106141 | Conf: 106139 | Hash: 0x733ACC5E | Rollbacks:  3 (Resim:   3) | Stalls:  0
[HEARTBEAT] Node: 0 | Tick: 106201 | Conf: 106199 | Hash: 0x475CC74C | Rollbacks: 17 (Resim:  17) | Stalls:  0
[HEARTBEAT] Node: 0 | Tick: 106261 | Conf: 106259 | Hash: 0x381B5A97 | Rollbacks:  5 (Resim:   5) | Stalls:  0
[HEARTBEAT] Node: 0 | Tick: 106321 | Conf: 106319 | Hash: 0x82E89200 | Rollbacks: 22 (Resim:  22) | Stalls:  0
[HEARTBEAT] Node: 0 | Tick: 106381 | Conf: 106379 | Hash: 0x57237D9D | Rollbacks: 12 (Resim:  12) | Stalls:  0
[HEARTBEAT] Node: 0 | Tick: 106441 | Conf: 106439 | Hash: 0xDDAA2E5F | Rollbacks:  9 (Resim:   9) | Stalls:  0
[HEARTBEAT] Node: 0 | Tick: 106501 | Conf: 106499 | Hash: 0x33B94DF1 | Rollbacks:  2 (Resim:   2) | Stalls:  0
[BOT:50006] Heartbeat - Sparse Mods Tracked: 2048
[HEARTBEAT] Node: 0 | Tick: 106561 | Conf: 106559 | Hash: 0x9953EC43 | Rollbacks: 18 (Resim:  18) | Stalls:  0
[HEARTBEAT] Node: 0 | Tick: 106621 | Conf: 106619 | Hash: 0x1C73926E | Rollbacks: 15 (Resim:  15) | Stalls:  0
[HEARTBEAT] Node: 0 | Tick: 106681 | Conf: 106679 | Hash: 0xB25C47A5 | Rollbacks:  8 (Resim:   8) | Stalls:  0
[HEARTBEAT] Node: 0 | Tick: 106741 | Conf: 106739 | Hash: 0x9AE503DA | Rollbacks:  0 (Resim:   0) | Stalls:  0
[HEARTBEAT] Node: 0 | Tick: 106801 | Conf: 106799 | Hash: 0x33453683 | Rollbacks:  0 (Resim:   0) | Stalls:  0
[HEARTBEAT] Node: 0 | Tick: 106861 | Conf: 106859 | Hash: 0x1E6282CF | Rollbacks: 24 (Resim:  24) | Stalls:  0
[HEARTBEAT] Node: 0 | Tick: 106921 | Conf: 106919 | Hash: 0xDDEFDAC6 | Rollbacks: 15 (Resim:  15) | Stalls:  0
[HEARTBEAT] Node: 0 | Tick: 106981 | Conf: 106979 | Hash: 0xC8E33F7F | Rollbacks:  0 (Resim:   0) | Stalls:  0
[HEARTBEAT] Node: 0 | Tick: 107041 | Conf: 107039 | Hash: 0x7F6A252D | Rollbacks:  8 (Resim:   8) | Stalls:  0
[HEARTBEAT] Node: 0 | Tick: 107101 | Conf: 107099 | Hash: 0x01AC379F | Rollbacks: 10 (Resim:  10) | Stalls:  0
[BOT:50006] Heartbeat - Sparse Mods Tracked: 2048
[HEARTBEAT] Node: 0 | Tick: 107161 | Conf: 107159 | Hash: 0x596A2812 | Rollbacks: 13 (Resim:  13) | Stalls:  0
[HEARTBEAT] Node: 0 | Tick: 107221 | Conf: 107219 | Hash: 0x74118F44 | Rollbacks:  2 (Resim:   2) | Stalls:  0
[HEARTBEAT] Node: 0 | Tick: 107281 | Conf: 107279 | Hash: 0xF0D0208C | Rollbacks: 19 (Resim:  19) | Stalls:  0
[HEARTBEAT] Node: 0 | Tick: 107341 | Conf: 107339 | Hash: 0xDC23E676 | Rollbacks: 13 (Resim:  13) | Stalls:  0
[HEARTBEAT] Node: 0 | Tick: 107401 | Conf: 107399 | Hash: 0x0F84D367 | Rollbacks: 18 (Resim:  18) | Stalls:  0
[HEARTBEAT] Node: 0 | Tick: 107461 | Conf: 107459 | Hash: 0xC2F39924 | Rollbacks:  7 (Resim:   7) | Stalls:  0
[HEARTBEAT] Node: 0 | Tick: 107521 | Conf: 107519 | Hash: 0xBE1DFEC8 | Rollbacks:  0 (Resim:   0) | Stalls:  0
[HEARTBEAT] Node: 0 | Tick: 107581 | Conf: 107579 | Hash: 0x6949B171 | Rollbacks: 20 (Resim:  20) | Stalls:  0
[HEARTBEAT] Node: 0 | Tick: 107641 | Conf: 107639 | Hash: 0x549C13E0 | Rollbacks:  2 (Resim:   2) | Stalls:  0
[HEARTBEAT] Node: 0 | Tick: 107701 | Conf: 107699 | Hash: 0xFD3FBBF2 | Rollbacks:  0 (Resim:   0) | Stalls:  0
[BOT:50006] Heartbeat - Sparse Mods Tracked: 2048
[HEARTBEAT] Node: 0 | Tick: 107761 | Conf: 107759 | Hash: 0x2A4B5259 | Rollbacks: 20 (Resim:  20) | Stalls:  0
[HEARTBEAT] Node: 0 | Tick: 107821 | Conf: 107819 | Hash: 0x3808BCD6 | Rollbacks:  8 (Resim:   8) | Stalls:  0
[HEARTBEAT] Node: 0 | Tick: 107881 | Conf: 107879 | Hash: 0x1C0439F2 | Rollbacks:  0 (Resim:   0) | Stalls:  0
[HEARTBEAT] Node: 0 | Tick: 107941 | Conf: 107939 | Hash: 0x8C567933 | Rollbacks:  0 (Resim:   0) | Stalls:  0
[HEARTBEAT] Node: 0 | Tick: 108001 | Conf: 107999 | Hash: 0x4AA9FA8A | Rollbacks: 23 (Resim:  23) | Stalls:  0
[HEARTBEAT] Node: 0 | Tick: 108061 | Conf: 108059 | Hash: 0x73D607B0 | Rollbacks: 17 (Resim:  17) | Stalls:  0
[HEARTBEAT] Node: 0 | Tick: 108121 | Conf: 108119 | Hash: 0x4BB56B64 | Rollbacks: 15 (Resim:  15) | Stalls:  0
[HEARTBEAT] Node: 0 | Tick: 108181 | Conf: 108179 | Hash: 0x91517148 | Rollbacks: 19 (Resim:  19) | Stalls:  0
[HEARTBEAT] Node: 0 | Tick: 108241 | Conf: 108239 | Hash: 0xCA1CB60F | Rollbacks: 18 (Resim:  18) | Stalls:  0
[HEARTBEAT] Node: 0 | Tick: 108301 | Conf: 108299 | Hash: 0x694B3AEC | Rollbacks:  0 (Resim:   0) | Stalls:  0
[BOT:50006] Heartbeat - Sparse Mods Tracked: 2048
[HEARTBEAT] Node: 0 | Tick: 108361 | Conf: 108359 | Hash: 0x59CCC5A2 | Rollbacks:  9 (Resim:   9) | Stalls:  0
[HEARTBEAT] Node: 0 | Tick: 108421 | Conf: 108419 | Hash: 0xD96BAE12 | Rollbacks: 14 (Resim:  14) | Stalls:  0
[HEARTBEAT] Node: 0 | Tick: 108481 | Conf: 108479 | Hash: 0x3A293B18 | Rollbacks:  0 (Resim:   0) | Stalls:  0
[HEARTBEAT] Node: 0 | Tick: 108541 | Conf: 108539 | Hash: 0x21C41D7C | Rollbacks: 21 (Resim:  21) | Stalls:  0
[HEARTBEAT] Node: 0 | Tick: 108601 | Conf: 108599 | Hash: 0x283CE307 | Rollbacks:  1 (Resim:   1) | Stalls:  0
[HEARTBEAT] Node: 0 | Tick: 108661 | Conf: 108659 | Hash: 0xBB57B90A | Rollbacks: 13 (Resim:  13) | Stalls:  0
[HEARTBEAT] Node: 0 | Tick: 108721 | Conf: 108719 | Hash: 0x9D5AC669 | Rollbacks:  0 (Resim:   0) | Stalls:  0
[HEARTBEAT] Node: 0 | Tick: 108781 | Conf: 108779 | Hash: 0x9ED5EEB5 | Rollbacks:  6 (Resim:   6) | Stalls:  0
[HEARTBEAT] Node: 0 | Tick: 108841 | Conf: 108839 | Hash: 0x397BF223 | Rollbacks:  4 (Resim:   4) | Stalls:  0
[HEARTBEAT] Node: 0 | Tick: 108901 | Conf: 108899 | Hash: 0xA65021D6 | Rollbacks:  4 (Resim:   4) | Stalls:  0
[BOT:50006] Heartbeat - Sparse Mods Tracked: 2048
[HEARTBEAT] Node: 0 | Tick: 108961 | Conf: 108959 | Hash: 0xD40B0B8D | Rollbacks: 23 (Resim:  23) | Stalls:  0
[HEARTBEAT] Node: 0 | Tick: 109021 | Conf: 109019 | Hash: 0x91D2E034 | Rollbacks:  0 (Resim:   0) | Stalls:  0
[HEARTBEAT] Node: 0 | Tick: 109081 | Conf: 109079 | Hash: 0xB53A1B2E | Rollbacks:  3 (Resim:   3) | Stalls:  0
[HEARTBEAT] Node: 0 | Tick: 109141 | Conf: 109139 | Hash: 0x101C87FB | Rollbacks: 13 (Resim:  13) | Stalls:  0
[HEARTBEAT] Node: 0 | Tick: 109201 | Conf: 109199 | Hash: 0xB26993E9 | Rollbacks: 12 (Resim:  12) | Stalls:  0
[HEARTBEAT] Node: 0 | Tick: 109261 | Conf: 109259 | Hash: 0xEBEF7B16 | Rollbacks: 22 (Resim:  22) | Stalls:  0
[HEARTBEAT] Node: 0 | Tick: 109321 | Conf: 109319 | Hash: 0x206E6B9F | Rollbacks:  8 (Resim:   8) | Stalls:  0
[HEARTBEAT] Node: 0 | Tick: 109381 | Conf: 109379 | Hash: 0x71FC49D6 | Rollbacks:  5 (Resim:   5) | Stalls:  0
[HEARTBEAT] Node: 0 | Tick: 109441 | Conf: 109439 | Hash: 0x78891C73 | Rollbacks:  6 (Resim:   6) | Stalls:  0
[HEARTBEAT] Node: 0 | Tick: 109501 | Conf: 109499 | Hash: 0x5C87706F | Rollbacks: 18 (Resim:  18) | Stalls:  0
[BOT:50006] Heartbeat - Sparse Mods Tracked: 2048
[HEARTBEAT] Node: 0 | Tick: 109561 | Conf: 109559 | Hash: 0xAF14CACC | Rollbacks:  8 (Resim:   8) | Stalls:  0
[HEARTBEAT] Node: 0 | Tick: 109621 | Conf: 109619 | Hash: 0x08F51172 | Rollbacks:  0 (Resim:   0) | Stalls:  0
[HEARTBEAT] Node: 0 | Tick: 109681 | Conf: 109679 | Hash: 0xE2657CE1 | Rollbacks:  0 (Resim:   0) | Stalls:  0
[HEARTBEAT] Node: 0 | Tick: 109741 | Conf: 109739 | Hash: 0x0987792D | Rollbacks: 22 (Resim:  22) | Stalls:  0
[HEARTBEAT] Node: 0 | Tick: 109801 | Conf: 109799 | Hash: 0x48E31078 | Rollbacks:  5 (Resim:   5) | Stalls:  0
[HEARTBEAT] Node: 0 | Tick: 109861 | Conf: 109859 | Hash: 0x365E8E47 | Rollbacks:  0 (Resim:   0) | Stalls:  0
[HEARTBEAT] Node: 0 | Tick: 109921 | Conf: 109919 | Hash: 0x623FA43A | Rollbacks:  9 (Resim:   9) | Stalls:  0
[HEARTBEAT] Node: 0 | Tick: 109981 | Conf: 109979 | Hash: 0x579EFACF | Rollbacks:  0 (Resim:   0) | Stalls:  0
[HEARTBEAT] Node: 0 | Tick: 110041 | Conf: 110039 | Hash: 0x1C9ADCAF | Rollbacks:  8 (Resim:   8) | Stalls:  0
[HEARTBEAT] Node: 0 | Tick: 110101 | Conf: 110099 | Hash: 0x1F6CB9FF | Rollbacks: 19 (Resim:  19) | Stalls:  0
[BOT:50006] Heartbeat - Sparse Mods Tracked: 2048
[HEARTBEAT] Node: 0 | Tick: 110161 | Conf: 110159 | Hash: 0xA672D096 | Rollbacks:  0 (Resim:   0) | Stalls:  0
[HEARTBEAT] Node: 0 | Tick: 110221 | Conf: 110219 | Hash: 0xB8AF7510 | Rollbacks: 24 (Resim:  24) | Stalls:  0
[HEARTBEAT] Node: 0 | Tick: 110281 | Conf: 110279 | Hash: 0x8660CC5E | Rollbacks:  0 (Resim:   0) | Stalls:  0
[HEARTBEAT] Node: 0 | Tick: 110341 | Conf: 110339 | Hash: 0xDF3D0E14 | Rollbacks:  0 (Resim:   0) | Stalls:  0
[HEARTBEAT] Node: 0 | Tick: 110401 | Conf: 110399 | Hash: 0x4DC6BEE3 | Rollbacks: 10 (Resim:  10) | Stalls:  0
[HEARTBEAT] Node: 0 | Tick: 110461 | Conf: 110459 | Hash: 0xF219D0A7 | Rollbacks: 16 (Resim:  16) | Stalls:  0
[HEARTBEAT] Node: 0 | Tick: 110521 | Conf: 110519 | Hash: 0x38039930 | Rollbacks: 11 (Resim:  11) | Stalls:  0
[HEARTBEAT] Node: 0 | Tick: 110581 | Conf: 110579 | Hash: 0xC7CC92FA | Rollbacks:  0 (Resim:   0) | Stalls:  0
[HEARTBEAT] Node: 0 | Tick: 110641 | Conf: 110639 | Hash: 0x00D557EA | Rollbacks:  0 (Resim:   0) | Stalls:  0
[BOT:50006] Heartbeat - Sparse Mods Tracked: 2048
[HEARTBEAT] Node: 0 | Tick: 110701 | Conf: 110699 | Hash: 0xF628BB4D | Rollbacks: 13 (Resim:  13) | Stalls:  0
[HEARTBEAT] Node: 0 | Tick: 110761 | Conf: 110759 | Hash: 0x19EB85CD | Rollbacks:  6 (Resim:   6) | Stalls:  0
[HEARTBEAT] Node: 0 | Tick: 110821 | Conf: 110819 | Hash: 0x7326EE03 | Rollbacks:  0 (Resim:   0) | Stalls:  0
[HEARTBEAT] Node: 0 | Tick: 110881 | Conf: 110879 | Hash: 0x51C59EF1 | Rollbacks:  6 (Resim:   6) | Stalls:  0
[HEARTBEAT] Node: 0 | Tick: 110941 | Conf: 110939 | Hash: 0x52CEDC04 | Rollbacks:  0 (Resim:   0) | Stalls:  0
[HEARTBEAT] Node: 0 | Tick: 111001 | Conf: 110999 | Hash: 0xDB7F8ED9 | Rollbacks: 22 (Resim:  22) | Stalls:  0
[HEARTBEAT] Node: 0 | Tick: 111061 | Conf: 111059 | Hash: 0x9C87A075 | Rollbacks:  0 (Resim:   0) | Stalls:  0
[HEARTBEAT] Node: 0 | Tick: 111121 | Conf: 111119 | Hash: 0xBE035D06 | Rollbacks:  0 (Resim:   0) | Stalls:  0
[HEARTBEAT] Node: 0 | Tick: 111181 | Conf: 111179 | Hash: 0x4C327284 | Rollbacks: 12 (Resim:  12) | Stalls:  0
[HEARTBEAT] Node: 0 | Tick: 111241 | Conf: 111239 | Hash: 0x428E0BEF | Rollbacks:  0 (Resim:   0) | Stalls:  0
[BOT:50006] Heartbeat - Sparse Mods Tracked: 2048
[HEARTBEAT] Node: 0 | Tick: 111301 | Conf: 111299 | Hash: 0xADF1784E | Rollbacks:  7 (Resim:   7) | Stalls:  0
[HEARTBEAT] Node: 0 | Tick: 111361 | Conf: 111359 | Hash: 0xD1F1CB18 | Rollbacks:  0 (Resim:   0) | Stalls:  0
[HEARTBEAT] Node: 0 | Tick: 111421 | Conf: 111419 | Hash: 0x4B66E073 | Rollbacks: 14 (Resim:  14) | Stalls:  0
[HEARTBEAT] Node: 0 | Tick: 111481 | Conf: 111479 | Hash: 0x9D093142 | Rollbacks: 16 (Resim:  16) | Stalls:  0
[HEARTBEAT] Node: 0 | Tick: 111541 | Conf: 111539 | Hash: 0x445252E7 | Rollbacks:  4 (Resim:   4) | Stalls:  0
[HEARTBEAT] Node: 0 | Tick: 111601 | Conf: 111599 | Hash: 0x0CE88EFF | Rollbacks:  0 (Resim:   0) | Stalls:  0
[HEARTBEAT] Node: 0 | Tick: 111661 | Conf: 111659 | Hash: 0xEC799E75 | Rollbacks: 19 (Resim:  19) | Stalls:  0
[HEARTBEAT] Node: 0 | Tick: 111721 | Conf: 111719 | Hash: 0xB6B9A645 | Rollbacks: 16 (Resim:  16) | Stalls:  0
[HEARTBEAT] Node: 0 | Tick: 111781 | Conf: 111779 | Hash: 0xFAA61459 | Rollbacks: 17 (Resim:  17) | Stalls:  0
[HEARTBEAT] Node: 0 | Tick: 111841 | Conf: 111839 | Hash: 0x4957F091 | Rollbacks: 13 (Resim:  13) | Stalls:  0
[BOT:50006] Heartbeat - Sparse Mods Tracked: 2048
[HEARTBEAT] Node: 0 | Tick: 111901 | Conf: 111899 | Hash: 0x81253D8D | Rollbacks:  0 (Resim:   0) | Stalls:  0
[HEARTBEAT] Node: 0 | Tick: 111961 | Conf: 111959 | Hash: 0xDC49899F | Rollbacks: 10 (Resim:  10) | Stalls:  0
[HEARTBEAT] Node: 0 | Tick: 112021 | Conf: 112019 | Hash: 0x1B09025C | Rollbacks:  7 (Resim:   7) | Stalls:  0
[HEARTBEAT] Node: 0 | Tick: 112081 | Conf: 112079 | Hash: 0x531E9961 | Rollbacks: 15 (Resim:  15) | Stalls:  0
[HEARTBEAT] Node: 0 | Tick: 112141 | Conf: 112139 | Hash: 0x5BD12800 | Rollbacks: 10 (Resim:  10) | Stalls:  0
[HEARTBEAT] Node: 0 | Tick: 112201 | Conf: 112199 | Hash: 0x476F3B2B | Rollbacks: 12 (Resim:  12) | Stalls:  0
[HEARTBEAT] Node: 0 | Tick: 112261 | Conf: 112259 | Hash: 0x94E3623E | Rollbacks: 16 (Resim:  16) | Stalls:  0
[HEARTBEAT] Node: 0 | Tick: 112321 | Conf: 112319 | Hash: 0x8867F675 | Rollbacks:  0 (Resim:   0) | Stalls:  0
[HEARTBEAT] Node: 0 | Tick: 112381 | Conf: 112379 | Hash: 0x4FAD9ACE | Rollbacks: 29 (Resim:  29) | Stalls:  0
[HEARTBEAT] Node: 0 | Tick: 112441 | Conf: 112439 | Hash: 0x9B66914D | Rollbacks:  1 (Resim:   1) | Stalls:  0
[BOT:50006] Heartbeat - Sparse Mods Tracked: 2048
[HEARTBEAT] Node: 0 | Tick: 112501 | Conf: 112499 | Hash: 0xB3A382D2 | Rollbacks:  0 (Resim:   0) | Stalls:  0
[HEARTBEAT] Node: 0 | Tick: 112561 | Conf: 112559 | Hash: 0xA3A5DD7C | Rollbacks:  0 (Resim:   0) | Stalls:  0
[HEARTBEAT] Node: 0 | Tick: 112621 | Conf: 112619 | Hash: 0x8E8E0005 | Rollbacks:  6 (Resim:   6) | Stalls:  0
[HEARTBEAT] Node: 0 | Tick: 112681 | Conf: 112679 | Hash: 0xD725B3FB | Rollbacks:  0 (Resim:   0) | Stalls:  0
[HEARTBEAT] Node: 0 | Tick: 112741 | Conf: 112739 | Hash: 0xAEF64561 | Rollbacks: 29 (Resim:  29) | Stalls:  0
[HEARTBEAT] Node: 0 | Tick: 112801 | Conf: 112799 | Hash: 0xF7A70D44 | Rollbacks:  4 (Resim:   4) | Stalls:  0
[HEARTBEAT] Node: 0 | Tick: 112861 | Conf: 112859 | Hash: 0xB087D3D0 | Rollbacks: 19 (Resim:  19) | Stalls:  0
[HEARTBEAT] Node: 0 | Tick: 112921 | Conf: 112919 | Hash: 0x35BB90EC | Rollbacks:  0 (Resim:   0) | Stalls:  0
[HEARTBEAT] Node: 0 | Tick: 112981 | Conf: 112979 | Hash: 0xC76DFF6C | Rollbacks: 15 (Resim:  15) | Stalls:  0
[HEARTBEAT] Node: 0 | Tick: 113041 | Conf: 113039 | Hash: 0x069C0026 | Rollbacks:  0 (Resim:   0) | Stalls:  0
[BOT:50006] Heartbeat - Sparse Mods Tracked: 2048
[HEARTBEAT] Node: 0 | Tick: 113101 | Conf: 113099 | Hash: 0x60911285 | Rollbacks: 18 (Resim:  18) | Stalls:  0
[HEARTBEAT] Node: 0 | Tick: 113161 | Conf: 113159 | Hash: 0x1A975CB4 | Rollbacks:  0 (Resim:   0) | Stalls:  0
[HEARTBEAT] Node: 0 | Tick: 113221 | Conf: 113219 | Hash: 0x171433AA | Rollbacks:  0 (Resim:   0) | Stalls:  0
[HEARTBEAT] Node: 0 | Tick: 113281 | Conf: 113279 | Hash: 0xE45FC895 | Rollbacks:  5 (Resim:   5) | Stalls:  0
[HEARTBEAT] Node: 0 | Tick: 113341 | Conf: 113339 | Hash: 0x163C23C8 | Rollbacks: 13 (Resim:  13) | Stalls:  0
[HEARTBEAT] Node: 0 | Tick: 113401 | Conf: 113399 | Hash: 0x9823CA7E | Rollbacks:  0 (Resim:   0) | Stalls:  0
[HEARTBEAT] Node: 0 | Tick: 113461 | Conf: 113459 | Hash: 0xDA467B6C | Rollbacks: 37 (Resim:  37) | Stalls:  0
[HEARTBEAT] Node: 0 | Tick: 113521 | Conf: 113519 | Hash: 0xBB378500 | Rollbacks:  1 (Resim:   1) | Stalls:  0
[HEARTBEAT] Node: 0 | Tick: 113581 | Conf: 113579 | Hash: 0x071CF014 | Rollbacks:  2 (Resim:   2) | Stalls:  0
[BOT:50006] Heartbeat - Sparse Mods Tracked: 2048
[HEARTBEAT] Node: 0 | Tick: 113641 | Conf: 113639 | Hash: 0x025DBD43 | Rollbacks: 10 (Resim:  10) | Stalls:  0
[HEARTBEAT] Node: 0 | Tick: 113701 | Conf: 113699 | Hash: 0x86A2DBA7 | Rollbacks: 22 (Resim:  22) | Stalls:  0
[HEARTBEAT] Node: 0 | Tick: 113761 | Conf: 113759 | Hash: 0xD07AAC82 | Rollbacks:  0 (Resim:   0) | Stalls:  0
[HEARTBEAT] Node: 0 | Tick: 113821 | Conf: 113819 | Hash: 0xDC5218AD | Rollbacks:  0 (Resim:   0) | Stalls:  0
[HEARTBEAT] Node: 0 | Tick: 113881 | Conf: 113879 | Hash: 0xA9A1FAE2 | Rollbacks: 12 (Resim:  12) | Stalls:  0
[HEARTBEAT] Node: 0 | Tick: 113941 | Conf: 113939 | Hash: 0x49492567 | Rollbacks: 13 (Resim:  13) | Stalls:  0
[HEARTBEAT] Node: 0 | Tick: 114001 | Conf: 113999 | Hash: 0xD102E522 | Rollbacks: 23 (Resim:  23) | Stalls:  0
[HEARTBEAT] Node: 0 | Tick: 114061 | Conf: 114059 | Hash: 0x158850C6 | Rollbacks: 14 (Resim:  14) | Stalls:  0
[HEARTBEAT] Node: 0 | Tick: 114121 | Conf: 114119 | Hash: 0xE045BC8E | Rollbacks:  0 (Resim:   0) | Stalls:  0
[HEARTBEAT] Node: 0 | Tick: 114181 | Conf: 114179 | Hash: 0x4A1BCB15 | Rollbacks: 27 (Resim:  27) | Stalls:  0
[BOT:50006] Heartbeat - Sparse Mods Tracked: 2048
[HEARTBEAT] Node: 0 | Tick: 114241 | Conf: 114239 | Hash: 0x2E7883E3 | Rollbacks:  0 (Resim:   0) | Stalls:  0
[HEARTBEAT] Node: 0 | Tick: 114301 | Conf: 114299 | Hash: 0xF98F16AD | Rollbacks:  0 (Resim:   0) | Stalls:  0
[HEARTBEAT] Node: 0 | Tick: 114361 | Conf: 114359 | Hash: 0x4B5C4191 | Rollbacks:  0 (Resim:   0) | Stalls:  0
[HEARTBEAT] Node: 0 | Tick: 114421 | Conf: 114419 | Hash: 0xF89221E8 | Rollbacks:  2 (Resim:   2) | Stalls:  0
[HEARTBEAT] Node: 0 | Tick: 114481 | Conf: 114479 | Hash: 0xFC974FB9 | Rollbacks:  0 (Resim:   0) | Stalls:  0
[HEARTBEAT] Node: 0 | Tick: 114541 | Conf: 114539 | Hash: 0x2CE1481A | Rollbacks:  8 (Resim:   8) | Stalls:  0
[HEARTBEAT] Node: 0 | Tick: 114601 | Conf: 114599 | Hash: 0x2D1D6DE9 | Rollbacks:  6 (Resim:   6) | Stalls:  0
[HEARTBEAT] Node: 0 | Tick: 114661 | Conf: 114659 | Hash: 0x814C7066 | Rollbacks: 13 (Resim:  13) | Stalls:  0
[HEARTBEAT] Node: 0 | Tick: 114721 | Conf: 114719 | Hash: 0xA102CAB1 | Rollbacks: 22 (Resim:  22) | Stalls:  0
[HEARTBEAT] Node: 0 | Tick: 114781 | Conf: 114779 | Hash: 0x3DA3542E | Rollbacks:  7 (Resim:   7) | Stalls:  0
[BOT:50006] Heartbeat - Sparse Mods Tracked: 2048
[HEARTBEAT] Node: 0 | Tick: 114841 | Conf: 114839 | Hash: 0x1B69CCEF | Rollbacks: 21 (Resim:  21) | Stalls:  0
[HEARTBEAT] Node: 0 | Tick: 114901 | Conf: 114899 | Hash: 0xFB05083D | Rollbacks:  0 (Resim:   0) | Stalls:  0
[HEARTBEAT] Node: 0 | Tick: 114961 | Conf: 114959 | Hash: 0xC3B3AC8E | Rollbacks:  0 (Resim:   0) | Stalls:  0
[HEARTBEAT] Node: 0 | Tick: 115021 | Conf: 115019 | Hash: 0x54EABD1F | Rollbacks: 11 (Resim:  11) | Stalls:  0
[HEARTBEAT] Node: 0 | Tick: 115081 | Conf: 115079 | Hash: 0xB89066DE | Rollbacks: 23 (Resim:  23) | Stalls:  0
[HEARTBEAT] Node: 0 | Tick: 115141 | Conf: 115139 | Hash: 0x36F6611B | Rollbacks: 15 (Resim:  15) | Stalls:  0
[HEARTBEAT] Node: 0 | Tick: 115201 | Conf: 115199 | Hash: 0x43C34C3D | Rollbacks: 11 (Resim:  11) | Stalls:  0
[HEARTBEAT] Node: 0 | Tick: 115261 | Conf: 115259 | Hash: 0x201213BC | Rollbacks:  0 (Resim:   0) | Stalls:  0
[HEARTBEAT] Node: 0 | Tick: 115321 | Conf: 115319 | Hash: 0x9D1127B1 | Rollbacks:  1 (Resim:   1) | Stalls:  0
[HEARTBEAT] Node: 0 | Tick: 115381 | Conf: 115379 | Hash: 0x38360E31 | Rollbacks:  4 (Resim:   4) | Stalls:  0
[BOT:50006] Heartbeat - Sparse Mods Tracked: 2048
[HEARTBEAT] Node: 0 | Tick: 115441 | Conf: 115439 | Hash: 0x9E90B938 | Rollbacks: 17 (Resim:  17) | Stalls:  0
[HEARTBEAT] Node: 0 | Tick: 115501 | Conf: 115499 | Hash: 0x0513F7DD | Rollbacks:  0 (Resim:   0) | Stalls:  0
[HEARTBEAT] Node: 0 | Tick: 115561 | Conf: 115559 | Hash: 0x48EF4A51 | Rollbacks:  0 (Resim:   0) | Stalls:  0
[HEARTBEAT] Node: 0 | Tick: 115621 | Conf: 115619 | Hash: 0x7CE1709D | Rollbacks: 17 (Resim:  17) | Stalls:  0
[HEARTBEAT] Node: 0 | Tick: 115681 | Conf: 115679 | Hash: 0xCCBA5234 | Rollbacks:  2 (Resim:   2) | Stalls:  0
[HEARTBEAT] Node: 0 | Tick: 115741 | Conf: 115739 | Hash: 0x250ACE9C | Rollbacks: 24 (Resim:  24) | Stalls:  0
[HEARTBEAT] Node: 0 | Tick: 115801 | Conf: 115799 | Hash: 0x648A7104 | Rollbacks:  0 (Resim:   0) | Stalls:  0
[HEARTBEAT] Node: 0 | Tick: 115861 | Conf: 115859 | Hash: 0x7E61D1FA | Rollbacks:  0 (Resim:   0) | Stalls:  0
[HEARTBEAT] Node: 0 | Tick: 115921 | Conf: 115919 | Hash: 0xD5B16AE3 | Rollbacks:  2 (Resim:   2) | Stalls:  0
[HEARTBEAT] Node: 0 | Tick: 115981 | Conf: 115979 | Hash: 0x5EDAD017 | Rollbacks:  0 (Resim:   0) | Stalls:  0
[BOT:50006] Heartbeat - Sparse Mods Tracked: 2048
[HEARTBEAT] Node: 0 | Tick: 116041 | Conf: 116039 | Hash: 0x4D4F16A1 | Rollbacks: 24 (Resim:  24) | Stalls:  0
[HEARTBEAT] Node: 0 | Tick: 116101 | Conf: 116099 | Hash: 0x04F9DC5D | Rollbacks:  3 (Resim:   3) | Stalls:  0
[HEARTBEAT] Node: 0 | Tick: 116161 | Conf: 116159 | Hash: 0xCF7CFC43 | Rollbacks: 17 (Resim:  17) | Stalls:  0
[HEARTBEAT] Node: 0 | Tick: 116221 | Conf: 116219 | Hash: 0xD85DA911 | Rollbacks: 13 (Resim:  13) | Stalls:  0
[HEARTBEAT] Node: 0 | Tick: 116281 | Conf: 116279 | Hash: 0x7394B7C8 | Rollbacks:  3 (Resim:   3) | Stalls:  0
[HEARTBEAT] Node: 0 | Tick: 116341 | Conf: 116339 | Hash: 0x811C029F | Rollbacks:  0 (Resim:   0) | Stalls:  0
[HEARTBEAT] Node: 0 | Tick: 116401 | Conf: 116399 | Hash: 0x78DD652F | Rollbacks: 11 (Resim:  11) | Stalls:  0
[HEARTBEAT] Node: 0 | Tick: 116461 | Conf: 116459 | Hash: 0x023BB04E | Rollbacks:  0 (Resim:   0) | Stalls:  0
[HEARTBEAT] Node: 0 | Tick: 116521 | Conf: 116519 | Hash: 0x7E92B456 | Rollbacks:  0 (Resim:   0) | Stalls:  0
[BOT:50006] Heartbeat - Sparse Mods Tracked: 2048
[HEARTBEAT] Node: 0 | Tick: 116581 | Conf: 116579 | Hash: 0x5C44B86C | Rollbacks: 10 (Resim:  10) | Stalls:  0
[HEARTBEAT] Node: 0 | Tick: 116641 | Conf: 116639 | Hash: 0x1A73CFF4 | Rollbacks: 10 (Resim:  10) | Stalls:  0
[HEARTBEAT] Node: 0 | Tick: 116701 | Conf: 116699 | Hash: 0xEC423E28 | Rollbacks:  0 (Resim:   0) | Stalls:  0
[HEARTBEAT] Node: 0 | Tick: 116761 | Conf: 116759 | Hash: 0x7AD1415B | Rollbacks: 20 (Resim:  20) | Stalls:  0
[HEARTBEAT] Node: 0 | Tick: 116821 | Conf: 116819 | Hash: 0x37A85067 | Rollbacks:  5 (Resim:   5) | Stalls:  0
[HEARTBEAT] Node: 0 | Tick: 116881 | Conf: 116879 | Hash: 0xB1307A6C | Rollbacks:  0 (Resim:   0) | Stalls:  0
[HEARTBEAT] Node: 0 | Tick: 116941 | Conf: 116939 | Hash: 0x05514883 | Rollbacks: 22 (Resim:  22) | Stalls:  0
[HEARTBEAT] Node: 0 | Tick: 117001 | Conf: 116999 | Hash: 0x6E93C94D | Rollbacks: 15 (Resim:  15) | Stalls:  0
[HEARTBEAT] Node: 0 | Tick: 117061 | Conf: 117059 | Hash: 0xC50851E7 | Rollbacks: 20 (Resim:  20) | Stalls:  0
[HEARTBEAT] Node: 0 | Tick: 117121 | Conf: 117119 | Hash: 0x816429E7 | Rollbacks: 21 (Resim:  21) | Stalls:  0
[BOT:50006] Heartbeat - Sparse Mods Tracked: 2048
[HEARTBEAT] Node: 0 | Tick: 117181 | Conf: 117179 | Hash: 0x20AF4DAB | Rollbacks:  5 (Resim:   5) | Stalls:  0
[HEARTBEAT] Node: 0 | Tick: 117241 | Conf: 117239 | Hash: 0x8EF2D1B1 | Rollbacks:  2 (Resim:   2) | Stalls:  0
[HEARTBEAT] Node: 0 | Tick: 117301 | Conf: 117299 | Hash: 0xAA99ED92 | Rollbacks: 15 (Resim:  15) | Stalls:  0
[HEARTBEAT] Node: 0 | Tick: 117361 | Conf: 117359 | Hash: 0x09B63621 | Rollbacks:  0 (Resim:   0) | Stalls:  0
[HEARTBEAT] Node: 0 | Tick: 117421 | Conf: 117419 | Hash: 0xE7A11680 | Rollbacks: 15 (Resim:  15) | Stalls:  0
[HEARTBEAT] Node: 0 | Tick: 117481 | Conf: 117479 | Hash: 0x9A6EA0CC | Rollbacks: 16 (Resim:  17) | Stalls:  0
[HEARTBEAT] Node: 0 | Tick: 117541 | Conf: 117539 | Hash: 0xDFB39C6F | Rollbacks: 21 (Resim:  21) | Stalls:  0
[HEARTBEAT] Node: 0 | Tick: 117601 | Conf: 117599 | Hash: 0x866A1192 | Rollbacks:  4 (Resim:   4) | Stalls:  0
[HEARTBEAT] Node: 0 | Tick: 117661 | Conf: 117659 | Hash: 0xCCEFAB8F | Rollbacks:  7 (Resim:   7) | Stalls:  0
[HEARTBEAT] Node: 0 | Tick: 117721 | Conf: 117719 | Hash: 0x5C5C0B77 | Rollbacks: 15 (Resim:  15) | Stalls:  0
[BOT:50006] Heartbeat - Sparse Mods Tracked: 2048
[HEARTBEAT] Node: 0 | Tick: 117781 | Conf: 117779 | Hash: 0x690CB8DF | Rollbacks: 10 (Resim:  10) | Stalls:  0
[HEARTBEAT] Node: 0 | Tick: 117841 | Conf: 117839 | Hash: 0xA3D6A07A | Rollbacks:  0 (Resim:   0) | Stalls:  0
[HEARTBEAT] Node: 0 | Tick: 117901 | Conf: 117899 | Hash: 0xC232E84E | Rollbacks: 20 (Resim:  20) | Stalls:  0
[HEARTBEAT] Node: 0 | Tick: 117961 | Conf: 117959 | Hash: 0x53CEC124 | Rollbacks: 11 (Resim:  11) | Stalls:  0
[HEARTBEAT] Node: 0 | Tick: 118021 | Conf: 118019 | Hash: 0x10DEBD1C | Rollbacks:  0 (Resim:   0) | Stalls:  0
[HEARTBEAT] Node: 0 | Tick: 118081 | Conf: 118079 | Hash: 0x25CDC9AB | Rollbacks: 13 (Resim:  13) | Stalls:  0
[HEARTBEAT] Node: 0 | Tick: 118141 | Conf: 118139 | Hash: 0x71331D31 | Rollbacks:  4 (Resim:   4) | Stalls:  0
[HEARTBEAT] Node: 0 | Tick: 118201 | Conf: 118199 | Hash: 0x684C4109 | Rollbacks:  0 (Resim:   0) | Stalls:  0
[HEARTBEAT] Node: 0 | Tick: 118261 | Conf: 118259 | Hash: 0x971765D9 | Rollbacks: 23 (Resim:  23) | Stalls:  0
[HEARTBEAT] Node: 0 | Tick: 118321 | Conf: 118319 | Hash: 0xBA04E23A | Rollbacks:  0 (Resim:   0) | Stalls:  0
[BOT:50006] Heartbeat - Sparse Mods Tracked: 2048
[HEARTBEAT] Node: 0 | Tick: 118381 | Conf: 118379 | Hash: 0x458197C3 | Rollbacks:  0 (Resim:   0) | Stalls:  0
[HEARTBEAT] Node: 0 | Tick: 118441 | Conf: 118439 | Hash: 0xE35FD3A1 | Rollbacks: 15 (Resim:  15) | Stalls:  0
[HEARTBEAT] Node: 0 | Tick: 118501 | Conf: 118499 | Hash: 0x8845CF8D | Rollbacks:  0 (Resim:   0) | Stalls:  0
[HEARTBEAT] Node: 0 | Tick: 118561 | Conf: 118559 | Hash: 0xD3C630BE | Rollbacks: 22 (Resim:  22) | Stalls:  0
[HEARTBEAT] Node: 0 | Tick: 118621 | Conf: 118619 | Hash: 0x57C22346 | Rollbacks:  8 (Resim:   8) | Stalls:  0
[HEARTBEAT] Node: 0 | Tick: 118681 | Conf: 118679 | Hash: 0xAA7A74F5 | Rollbacks:  0 (Resim:   0) | Stalls:  0
[HEARTBEAT] Node: 0 | Tick: 118741 | Conf: 118739 | Hash: 0x432FF0A1 | Rollbacks: 14 (Resim:  14) | Stalls:  0
[HEARTBEAT] Node: 0 | Tick: 118801 | Conf: 118799 | Hash: 0x29AEB760 | Rollbacks:  0 (Resim:   0) | Stalls:  0
[HEARTBEAT] Node: 0 | Tick: 118861 | Conf: 118859 | Hash: 0x5F668360 | Rollbacks: 16 (Resim:  16) | Stalls:  0
[HEARTBEAT] Node: 0 | Tick: 118921 | Conf: 118919 | Hash: 0x9E74B766 | Rollbacks:  0 (Resim:   0) | Stalls:  0
[BOT:50006] Heartbeat - Sparse Mods Tracked: 2048
[HEARTBEAT] Node: 0 | Tick: 118981 | Conf: 118979 | Hash: 0xCA14313E | Rollbacks:  0 (Resim:   0) | Stalls:  0
[HEARTBEAT] Node: 0 | Tick: 119041 | Conf: 119039 | Hash: 0x14ABE928 | Rollbacks: 16 (Resim:  17) | Stalls:  0
[HEARTBEAT] Node: 0 | Tick: 119101 | Conf: 119099 | Hash: 0xC07E0C6B | Rollbacks:  2 (Resim:   2) | Stalls:  0
[HEARTBEAT] Node: 0 | Tick: 119161 | Conf: 119159 | Hash: 0x76F33BCC | Rollbacks: 15 (Resim:  15) | Stalls:  0
[HEARTBEAT] Node: 0 | Tick: 119221 | Conf: 119219 | Hash: 0xFA42B331 | Rollbacks:  9 (Resim:   9) | Stalls:  0
[HEARTBEAT] Node: 0 | Tick: 119281 | Conf: 119279 | Hash: 0x5207D3D8 | Rollbacks:  0 (Resim:   0) | Stalls:  0
[HEARTBEAT] Node: 0 | Tick: 119341 | Conf: 119339 | Hash: 0xFEF53C87 | Rollbacks: 13 (Resim:  14) | Stalls:  0
[HEARTBEAT] Node: 0 | Tick: 119401 | Conf: 119399 | Hash: 0x84A6681D | Rollbacks: 19 (Resim:  19) | Stalls:  0
[HEARTBEAT] Node: 0 | Tick: 119461 | Conf: 119459 | Hash: 0xF12A1B5E | Rollbacks: 16 (Resim:  16) | Stalls:  0
[HEARTBEAT] Node: 0 | Tick: 119521 | Conf: 119519 | Hash: 0xC5BFAE8F | Rollbacks: 22 (Resim:  22) | Stalls:  0
[BOT:50006] Heartbeat - Sparse Mods Tracked: 2048
[HEARTBEAT] Node: 0 | Tick: 119581 | Conf: 119579 | Hash: 0x9560AF7C | Rollbacks: 21 (Resim:  21) | Stalls:  0
[HEARTBEAT] Node: 0 | Tick: 119641 | Conf: 119639 | Hash: 0xE9C220AB | Rollbacks:  1 (Resim:   1) | Stalls:  0
[HEARTBEAT] Node: 0 | Tick: 119701 | Conf: 119699 | Hash: 0xFBD7956C | Rollbacks:  0 (Resim:   0) | Stalls:  0
[HEARTBEAT] Node: 0 | Tick: 119761 | Conf: 119759 | Hash: 0xB5D7BAA1 | Rollbacks:  4 (Resim:   4) | Stalls:  0
[HEARTBEAT] Node: 0 | Tick: 119821 | Conf: 119819 | Hash: 0x450709C5 | Rollbacks:  9 (Resim:   9) | Stalls:  0
[HEARTBEAT] Node: 0 | Tick: 119881 | Conf: 119879 | Hash: 0x1A2AAA9B | Rollbacks:  0 (Resim:   0) | Stalls:  0
[HEARTBEAT] Node: 0 | Tick: 119941 | Conf: 119939 | Hash: 0xB07C8A79 | Rollbacks: 11 (Resim:  11) | Stalls:  0
[HEARTBEAT] Node: 0 | Tick: 120001 | Conf: 119999 | Hash: 0xB6CAFBBB | Rollbacks: 22 (Resim:  22) | Stalls:  0
[HEARTBEAT] Node: 0 | Tick: 120061 | Conf: 120059 | Hash: 0x7B77A1DC | Rollbacks:  4 (Resim:   4) | Stalls:  0
[BOT:50006] Heartbeat - Sparse Mods Tracked: 2048
[HEARTBEAT] Node: 0 | Tick: 120121 | Conf: 120119 | Hash: 0x3AC8EEC9 | Rollbacks:  0 (Resim:   0) | Stalls:  0
[HEARTBEAT] Node: 0 | Tick: 120181 | Conf: 120179 | Hash: 0xF8CE2C69 | Rollbacks: 14 (Resim:  14) | Stalls:  0
[HEARTBEAT] Node: 0 | Tick: 120241 | Conf: 120239 | Hash: 0x97ABED3C | Rollbacks: 28 (Resim:  28) | Stalls:  0
[HEARTBEAT] Node: 0 | Tick: 120301 | Conf: 120299 | Hash: 0x73DC6593 | Rollbacks: 11 (Resim:  11) | Stalls:  0
[HEARTBEAT] Node: 0 | Tick: 120361 | Conf: 120359 | Hash: 0xFA5B0BD9 | Rollbacks: 16 (Resim:  16) | Stalls:  0
[HEARTBEAT] Node: 0 | Tick: 120421 | Conf: 120419 | Hash: 0x9419B5B6 | Rollbacks: 20 (Resim:  20) | Stalls:  0
[HEARTBEAT] Node: 0 | Tick: 120481 | Conf: 120479 | Hash: 0x57BB267C | Rollbacks: 10 (Resim:  10) | Stalls:  0
[HEARTBEAT] Node: 0 | Tick: 120541 | Conf: 120539 | Hash: 0x8024B948 | Rollbacks: 22 (Resim:  22) | Stalls:  0
[HEARTBEAT] Node: 0 | Tick: 120601 | Conf: 120599 | Hash: 0x919B5CA5 | Rollbacks:  6 (Resim:   6) | Stalls:  0
[HEARTBEAT] Node: 0 | Tick: 120661 | Conf: 120659 | Hash: 0x3AF7D507 | Rollbacks: 10 (Resim:  10) | Stalls:  0
[BOT:50006] Heartbeat - Sparse Mods Tracked: 2048
[HEARTBEAT] Node: 0 | Tick: 120721 | Conf: 120719 | Hash: 0x62E5107A | Rollbacks:  5 (Resim:   5) | Stalls:  0
[HEARTBEAT] Node: 0 | Tick: 120781 | Conf: 120779 | Hash: 0xDF10376C | Rollbacks:  0 (Resim:   0) | Stalls:  0
[HEARTBEAT] Node: 0 | Tick: 120841 | Conf: 120839 | Hash: 0xF1206F0F | Rollbacks: 15 (Resim:  15) | Stalls:  0
[HEARTBEAT] Node: 0 | Tick: 120901 | Conf: 120899 | Hash: 0x92232D81 | Rollbacks:  0 (Resim:   0) | Stalls:  0
[HEARTBEAT] Node: 0 | Tick: 120961 | Conf: 120959 | Hash: 0x583D293B | Rollbacks:  4 (Resim:   4) | Stalls:  0
[HEARTBEAT] Node: 0 | Tick: 121021 | Conf: 121019 | Hash: 0x34A8A9C4 | Rollbacks: 11 (Resim:  11) | Stalls:  0
[HEARTBEAT] Node: 0 | Tick: 121081 | Conf: 121079 | Hash: 0xBAEAAB5C | Rollbacks: 22 (Resim:  22) | Stalls:  0
[HEARTBEAT] Node: 0 | Tick: 121141 | Conf: 121139 | Hash: 0x9B6726E5 | Rollbacks: 16 (Resim:  16) | Stalls:  0
[HEARTBEAT] Node: 0 | Tick: 121201 | Conf: 121199 | Hash: 0xFD85D5AF | Rollbacks:  0 (Resim:   0) | Stalls:  0
[HEARTBEAT] Node: 0 | Tick: 121261 | Conf: 121259 | Hash: 0xB9E71531 | Rollbacks: 16 (Resim:  16) | Stalls:  0
[BOT:50006] Heartbeat - Sparse Mods Tracked: 2048
[HEARTBEAT] Node: 0 | Tick: 121321 | Conf: 121319 | Hash: 0xC31DAA1A | Rollbacks:  5 (Resim:   5) | Stalls:  0
[HEARTBEAT] Node: 0 | Tick: 121381 | Conf: 121379 | Hash: 0x58E49648 | Rollbacks: 10 (Resim:  10) | Stalls:  0
[HEARTBEAT] Node: 0 | Tick: 121441 | Conf: 121439 | Hash: 0x2D71E3F4 | Rollbacks: 21 (Resim:  21) | Stalls:  0
[HEARTBEAT] Node: 0 | Tick: 121501 | Conf: 121499 | Hash: 0xFDB49D13 | Rollbacks:  5 (Resim:   5) | Stalls:  0
[HEARTBEAT] Node: 0 | Tick: 121561 | Conf: 121559 | Hash: 0xAA1A56C2 | Rollbacks:  0 (Resim:   0) | Stalls:  0
[HEARTBEAT] Node: 0 | Tick: 121621 | Conf: 121619 | Hash: 0x5D5BBF8E | Rollbacks: 33 (Resim:  33) | Stalls:  0
[HEARTBEAT] Node: 0 | Tick: 121681 | Conf: 121679 | Hash: 0x95DA7CF8 | Rollbacks:  7 (Resim:   7) | Stalls:  0
[HEARTBEAT] Node: 0 | Tick: 121741 | Conf: 121739 | Hash: 0x740690E3 | Rollbacks:  0 (Resim:   0) | Stalls:  0
[HEARTBEAT] Node: 0 | Tick: 121801 | Conf: 121799 | Hash: 0xD92648B8 | Rollbacks: 10 (Resim:  10) | Stalls:  0
[HEARTBEAT] Node: 0 | Tick: 121861 | Conf: 121859 | Hash: 0xFFAAA58D | Rollbacks: 15 (Resim:  15) | Stalls:  0
[BOT:50006] Heartbeat - Sparse Mods Tracked: 2048
[HEARTBEAT] Node: 0 | Tick: 121921 | Conf: 121919 | Hash: 0x9C47A2FF | Rollbacks: 24 (Resim:  24) | Stalls:  0
[HEARTBEAT] Node: 0 | Tick: 121981 | Conf: 121979 | Hash: 0xF91B36FD | Rollbacks: 23 (Resim:  23) | Stalls:  0
[HEARTBEAT] Node: 0 | Tick: 122041 | Conf: 122039 | Hash: 0x372A70B8 | Rollbacks:  3 (Resim:   3) | Stalls:  0
[HEARTBEAT] Node: 0 | Tick: 122101 | Conf: 122099 | Hash: 0x0F568CF3 | Rollbacks:  0 (Resim:   0) | Stalls:  0
[HEARTBEAT] Node: 0 | Tick: 122161 | Conf: 122159 | Hash: 0xC993D5B0 | Rollbacks:  7 (Resim:   7) | Stalls:  0
[HEARTBEAT] Node: 0 | Tick: 122221 | Conf: 122219 | Hash: 0x45748DE3 | Rollbacks:  0 (Resim:   0) | Stalls:  0
[HEARTBEAT] Node: 0 | Tick: 122281 | Conf: 122279 | Hash: 0x35949238 | Rollbacks: 18 (Resim:  18) | Stalls:  0
[HEARTBEAT] Node: 0 | Tick: 122341 | Conf: 122339 | Hash: 0xE0843DD0 | Rollbacks: 22 (Resim:  22) | Stalls:  0
[HEARTBEAT] Node: 0 | Tick: 122401 | Conf: 122399 | Hash: 0x960FBA1B | Rollbacks:  4 (Resim:   4) | Stalls:  0
[HEARTBEAT] Node: 0 | Tick: 122461 | Conf: 122459 | Hash: 0x1C402A59 | Rollbacks:  8 (Resim:   8) | Stalls:  0
[BOT:50006] Heartbeat - Sparse Mods Tracked: 2048
[HEARTBEAT] Node: 0 | Tick: 122521 | Conf: 122519 | Hash: 0xE725FDA0 | Rollbacks: 16 (Resim:  16) | Stalls:  0
[HEARTBEAT] Node: 0 | Tick: 122581 | Conf: 122579 | Hash: 0xE2B85685 | Rollbacks:  0 (Resim:   0) | Stalls:  0
[HEARTBEAT] Node: 0 | Tick: 122641 | Conf: 122639 | Hash: 0x5C9463BC | Rollbacks:  8 (Resim:   8) | Stalls:  0
[HEARTBEAT] Node: 0 | Tick: 122701 | Conf: 122699 | Hash: 0x07787E71 | Rollbacks:  0 (Resim:   0) | Stalls:  0
[HEARTBEAT] Node: 0 | Tick: 122761 | Conf: 122759 | Hash: 0xE30A2DDE | Rollbacks:  9 (Resim:   9) | Stalls:  0
[HEARTBEAT] Node: 0 | Tick: 122821 | Conf: 122819 | Hash: 0x0C037FDD | Rollbacks:  0 (Resim:   0) | Stalls:  0
[HEARTBEAT] Node: 0 | Tick: 122881 | Conf: 122879 | Hash: 0x4D15F548 | Rollbacks:  4 (Resim:   4) | Stalls:  0
[HEARTBEAT] Node: 0 | Tick: 122941 | Conf: 122939 | Hash: 0x6B7CA2A1 | Rollbacks: 22 (Resim:  22) | Stalls:  0
[HEARTBEAT] Node: 0 | Tick: 123001 | Conf: 122999 | Hash: 0x58BC7056 | Rollbacks: 10 (Resim:  10) | Stalls:  0
[BOT:50006] Heartbeat - Sparse Mods Tracked: 2048
[HEARTBEAT] Node: 0 | Tick: 123061 | Conf: 123059 | Hash: 0xF138270B | Rollbacks:  7 (Resim:   7) | Stalls:  0
[HEARTBEAT] Node: 0 | Tick: 123121 | Conf: 123119 | Hash: 0x5D7EB41E | Rollbacks:  1 (Resim:   1) | Stalls:  0
[HEARTBEAT] Node: 0 | Tick: 123181 | Conf: 123179 | Hash: 0x7E4866BA | Rollbacks: 27 (Resim:  27) | Stalls:  0
[HEARTBEAT] Node: 0 | Tick: 123241 | Conf: 123239 | Hash: 0x3FD5170C | Rollbacks:  3 (Resim:   3) | Stalls:  0
[HEARTBEAT] Node: 0 | Tick: 123301 | Conf: 123299 | Hash: 0x66A4BE5C | Rollbacks:  0 (Resim:   0) | Stalls:  0
[HEARTBEAT] Node: 0 | Tick: 123361 | Conf: 123359 | Hash: 0x847D6497 | Rollbacks: 23 (Resim:  23) | Stalls:  0
[HEARTBEAT] Node: 0 | Tick: 123421 | Conf: 123419 | Hash: 0x30983019 | Rollbacks:  9 (Resim:   9) | Stalls:  0
[HEARTBEAT] Node: 0 | Tick: 123481 | Conf: 123479 | Hash: 0x7A07094F | Rollbacks:  0 (Resim:   0) | Stalls:  0
[HEARTBEAT] Node: 0 | Tick: 123541 | Conf: 123539 | Hash: 0xF09CF8A2 | Rollbacks: 25 (Resim:  25) | Stalls:  0
[HEARTBEAT] Node: 0 | Tick: 123601 | Conf: 123599 | Hash: 0x84D2B40E | Rollbacks: 18 (Resim:  18) | Stalls:  0
[BOT:50006] Heartbeat - Sparse Mods Tracked: 2048
[HEARTBEAT] Node: 0 | Tick: 123661 | Conf: 123659 | Hash: 0xCB681762 | Rollbacks:  3 (Resim:   3) | Stalls:  0
[HEARTBEAT] Node: 0 | Tick: 123721 | Conf: 123719 | Hash: 0x1CB16155 | Rollbacks:  0 (Resim:   0) | Stalls:  0
[HEARTBEAT] Node: 0 | Tick: 123781 | Conf: 123779 | Hash: 0x1D9F0A15 | Rollbacks: 18 (Resim:  18) | Stalls:  0
[HEARTBEAT] Node: 0 | Tick: 123841 | Conf: 123839 | Hash: 0x262CDC30 | Rollbacks:  4 (Resim:   4) | Stalls:  0
[HEARTBEAT] Node: 0 | Tick: 123901 | Conf: 123899 | Hash: 0xF0017D46 | Rollbacks:  2 (Resim:   2) | Stalls:  0
[HEARTBEAT] Node: 0 | Tick: 123961 | Conf: 123959 | Hash: 0x5D3BDC51 | Rollbacks: 22 (Resim:  22) | Stalls:  0
[HEARTBEAT] Node: 0 | Tick: 124021 | Conf: 124019 | Hash: 0x8D588BB8 | Rollbacks:  7 (Resim:   7) | Stalls:  0
[HEARTBEAT] Node: 0 | Tick: 124081 | Conf: 124079 | Hash: 0xCB4712B9 | Rollbacks:  0 (Resim:   0) | Stalls:  0
[HEARTBEAT] Node: 0 | Tick: 124141 | Conf: 124139 | Hash: 0xC1333312 | Rollbacks:  4 (Resim:   4) | Stalls:  0
[HEARTBEAT] Node: 0 | Tick: 124201 | Conf: 124199 | Hash: 0x78691E51 | Rollbacks: 21 (Resim:  21) | Stalls:  0
[BOT:50006] Heartbeat - Sparse Mods Tracked: 2048
[HEARTBEAT] Node: 0 | Tick: 124261 | Conf: 124259 | Hash: 0x2544BCE0 | Rollbacks:  0 (Resim:   0) | Stalls:  0
[HEARTBEAT] Node: 0 | Tick: 124321 | Conf: 124319 | Hash: 0x390DD7FC | Rollbacks: 11 (Resim:  11) | Stalls:  0
[HEARTBEAT] Node: 0 | Tick: 124381 | Conf: 124379 | Hash: 0xDC6E4D26 | Rollbacks: 24 (Resim:  24) | Stalls:  0
[HEARTBEAT] Node: 0 | Tick: 124441 | Conf: 124439 | Hash: 0x0656452E | Rollbacks:  1 (Resim:   1) | Stalls:  0
[HEARTBEAT] Node: 0 | Tick: 124501 | Conf: 124499 | Hash: 0xABC18080 | Rollbacks: 16 (Resim:  16) | Stalls:  0
[HEARTBEAT] Node: 0 | Tick: 124561 | Conf: 124559 | Hash: 0xAFBD54AE | Rollbacks:  0 (Resim:   0) | Stalls:  0
[HEARTBEAT] Node: 0 | Tick: 124621 | Conf: 124619 | Hash: 0xFF8951E6 | Rollbacks: 30 (Resim:  30) | Stalls:  0
[HEARTBEAT] Node: 0 | Tick: 124681 | Conf: 124679 | Hash: 0xFD4C51BE | Rollbacks: 15 (Resim:  15) | Stalls:  0
[HEARTBEAT] Node: 0 | Tick: 124741 | Conf: 124739 | Hash: 0x70516481 | Rollbacks:  9 (Resim:   9) | Stalls:  0
[HEARTBEAT] Node: 0 | Tick: 124801 | Conf: 124799 | Hash: 0xF79DB7E6 | Rollbacks:  5 (Resim:   5) | Stalls:  0
[BOT:50006] Heartbeat - Sparse Mods Tracked: 2048
[HEARTBEAT] Node: 0 | Tick: 124861 | Conf: 124859 | Hash: 0xF3C26C8F | Rollbacks:  1 (Resim:   1) | Stalls:  0
[HEARTBEAT] Node: 0 | Tick: 124921 | Conf: 124919 | Hash: 0x7B12908B | Rollbacks: 10 (Resim:  10) | Stalls:  0
[HEARTBEAT] Node: 0 | Tick: 124981 | Conf: 124979 | Hash: 0xAC4FE8E8 | Rollbacks:  0 (Resim:   0) | Stalls:  0
[HEARTBEAT] Node: 0 | Tick: 125041 | Conf: 125039 | Hash: 0xD51AC4BB | Rollbacks:  0 (Resim:   0) | Stalls:  0
[HEARTBEAT] Node: 0 | Tick: 125101 | Conf: 125099 | Hash: 0xF9CE6806 | Rollbacks: 23 (Resim:  23) | Stalls:  0
[HEARTBEAT] Node: 0 | Tick: 125161 | Conf: 125159 | Hash: 0x8CC5E674 | Rollbacks: 11 (Resim:  11) | Stalls:  0
[HEARTBEAT] Node: 0 | Tick: 125221 | Conf: 125219 | Hash: 0x0EF933ED | Rollbacks: 22 (Resim:  22) | Stalls:  0
[HEARTBEAT] Node: 0 | Tick: 125281 | Conf: 125279 | Hash: 0xF8CA9EFD | Rollbacks: 11 (Resim:  11) | Stalls:  0
[HEARTBEAT] Node: 0 | Tick: 125341 | Conf: 125339 | Hash: 0xE3FE835B | Rollbacks:  4 (Resim:   4) | Stalls:  0
[HEARTBEAT] Node: 0 | Tick: 125401 | Conf: 125399 | Hash: 0xC02E4CED | Rollbacks:  1 (Resim:   1) | Stalls:  0
[BOT:50006] Heartbeat - Sparse Mods Tracked: 2048
[HEARTBEAT] Node: 0 | Tick: 125461 | Conf: 125459 | Hash: 0xA1F10AEA | Rollbacks: 25 (Resim:  25) | Stalls:  0
[HEARTBEAT] Node: 0 | Tick: 125521 | Conf: 125519 | Hash: 0x789C7989 | Rollbacks:  1 (Resim:   1) | Stalls:  0
[HEARTBEAT] Node: 0 | Tick: 125581 | Conf: 125579 | Hash: 0xBEAEB732 | Rollbacks: 17 (Resim:  17) | Stalls:  0
[HEARTBEAT] Node: 0 | Tick: 125641 | Conf: 125639 | Hash: 0x65DA1917 | Rollbacks: 13 (Resim:  13) | Stalls:  0
[HEARTBEAT] Node: 0 | Tick: 125701 | Conf: 125699 | Hash: 0x85CF817B | Rollbacks:  9 (Resim:   9) | Stalls:  0
[HEARTBEAT] Node: 0 | Tick: 125761 | Conf: 125759 | Hash: 0xA57CB807 | Rollbacks:  0 (Resim:   0) | Stalls:  0
[HEARTBEAT] Node: 0 | Tick: 125821 | Conf: 125819 | Hash: 0xF0831932 | Rollbacks:  9 (Resim:   9) | Stalls:  0
[HEARTBEAT] Node: 0 | Tick: 125881 | Conf: 125879 | Hash: 0xC5D45E87 | Rollbacks:  0 (Resim:   0) | Stalls:  0
[HEARTBEAT] Node: 0 | Tick: 125941 | Conf: 125939 | Hash: 0xF1BB42F9 | Rollbacks:  0 (Resim:   0) | Stalls:  0
[BOT:50006] Heartbeat - Sparse Mods Tracked: 2048
[HEARTBEAT] Node: 0 | Tick: 126001 | Conf: 125999 | Hash: 0x9970C28D | Rollbacks: 16 (Resim:  16) | Stalls:  0
[HEARTBEAT] Node: 0 | Tick: 126061 | Conf: 126059 | Hash: 0xAEC45A45 | Rollbacks:  5 (Resim:   5) | Stalls:  0
[HEARTBEAT] Node: 0 | Tick: 126121 | Conf: 126119 | Hash: 0x2EF80583 | Rollbacks: 12 (Resim:  12) | Stalls:  0
[HEARTBEAT] Node: 0 | Tick: 126181 | Conf: 126179 | Hash: 0x2018F938 | Rollbacks: 25 (Resim:  25) | Stalls:  0
[HEARTBEAT] Node: 0 | Tick: 126241 | Conf: 126239 | Hash: 0xD0C937AA | Rollbacks: 10 (Resim:  10) | Stalls:  0
[HEARTBEAT] Node: 0 | Tick: 126301 | Conf: 126299 | Hash: 0x58D26E28 | Rollbacks:  0 (Resim:   0) | Stalls:  0
[HEARTBEAT] Node: 0 | Tick: 126361 | Conf: 126359 | Hash: 0x8738687B | Rollbacks: 15 (Resim:  15) | Stalls:  0
[HEARTBEAT] Node: 0 | Tick: 126421 | Conf: 126419 | Hash: 0xC22562F6 | Rollbacks: 15 (Resim:  15) | Stalls:  0
[HEARTBEAT] Node: 0 | Tick: 126481 | Conf: 126479 | Hash: 0x2362785D | Rollbacks: 17 (Resim:  17) | Stalls:  0
[HEARTBEAT] Node: 0 | Tick: 126541 | Conf: 126539 | Hash: 0x464F5E2B | Rollbacks: 17 (Resim:  17) | Stalls:  0
[BOT:50006] Heartbeat - Sparse Mods Tracked: 2048
[HEARTBEAT] Node: 0 | Tick: 126601 | Conf: 126599 | Hash: 0x8916C98F | Rollbacks:  9 (Resim:   9) | Stalls:  0
[HEARTBEAT] Node: 0 | Tick: 126661 | Conf: 126659 | Hash: 0xB06792E4 | Rollbacks:  6 (Resim:   6) | Stalls:  0
[HEARTBEAT] Node: 0 | Tick: 126721 | Conf: 126719 | Hash: 0x68349519 | Rollbacks: 21 (Resim:  21) | Stalls:  0
[HEARTBEAT] Node: 0 | Tick: 126781 | Conf: 126779 | Hash: 0x956B60CF | Rollbacks:  8 (Resim:   8) | Stalls:  0
[HEARTBEAT] Node: 0 | Tick: 126841 | Conf: 126839 | Hash: 0xAE4C3BA1 | Rollbacks:  6 (Resim:   6) | Stalls:  0
[HEARTBEAT] Node: 0 | Tick: 126901 | Conf: 126899 | Hash: 0xDC26B511 | Rollbacks: 18 (Resim:  18) | Stalls:  0
[HEARTBEAT] Node: 0 | Tick: 126961 | Conf: 126959 | Hash: 0xF30DB891 | Rollbacks:  2 (Resim:   2) | Stalls:  0
[HEARTBEAT] Node: 0 | Tick: 127021 | Conf: 127019 | Hash: 0x2A7FA5FA | Rollbacks:  0 (Resim:   0) | Stalls:  0
[HEARTBEAT] Node: 0 | Tick: 127081 | Conf: 127079 | Hash: 0x6BC326FA | Rollbacks: 19 (Resim:  19) | Stalls:  0
[HEARTBEAT] Node: 0 | Tick: 127141 | Conf: 127139 | Hash: 0xE3B37BBA | Rollbacks: 13 (Resim:  13) | Stalls:  0
[BOT:50006] Heartbeat - Sparse Mods Tracked: 2048
[HEARTBEAT] Node: 0 | Tick: 127201 | Conf: 127199 | Hash: 0x899433AF | Rollbacks:  1 (Resim:   1) | Stalls:  0
[HEARTBEAT] Node: 0 | Tick: 127261 | Conf: 127259 | Hash: 0xD367712B | Rollbacks:  8 (Resim:   8) | Stalls:  0
[HEARTBEAT] Node: 0 | Tick: 127321 | Conf: 127319 | Hash: 0x367D5219 | Rollbacks:  9 (Resim:   9) | Stalls:  0
[HEARTBEAT] Node: 0 | Tick: 127381 | Conf: 127379 | Hash: 0x36F5E3C4 | Rollbacks: 16 (Resim:  16) | Stalls:  0
[HEARTBEAT] Node: 0 | Tick: 127441 | Conf: 127439 | Hash: 0x46F3FF5E | Rollbacks:  0 (Resim:   0) | Stalls:  0
[HEARTBEAT] Node: 0 | Tick: 127501 | Conf: 127499 | Hash: 0xE583B756 | Rollbacks: 10 (Resim:  10) | Stalls:  0
[HEARTBEAT] Node: 0 | Tick: 127561 | Conf: 127559 | Hash: 0xE9BB6EED | Rollbacks:  0 (Resim:   0) | Stalls:  0
[HEARTBEAT] Node: 0 | Tick: 127621 | Conf: 127619 | Hash: 0x55299A62 | Rollbacks:  0 (Resim:   0) | Stalls:  0
[HEARTBEAT] Node: 0 | Tick: 127681 | Conf: 127679 | Hash: 0x9D5AB833 | Rollbacks: 22 (Resim:  22) | Stalls:  0
[HEARTBEAT] Node: 0 | Tick: 127741 | Conf: 127739 | Hash: 0x0553A43F | Rollbacks: 15 (Resim:  15) | Stalls:  0
[BOT:50006] Heartbeat - Sparse Mods Tracked: 2048
[HEARTBEAT] Node: 0 | Tick: 127801 | Conf: 127799 | Hash: 0xF1CD2665 | Rollbacks: 25 (Resim:  25) | Stalls:  0
[HEARTBEAT] Node: 0 | Tick: 127861 | Conf: 127859 | Hash: 0x44568A3D | Rollbacks: 26 (Resim:  26) | Stalls:  0
[HEARTBEAT] Node: 0 | Tick: 127921 | Conf: 127919 | Hash: 0x54CBB293 | Rollbacks:  9 (Resim:   9) | Stalls:  0
[HEARTBEAT] Node: 0 | Tick: 127981 | Conf: 127979 | Hash: 0x3F1ABE0B | Rollbacks:  5 (Resim:   5) | Stalls:  0
[HEARTBEAT] Node: 0 | Tick: 128041 | Conf: 128039 | Hash: 0x1A67EF0E | Rollbacks:  0 (Resim:   0) | Stalls:  0
[HEARTBEAT] Node: 0 | Tick: 128101 | Conf: 128099 | Hash: 0x80F2FADA | Rollbacks: 24 (Resim:  24) | Stalls:  0
[HEARTBEAT] Node: 0 | Tick: 128161 | Conf: 128159 | Hash: 0xBD7A8500 | Rollbacks: 15 (Resim:  15) | Stalls:  0
[HEARTBEAT] Node: 0 | Tick: 128221 | Conf: 128219 | Hash: 0x1A77A5CA | Rollbacks:  2 (Resim:   2) | Stalls:  0
[HEARTBEAT] Node: 0 | Tick: 128281 | Conf: 128279 | Hash: 0x0E484D72 | Rollbacks: 13 (Resim:  13) | Stalls:  0
[HEARTBEAT] Node: 0 | Tick: 128341 | Conf: 128339 | Hash: 0xCF9A8828 | Rollbacks: 19 (Resim:  19) | Stalls:  0
[BOT:50006] Heartbeat - Sparse Mods Tracked: 2048
[HEARTBEAT] Node: 0 | Tick: 128401 | Conf: 128399 | Hash: 0xDF4AEC67 | Rollbacks:  0 (Resim:   0) | Stalls:  0
[HEARTBEAT] Node: 0 | Tick: 128461 | Conf: 128459 | Hash: 0x7B534CE4 | Rollbacks:  0 (Resim:   0) | Stalls:  0
[HEARTBEAT] Node: 0 | Tick: 128521 | Conf: 128519 | Hash: 0x19A81FD2 | Rollbacks: 15 (Resim:  15) | Stalls:  0
[HEARTBEAT] Node: 0 | Tick: 128581 | Conf: 128579 | Hash: 0x15C55295 | Rollbacks:  2 (Resim:   2) | Stalls:  0
[HEARTBEAT] Node: 0 | Tick: 128641 | Conf: 128639 | Hash: 0x268E9D1B | Rollbacks: 26 (Resim:  26) | Stalls:  0
[HEARTBEAT] Node: 0 | Tick: 128701 | Conf: 128699 | Hash: 0x61E73A7E | Rollbacks: 16 (Resim:  16) | Stalls:  0
[HEARTBEAT] Node: 0 | Tick: 128761 | Conf: 128759 | Hash: 0x576930A0 | Rollbacks: 11 (Resim:  11) | Stalls:  0
[HEARTBEAT] Node: 0 | Tick: 128821 | Conf: 128819 | Hash: 0xC4148921 | Rollbacks:  0 (Resim:   0) | Stalls:  0
[HEARTBEAT] Node: 0 | Tick: 128881 | Conf: 128879 | Hash: 0x92A3FC8A | Rollbacks: 15 (Resim:  15) | Stalls:  0
[BOT:50006] Heartbeat - Sparse Mods Tracked: 2048
[HEARTBEAT] Node: 0 | Tick: 128941 | Conf: 128939 | Hash: 0xDB2B03D6 | Rollbacks: 10 (Resim:  10) | Stalls:  0
[HEARTBEAT] Node: 0 | Tick: 129001 | Conf: 128999 | Hash: 0x4459129C | Rollbacks:  0 (Resim:   0) | Stalls:  0
[HEARTBEAT] Node: 0 | Tick: 129061 | Conf: 129059 | Hash: 0x1BFCEB51 | Rollbacks:  1 (Resim:   1) | Stalls:  0
[HEARTBEAT] Node: 0 | Tick: 129121 | Conf: 129119 | Hash: 0xBDED9DF9 | Rollbacks:  1 (Resim:   1) | Stalls:  0
[HEARTBEAT] Node: 0 | Tick: 129181 | Conf: 129179 | Hash: 0x08D0CA55 | Rollbacks: 13 (Resim:  13) | Stalls:  0
[HEARTBEAT] Node: 0 | Tick: 129241 | Conf: 129239 | Hash: 0x8C9DE39D | Rollbacks:  0 (Resim:   0) | Stalls:  0
[HEARTBEAT] Node: 0 | Tick: 129301 | Conf: 129299 | Hash: 0x2FE69C16 | Rollbacks: 21 (Resim:  22) | Stalls:  0
[HEARTBEAT] Node: 0 | Tick: 129361 | Conf: 129359 | Hash: 0x387B6A43 | Rollbacks:  4 (Resim:   4) | Stalls:  0
[HEARTBEAT] Node: 0 | Tick: 129421 | Conf: 129419 | Hash: 0x9060DEA9 | Rollbacks: 21 (Resim:  21) | Stalls:  0
[HEARTBEAT] Node: 0 | Tick: 129481 | Conf: 129479 | Hash: 0x1026EEA6 | Rollbacks:  0 (Resim:   0) | Stalls:  0
[BOT:50006] Heartbeat - Sparse Mods Tracked: 2048
[HEARTBEAT] Node: 0 | Tick: 129541 | Conf: 129539 | Hash: 0xEC4ADD79 | Rollbacks: 20 (Resim:  20) | Stalls:  0
[HEARTBEAT] Node: 0 | Tick: 129601 | Conf: 129599 | Hash: 0x596FBDC7 | Rollbacks: 22 (Resim:  23) | Stalls:  0
[HEARTBEAT] Node: 0 | Tick: 129661 | Conf: 129659 | Hash: 0xB88E9933 | Rollbacks:  0 (Resim:   0) | Stalls:  0
[HEARTBEAT] Node: 0 | Tick: 129721 | Conf: 129719 | Hash: 0xA6EAF8E3 | Rollbacks: 17 (Resim:  17) | Stalls:  0
[HEARTBEAT] Node: 0 | Tick: 129781 | Conf: 129779 | Hash: 0x649FBEB1 | Rollbacks:  5 (Resim:   5) | Stalls:  0
[HEARTBEAT] Node: 0 | Tick: 129841 | Conf: 129839 | Hash: 0xA7938CCE | Rollbacks:  0 (Resim:   0) | Stalls:  0
[HEARTBEAT] Node: 0 | Tick: 129901 | Conf: 129899 | Hash: 0xFAFCB123 | Rollbacks: 11 (Resim:  11) | Stalls:  0
[HEARTBEAT] Node: 0 | Tick: 129961 | Conf: 129959 | Hash: 0x4FDA5FBB | Rollbacks: 14 (Resim:  14) | Stalls:  0
[HEARTBEAT] Node: 0 | Tick: 130021 | Conf: 130019 | Hash: 0x3F677FE6 | Rollbacks:  3 (Resim:   3) | Stalls:  0
[HEARTBEAT] Node: 0 | Tick: 130081 | Conf: 130079 | Hash: 0x58D655C1 | Rollbacks: 21 (Resim:  21) | Stalls:  0
[BOT:50006] Heartbeat - Sparse Mods Tracked: 2048
[HEARTBEAT] Node: 0 | Tick: 130141 | Conf: 130139 | Hash: 0xBFA4712A | Rollbacks:  0 (Resim:   0) | Stalls:  0
[HEARTBEAT] Node: 0 | Tick: 130201 | Conf: 130199 | Hash: 0x8E2B9564 | Rollbacks:  3 (Resim:   3) | Stalls:  0
[HEARTBEAT] Node: 0 | Tick: 130261 | Conf: 130259 | Hash: 0x48B8B526 | Rollbacks: 18 (Resim:  18) | Stalls:  0
[HEARTBEAT] Node: 0 | Tick: 130321 | Conf: 130319 | Hash: 0xFA5BFEB7 | Rollbacks:  8 (Resim:   8) | Stalls:  0
[HEARTBEAT] Node: 0 | Tick: 130381 | Conf: 130379 | Hash: 0x9D8B7EA2 | Rollbacks:  0 (Resim:   0) | Stalls:  0
[HEARTBEAT] Node: 0 | Tick: 130441 | Conf: 130439 | Hash: 0xEB1A40E1 | Rollbacks: 16 (Resim:  16) | Stalls:  0
[HEARTBEAT] Node: 0 | Tick: 130501 | Conf: 130499 | Hash: 0x375C4FD5 | Rollbacks:  0 (Resim:   0) | Stalls:  0
[HEARTBEAT] Node: 0 | Tick: 130561 | Conf: 130559 | Hash: 0xB968793D | Rollbacks: 22 (Resim:  22) | Stalls:  0
[HEARTBEAT] Node: 0 | Tick: 130621 | Conf: 130619 | Hash: 0x6C84BE76 | Rollbacks:  0 (Resim:   0) | Stalls:  0
[HEARTBEAT] Node: 0 | Tick: 130681 | Conf: 130679 | Hash: 0x25788C0E | Rollbacks:  1 (Resim:   1) | Stalls:  0
[BOT:50006] Heartbeat - Sparse Mods Tracked: 2048
[HEARTBEAT] Node: 0 | Tick: 130741 | Conf: 130739 | Hash: 0x1E54C8D7 | Rollbacks:  0 (Resim:   0) | Stalls:  0
[HEARTBEAT] Node: 0 | Tick: 130801 | Conf: 130799 | Hash: 0x59252474 | Rollbacks: 25 (Resim:  25) | Stalls:  0
[HEARTBEAT] Node: 0 | Tick: 130861 | Conf: 130859 | Hash: 0xF3AAFE6D | Rollbacks: 14 (Resim:  15) | Stalls:  0
[HEARTBEAT] Node: 0 | Tick: 130921 | Conf: 130919 | Hash: 0x6053C25E | Rollbacks:  0 (Resim:   0) | Stalls:  0
[HEARTBEAT] Node: 0 | Tick: 130981 | Conf: 130979 | Hash: 0x45417381 | Rollbacks: 21 (Resim:  21) | Stalls:  0
[HEARTBEAT] Node: 0 | Tick: 131041 | Conf: 131039 | Hash: 0x364F4FD3 | Rollbacks: 12 (Resim:  12) | Stalls:  0
[HEARTBEAT] Node: 0 | Tick: 131101 | Conf: 131099 | Hash: 0x71D87066 | Rollbacks:  1 (Resim:   1) | Stalls:  0
[HEARTBEAT] Node: 0 | Tick: 131161 | Conf: 131159 | Hash: 0x5F04B0DA | Rollbacks: 15 (Resim:  15) | Stalls:  0
[HEARTBEAT] Node: 0 | Tick: 131221 | Conf: 131219 | Hash: 0x5382BC34 | Rollbacks:  0 (Resim:   0) | Stalls:  0
[HEARTBEAT] Node: 0 | Tick: 131281 | Conf: 131279 | Hash: 0xA9464DBF | Rollbacks:  4 (Resim:   4) | Stalls:  0
[BOT:50006] Heartbeat - Sparse Mods Tracked: 2048
[HEARTBEAT] Node: 0 | Tick: 131341 | Conf: 131339 | Hash: 0x4B5BF49F | Rollbacks: 18 (Resim:  18) | Stalls:  0
[HEARTBEAT] Node: 0 | Tick: 131401 | Conf: 131399 | Hash: 0x0D0FDE98 | Rollbacks:  0 (Resim:   0) | Stalls:  0
[HEARTBEAT] Node: 0 | Tick: 131461 | Conf: 131459 | Hash: 0x99B1CA61 | Rollbacks:  3 (Resim:   3) | Stalls:  0
[HEARTBEAT] Node: 0 | Tick: 131521 | Conf: 131519 | Hash: 0x55A246C6 | Rollbacks: 21 (Resim:  21) | Stalls:  0
[HEARTBEAT] Node: 0 | Tick: 131581 | Conf: 131579 | Hash: 0xDEA82517 | Rollbacks: 23 (Resim:  23) | Stalls:  0
[HEARTBEAT] Node: 0 | Tick: 131641 | Conf: 131639 | Hash: 0xF0E58E47 | Rollbacks: 17 (Resim:  17) | Stalls:  0
[HEARTBEAT] Node: 0 | Tick: 131701 | Conf: 131699 | Hash: 0x9CAA1E41 | Rollbacks:  2 (Resim:   2) | Stalls:  0
[HEARTBEAT] Node: 0 | Tick: 131761 | Conf: 131759 | Hash: 0x2C280C9E | Rollbacks:  1 (Resim:   1) | Stalls:  0
[HEARTBEAT] Node: 0 | Tick: 131821 | Conf: 131819 | Hash: 0x5AFEE318 | Rollbacks: 25 (Resim:  25) | Stalls:  0
[BOT:50006] Heartbeat - Sparse Mods Tracked: 2048
[HEARTBEAT] Node: 0 | Tick: 131881 | Conf: 131879 | Hash: 0xC918FD8F | Rollbacks:  8 (Resim:   8) | Stalls:  0
[HEARTBEAT] Node: 0 | Tick: 131941 | Conf: 131939 | Hash: 0x46EC951D | Rollbacks:  0 (Resim:   0) | Stalls:  0
[HEARTBEAT] Node: 0 | Tick: 132001 | Conf: 131999 | Hash: 0xBBA1EC02 | Rollbacks: 15 (Resim:  15) | Stalls:  0
[HEARTBEAT] Node: 0 | Tick: 132061 | Conf: 132059 | Hash: 0x98EDAAE4 | Rollbacks:  0 (Resim:   0) | Stalls:  0
[HEARTBEAT] Node: 0 | Tick: 132121 | Conf: 132119 | Hash: 0xDD4184AA | Rollbacks:  7 (Resim:   7) | Stalls:  0
[HEARTBEAT] Node: 0 | Tick: 132181 | Conf: 132179 | Hash: 0xC063C40B | Rollbacks: 20 (Resim:  20) | Stalls:  0
[HEARTBEAT] Node: 0 | Tick: 132241 | Conf: 132239 | Hash: 0xB4DCDD46 | Rollbacks:  6 (Resim:   6) | Stalls:  0
[HEARTBEAT] Node: 0 | Tick: 132301 | Conf: 132299 | Hash: 0x8453F189 | Rollbacks:  4 (Resim:   4) | Stalls:  0
[HEARTBEAT] Node: 0 | Tick: 132361 | Conf: 132359 | Hash: 0x30D7B312 | Rollbacks: 19 (Resim:  19) | Stalls:  0
[HEARTBEAT] Node: 0 | Tick: 132421 | Conf: 132419 | Hash: 0x16BE7595 | Rollbacks: 13 (Resim:  14) | Stalls:  0
[BOT:50006] Heartbeat - Sparse Mods Tracked: 2048
[HEARTBEAT] Node: 0 | Tick: 132481 | Conf: 132479 | Hash: 0x3EAE1F42 | Rollbacks: 17 (Resim:  17) | Stalls:  0
[HEARTBEAT] Node: 0 | Tick: 132541 | Conf: 132539 | Hash: 0x1AFB9332 | Rollbacks:  8 (Resim:   8) | Stalls:  0
[HEARTBEAT] Node: 0 | Tick: 132601 | Conf: 132599 | Hash: 0xB871A731 | Rollbacks:  0 (Resim:   0) | Stalls:  0
[HEARTBEAT] Node: 0 | Tick: 132661 | Conf: 132659 | Hash: 0xFB4061C2 | Rollbacks:  0 (Resim:   0) | Stalls:  0
[HEARTBEAT] Node: 0 | Tick: 132721 | Conf: 132719 | Hash: 0x634243C5 | Rollbacks:  0 (Resim:   0) | Stalls:  0
[HEARTBEAT] Node: 0 | Tick: 132781 | Conf: 132779 | Hash: 0xB36591D4 | Rollbacks: 15 (Resim:  15) | Stalls:  0
[HEARTBEAT] Node: 0 | Tick: 132841 | Conf: 132839 | Hash: 0x7FF66EA9 | Rollbacks:  0 (Resim:   0) | Stalls:  0
[HEARTBEAT] Node: 0 | Tick: 132901 | Conf: 132899 | Hash: 0x0036EB7D | Rollbacks: 14 (Resim:  14) | Stalls:  0
[HEARTBEAT] Node: 0 | Tick: 132961 | Conf: 132959 | Hash: 0xB441205A | Rollbacks:  1 (Resim:   1) | Stalls:  0
[HEARTBEAT] Node: 0 | Tick: 133021 | Conf: 133019 | Hash: 0x7FFE9B71 | Rollbacks: 17 (Resim:  17) | Stalls:  0
[BOT:50006] Heartbeat - Sparse Mods Tracked: 2048
[HEARTBEAT] Node: 0 | Tick: 133081 | Conf: 133079 | Hash: 0xB770EC29 | Rollbacks:  3 (Resim:   3) | Stalls:  0
[HEARTBEAT] Node: 0 | Tick: 133141 | Conf: 133139 | Hash: 0x832FACE4 | Rollbacks:  5 (Resim:   5) | Stalls:  0
[HEARTBEAT] Node: 0 | Tick: 133201 | Conf: 133199 | Hash: 0x3D3CBA9C | Rollbacks: 24 (Resim:  24) | Stalls:  0
[HEARTBEAT] Node: 0 | Tick: 133261 | Conf: 133259 | Hash: 0xD5BC6012 | Rollbacks:  5 (Resim:   5) | Stalls:  0
[HEARTBEAT] Node: 0 | Tick: 133321 | Conf: 133319 | Hash: 0xB5535724 | Rollbacks:  0 (Resim:   0) | Stalls:  0
[HEARTBEAT] Node: 0 | Tick: 133381 | Conf: 133379 | Hash: 0x00EBD6B4 | Rollbacks: 11 (Resim:  11) | Stalls:  0
[HEARTBEAT] Node: 0 | Tick: 133441 | Conf: 133439 | Hash: 0x8868C770 | Rollbacks:  3 (Resim:   3) | Stalls:  0
[HEARTBEAT] Node: 0 | Tick: 133501 | Conf: 133499 | Hash: 0x6837F6D3 | Rollbacks: 21 (Resim:  21) | Stalls:  0
[HEARTBEAT] Node: 0 | Tick: 133561 | Conf: 133559 | Hash: 0x65182BA0 | Rollbacks: 11 (Resim:  11) | Stalls:  0
[HEARTBEAT] Node: 0 | Tick: 133621 | Conf: 133619 | Hash: 0x333960D3 | Rollbacks:  0 (Resim:   0) | Stalls:  0
[BOT:50006] Heartbeat - Sparse Mods Tracked: 2048
[HEARTBEAT] Node: 0 | Tick: 133681 | Conf: 133679 | Hash: 0x9F5DB008 | Rollbacks: 18 (Resim:  19) | Stalls:  0
[HEARTBEAT] Node: 0 | Tick: 133741 | Conf: 133739 | Hash: 0x4903B289 | Rollbacks:  4 (Resim:   4) | Stalls:  0
[HEARTBEAT] Node: 0 | Tick: 133801 | Conf: 133799 | Hash: 0x2BBA1F4F | Rollbacks:  2 (Resim:   2) | Stalls:  0
[HEARTBEAT] Node: 0 | Tick: 133861 | Conf: 133859 | Hash: 0xEB9097F2 | Rollbacks: 18 (Resim:  18) | Stalls:  0
[HEARTBEAT] Node: 0 | Tick: 133921 | Conf: 133919 | Hash: 0xC478A4EE | Rollbacks: 19 (Resim:  19) | Stalls:  0
[HEARTBEAT] Node: 0 | Tick: 133981 | Conf: 133979 | Hash: 0x90FC42AD | Rollbacks:  0 (Resim:   0) | Stalls:  0
[HEARTBEAT] Node: 0 | Tick: 134041 | Conf: 134039 | Hash: 0x5B3BDF66 | Rollbacks: 31 (Resim:  31) | Stalls:  0
[HEARTBEAT] Node: 0 | Tick: 134101 | Conf: 134099 | Hash: 0xABD6B000 | Rollbacks: 11 (Resim:  11) | Stalls:  0
[HEARTBEAT] Node: 0 | Tick: 134161 | Conf: 134159 | Hash: 0x0B9C3128 | Rollbacks: 14 (Resim:  14) | Stalls:  0
[HEARTBEAT] Node: 0 | Tick: 134221 | Conf: 134219 | Hash: 0x8B81BF9C | Rollbacks:  5 (Resim:   5) | Stalls:  0
[BOT:50006] Heartbeat - Sparse Mods Tracked: 2048
[HEARTBEAT] Node: 0 | Tick: 134281 | Conf: 134279 | Hash: 0x9199FFB8 | Rollbacks:  0 (Resim:   0) | Stalls:  0
[HEARTBEAT] Node: 0 | Tick: 134341 | Conf: 134339 | Hash: 0xACCED1B5 | Rollbacks:  1 (Resim:   1) | Stalls:  0
[HEARTBEAT] Node: 0 | Tick: 134401 | Conf: 134399 | Hash: 0xE90CA34A | Rollbacks: 23 (Resim:  23) | Stalls:  0
[HEARTBEAT] Node: 0 | Tick: 134461 | Conf: 134459 | Hash: 0xC742E648 | Rollbacks: 14 (Resim:  14) | Stalls:  0
[HEARTBEAT] Node: 0 | Tick: 134521 | Conf: 134519 | Hash: 0xA0E99449 | Rollbacks:  0 (Resim:   0) | Stalls:  0
[HEARTBEAT] Node: 0 | Tick: 134581 | Conf: 134579 | Hash: 0xF66DC0CD | Rollbacks:  3 (Resim:   3) | Stalls:  0
[HEARTBEAT] Node: 0 | Tick: 134641 | Conf: 134639 | Hash: 0x6252401E | Rollbacks:  3 (Resim:   3) | Stalls:  0
[HEARTBEAT] Node: 0 | Tick: 134701 | Conf: 134699 | Hash: 0x14D54FFE | Rollbacks: 18 (Resim:  18) | Stalls:  0
[HEARTBEAT] Node: 0 | Tick: 134761 | Conf: 134759 | Hash: 0xD9437E86 | Rollbacks:  4 (Resim:   4) | Stalls:  0
[BOT:50006] Heartbeat - Sparse Mods Tracked: 2048
[HEARTBEAT] Node: 0 | Tick: 134821 | Conf: 134819 | Hash: 0x8D7D4764 | Rollbacks: 23 (Resim:  23) | Stalls:  0
[HEARTBEAT] Node: 0 | Tick: 134881 | Conf: 134879 | Hash: 0x0FC2BD88 | Rollbacks: 14 (Resim:  14) | Stalls:  0
[HEARTBEAT] Node: 0 | Tick: 134941 | Conf: 134939 | Hash: 0xE8D3EDE5 | Rollbacks:  0 (Resim:   0) | Stalls:  0
[HEARTBEAT] Node: 0 | Tick: 135001 | Conf: 134999 | Hash: 0xAF2743B2 | Rollbacks: 13 (Resim:  13) | Stalls:  0
[HEARTBEAT] Node: 0 | Tick: 135061 | Conf: 135059 | Hash: 0x63A9DA21 | Rollbacks: 15 (Resim:  15) | Stalls:  0
[HEARTBEAT] Node: 0 | Tick: 135121 | Conf: 135119 | Hash: 0xB54A4B7D | Rollbacks:  0 (Resim:   0) | Stalls:  0
[HEARTBEAT] Node: 0 | Tick: 135181 | Conf: 135179 | Hash: 0xD1F4BDE1 | Rollbacks: 12 (Resim:  12) | Stalls:  0
[HEARTBEAT] Node: 0 | Tick: 135241 | Conf: 135239 | Hash: 0x4E83FA21 | Rollbacks:  0 (Resim:   0) | Stalls:  0
[HEARTBEAT] Node: 0 | Tick: 135301 | Conf: 135299 | Hash: 0x3918F39D | Rollbacks: 20 (Resim:  20) | Stalls:  0
[HEARTBEAT] Node: 0 | Tick: 135361 | Conf: 135359 | Hash: 0xAFDC28AF | Rollbacks:  2 (Resim:   2) | Stalls:  0
[BOT:50006] Heartbeat - Sparse Mods Tracked: 2048
[HEARTBEAT] Node: 0 | Tick: 135421 | Conf: 135419 | Hash: 0x46F05A87 | Rollbacks: 17 (Resim:  17) | Stalls:  0
[HEARTBEAT] Node: 0 | Tick: 135481 | Conf: 135479 | Hash: 0x946E2021 | Rollbacks:  0 (Resim:   0) | Stalls:  0
[HEARTBEAT] Node: 0 | Tick: 135541 | Conf: 135539 | Hash: 0x10DD41A5 | Rollbacks: 13 (Resim:  13) | Stalls:  0
[HEARTBEAT] Node: 0 | Tick: 135601 | Conf: 135599 | Hash: 0xCCCEC89C | Rollbacks:  2 (Resim:   2) | Stalls:  0
[HEARTBEAT] Node: 0 | Tick: 135661 | Conf: 135659 | Hash: 0xC5CFFC15 | Rollbacks:  5 (Resim:   5) | Stalls:  0
[HEARTBEAT] Node: 0 | Tick: 135721 | Conf: 135719 | Hash: 0x80F79507 | Rollbacks: 11 (Resim:  11) | Stalls:  0
[HEARTBEAT] Node: 0 | Tick: 135781 | Conf: 135779 | Hash: 0x47B85B55 | Rollbacks:  0 (Resim:   0) | Stalls:  0
[HEARTBEAT] Node: 0 | Tick: 135841 | Conf: 135839 | Hash: 0x510D5AAA | Rollbacks: 24 (Resim:  24) | Stalls:  0
[HEARTBEAT] Node: 0 | Tick: 135901 | Conf: 135899 | Hash: 0xDF7F3E5B | Rollbacks:  0 (Resim:   0) | Stalls:  0
[HEARTBEAT] Node: 0 | Tick: 135961 | Conf: 135959 | Hash: 0x99B38AF3 | Rollbacks: 17 (Resim:  17) | Stalls:  0
[BOT:50006] Heartbeat - Sparse Mods Tracked: 2048
[HEARTBEAT] Node: 0 | Tick: 136021 | Conf: 136019 | Hash: 0xC001A9DC | Rollbacks: 12 (Resim:  12) | Stalls:  0
[HEARTBEAT] Node: 0 | Tick: 136081 | Conf: 136079 | Hash: 0xF3D4446D | Rollbacks:  0 (Resim:   0) | Stalls:  0
[HEARTBEAT] Node: 0 | Tick: 136141 | Conf: 136139 | Hash: 0x62026930 | Rollbacks:  8 (Resim:   8) | Stalls:  0
[HEARTBEAT] Node: 0 | Tick: 136201 | Conf: 136199 | Hash: 0x1D55CA73 | Rollbacks:  1 (Resim:   1) | Stalls:  0
[HEARTBEAT] Node: 0 | Tick: 136261 | Conf: 136259 | Hash: 0x48FEA5F5 | Rollbacks: 18 (Resim:  18) | Stalls:  0
[HEARTBEAT] Node: 0 | Tick: 136321 | Conf: 136319 | Hash: 0xE4E293C9 | Rollbacks: 25 (Resim:  25) | Stalls:  0
[HEARTBEAT] Node: 0 | Tick: 136381 | Conf: 136379 | Hash: 0xAFCA4E30 | Rollbacks: 12 (Resim:  12) | Stalls:  0
[HEARTBEAT] Node: 0 | Tick: 136441 | Conf: 136439 | Hash: 0xA87314C3 | Rollbacks:  8 (Resim:   8) | Stalls:  0
[HEARTBEAT] Node: 0 | Tick: 136501 | Conf: 136499 | Hash: 0xD96012C9 | Rollbacks: 16 (Resim:  16) | Stalls:  0
[HEARTBEAT] Node: 0 | Tick: 136561 | Conf: 136559 | Hash: 0x3695C9C2 | Rollbacks: 13 (Resim:  13) | Stalls:  0
[BOT:50006] Heartbeat - Sparse Mods Tracked: 2048
[HEARTBEAT] Node: 0 | Tick: 136621 | Conf: 136619 | Hash: 0x8C1CD4FF | Rollbacks: 24 (Resim:  24) | Stalls:  0
[HEARTBEAT] Node: 0 | Tick: 136681 | Conf: 136679 | Hash: 0xE6A83393 | Rollbacks: 15 (Resim:  16) | Stalls:  0
[HEARTBEAT] Node: 0 | Tick: 136741 | Conf: 136739 | Hash: 0xE9105D6E | Rollbacks: 10 (Resim:  10) | Stalls:  0
[HEARTBEAT] Node: 0 | Tick: 136801 | Conf: 136799 | Hash: 0x332ACB12 | Rollbacks:  0 (Resim:   0) | Stalls:  0
[HEARTBEAT] Node: 0 | Tick: 136861 | Conf: 136859 | Hash: 0xE3E2E1E6 | Rollbacks:  0 (Resim:   0) | Stalls:  0
[HEARTBEAT] Node: 0 | Tick: 136921 | Conf: 136919 | Hash: 0x178770B2 | Rollbacks: 18 (Resim:  18) | Stalls:  0
[HEARTBEAT] Node: 0 | Tick: 136981 | Conf: 136979 | Hash: 0x78A497CB | Rollbacks:  0 (Resim:   0) | Stalls:  0
[HEARTBEAT] Node: 0 | Tick: 137041 | Conf: 137039 | Hash: 0x74C62BF4 | Rollbacks:  0 (Resim:   0) | Stalls:  0
[HEARTBEAT] Node: 0 | Tick: 137101 | Conf: 137099 | Hash: 0xF61FAA5E | Rollbacks: 18 (Resim:  18) | Stalls:  0
[HEARTBEAT] Node: 0 | Tick: 137161 | Conf: 137159 | Hash: 0x0C1C6AA3 | Rollbacks: 18 (Resim:  18) | Stalls:  0
[BOT:50006] Heartbeat - Sparse Mods Tracked: 2048
[HEARTBEAT] Node: 0 | Tick: 137221 | Conf: 137219 | Hash: 0xB4EA4F33 | Rollbacks: 19 (Resim:  19) | Stalls:  0
[HEARTBEAT] Node: 0 | Tick: 137281 | Conf: 137279 | Hash: 0xAF4635CF | Rollbacks:  0 (Resim:   0) | Stalls:  0
[HEARTBEAT] Node: 0 | Tick: 137341 | Conf: 137339 | Hash: 0x7FE10958 | Rollbacks:  0 (Resim:   0) | Stalls:  0
[HEARTBEAT] Node: 0 | Tick: 137401 | Conf: 137399 | Hash: 0x021F0451 | Rollbacks:  0 (Resim:   0) | Stalls:  0
[HEARTBEAT] Node: 0 | Tick: 137461 | Conf: 137459 | Hash: 0xB590F31D | Rollbacks:  8 (Resim:   8) | Stalls:  0
[HEARTBEAT] Node: 0 | Tick: 137521 | Conf: 137519 | Hash: 0x20857F57 | Rollbacks:  1 (Resim:   1) | Stalls:  0
[HEARTBEAT] Node: 0 | Tick: 137581 | Conf: 137579 | Hash: 0x5828F4D7 | Rollbacks: 20 (Resim:  20) | Stalls:  0
[HEARTBEAT] Node: 0 | Tick: 137641 | Conf: 137639 | Hash: 0x4A9B2ACF | Rollbacks:  4 (Resim:   4) | Stalls:  0
[HEARTBEAT] Node: 0 | Tick: 137701 | Conf: 137699 | Hash: 0x803A6C9F | Rollbacks: 22 (Resim:  22) | Stalls:  0
[BOT:50006] Heartbeat - Sparse Mods Tracked: 2048
[HEARTBEAT] Node: 0 | Tick: 137761 | Conf: 137759 | Hash: 0xF13983CB | Rollbacks:  6 (Resim:   6) | Stalls:  0
[HEARTBEAT] Node: 0 | Tick: 137821 | Conf: 137819 | Hash: 0xE959E0B4 | Rollbacks:  3 (Resim:   3) | Stalls:  0
[HEARTBEAT] Node: 0 | Tick: 137881 | Conf: 137879 | Hash: 0x3A3439D8 | Rollbacks: 10 (Resim:  10) | Stalls:  0
[HEARTBEAT] Node: 0 | Tick: 137941 | Conf: 137939 | Hash: 0x7072E8EB | Rollbacks:  0 (Resim:   0) | Stalls:  0
[HEARTBEAT] Node: 0 | Tick: 138001 | Conf: 137999 | Hash: 0x1137B60B | Rollbacks:  1 (Resim:   1) | Stalls:  0
[HEARTBEAT] Node: 0 | Tick: 138061 | Conf: 138059 | Hash: 0x5BCE59AA | Rollbacks:  0 (Resim:   0) | Stalls:  0
[HEARTBEAT] Node: 0 | Tick: 138121 | Conf: 138119 | Hash: 0x2CC75B44 | Rollbacks: 17 (Resim:  17) | Stalls:  0
[HEARTBEAT] Node: 0 | Tick: 138181 | Conf: 138179 | Hash: 0xF8403292 | Rollbacks:  9 (Resim:   9) | Stalls:  0
[HEARTBEAT] Node: 0 | Tick: 138241 | Conf: 138239 | Hash: 0x8602105F | Rollbacks:  3 (Resim:   3) | Stalls:  0
[HEARTBEAT] Node: 0 | Tick: 138301 | Conf: 138299 | Hash: 0x41E22DE2 | Rollbacks:  0 (Resim:   0) | Stalls:  0
[BOT:50006] Heartbeat - Sparse Mods Tracked: 2048
[HEARTBEAT] Node: 0 | Tick: 138361 | Conf: 138359 | Hash: 0xA76DE730 | Rollbacks: 15 (Resim:  15) | Stalls:  0
[HEARTBEAT] Node: 0 | Tick: 138421 | Conf: 138419 | Hash: 0x642DAF71 | Rollbacks:  0 (Resim:   0) | Stalls:  0
[HEARTBEAT] Node: 0 | Tick: 138481 | Conf: 138479 | Hash: 0x79E45908 | Rollbacks:  3 (Resim:   3) | Stalls:  0
[HEARTBEAT] Node: 0 | Tick: 138541 | Conf: 138539 | Hash: 0xC429DF79 | Rollbacks:  2 (Resim:   2) | Stalls:  0
[HEARTBEAT] Node: 0 | Tick: 138601 | Conf: 138599 | Hash: 0x6C17B879 | Rollbacks: 27 (Resim:  27) | Stalls:  0
[HEARTBEAT] Node: 0 | Tick: 138661 | Conf: 138659 | Hash: 0x20642C24 | Rollbacks: 15 (Resim:  15) | Stalls:  0
[HEARTBEAT] Node: 0 | Tick: 138721 | Conf: 138719 | Hash: 0x32177BB8 | Rollbacks: 13 (Resim:  13) | Stalls:  0
[HEARTBEAT] Node: 0 | Tick: 138781 | Conf: 138779 | Hash: 0x5F4AA339 | Rollbacks: 14 (Resim:  14) | Stalls:  0
[HEARTBEAT] Node: 0 | Tick: 138841 | Conf: 138839 | Hash: 0xE45BC86B | Rollbacks:  6 (Resim:   6) | Stalls:  0
[HEARTBEAT] Node: 0 | Tick: 138901 | Conf: 138899 | Hash: 0xEB295CEF | Rollbacks:  0 (Resim:   0) | Stalls:  0
[BOT:50006] Heartbeat - Sparse Mods Tracked: 2048
[HEARTBEAT] Node: 0 | Tick: 138961 | Conf: 138959 | Hash: 0x14E5086A | Rollbacks:  0 (Resim:   0) | Stalls:  0
[HEARTBEAT] Node: 0 | Tick: 139021 | Conf: 139019 | Hash: 0x1697D937 | Rollbacks:  1 (Resim:   1) | Stalls:  0
[HEARTBEAT] Node: 0 | Tick: 139081 | Conf: 139079 | Hash: 0x25F67498 | Rollbacks: 24 (Resim:  24) | Stalls:  0
[HEARTBEAT] Node: 0 | Tick: 139141 | Conf: 139139 | Hash: 0x44A10E76 | Rollbacks:  0 (Resim:   0) | Stalls:  0
[HEARTBEAT] Node: 0 | Tick: 139201 | Conf: 139199 | Hash: 0x5C4B3034 | Rollbacks: 13 (Resim:  13) | Stalls:  0
[HEARTBEAT] Node: 0 | Tick: 139261 | Conf: 139259 | Hash: 0xDB05A8BD | Rollbacks:  6 (Resim:   6) | Stalls:  0
[HEARTBEAT] Node: 0 | Tick: 139321 | Conf: 139319 | Hash: 0x8403649C | Rollbacks: 17 (Resim:  17) | Stalls:  0
[HEARTBEAT] Node: 0 | Tick: 139381 | Conf: 139379 | Hash: 0x4271AB88 | Rollbacks:  0 (Resim:   0) | Stalls:  0
[HEARTBEAT] Node: 0 | Tick: 139441 | Conf: 139439 | Hash: 0xBBA315E8 | Rollbacks:  0 (Resim:   0) | Stalls:  0
[HEARTBEAT] Node: 0 | Tick: 139501 | Conf: 139499 | Hash: 0x0B46B9D5 | Rollbacks:  1 (Resim:   1) | Stalls:  0
[BOT:50006] Heartbeat - Sparse Mods Tracked: 2048
[HEARTBEAT] Node: 0 | Tick: 139561 | Conf: 139559 | Hash: 0xBFF9F257 | Rollbacks: 20 (Resim:  20) | Stalls:  0
[HEARTBEAT] Node: 0 | Tick: 139621 | Conf: 139619 | Hash: 0x36C63879 | Rollbacks: 13 (Resim:  13) | Stalls:  0
[HEARTBEAT] Node: 0 | Tick: 139681 | Conf: 139679 | Hash: 0xA533EE96 | Rollbacks:  0 (Resim:   0) | Stalls:  0
[HEARTBEAT] Node: 0 | Tick: 139741 | Conf: 139739 | Hash: 0xC7A23F76 | Rollbacks:  2 (Resim:   2) | Stalls:  0
[HEARTBEAT] Node: 0 | Tick: 139801 | Conf: 139799 | Hash: 0x2C15BEDF | Rollbacks: 14 (Resim:  15) | Stalls:  0
[HEARTBEAT] Node: 0 | Tick: 139861 | Conf: 139859 | Hash: 0x78D2B080 | Rollbacks:  9 (Resim:   9) | Stalls:  0
[HEARTBEAT] Node: 0 | Tick: 139921 | Conf: 139919 | Hash: 0xBE307127 | Rollbacks:  0 (Resim:   0) | Stalls:  0
[HEARTBEAT] Node: 0 | Tick: 139981 | Conf: 139979 | Hash: 0x319B2C61 | Rollbacks: 15 (Resim:  15) | Stalls:  0
[HEARTBEAT] Node: 0 | Tick: 140041 | Conf: 140039 | Hash: 0x1EAB4447 | Rollbacks:  0 (Resim:   0) | Stalls:  0
[HEARTBEAT] Node: 0 | Tick: 140101 | Conf: 140099 | Hash: 0xA548AC80 | Rollbacks:  7 (Resim:   7) | Stalls:  0
[BOT:50006] Heartbeat - Sparse Mods Tracked: 2048
[HEARTBEAT] Node: 0 | Tick: 140161 | Conf: 140159 | Hash: 0xB8AF293C | Rollbacks:  0 (Resim:   0) | Stalls:  0
[HEARTBEAT] Node: 0 | Tick: 140221 | Conf: 140219 | Hash: 0xFE77112A | Rollbacks:  4 (Resim:   4) | Stalls:  0
[HEARTBEAT] Node: 0 | Tick: 140281 | Conf: 140279 | Hash: 0x1CD016D2 | Rollbacks: 24 (Resim:  24) | Stalls:  0
[HEARTBEAT] Node: 0 | Tick: 140341 | Conf: 140339 | Hash: 0x585B0894 | Rollbacks: 11 (Resim:  11) | Stalls:  0
[HEARTBEAT] Node: 0 | Tick: 140401 | Conf: 140399 | Hash: 0xC5262205 | Rollbacks:  0 (Resim:   0) | Stalls:  0
[HEARTBEAT] Node: 0 | Tick: 140461 | Conf: 140459 | Hash: 0x48D04163 | Rollbacks: 13 (Resim:  13) | Stalls:  0
[HEARTBEAT] Node: 0 | Tick: 140521 | Conf: 140519 | Hash: 0xDDC3BA86 | Rollbacks:  1 (Resim:   1) | Stalls:  0
[HEARTBEAT] Node: 0 | Tick: 140581 | Conf: 140579 | Hash: 0xC4F38124 | Rollbacks:  6 (Resim:   6) | Stalls:  0
[HEARTBEAT] Node: 0 | Tick: 140641 | Conf: 140639 | Hash: 0x55F50542 | Rollbacks: 14 (Resim:  14) | Stalls:  0
[BOT:50006] Heartbeat - Sparse Mods Tracked: 2048
[HEARTBEAT] Node: 0 | Tick: 140701 | Conf: 140699 | Hash: 0x3A34EC79 | Rollbacks:  0 (Resim:   0) | Stalls:  0
[HEARTBEAT] Node: 0 | Tick: 140761 | Conf: 140759 | Hash: 0xCE62613A | Rollbacks: 12 (Resim:  12) | Stalls:  0
[HEARTBEAT] Node: 0 | Tick: 140821 | Conf: 140819 | Hash: 0x1C78B6D5 | Rollbacks:  3 (Resim:   3) | Stalls:  0
[HEARTBEAT] Node: 0 | Tick: 140881 | Conf: 140879 | Hash: 0x70B744AA | Rollbacks: 19 (Resim:  19) | Stalls:  0
[HEARTBEAT] Node: 0 | Tick: 140941 | Conf: 140939 | Hash: 0xD840BBA2 | Rollbacks:  0 (Resim:   0) | Stalls:  0
[HEARTBEAT] Node: 0 | Tick: 141001 | Conf: 140999 | Hash: 0x32819F3D | Rollbacks: 11 (Resim:  11) | Stalls:  0
[HEARTBEAT] Node: 0 | Tick: 141061 | Conf: 141059 | Hash: 0x2D9ABE70 | Rollbacks: 14 (Resim:  14) | Stalls:  0
[HEARTBEAT] Node: 0 | Tick: 141121 | Conf: 141119 | Hash: 0x45A9B79D | Rollbacks: 12 (Resim:  13) | Stalls:  0
[HEARTBEAT] Node: 0 | Tick: 141181 | Conf: 141179 | Hash: 0xF12D21C1 | Rollbacks:  5 (Resim:   5) | Stalls:  0
[HEARTBEAT] Node: 0 | Tick: 141241 | Conf: 141239 | Hash: 0xD40B2F5C | Rollbacks: 25 (Resim:  25) | Stalls:  0
[BOT:50006] Heartbeat - Sparse Mods Tracked: 2048
[HEARTBEAT] Node: 0 | Tick: 141301 | Conf: 141299 | Hash: 0x3708FDAD | Rollbacks: 20 (Resim:  20) | Stalls:  0
[HEARTBEAT] Node: 0 | Tick: 141361 | Conf: 141359 | Hash: 0x31C41957 | Rollbacks:  2 (Resim:   2) | Stalls:  0
[HEARTBEAT] Node: 0 | Tick: 141421 | Conf: 141419 | Hash: 0x897EEBEB | Rollbacks: 18 (Resim:  18) | Stalls:  0
[HEARTBEAT] Node: 0 | Tick: 141481 | Conf: 141479 | Hash: 0x0F067F4D | Rollbacks: 13 (Resim:  13) | Stalls:  0
[HEARTBEAT] Node: 0 | Tick: 141541 | Conf: 141539 | Hash: 0x8B35A09F | Rollbacks:  4 (Resim:   4) | Stalls:  0
[HEARTBEAT] Node: 0 | Tick: 141601 | Conf: 141599 | Hash: 0x32878C68 | Rollbacks: 13 (Resim:  13) | Stalls:  0
[HEARTBEAT] Node: 0 | Tick: 141661 | Conf: 141659 | Hash: 0xE6DCBE72 | Rollbacks:  0 (Resim:   0) | Stalls:  0
[HEARTBEAT] Node: 0 | Tick: 141721 | Conf: 141719 | Hash: 0xA8A5FAAD | Rollbacks: 12 (Resim:  12) | Stalls:  0
[HEARTBEAT] Node: 0 | Tick: 141781 | Conf: 141779 | Hash: 0x3653E7B1 | Rollbacks:  3 (Resim:   3) | Stalls:  0
[HEARTBEAT] Node: 0 | Tick: 141841 | Conf: 141839 | Hash: 0xCD4DDEEF | Rollbacks: 15 (Resim:  15) | Stalls:  0
[BOT:50006] Heartbeat - Sparse Mods Tracked: 2048
[HEARTBEAT] Node: 0 | Tick: 141901 | Conf: 141899 | Hash: 0x9221C695 | Rollbacks: 12 (Resim:  12) | Stalls:  0
[HEARTBEAT] Node: 0 | Tick: 141961 | Conf: 141959 | Hash: 0x35E3AAC8 | Rollbacks:  0 (Resim:   0) | Stalls:  0
[HEARTBEAT] Node: 0 | Tick: 142021 | Conf: 142019 | Hash: 0xB3B4B1C1 | Rollbacks:  1 (Resim:   1) | Stalls:  0
[HEARTBEAT] Node: 0 | Tick: 142081 | Conf: 142079 | Hash: 0x951F289A | Rollbacks: 25 (Resim:  25) | Stalls:  0
[HEARTBEAT] Node: 0 | Tick: 142141 | Conf: 142139 | Hash: 0x87C37C08 | Rollbacks:  0 (Resim:   0) | Stalls:  0
[HEARTBEAT] Node: 0 | Tick: 142201 | Conf: 142199 | Hash: 0x2C8CBC64 | Rollbacks:  5 (Resim:   5) | Stalls:  0
[HEARTBEAT] Node: 0 | Tick: 142261 | Conf: 142259 | Hash: 0x647327A2 | Rollbacks: 19 (Resim:  19) | Stalls:  0
[HEARTBEAT] Node: 0 | Tick: 142321 | Conf: 142319 | Hash: 0xC8E92292 | Rollbacks:  0 (Resim:   0) | Stalls:  0
[HEARTBEAT] Node: 0 | Tick: 142381 | Conf: 142379 | Hash: 0x08A39C6A | Rollbacks: 18 (Resim:  18) | Stalls:  0
[HEARTBEAT] Node: 0 | Tick: 142441 | Conf: 142439 | Hash: 0x5C32F916 | Rollbacks:  2 (Resim:   2) | Stalls:  0
[BOT:50006] Heartbeat - Sparse Mods Tracked: 2048
[HEARTBEAT] Node: 0 | Tick: 142501 | Conf: 142499 | Hash: 0x05833707 | Rollbacks: 21 (Resim:  21) | Stalls:  0
[HEARTBEAT] Node: 0 | Tick: 142561 | Conf: 142559 | Hash: 0xE0E475D8 | Rollbacks:  3 (Resim:   3) | Stalls:  0
[HEARTBEAT] Node: 0 | Tick: 142621 | Conf: 142619 | Hash: 0xE62A293F | Rollbacks:  2 (Resim:   2) | Stalls:  0
[HEARTBEAT] Node: 0 | Tick: 142681 | Conf: 142679 | Hash: 0x65F85DE0 | Rollbacks: 21 (Resim:  21) | Stalls:  0
[HEARTBEAT] Node: 0 | Tick: 142741 | Conf: 142739 | Hash: 0x473256DA | Rollbacks:  7 (Resim:   7) | Stalls:  0
[HEARTBEAT] Node: 0 | Tick: 142801 | Conf: 142799 | Hash: 0xD3E06BE5 | Rollbacks: 22 (Resim:  22) | Stalls:  0
[HEARTBEAT] Node: 0 | Tick: 142861 | Conf: 142859 | Hash: 0xF61972D5 | Rollbacks:  0 (Resim:   0) | Stalls:  0
[HEARTBEAT] Node: 0 | Tick: 142921 | Conf: 142919 | Hash: 0xF5AC7EE0 | Rollbacks:  3 (Resim:   3) | Stalls:  0
[HEARTBEAT] Node: 0 | Tick: 142981 | Conf: 142979 | Hash: 0xDEA98A25 | Rollbacks:  3 (Resim:   3) | Stalls:  0
[HEARTBEAT] Node: 0 | Tick: 143041 | Conf: 143039 | Hash: 0x5D4106DD | Rollbacks:  1 (Resim:   1) | Stalls:  0
[BOT:50006] Heartbeat - Sparse Mods Tracked: 2048
[HEARTBEAT] Node: 0 | Tick: 143101 | Conf: 143099 | Hash: 0xAE13C683 | Rollbacks:  0 (Resim:   0) | Stalls:  0
[HEARTBEAT] Node: 0 | Tick: 143161 | Conf: 143159 | Hash: 0xEB16B3CA | Rollbacks:  0 (Resim:   0) | Stalls:  0
[HEARTBEAT] Node: 0 | Tick: 143221 | Conf: 143219 | Hash: 0x93EE450B | Rollbacks:  0 (Resim:   0) | Stalls:  0
[HEARTBEAT] Node: 0 | Tick: 143281 | Conf: 143279 | Hash: 0x12020A86 | Rollbacks: 11 (Resim:  11) | Stalls:  0
[HEARTBEAT] Node: 0 | Tick: 143341 | Conf: 143339 | Hash: 0xD23BA4FE | Rollbacks:  0 (Resim:   0) | Stalls:  0
[HEARTBEAT] Node: 0 | Tick: 143401 | Conf: 143399 | Hash: 0x39022C19 | Rollbacks:  4 (Resim:   4) | Stalls:  0
[HEARTBEAT] Node: 0 | Tick: 143461 | Conf: 143459 | Hash: 0x833D3332 | Rollbacks:  0 (Resim:   0) | Stalls:  0
[HEARTBEAT] Node: 0 | Tick: 143521 | Conf: 143519 | Hash: 0xEDA13CB4 | Rollbacks:  1 (Resim:   1) | Stalls:  0
[HEARTBEAT] Node: 0 | Tick: 143581 | Conf: 143579 | Hash: 0x2AA30B76 | Rollbacks:  0 (Resim:   0) | Stalls:  0
[BOT:50006] Heartbeat - Sparse Mods Tracked: 2048
[HEARTBEAT] Node: 0 | Tick: 143641 | Conf: 143639 | Hash: 0xA2D23F68 | Rollbacks: 18 (Resim:  18) | Stalls:  0
[HEARTBEAT] Node: 0 | Tick: 143701 | Conf: 143699 | Hash: 0x2AEE71D6 | Rollbacks:  3 (Resim:   3) | Stalls:  0
[HEARTBEAT] Node: 0 | Tick: 143761 | Conf: 143759 | Hash: 0x5BE1FBA9 | Rollbacks: 10 (Resim:  10) | Stalls:  0
[HEARTBEAT] Node: 0 | Tick: 143821 | Conf: 143819 | Hash: 0x65BACB9E | Rollbacks:  1 (Resim:   1) | Stalls:  0
[HEARTBEAT] Node: 0 | Tick: 143881 | Conf: 143879 | Hash: 0x9AD967AA | Rollbacks:  7 (Resim:   7) | Stalls:  0
[HEARTBEAT] Node: 0 | Tick: 143941 | Conf: 143939 | Hash: 0x1F1B4226 | Rollbacks: 24 (Resim:  24) | Stalls:  0
[HEARTBEAT] Node: 0 | Tick: 144001 | Conf: 143999 | Hash: 0xF832EC0D | Rollbacks: 18 (Resim:  19) | Stalls:  0
[HEARTBEAT] Node: 0 | Tick: 144061 | Conf: 144059 | Hash: 0xFFB45971 | Rollbacks: 11 (Resim:  11) | Stalls:  0
[HEARTBEAT] Node: 0 | Tick: 144121 | Conf: 144119 | Hash: 0xE1F6B1CD | Rollbacks:  7 (Resim:   7) | Stalls:  0
[HEARTBEAT] Node: 0 | Tick: 144181 | Conf: 144179 | Hash: 0x5786CB58 | Rollbacks:  0 (Resim:   0) | Stalls:  0
[BOT:50006] Heartbeat - Sparse Mods Tracked: 2048
[HEARTBEAT] Node: 0 | Tick: 144241 | Conf: 144239 | Hash: 0x0522C886 | Rollbacks:  0 (Resim:   0) | Stalls:  0
[HEARTBEAT] Node: 0 | Tick: 144301 | Conf: 144299 | Hash: 0x6593AA2E | Rollbacks:  5 (Resim:   5) | Stalls:  0
[HEARTBEAT] Node: 0 | Tick: 144361 | Conf: 144359 | Hash: 0xE4E44373 | Rollbacks: 12 (Resim:  12) | Stalls:  0
[HEARTBEAT] Node: 0 | Tick: 144421 | Conf: 144419 | Hash: 0xB2CAD65C | Rollbacks: 15 (Resim:  15) | Stalls:  0
[HEARTBEAT] Node: 0 | Tick: 144481 | Conf: 144479 | Hash: 0xBF616529 | Rollbacks:  0 (Resim:   0) | Stalls:  0
[HEARTBEAT] Node: 0 | Tick: 144541 | Conf: 144539 | Hash: 0xD9704352 | Rollbacks:  7 (Resim:   7) | Stalls:  0
[HEARTBEAT] Node: 0 | Tick: 144601 | Conf: 144599 | Hash: 0x5813E993 | Rollbacks: 22 (Resim:  22) | Stalls:  0
[HEARTBEAT] Node: 0 | Tick: 144661 | Conf: 144659 | Hash: 0xD42C2490 | Rollbacks: 14 (Resim:  14) | Stalls:  0
[HEARTBEAT] Node: 0 | Tick: 144721 | Conf: 144719 | Hash: 0x8AFCFDA8 | Rollbacks: 11 (Resim:  11) | Stalls:  0
[HEARTBEAT] Node: 0 | Tick: 144781 | Conf: 144779 | Hash: 0xF3C33642 | Rollbacks:  7 (Resim:   7) | Stalls:  0
[BOT:50006] Heartbeat - Sparse Mods Tracked: 2048
[HEARTBEAT] Node: 0 | Tick: 144841 | Conf: 144839 | Hash: 0xB85E201E | Rollbacks:  0 (Resim:   0) | Stalls:  0
[HEARTBEAT] Node: 0 | Tick: 144901 | Conf: 144899 | Hash: 0xA6C569B1 | Rollbacks: 19 (Resim:  19) | Stalls:  0
[HEARTBEAT] Node: 0 | Tick: 144961 | Conf: 144959 | Hash: 0x9B9D2145 | Rollbacks: 23 (Resim:  23) | Stalls:  0
[HEARTBEAT] Node: 0 | Tick: 145021 | Conf: 145019 | Hash: 0x3E224530 | Rollbacks: 17 (Resim:  17) | Stalls:  0
[HEARTBEAT] Node: 0 | Tick: 145081 | Conf: 145079 | Hash: 0xF3B04A88 | Rollbacks:  4 (Resim:   4) | Stalls:  0
[HEARTBEAT] Node: 0 | Tick: 145141 | Conf: 145139 | Hash: 0xF4256014 | Rollbacks:  0 (Resim:   0) | Stalls:  0
[HEARTBEAT] Node: 0 | Tick: 145201 | Conf: 145199 | Hash: 0xC008DE27 | Rollbacks: 13 (Resim:  13) | Stalls:  0
[HEARTBEAT] Node: 0 | Tick: 145261 | Conf: 145259 | Hash: 0xE1822FD3 | Rollbacks:  1 (Resim:   1) | Stalls:  0
[HEARTBEAT] Node: 0 | Tick: 145321 | Conf: 145319 | Hash: 0x982DCAE9 | Rollbacks: 14 (Resim:  14) | Stalls:  0
[HEARTBEAT] Node: 0 | Tick: 145381 | Conf: 145379 | Hash: 0x4057573A | Rollbacks: 13 (Resim:  13) | Stalls:  0
[BOT:50006] Heartbeat - Sparse Mods Tracked: 2048
[HEARTBEAT] Node: 0 | Tick: 145441 | Conf: 145439 | Hash: 0x1C8D15F7 | Rollbacks:  6 (Resim:   6) | Stalls:  0
[HEARTBEAT] Node: 0 | Tick: 145501 | Conf: 145499 | Hash: 0x729870FD | Rollbacks:  0 (Resim:   0) | Stalls:  0
[HEARTBEAT] Node: 0 | Tick: 145561 | Conf: 145559 | Hash: 0xD11913AE | Rollbacks: 11 (Resim:  11) | Stalls:  0
[HEARTBEAT] Node: 0 | Tick: 145621 | Conf: 145619 | Hash: 0x4DD3FFE6 | Rollbacks: 17 (Resim:  17) | Stalls:  0
[HEARTBEAT] Node: 0 | Tick: 145681 | Conf: 145679 | Hash: 0x6381ECA9 | Rollbacks:  6 (Resim:   6) | Stalls:  0
[HEARTBEAT] Node: 0 | Tick: 145741 | Conf: 145739 | Hash: 0xC4D38080 | Rollbacks:  0 (Resim:   0) | Stalls:  0
[HEARTBEAT] Node: 0 | Tick: 145801 | Conf: 145799 | Hash: 0x49C2BDC3 | Rollbacks: 16 (Resim:  16) | Stalls:  0
[HEARTBEAT] Node: 0 | Tick: 145861 | Conf: 145859 | Hash: 0xE254BDA6 | Rollbacks: 18 (Resim:  18) | Stalls:  0
[HEARTBEAT] Node: 0 | Tick: 145921 | Conf: 145919 | Hash: 0xAA6BCB35 | Rollbacks:  3 (Resim:   3) | Stalls:  0
[BOT:50006] Heartbeat - Sparse Mods Tracked: 2048
[HEARTBEAT] Node: 0 | Tick: 145981 | Conf: 145979 | Hash: 0x38F31248 | Rollbacks:  0 (Resim:   0) | Stalls:  0
[HEARTBEAT] Node: 0 | Tick: 146041 | Conf: 146039 | Hash: 0x3E2BA805 | Rollbacks: 28 (Resim:  28) | Stalls:  0
[HEARTBEAT] Node: 0 | Tick: 146101 | Conf: 146099 | Hash: 0xF489CCF1 | Rollbacks: 13 (Resim:  13) | Stalls:  0
[HEARTBEAT] Node: 0 | Tick: 146161 | Conf: 146159 | Hash: 0xD80B6D63 | Rollbacks:  3 (Resim:   3) | Stalls:  0
[HEARTBEAT] Node: 0 | Tick: 146221 | Conf: 146219 | Hash: 0x7AA13476 | Rollbacks:  0 (Resim:   0) | Stalls:  0
[HEARTBEAT] Node: 0 | Tick: 146281 | Conf: 146279 | Hash: 0x9AADFD86 | Rollbacks: 14 (Resim:  14) | Stalls:  0
[HEARTBEAT] Node: 0 | Tick: 146341 | Conf: 146339 | Hash: 0xF2A1C2E4 | Rollbacks:  0 (Resim:   0) | Stalls:  0
[HEARTBEAT] Node: 0 | Tick: 146401 | Conf: 146399 | Hash: 0x8BF4F5C1 | Rollbacks: 15 (Resim:  15) | Stalls:  0
[HEARTBEAT] Node: 0 | Tick: 146461 | Conf: 146459 | Hash: 0xCCA3BEA9 | Rollbacks: 19 (Resim:  19) | Stalls:  0
[HEARTBEAT] Node: 0 | Tick: 146521 | Conf: 146519 | Hash: 0x1A4CC7B6 | Rollbacks:  6 (Resim:   6) | Stalls:  0
[BOT:50006] Heartbeat - Sparse Mods Tracked: 2048
[HEARTBEAT] Node: 0 | Tick: 146581 | Conf: 146579 | Hash: 0x90D5E722 | Rollbacks:  0 (Resim:   0) | Stalls:  0
[HEARTBEAT] Node: 0 | Tick: 146641 | Conf: 146639 | Hash: 0xEBE0E64F | Rollbacks: 14 (Resim:  14) | Stalls:  0
[HEARTBEAT] Node: 0 | Tick: 146701 | Conf: 146699 | Hash: 0x9B01A043 | Rollbacks:  8 (Resim:   8) | Stalls:  0
[HEARTBEAT] Node: 0 | Tick: 146761 | Conf: 146759 | Hash: 0x13482177 | Rollbacks:  3 (Resim:   3) | Stalls:  0
[HEARTBEAT] Node: 0 | Tick: 146821 | Conf: 146819 | Hash: 0x69261D58 | Rollbacks: 20 (Resim:  20) | Stalls:  0
[HEARTBEAT] Node: 0 | Tick: 146881 | Conf: 146879 | Hash: 0x3A381681 | Rollbacks: 26 (Resim:  27) | Stalls:  0
[HEARTBEAT] Node: 0 | Tick: 146941 | Conf: 146939 | Hash: 0xBF7BFE79 | Rollbacks:  0 (Resim:   0) | Stalls:  0
[HEARTBEAT] Node: 0 | Tick: 147001 | Conf: 146999 | Hash: 0x62715715 | Rollbacks:  4 (Resim:   4) | Stalls:  0
[HEARTBEAT] Node: 0 | Tick: 147061 | Conf: 147059 | Hash: 0x918B4A7C | Rollbacks: 13 (Resim:  13) | Stalls:  0
[HEARTBEAT] Node: 0 | Tick: 147121 | Conf: 147119 | Hash: 0x7581DE93 | Rollbacks:  2 (Resim:   2) | Stalls:  0
[BOT:50006] Heartbeat - Sparse Mods Tracked: 2048
[HEARTBEAT] Node: 0 | Tick: 147181 | Conf: 147179 | Hash: 0xFC418877 | Rollbacks:  0 (Resim:   0) | Stalls:  0
[HEARTBEAT] Node: 0 | Tick: 147241 | Conf: 147239 | Hash: 0xF996D3C8 | Rollbacks: 15 (Resim:  15) | Stalls:  0
[HEARTBEAT] Node: 0 | Tick: 147301 | Conf: 147299 | Hash: 0x6796EDFC | Rollbacks:  1 (Resim:   1) | Stalls:  0
[HEARTBEAT] Node: 0 | Tick: 147361 | Conf: 147359 | Hash: 0xCDB8104F | Rollbacks:  1 (Resim:   1) | Stalls:  0
[HEARTBEAT] Node: 0 | Tick: 147421 | Conf: 147419 | Hash: 0xBD7E7C2F | Rollbacks: 12 (Resim:  12) | Stalls:  0
[HEARTBEAT] Node: 0 | Tick: 147481 | Conf: 147479 | Hash: 0xF498ECB8 | Rollbacks: 15 (Resim:  15) | Stalls:  0
[HEARTBEAT] Node: 0 | Tick: 147541 | Conf: 147539 | Hash: 0x46AB05F9 | Rollbacks:  0 (Resim:   0) | Stalls:  0
[HEARTBEAT] Node: 0 | Tick: 147601 | Conf: 147599 | Hash: 0x91ADE1BD | Rollbacks: 21 (Resim:  21) | Stalls:  0
[HEARTBEAT] Node: 0 | Tick: 147661 | Conf: 147659 | Hash: 0x358876B0 | Rollbacks:  1 (Resim:   1) | Stalls:  0
[HEARTBEAT] Node: 0 | Tick: 147721 | Conf: 147719 | Hash: 0x0FD6EFFC | Rollbacks:  0 (Resim:   0) | Stalls:  0
[BOT:50006] Heartbeat - Sparse Mods Tracked: 2048
[HEARTBEAT] Node: 0 | Tick: 147781 | Conf: 147779 | Hash: 0xBDFF7645 | Rollbacks: 20 (Resim:  20) | Stalls:  0
[HEARTBEAT] Node: 0 | Tick: 147841 | Conf: 147839 | Hash: 0x3FF3B4C6 | Rollbacks:  9 (Resim:  10) | Stalls:  0
[HEARTBEAT] Node: 0 | Tick: 147901 | Conf: 147899 | Hash: 0x44318EC2 | Rollbacks:  0 (Resim:   0) | Stalls:  0
[HEARTBEAT] Node: 0 | Tick: 147961 | Conf: 147959 | Hash: 0x5405B5B7 | Rollbacks:  0 (Resim:   0) | Stalls:  0
[HEARTBEAT] Node: 0 | Tick: 148021 | Conf: 148019 | Hash: 0x27775BDF | Rollbacks: 10 (Resim:  10) | Stalls:  0
[HEARTBEAT] Node: 0 | Tick: 148081 | Conf: 148079 | Hash: 0x900C829D | Rollbacks:  0 (Resim:   0) | Stalls:  0
[HEARTBEAT] Node: 0 | Tick: 148141 | Conf: 148139 | Hash: 0xEF37FF48 | Rollbacks:  7 (Resim:   7) | Stalls:  0
[HEARTBEAT] Node: 0 | Tick: 148201 | Conf: 148199 | Hash: 0x47DCA741 | Rollbacks:  7 (Resim:   7) | Stalls:  0
[HEARTBEAT] Node: 0 | Tick: 148261 | Conf: 148259 | Hash: 0x990AC629 | Rollbacks: 17 (Resim:  17) | Stalls:  0
[HEARTBEAT] Node: 0 | Tick: 148321 | Conf: 148319 | Hash: 0xD97FD98A | Rollbacks:  0 (Resim:   0) | Stalls:  0
[BOT:50006] Heartbeat - Sparse Mods Tracked: 2048
[HEARTBEAT] Node: 0 | Tick: 148381 | Conf: 148379 | Hash: 0xCC3E3BFE | Rollbacks:  0 (Resim:   0) | Stalls:  0
[HEARTBEAT] Node: 0 | Tick: 148441 | Conf: 148439 | Hash: 0x6055049E | Rollbacks: 26 (Resim:  26) | Stalls:  0
[HEARTBEAT] Node: 0 | Tick: 148501 | Conf: 148499 | Hash: 0x19626B1C | Rollbacks:  7 (Resim:   7) | Stalls:  0
[HEARTBEAT] Node: 0 | Tick: 148561 | Conf: 148559 | Hash: 0xE6CBB223 | Rollbacks: 11 (Resim:  11) | Stalls:  0
[HEARTBEAT] Node: 0 | Tick: 148621 | Conf: 148619 | Hash: 0x30080DBA | Rollbacks: 12 (Resim:  12) | Stalls:  0
[HEARTBEAT] Node: 0 | Tick: 148681 | Conf: 148679 | Hash: 0x85374059 | Rollbacks:  0 (Resim:   0) | Stalls:  0
[HEARTBEAT] Node: 0 | Tick: 148741 | Conf: 148739 | Hash: 0x3BD4A217 | Rollbacks: 25 (Resim:  25) | Stalls:  0
[HEARTBEAT] Node: 0 | Tick: 148801 | Conf: 148799 | Hash: 0xCCC86FDA | Rollbacks: 20 (Resim:  21) | Stalls:  0
[HEARTBEAT] Node: 0 | Tick: 148861 | Conf: 148859 | Hash: 0xCB200DE5 | Rollbacks: 15 (Resim:  15) | Stalls:  0
[BOT:50006] Heartbeat - Sparse Mods Tracked: 2048
[HEARTBEAT] Node: 0 | Tick: 148921 | Conf: 148919 | Hash: 0x0284043F | Rollbacks: 12 (Resim:  12) | Stalls:  0
[HEARTBEAT] Node: 0 | Tick: 148981 | Conf: 148979 | Hash: 0x469BD9FA | Rollbacks:  9 (Resim:   9) | Stalls:  0
[HEARTBEAT] Node: 0 | Tick: 149041 | Conf: 149039 | Hash: 0x7196A3F8 | Rollbacks:  0 (Resim:   0) | Stalls:  0
[HEARTBEAT] Node: 0 | Tick: 149101 | Conf: 149099 | Hash: 0x20819210 | Rollbacks: 13 (Resim:  13) | Stalls:  0
[HEARTBEAT] Node: 0 | Tick: 149161 | Conf: 149159 | Hash: 0x3102633F | Rollbacks:  6 (Resim:   6) | Stalls:  0
[HEARTBEAT] Node: 0 | Tick: 149221 | Conf: 149219 | Hash: 0xD7F0F586 | Rollbacks:  0 (Resim:   0) | Stalls:  0
[HEARTBEAT] Node: 0 | Tick: 149281 | Conf: 149279 | Hash: 0xD3393B65 | Rollbacks: 17 (Resim:  17) | Stalls:  0
[HEARTBEAT] Node: 0 | Tick: 149341 | Conf: 149339 | Hash: 0xEFEB37CE | Rollbacks:  0 (Resim:   0) | Stalls:  0
[HEARTBEAT] Node: 0 | Tick: 149401 | Conf: 149399 | Hash: 0x20298BFC | Rollbacks: 21 (Resim:  21) | Stalls:  0
[HEARTBEAT] Node: 0 | Tick: 149461 | Conf: 149459 | Hash: 0x5B877438 | Rollbacks: 16 (Resim:  16) | Stalls:  0
[BOT:50006] Heartbeat - Sparse Mods Tracked: 2048
[HEARTBEAT] Node: 0 | Tick: 149521 | Conf: 149519 | Hash: 0x3C7DCC1B | Rollbacks: 12 (Resim:  12) | Stalls:  0
[HEARTBEAT] Node: 0 | Tick: 149581 | Conf: 149579 | Hash: 0xD10B8A14 | Rollbacks:  4 (Resim:   4) | Stalls:  0
[HEARTBEAT] Node: 0 | Tick: 149641 | Conf: 149639 | Hash: 0x2772FF2F | Rollbacks: 16 (Resim:  16) | Stalls:  0
[HEARTBEAT] Node: 0 | Tick: 149701 | Conf: 149699 | Hash: 0x92DBFB0D | Rollbacks: 13 (Resim:  13) | Stalls:  0
[HEARTBEAT] Node: 0 | Tick: 149761 | Conf: 149759 | Hash: 0xE126326D | Rollbacks:  0 (Resim:   0) | Stalls:  0
[HEARTBEAT] Node: 0 | Tick: 149821 | Conf: 149819 | Hash: 0x4B28F244 | Rollbacks: 16 (Resim:  16) | Stalls:  0
[HEARTBEAT] Node: 0 | Tick: 149881 | Conf: 149879 | Hash: 0xF68E9348 | Rollbacks:  9 (Resim:   9) | Stalls:  0
[HEARTBEAT] Node: 0 | Tick: 149941 | Conf: 149939 | Hash: 0xD9FFE96F | Rollbacks: 13 (Resim:  13) | Stalls:  0
[HEARTBEAT] Node: 0 | Tick: 150001 | Conf: 149999 | Hash: 0xB223B007 | Rollbacks: 10 (Resim:  10) | Stalls:  0
[HEARTBEAT] Node: 0 | Tick: 150061 | Conf: 150059 | Hash: 0xAB9EF509 | Rollbacks:  0 (Resim:   0) | Stalls:  0
[BOT:50006] Heartbeat - Sparse Mods Tracked: 2048
[HEARTBEAT] Node: 0 | Tick: 150121 | Conf: 150119 | Hash: 0xCD9E21A4 | Rollbacks:  8 (Resim:   8) | Stalls:  0
[HEARTBEAT] Node: 0 | Tick: 150181 | Conf: 150179 | Hash: 0x5448C5F7 | Rollbacks: 17 (Resim:  17) | Stalls:  0
[HEARTBEAT] Node: 0 | Tick: 150241 | Conf: 150239 | Hash: 0x23F67D1F | Rollbacks: 12 (Resim:  12) | Stalls:  0
[HEARTBEAT] Node: 0 | Tick: 150301 | Conf: 150299 | Hash: 0x84AC507A | Rollbacks:  1 (Resim:   1) | Stalls:  0
[HEARTBEAT] Node: 0 | Tick: 150361 | Conf: 150359 | Hash: 0x457FF83E | Rollbacks:  0 (Resim:   0) | Stalls:  0
[HEARTBEAT] Node: 0 | Tick: 150421 | Conf: 150419 | Hash: 0xB901EB7B | Rollbacks: 25 (Resim:  25) | Stalls:  0
[HEARTBEAT] Node: 0 | Tick: 150481 | Conf: 150479 | Hash: 0x5495E6C9 | Rollbacks:  0 (Resim:   0) | Stalls:  0
[HEARTBEAT] Node: 0 | Tick: 150541 | Conf: 150539 | Hash: 0xCF8927B9 | Rollbacks: 13 (Resim:  13) | Stalls:  0
[HEARTBEAT] Node: 0 | Tick: 150601 | Conf: 150599 | Hash: 0x88720FCE | Rollbacks:  0 (Resim:   0) | Stalls:  0
[HEARTBEAT] Node: 0 | Tick: 150661 | Conf: 150659 | Hash: 0x9AD990D8 | Rollbacks: 20 (Resim:  20) | Stalls:  0
[BOT:50006] Heartbeat - Sparse Mods Tracked: 2048
[HEARTBEAT] Node: 0 | Tick: 150721 | Conf: 150719 | Hash: 0x4B513D1D | Rollbacks: 12 (Resim:  12) | Stalls:  0
[HEARTBEAT] Node: 0 | Tick: 150781 | Conf: 150779 | Hash: 0x026B9951 | Rollbacks:  0 (Resim:   0) | Stalls:  0
[HEARTBEAT] Node: 0 | Tick: 150841 | Conf: 150839 | Hash: 0x08C6A5BE | Rollbacks: 17 (Resim:  17) | Stalls:  0
[HEARTBEAT] Node: 0 | Tick: 150901 | Conf: 150899 | Hash: 0x1743E7AF | Rollbacks:  0 (Resim:   0) | Stalls:  0
[HEARTBEAT] Node: 0 | Tick: 150961 | Conf: 150959 | Hash: 0x5EE2C036 | Rollbacks: 11 (Resim:  11) | Stalls:  0
[HEARTBEAT] Node: 0 | Tick: 151021 | Conf: 151019 | Hash: 0xBF988BC1 | Rollbacks: 14 (Resim:  14) | Stalls:  0
[HEARTBEAT] Node: 0 | Tick: 151081 | Conf: 151079 | Hash: 0xEAEA5B77 | Rollbacks:  6 (Resim:   6) | Stalls:  0
[HEARTBEAT] Node: 0 | Tick: 151141 | Conf: 151139 | Hash: 0x1CAD9676 | Rollbacks: 19 (Resim:  19) | Stalls:  0
[HEARTBEAT] Node: 0 | Tick: 151201 | Conf: 151199 | Hash: 0x3DF10CC6 | Rollbacks: 11 (Resim:  11) | Stalls:  0
[HEARTBEAT] Node: 0 | Tick: 151261 | Conf: 151259 | Hash: 0x7249F2B5 | Rollbacks: 18 (Resim:  18) | Stalls:  0
[BOT:50006] Heartbeat - Sparse Mods Tracked: 2048
[HEARTBEAT] Node: 0 | Tick: 151321 | Conf: 151319 | Hash: 0xA6AEE04F | Rollbacks: 12 (Resim:  12) | Stalls:  0
[HEARTBEAT] Node: 0 | Tick: 151381 | Conf: 151379 | Hash: 0x18E7CC6E | Rollbacks:  0 (Resim:   0) | Stalls:  0
[HEARTBEAT] Node: 0 | Tick: 151441 | Conf: 151439 | Hash: 0xE963FF92 | Rollbacks:  0 (Resim:   0) | Stalls:  0
[HEARTBEAT] Node: 0 | Tick: 151501 | Conf: 151499 | Hash: 0x29633444 | Rollbacks: 24 (Resim:  24) | Stalls:  0
[HEARTBEAT] Node: 0 | Tick: 151561 | Conf: 151559 | Hash: 0x7B1F023C | Rollbacks: 11 (Resim:  11) | Stalls:  0
[HEARTBEAT] Node: 0 | Tick: 151621 | Conf: 151619 | Hash: 0xC2F97E96 | Rollbacks:  0 (Resim:   0) | Stalls:  0
[HEARTBEAT] Node: 0 | Tick: 151681 | Conf: 151679 | Hash: 0x02FE1B47 | Rollbacks: 16 (Resim:  16) | Stalls:  0
[HEARTBEAT] Node: 0 | Tick: 151741 | Conf: 151739 | Hash: 0xFE0A9EBF | Rollbacks: 19 (Resim:  19) | Stalls:  0
[HEARTBEAT] Node: 0 | Tick: 151801 | Conf: 151799 | Hash: 0x223DE986 | Rollbacks: 15 (Resim:  15) | Stalls:  0
[BOT:50006] Heartbeat - Sparse Mods Tracked: 2048
[HEARTBEAT] Node: 0 | Tick: 151861 | Conf: 151859 | Hash: 0x7567D9C6 | Rollbacks:  4 (Resim:   4) | Stalls:  0
[HEARTBEAT] Node: 0 | Tick: 151921 | Conf: 151919 | Hash: 0xB4C3B4FE | Rollbacks:  2 (Resim:   2) | Stalls:  0
[HEARTBEAT] Node: 0 | Tick: 151981 | Conf: 151979 | Hash: 0x44D2ECB3 | Rollbacks: 12 (Resim:  12) | Stalls:  0
[HEARTBEAT] Node: 0 | Tick: 152041 | Conf: 152039 | Hash: 0xE6133197 | Rollbacks:  1 (Resim:   1) | Stalls:  0
[HEARTBEAT] Node: 0 | Tick: 152101 | Conf: 152099 | Hash: 0x452B38F5 | Rollbacks:  3 (Resim:   3) | Stalls:  0
[HEARTBEAT] Node: 0 | Tick: 152161 | Conf: 152159 | Hash: 0xF1FE54E8 | Rollbacks: 18 (Resim:  18) | Stalls:  0
[HEARTBEAT] Node: 0 | Tick: 152221 | Conf: 152219 | Hash: 0x9AA9FF2B | Rollbacks: 18 (Resim:  18) | Stalls:  0
[HEARTBEAT] Node: 0 | Tick: 152281 | Conf: 152279 | Hash: 0x500AA857 | Rollbacks: 19 (Resim:  19) | Stalls:  0
[HEARTBEAT] Node: 0 | Tick: 152341 | Conf: 152339 | Hash: 0x7A7F4B13 | Rollbacks:  4 (Resim:   4) | Stalls:  0
[HEARTBEAT] Node: 0 | Tick: 152401 | Conf: 152399 | Hash: 0x10178161 | Rollbacks: 17 (Resim:  17) | Stalls:  0
[BOT:50006] Heartbeat - Sparse Mods Tracked: 2048
[HEARTBEAT] Node: 0 | Tick: 152461 | Conf: 152459 | Hash: 0x87FE1328 | Rollbacks: 13 (Resim:  13) | Stalls:  0
[HEARTBEAT] Node: 0 | Tick: 152521 | Conf: 152519 | Hash: 0x82C9A5B5 | Rollbacks:  0 (Resim:   0) | Stalls:  0
[HEARTBEAT] Node: 0 | Tick: 152581 | Conf: 152579 | Hash: 0xDFDED5E7 | Rollbacks:  0 (Resim:   0) | Stalls:  0
[HEARTBEAT] Node: 0 | Tick: 152641 | Conf: 152639 | Hash: 0x3C5BB6EF | Rollbacks: 26 (Resim:  26) | Stalls:  0
[HEARTBEAT] Node: 0 | Tick: 152701 | Conf: 152699 | Hash: 0x3661EA1C | Rollbacks:  8 (Resim:   8) | Stalls:  0
[HEARTBEAT] Node: 0 | Tick: 152761 | Conf: 152759 | Hash: 0x30D6575B | Rollbacks:  0 (Resim:   0) | Stalls:  0
[HEARTBEAT] Node: 0 | Tick: 152821 | Conf: 152819 | Hash: 0x7998ED22 | Rollbacks: 11 (Resim:  11) | Stalls:  0
[HEARTBEAT] Node: 0 | Tick: 152881 | Conf: 152879 | Hash: 0x32A80A0A | Rollbacks: 26 (Resim:  26) | Stalls:  0
[HEARTBEAT] Node: 0 | Tick: 152941 | Conf: 152939 | Hash: 0x3E6EF4C2 | Rollbacks:  1 (Resim:   1) | Stalls:  0
[HEARTBEAT] Node: 0 | Tick: 153001 | Conf: 152999 | Hash: 0xE44F21A8 | Rollbacks:  9 (Resim:   9) | Stalls:  0
[BOT:50006] Heartbeat - Sparse Mods Tracked: 2048
[HEARTBEAT] Node: 0 | Tick: 153061 | Conf: 153059 | Hash: 0x365137D2 | Rollbacks: 15 (Resim:  15) | Stalls:  0
[HEARTBEAT] Node: 0 | Tick: 153121 | Conf: 153119 | Hash: 0x5B5A9896 | Rollbacks:  0 (Resim:   0) | Stalls:  0
[HEARTBEAT] Node: 0 | Tick: 153181 | Conf: 153179 | Hash: 0xBBD01553 | Rollbacks:  7 (Resim:   7) | Stalls:  0
[HEARTBEAT] Node: 0 | Tick: 153241 | Conf: 153239 | Hash: 0xDA36744D | Rollbacks:  0 (Resim:   0) | Stalls:  0
[HEARTBEAT] Node: 0 | Tick: 153301 | Conf: 153299 | Hash: 0xCB1DAE6D | Rollbacks: 19 (Resim:  19) | Stalls:  0
[HEARTBEAT] Node: 0 | Tick: 153361 | Conf: 153359 | Hash: 0x5787DF84 | Rollbacks: 18 (Resim:  18) | Stalls:  0
[HEARTBEAT] Node: 0 | Tick: 153421 | Conf: 153419 | Hash: 0xE9469D65 | Rollbacks: 17 (Resim:  17) | Stalls:  0
[HEARTBEAT] Node: 0 | Tick: 153481 | Conf: 153479 | Hash: 0xB3F870CB | Rollbacks: 16 (Resim:  16) | Stalls:  0
[HEARTBEAT] Node: 0 | Tick: 153541 | Conf: 153539 | Hash: 0xE07F8A63 | Rollbacks: 10 (Resim:  10) | Stalls:  0
[HEARTBEAT] Node: 0 | Tick: 153601 | Conf: 153599 | Hash: 0x99831AE4 | Rollbacks:  0 (Resim:   0) | Stalls:  0
[BOT:50006] Heartbeat - Sparse Mods Tracked: 2048
[HEARTBEAT] Node: 0 | Tick: 153661 | Conf: 153659 | Hash: 0xF3B7700B | Rollbacks: 26 (Resim:  26) | Stalls:  0
[HEARTBEAT] Node: 0 | Tick: 153721 | Conf: 153719 | Hash: 0x79BA722D | Rollbacks:  2 (Resim:   2) | Stalls:  0
[HEARTBEAT] Node: 0 | Tick: 153781 | Conf: 153779 | Hash: 0x098BC927 | Rollbacks: 10 (Resim:  10) | Stalls:  0
[HEARTBEAT] Node: 0 | Tick: 153841 | Conf: 153839 | Hash: 0x433C4150 | Rollbacks: 23 (Resim:  24) | Stalls:  0
[HEARTBEAT] Node: 0 | Tick: 153901 | Conf: 153899 | Hash: 0xEF7E2A6F | Rollbacks:  2 (Resim:   2) | Stalls:  0
[HEARTBEAT] Node: 0 | Tick: 153961 | Conf: 153959 | Hash: 0xD7CDB21B | Rollbacks: 19 (Resim:  19) | Stalls:  0
[HEARTBEAT] Node: 0 | Tick: 154021 | Conf: 154019 | Hash: 0x25761F1E | Rollbacks:  8 (Resim:   8) | Stalls:  0
[HEARTBEAT] Node: 0 | Tick: 154081 | Conf: 154079 | Hash: 0xB891C3CC | Rollbacks:  3 (Resim:   3) | Stalls:  0
[HEARTBEAT] Node: 0 | Tick: 154141 | Conf: 154139 | Hash: 0x8E2848CE | Rollbacks: 18 (Resim:  18) | Stalls:  0
[HEARTBEAT] Node: 0 | Tick: 154201 | Conf: 154199 | Hash: 0xAB61A73A | Rollbacks: 13 (Resim:  13) | Stalls:  0
[BOT:50006] Heartbeat - Sparse Mods Tracked: 2048
[HEARTBEAT] Node: 0 | Tick: 154261 | Conf: 154259 | Hash: 0x31C360CD | Rollbacks:  3 (Resim:   3) | Stalls:  0
[HEARTBEAT] Node: 0 | Tick: 154321 | Conf: 154319 | Hash: 0x9F0FAB5F | Rollbacks:  0 (Resim:   0) | Stalls:  0
[HEARTBEAT] Node: 0 | Tick: 154381 | Conf: 154379 | Hash: 0xB1D240D9 | Rollbacks:  7 (Resim:   7) | Stalls:  0
[HEARTBEAT] Node: 0 | Tick: 154441 | Conf: 154439 | Hash: 0xBF61ACA6 | Rollbacks: 17 (Resim:  17) | Stalls:  0
[HEARTBEAT] Node: 0 | Tick: 154501 | Conf: 154499 | Hash: 0xD84BFC72 | Rollbacks: 14 (Resim:  14) | Stalls:  0
[HEARTBEAT] Node: 0 | Tick: 154561 | Conf: 154559 | Hash: 0x47B3B5D9 | Rollbacks:  4 (Resim:   4) | Stalls:  0
[HEARTBEAT] Node: 0 | Tick: 154621 | Conf: 154619 | Hash: 0xB342183D | Rollbacks: 11 (Resim:  11) | Stalls:  0
[HEARTBEAT] Node: 0 | Tick: 154681 | Conf: 154679 | Hash: 0xAB4CB2C8 | Rollbacks: 14 (Resim:  14) | Stalls:  0
[HEARTBEAT] Node: 0 | Tick: 154741 | Conf: 154739 | Hash: 0x70312A93 | Rollbacks: 18 (Resim:  18) | Stalls:  0
[HEARTBEAT] Node: 0 | Tick: 154801 | Conf: 154799 | Hash: 0x3276B1C4 | Rollbacks: 15 (Resim:  15) | Stalls:  0
[BOT:50006] Heartbeat - Sparse Mods Tracked: 2048
[HEARTBEAT] Node: 0 | Tick: 154861 | Conf: 154859 | Hash: 0xC3F5DBBC | Rollbacks:  9 (Resim:   9) | Stalls:  0
[HEARTBEAT] Node: 0 | Tick: 154921 | Conf: 154919 | Hash: 0x06CE88BC | Rollbacks:  0 (Resim:   0) | Stalls:  0
[HEARTBEAT] Node: 0 | Tick: 154981 | Conf: 154979 | Hash: 0x678EA901 | Rollbacks:  9 (Resim:   9) | Stalls:  0
[HEARTBEAT] Node: 0 | Tick: 155041 | Conf: 155039 | Hash: 0xEAF7BE79 | Rollbacks:  0 (Resim:   0) | Stalls:  0
[HEARTBEAT] Node: 0 | Tick: 155101 | Conf: 155099 | Hash: 0x6B5C9B60 | Rollbacks:  0 (Resim:   0) | Stalls:  0
[HEARTBEAT] Node: 0 | Tick: 155161 | Conf: 155159 | Hash: 0xE66187E2 | Rollbacks: 22 (Resim:  22) | Stalls:  0
[HEARTBEAT] Node: 0 | Tick: 155221 | Conf: 155219 | Hash: 0x94BE1917 | Rollbacks:  8 (Resim:   8) | Stalls:  0
[HEARTBEAT] Node: 0 | Tick: 155281 | Conf: 155279 | Hash: 0x5B464DAD | Rollbacks: 12 (Resim:  12) | Stalls:  0
[HEARTBEAT] Node: 0 | Tick: 155341 | Conf: 155339 | Hash: 0x09E0CF9D | Rollbacks: 12 (Resim:  12) | Stalls:  0
[BOT:50006] Heartbeat - Sparse Mods Tracked: 2048
[HEARTBEAT] Node: 0 | Tick: 155401 | Conf: 155399 | Hash: 0x862CCC60 | Rollbacks:  0 (Resim:   0) | Stalls:  0
[HEARTBEAT] Node: 0 | Tick: 155461 | Conf: 155459 | Hash: 0x881365CE | Rollbacks:  0 (Resim:   0) | Stalls:  0
[HEARTBEAT] Node: 0 | Tick: 155521 | Conf: 155519 | Hash: 0x1E729752 | Rollbacks: 17 (Resim:  17) | Stalls:  0
[HEARTBEAT] Node: 0 | Tick: 155581 | Conf: 155579 | Hash: 0xA4527D89 | Rollbacks:  0 (Resim:   0) | Stalls:  0
[HEARTBEAT] Node: 0 | Tick: 155641 | Conf: 155639 | Hash: 0x8FCB3882 | Rollbacks: 14 (Resim:  14) | Stalls:  0
[HEARTBEAT] Node: 0 | Tick: 155701 | Conf: 155699 | Hash: 0x341E908C | Rollbacks: 11 (Resim:  11) | Stalls:  0
[HEARTBEAT] Node: 0 | Tick: 155761 | Conf: 155759 | Hash: 0x721885B2 | Rollbacks: 15 (Resim:  15) | Stalls:  0
[HEARTBEAT] Node: 0 | Tick: 155821 | Conf: 155819 | Hash: 0x5B30686A | Rollbacks: 17 (Resim:  17) | Stalls:  0
[HEARTBEAT] Node: 0 | Tick: 155881 | Conf: 155879 | Hash: 0x789B2B9B | Rollbacks:  9 (Resim:   9) | Stalls:  0
[HEARTBEAT] Node: 0 | Tick: 155941 | Conf: 155939 | Hash: 0x32759993 | Rollbacks:  8 (Resim:   8) | Stalls:  0
[BOT:50006] Heartbeat - Sparse Mods Tracked: 2048
[HEARTBEAT] Node: 0 | Tick: 156001 | Conf: 155999 | Hash: 0x372D35FA | Rollbacks: 18 (Resim:  18) | Stalls:  0
[HEARTBEAT] Node: 0 | Tick: 156061 | Conf: 156059 | Hash: 0xF3A5D5D8 | Rollbacks: 14 (Resim:  15) | Stalls:  0
[HEARTBEAT] Node: 0 | Tick: 156121 | Conf: 156119 | Hash: 0x60240DE6 | Rollbacks:  1 (Resim:   1) | Stalls:  0
[HEARTBEAT] Node: 0 | Tick: 156181 | Conf: 156179 | Hash: 0x62FCED12 | Rollbacks: 19 (Resim:  19) | Stalls:  0
[HEARTBEAT] Node: 0 | Tick: 156241 | Conf: 156239 | Hash: 0x236F452A | Rollbacks: 16 (Resim:  16) | Stalls:  0
[HEARTBEAT] Node: 0 | Tick: 156301 | Conf: 156299 | Hash: 0x8D7DEBEF | Rollbacks: 23 (Resim:  23) | Stalls:  0
[HEARTBEAT] Node: 0 | Tick: 156361 | Conf: 156359 | Hash: 0x03C0EE72 | Rollbacks:  0 (Resim:   0) | Stalls:  0
[HEARTBEAT] Node: 0 | Tick: 156421 | Conf: 156419 | Hash: 0xD72714B7 | Rollbacks: 20 (Resim:  20) | Stalls:  0
[HEARTBEAT] Node: 0 | Tick: 156481 | Conf: 156479 | Hash: 0x12DF5CEB | Rollbacks:  9 (Resim:   9) | Stalls:  0
[HEARTBEAT] Node: 0 | Tick: 156541 | Conf: 156539 | Hash: 0xFF4E07FE | Rollbacks: 16 (Resim:  16) | Stalls:  0
[BOT:50006] Heartbeat - Sparse Mods Tracked: 2048
[HEARTBEAT] Node: 0 | Tick: 156601 | Conf: 156599 | Hash: 0x2909C21E | Rollbacks:  0 (Resim:   0) | Stalls:  0
[HEARTBEAT] Node: 0 | Tick: 156661 | Conf: 156659 | Hash: 0x97499924 | Rollbacks: 33 (Resim:  33) | Stalls:  0
[HEARTBEAT] Node: 0 | Tick: 156721 | Conf: 156719 | Hash: 0xDEA0EF6D | Rollbacks:  0 (Resim:   0) | Stalls:  0
[HEARTBEAT] Node: 0 | Tick: 156781 | Conf: 156779 | Hash: 0x23E15B99 | Rollbacks:  0 (Resim:   0) | Stalls:  0
[HEARTBEAT] Node: 0 | Tick: 156841 | Conf: 156839 | Hash: 0xCAC10107 | Rollbacks: 23 (Resim:  23) | Stalls:  0
[HEARTBEAT] Node: 0 | Tick: 156901 | Conf: 156899 | Hash: 0x0FC213FB | Rollbacks:  0 (Resim:   0) | Stalls:  0
[HEARTBEAT] Node: 0 | Tick: 156961 | Conf: 156959 | Hash: 0x5E18510B | Rollbacks:  3 (Resim:   3) | Stalls:  0
[HEARTBEAT] Node: 0 | Tick: 157021 | Conf: 157019 | Hash: 0xB1B3064D | Rollbacks:  9 (Resim:   9) | Stalls:  0
[HEARTBEAT] Node: 0 | Tick: 157081 | Conf: 157079 | Hash: 0xE6B6354E | Rollbacks: 23 (Resim:  23) | Stalls:  0
[HEARTBEAT] Node: 0 | Tick: 157141 | Conf: 157139 | Hash: 0x456DF1CF | Rollbacks: 14 (Resim:  14) | Stalls:  0
[BOT:50006] Heartbeat - Sparse Mods Tracked: 2048
[HEARTBEAT] Node: 0 | Tick: 157201 | Conf: 157199 | Hash: 0x235B71B0 | Rollbacks:  6 (Resim:   6) | Stalls:  0
[HEARTBEAT] Node: 0 | Tick: 157261 | Conf: 157259 | Hash: 0xEEFE9F42 | Rollbacks: 12 (Resim:  12) | Stalls:  0
[HEARTBEAT] Node: 0 | Tick: 157321 | Conf: 157319 | Hash: 0x6F1BF461 | Rollbacks: 12 (Resim:  12) | Stalls:  0
[HEARTBEAT] Node: 0 | Tick: 157381 | Conf: 157379 | Hash: 0x46422112 | Rollbacks:  0 (Resim:   0) | Stalls:  0
[HEARTBEAT] Node: 0 | Tick: 157441 | Conf: 157439 | Hash: 0x44D2A3E0 | Rollbacks: 18 (Resim:  18) | Stalls:  0
[HEARTBEAT] Node: 0 | Tick: 157501 | Conf: 157499 | Hash: 0xEB174A07 | Rollbacks: 11 (Resim:  11) | Stalls:  0
[HEARTBEAT] Node: 0 | Tick: 157561 | Conf: 157559 | Hash: 0xFED4FC52 | Rollbacks:  2 (Resim:   2) | Stalls:  0
[HEARTBEAT] Node: 0 | Tick: 157621 | Conf: 157619 | Hash: 0xC9B75D9A | Rollbacks: 20 (Resim:  20) | Stalls:  0
[HEARTBEAT] Node: 0 | Tick: 157681 | Conf: 157679 | Hash: 0x3FBC9064 | Rollbacks: 17 (Resim:  17) | Stalls:  0
[HEARTBEAT] Node: 0 | Tick: 157741 | Conf: 157739 | Hash: 0x490AB3E3 | Rollbacks: 14 (Resim:  14) | Stalls:  0
[BOT:50006] Heartbeat - Sparse Mods Tracked: 2048
[HEARTBEAT] Node: 0 | Tick: 157801 | Conf: 157799 | Hash: 0xF6E9D662 | Rollbacks:  6 (Resim:   6) | Stalls:  0
[HEARTBEAT] Node: 0 | Tick: 157861 | Conf: 157859 | Hash: 0xE5CBFFE5 | Rollbacks:  0 (Resim:   0) | Stalls:  0
[HEARTBEAT] Node: 0 | Tick: 157921 | Conf: 157919 | Hash: 0xE96CC187 | Rollbacks: 12 (Resim:  12) | Stalls:  0
[HEARTBEAT] Node: 0 | Tick: 157981 | Conf: 157979 | Hash: 0xC2C65103 | Rollbacks: 15 (Resim:  15) | Stalls:  0
[HEARTBEAT] Node: 0 | Tick: 158041 | Conf: 158039 | Hash: 0x41D524B2 | Rollbacks: 27 (Resim:  27) | Stalls:  0
[HEARTBEAT] Node: 0 | Tick: 158101 | Conf: 158099 | Hash: 0x3ABD8AC8 | Rollbacks: 10 (Resim:  10) | Stalls:  0
[HEARTBEAT] Node: 0 | Tick: 158161 | Conf: 158159 | Hash: 0x24010DF4 | Rollbacks: 23 (Resim:  23) | Stalls:  0
[HEARTBEAT] Node: 0 | Tick: 158221 | Conf: 158219 | Hash: 0xBFBBB9D7 | Rollbacks:  5 (Resim:   5) | Stalls:  0
[HEARTBEAT] Node: 0 | Tick: 158281 | Conf: 158279 | Hash: 0x40897D8E | Rollbacks:  0 (Resim:   0) | Stalls:  0
[HEARTBEAT] Node: 0 | Tick: 158341 | Conf: 158339 | Hash: 0x959BABE3 | Rollbacks:  9 (Resim:   9) | Stalls:  0
[BOT:50006] Heartbeat - Sparse Mods Tracked: 2048
[HEARTBEAT] Node: 0 | Tick: 158401 | Conf: 158399 | Hash: 0xFAD26DF4 | Rollbacks:  9 (Resim:   9) | Stalls:  0
[HEARTBEAT] Node: 0 | Tick: 158461 | Conf: 158459 | Hash: 0xB426CDB6 | Rollbacks: 16 (Resim:  16) | Stalls:  0
[HEARTBEAT] Node: 0 | Tick: 158521 | Conf: 158519 | Hash: 0xD41D3D45 | Rollbacks: 22 (Resim:  22) | Stalls:  0
[HEARTBEAT] Node: 0 | Tick: 158581 | Conf: 158579 | Hash: 0x16313D57 | Rollbacks: 13 (Resim:  13) | Stalls:  0
[HEARTBEAT] Node: 0 | Tick: 158641 | Conf: 158639 | Hash: 0x2E4AD9B2 | Rollbacks:  6 (Resim:   6) | Stalls:  0
[HEARTBEAT] Node: 0 | Tick: 158701 | Conf: 158699 | Hash: 0xCC1B2A77 | Rollbacks:  7 (Resim:   7) | Stalls:  0
[HEARTBEAT] Node: 0 | Tick: 158761 | Conf: 158759 | Hash: 0xC5205778 | Rollbacks: 10 (Resim:  10) | Stalls:  0
[HEARTBEAT] Node: 0 | Tick: 158821 | Conf: 158819 | Hash: 0x021E90AF | Rollbacks:  1 (Resim:   1) | Stalls:  0
[HEARTBEAT] Node: 0 | Tick: 158881 | Conf: 158879 | Hash: 0x4127E4C1 | Rollbacks: 17 (Resim:  17) | Stalls:  0
[BOT:50006] Heartbeat - Sparse Mods Tracked: 2048
[HEARTBEAT] Node: 0 | Tick: 158941 | Conf: 158939 | Hash: 0x545CF17F | Rollbacks: 26 (Resim:  26) | Stalls:  0
[HEARTBEAT] Node: 0 | Tick: 159001 | Conf: 158999 | Hash: 0xE35F3DA1 | Rollbacks:  4 (Resim:   4) | Stalls:  0
[HEARTBEAT] Node: 0 | Tick: 159061 | Conf: 159059 | Hash: 0x5FCBBD82 | Rollbacks:  0 (Resim:   0) | Stalls:  0
[HEARTBEAT] Node: 0 | Tick: 159121 | Conf: 159119 | Hash: 0x940FA8C3 | Rollbacks: 23 (Resim:  23) | Stalls:  0
[HEARTBEAT] Node: 0 | Tick: 159181 | Conf: 159179 | Hash: 0xB96B4729 | Rollbacks: 20 (Resim:  20) | Stalls:  0
[HEARTBEAT] Node: 0 | Tick: 159241 | Conf: 159239 | Hash: 0xB4A231A5 | Rollbacks: 13 (Resim:  13) | Stalls:  0
[HEARTBEAT] Node: 0 | Tick: 159301 | Conf: 159299 | Hash: 0x4A50C4E2 | Rollbacks:  0 (Resim:   0) | Stalls:  0
[HEARTBEAT] Node: 0 | Tick: 159361 | Conf: 159359 | Hash: 0x12D27434 | Rollbacks:  7 (Resim:   7) | Stalls:  0
[HEARTBEAT] Node: 0 | Tick: 159421 | Conf: 159419 | Hash: 0x8B8D44ED | Rollbacks:  8 (Resim:   8) | Stalls:  0
[HEARTBEAT] Node: 0 | Tick: 159481 | Conf: 159479 | Hash: 0x2B612F0F | Rollbacks: 17 (Resim:  17) | Stalls:  0
[BOT:50006] Heartbeat - Sparse Mods Tracked: 2048
[HEARTBEAT] Node: 0 | Tick: 159541 | Conf: 159539 | Hash: 0xC3C00D36 | Rollbacks: 11 (Resim:  11) | Stalls:  0
[HEARTBEAT] Node: 0 | Tick: 159601 | Conf: 159599 | Hash: 0x6F1B02CD | Rollbacks:  9 (Resim:   9) | Stalls:  0
[HEARTBEAT] Node: 0 | Tick: 159661 | Conf: 159659 | Hash: 0xCC6A9DA3 | Rollbacks: 23 (Resim:  23) | Stalls:  0
[HEARTBEAT] Node: 0 | Tick: 159721 | Conf: 159719 | Hash: 0x69E1FA64 | Rollbacks:  4 (Resim:   4) | Stalls:  0
[HEARTBEAT] Node: 0 | Tick: 159781 | Conf: 159779 | Hash: 0x3306C437 | Rollbacks: 26 (Resim:  27) | Stalls:  0
[HEARTBEAT] Node: 0 | Tick: 159841 | Conf: 159839 | Hash: 0xD1508E8B | Rollbacks: 24 (Resim:  24) | Stalls:  0
[HEARTBEAT] Node: 0 | Tick: 159901 | Conf: 159899 | Hash: 0x49C2661D | Rollbacks:  5 (Resim:   5) | Stalls:  0
[HEARTBEAT] Node: 0 | Tick: 159961 | Conf: 159959 | Hash: 0x7B0D7053 | Rollbacks:  4 (Resim:   4) | Stalls:  0
[HEARTBEAT] Node: 0 | Tick: 160021 | Conf: 160019 | Hash: 0xA9645EAA | Rollbacks:  0 (Resim:   0) | Stalls:  0
[HEARTBEAT] Node: 0 | Tick: 160081 | Conf: 160079 | Hash: 0x93C84668 | Rollbacks: 19 (Resim:  19) | Stalls:  0
[BOT:50006] Heartbeat - Sparse Mods Tracked: 2048
[HEARTBEAT] Node: 0 | Tick: 160141 | Conf: 160139 | Hash: 0xD2B2B486 | Rollbacks: 15 (Resim:  15) | Stalls:  0
[HEARTBEAT] Node: 0 | Tick: 160201 | Conf: 160199 | Hash: 0xEB59D829 | Rollbacks:  5 (Resim:   5) | Stalls:  0
[HEARTBEAT] Node: 0 | Tick: 160261 | Conf: 160259 | Hash: 0xBFC6E569 | Rollbacks:  0 (Resim:   0) | Stalls:  0
[HEARTBEAT] Node: 0 | Tick: 160321 | Conf: 160319 | Hash: 0xDB8EC2BD | Rollbacks: 27 (Resim:  27) | Stalls:  0
[HEARTBEAT] Node: 0 | Tick: 160381 | Conf: 160379 | Hash: 0x4BDDE03C | Rollbacks: 10 (Resim:  10) | Stalls:  0
[HEARTBEAT] Node: 0 | Tick: 160441 | Conf: 160439 | Hash: 0xA56AC9E2 | Rollbacks:  0 (Resim:   0) | Stalls:  0
[HEARTBEAT] Node: 0 | Tick: 160501 | Conf: 160499 | Hash: 0xF26966BF | Rollbacks:  0 (Resim:   0) | Stalls:  0
[HEARTBEAT] Node: 0 | Tick: 160561 | Conf: 160559 | Hash: 0x29658A58 | Rollbacks: 15 (Resim:  15) | Stalls:  0
[HEARTBEAT] Node: 0 | Tick: 160621 | Conf: 160619 | Hash: 0xDBBBADDA | Rollbacks:  0 (Resim:   0) | Stalls:  0
[HEARTBEAT] Node: 0 | Tick: 160681 | Conf: 160679 | Hash: 0xF5758544 | Rollbacks:  2 (Resim:   2) | Stalls:  0
[BOT:50006] Heartbeat - Sparse Mods Tracked: 2048
[HEARTBEAT] Node: 0 | Tick: 160741 | Conf: 160739 | Hash: 0x25FAC75F | Rollbacks: 16 (Resim:  17) | Stalls:  0
[HEARTBEAT] Node: 0 | Tick: 160801 | Conf: 160799 | Hash: 0xC1B346C0 | Rollbacks: 13 (Resim:  13) | Stalls:  0
[HEARTBEAT] Node: 0 | Tick: 160861 | Conf: 160859 | Hash: 0xDC9EEDAE | Rollbacks:  0 (Resim:   0) | Stalls:  0
[HEARTBEAT] Node: 0 | Tick: 160921 | Conf: 160919 | Hash: 0x280A06D9 | Rollbacks:  3 (Resim:   3) | Stalls:  0
[HEARTBEAT] Node: 0 | Tick: 160981 | Conf: 160979 | Hash: 0x53BFC4A4 | Rollbacks: 14 (Resim:  14) | Stalls:  0
[HEARTBEAT] Node: 0 | Tick: 161041 | Conf: 161039 | Hash: 0x14B50E9E | Rollbacks:  0 (Resim:   0) | Stalls:  0
[HEARTBEAT] Node: 0 | Tick: 161101 | Conf: 161099 | Hash: 0xAA2D3EF6 | Rollbacks: 16 (Resim:  16) | Stalls:  0
[HEARTBEAT] Node: 0 | Tick: 161161 | Conf: 161159 | Hash: 0x12942B99 | Rollbacks:  1 (Resim:   1) | Stalls:  0
[HEARTBEAT] Node: 0 | Tick: 161221 | Conf: 161219 | Hash: 0x5E232D08 | Rollbacks:  2 (Resim:   2) | Stalls:  0
[HEARTBEAT] Node: 0 | Tick: 161281 | Conf: 161279 | Hash: 0xCC614DC5 | Rollbacks: 21 (Resim:  21) | Stalls:  0
[BOT:50006] Heartbeat - Sparse Mods Tracked: 2048
[HEARTBEAT] Node: 0 | Tick: 161341 | Conf: 161339 | Hash: 0x1A4D2B29 | Rollbacks: 12 (Resim:  12) | Stalls:  0
[HEARTBEAT] Node: 0 | Tick: 161401 | Conf: 161399 | Hash: 0x7C45E881 | Rollbacks: 24 (Resim:  24) | Stalls:  0
[HEARTBEAT] Node: 0 | Tick: 161461 | Conf: 161459 | Hash: 0xA7380F81 | Rollbacks:  8 (Resim:   8) | Stalls:  0
[HEARTBEAT] Node: 0 | Tick: 161521 | Conf: 161519 | Hash: 0x01FE1066 | Rollbacks:  0 (Resim:   0) | Stalls:  0
[HEARTBEAT] Node: 0 | Tick: 161581 | Conf: 161579 | Hash: 0x528950A2 | Rollbacks: 27 (Resim:  27) | Stalls:  0
[HEARTBEAT] Node: 0 | Tick: 161641 | Conf: 161639 | Hash: 0x778984B9 | Rollbacks:  5 (Resim:   5) | Stalls:  0
[HEARTBEAT] Node: 0 | Tick: 161701 | Conf: 161699 | Hash: 0xE5FA983B | Rollbacks: 10 (Resim:  10) | Stalls:  0
[HEARTBEAT] Node: 0 | Tick: 161761 | Conf: 161759 | Hash: 0xAFDE6CD3 | Rollbacks: 15 (Resim:  15) | Stalls:  0
[HEARTBEAT] Node: 0 | Tick: 161821 | Conf: 161819 | Hash: 0xB2F72783 | Rollbacks: 17 (Resim:  17) | Stalls:  0
[HEARTBEAT] Node: 0 | Tick: 161881 | Conf: 161879 | Hash: 0xE5B106C6 | Rollbacks:  0 (Resim:   0) | Stalls:  0
[BOT:50006] Heartbeat - Sparse Mods Tracked: 2048
[HEARTBEAT] Node: 0 | Tick: 161941 | Conf: 161939 | Hash: 0xBF78BC14 | Rollbacks: 15 (Resim:  15) | Stalls:  0
[HEARTBEAT] Node: 0 | Tick: 162001 | Conf: 161999 | Hash: 0x3399CD8B | Rollbacks:  5 (Resim:   6) | Stalls:  0
[HEARTBEAT] Node: 0 | Tick: 162061 | Conf: 162059 | Hash: 0x09B93CEC | Rollbacks:  0 (Resim:   0) | Stalls:  0
[HEARTBEAT] Node: 0 | Tick: 162121 | Conf: 162119 | Hash: 0xDA502F1E | Rollbacks: 19 (Resim:  19) | Stalls:  0
[HEARTBEAT] Node: 0 | Tick: 162181 | Conf: 162179 | Hash: 0x05667FF0 | Rollbacks: 12 (Resim:  12) | Stalls:  0
[HEARTBEAT] Node: 0 | Tick: 162241 | Conf: 162239 | Hash: 0xF22542A5 | Rollbacks:  0 (Resim:   0) | Stalls:  0
[HEARTBEAT] Node: 0 | Tick: 162301 | Conf: 162299 | Hash: 0x71B7389D | Rollbacks:  0 (Resim:   0) | Stalls:  0
[HEARTBEAT] Node: 0 | Tick: 162361 | Conf: 162359 | Hash: 0x6F77893B | Rollbacks: 25 (Resim:  25) | Stalls:  0
[HEARTBEAT] Node: 0 | Tick: 162421 | Conf: 162419 | Hash: 0x44E79271 | Rollbacks:  2 (Resim:   2) | Stalls:  0
[BOT:50006] Heartbeat - Sparse Mods Tracked: 2048
[HEARTBEAT] Node: 0 | Tick: 162481 | Conf: 162479 | Hash: 0x7AAAC3E5 | Rollbacks:  0 (Resim:   0) | Stalls:  0
[HEARTBEAT] Node: 0 | Tick: 162541 | Conf: 162539 | Hash: 0x2E38D2C7 | Rollbacks:  9 (Resim:   9) | Stalls:  0
[HEARTBEAT] Node: 0 | Tick: 162601 | Conf: 162599 | Hash: 0xF892F453 | Rollbacks:  0 (Resim:   0) | Stalls:  0
[HEARTBEAT] Node: 0 | Tick: 162661 | Conf: 162659 | Hash: 0xC1EECBF0 | Rollbacks: 18 (Resim:  18) | Stalls:  0
[HEARTBEAT] Node: 0 | Tick: 162721 | Conf: 162719 | Hash: 0x1B39054E | Rollbacks: 18 (Resim:  18) | Stalls:  0
[HEARTBEAT] Node: 0 | Tick: 162781 | Conf: 162779 | Hash: 0x2252F561 | Rollbacks: 10 (Resim:  10) | Stalls:  0
[HEARTBEAT] Node: 0 | Tick: 162841 | Conf: 162839 | Hash: 0xD9A7EC9B | Rollbacks:  0 (Resim:   0) | Stalls:  0
[HEARTBEAT] Node: 0 | Tick: 162901 | Conf: 162899 | Hash: 0x10EBFEA2 | Rollbacks:  1 (Resim:   1) | Stalls:  0
[HEARTBEAT] Node: 0 | Tick: 162961 | Conf: 162959 | Hash: 0x3F216D2D | Rollbacks:  0 (Resim:   0) | Stalls:  0
[HEARTBEAT] Node: 0 | Tick: 163021 | Conf: 163019 | Hash: 0x68F6B270 | Rollbacks: 14 (Resim:  14) | Stalls:  0
[BOT:50006] Heartbeat - Sparse Mods Tracked: 2048
[HEARTBEAT] Node: 0 | Tick: 163081 | Conf: 163079 | Hash: 0xA2BAE748 | Rollbacks:  0 (Resim:   0) | Stalls:  0
[HEARTBEAT] Node: 0 | Tick: 163141 | Conf: 163139 | Hash: 0x2A519143 | Rollbacks:  8 (Resim:   8) | Stalls:  0
[HEARTBEAT] Node: 0 | Tick: 163201 | Conf: 163199 | Hash: 0x09591D83 | Rollbacks:  1 (Resim:   1) | Stalls:  0
[HEARTBEAT] Node: 0 | Tick: 163261 | Conf: 163259 | Hash: 0x5ED9AA00 | Rollbacks:  0 (Resim:   0) | Stalls:  0
[HEARTBEAT] Node: 0 | Tick: 163321 | Conf: 163319 | Hash: 0x2664D29C | Rollbacks: 28 (Resim:  28) | Stalls:  0
[HEARTBEAT] Node: 0 | Tick: 163381 | Conf: 163379 | Hash: 0xAF562FC7 | Rollbacks: 16 (Resim:  16) | Stalls:  0
[HEARTBEAT] Node: 0 | Tick: 163441 | Conf: 163439 | Hash: 0x153B2E76 | Rollbacks: 11 (Resim:  11) | Stalls:  0
[HEARTBEAT] Node: 0 | Tick: 163501 | Conf: 163499 | Hash: 0x727C72A1 | Rollbacks:  3 (Resim:   3) | Stalls:  0
[HEARTBEAT] Node: 0 | Tick: 163561 | Conf: 163559 | Hash: 0x42544534 | Rollbacks:  0 (Resim:   0) | Stalls:  0
[HEARTBEAT] Node: 0 | Tick: 163621 | Conf: 163619 | Hash: 0x0A734C63 | Rollbacks:  1 (Resim:   1) | Stalls:  0
[BOT:50006] Heartbeat - Sparse Mods Tracked: 2048
[HEARTBEAT] Node: 0 | Tick: 163681 | Conf: 163679 | Hash: 0x6CB603A7 | Rollbacks:  9 (Resim:   9) | Stalls:  0
[HEARTBEAT] Node: 0 | Tick: 163741 | Conf: 163739 | Hash: 0x89DED53F | Rollbacks: 22 (Resim:  22) | Stalls:  0
[HEARTBEAT] Node: 0 | Tick: 163801 | Conf: 163799 | Hash: 0xA0967AF6 | Rollbacks: 20 (Resim:  20) | Stalls:  0
[HEARTBEAT] Node: 0 | Tick: 163861 | Conf: 163859 | Hash: 0xC4717403 | Rollbacks: 12 (Resim:  12) | Stalls:  0
[HEARTBEAT] Node: 0 | Tick: 163921 | Conf: 163919 | Hash: 0x8A61DA97 | Rollbacks:  5 (Resim:   5) | Stalls:  0
[HEARTBEAT] Node: 0 | Tick: 163981 | Conf: 163979 | Hash: 0x147463A4 | Rollbacks:  0 (Resim:   0) | Stalls:  0
[HEARTBEAT] Node: 0 | Tick: 164041 | Conf: 164039 | Hash: 0xE6A2194F | Rollbacks:  9 (Resim:   9) | Stalls:  0
[HEARTBEAT] Node: 0 | Tick: 164101 | Conf: 164099 | Hash: 0x03AE3C68 | Rollbacks:  5 (Resim:   5) | Stalls:  0
[HEARTBEAT] Node: 0 | Tick: 164161 | Conf: 164159 | Hash: 0x433E5DAF | Rollbacks: 11 (Resim:  11) | Stalls:  0
[HEARTBEAT] Node: 0 | Tick: 164221 | Conf: 164219 | Hash: 0x8D9EC755 | Rollbacks:  0 (Resim:   0) | Stalls:  0
[BOT:50006] Heartbeat - Sparse Mods Tracked: 2048
[HEARTBEAT] Node: 0 | Tick: 164281 | Conf: 164279 | Hash: 0x2FF85FEA | Rollbacks: 22 (Resim:  22) | Stalls:  0
[HEARTBEAT] Node: 0 | Tick: 164341 | Conf: 164339 | Hash: 0x8350C9BD | Rollbacks:  5 (Resim:   5) | Stalls:  0
[HEARTBEAT] Node: 0 | Tick: 164401 | Conf: 164399 | Hash: 0x62C7E659 | Rollbacks:  0 (Resim:   0) | Stalls:  0
[HEARTBEAT] Node: 0 | Tick: 164461 | Conf: 164459 | Hash: 0xAE4E5443 | Rollbacks: 18 (Resim:  18) | Stalls:  0
[HEARTBEAT] Node: 0 | Tick: 164521 | Conf: 164519 | Hash: 0x29E9187A | Rollbacks:  0 (Resim:   0) | Stalls:  0
[HEARTBEAT] Node: 0 | Tick: 164581 | Conf: 164579 | Hash: 0xB8939FBB | Rollbacks:  4 (Resim:   4) | Stalls:  0
[HEARTBEAT] Node: 0 | Tick: 164641 | Conf: 164639 | Hash: 0x2A2CC50F | Rollbacks: 16 (Resim:  16) | Stalls:  0
[HEARTBEAT] Node: 0 | Tick: 164701 | Conf: 164699 | Hash: 0x7B636174 | Rollbacks:  1 (Resim:   1) | Stalls:  0
[HEARTBEAT] Node: 0 | Tick: 164761 | Conf: 164759 | Hash: 0x954AB76B | Rollbacks: 11 (Resim:  11) | Stalls:  0
[HEARTBEAT] Node: 0 | Tick: 164821 | Conf: 164819 | Hash: 0xE9AD03AD | Rollbacks:  0 (Resim:   0) | Stalls:  0
[BOT:50006] Heartbeat - Sparse Mods Tracked: 2048
[HEARTBEAT] Node: 0 | Tick: 164881 | Conf: 164879 | Hash: 0x7690EF6F | Rollbacks:  9 (Resim:   9) | Stalls:  0
[HEARTBEAT] Node: 0 | Tick: 164941 | Conf: 164939 | Hash: 0x175246D8 | Rollbacks:  0 (Resim:   0) | Stalls:  0
[HEARTBEAT] Node: 0 | Tick: 165001 | Conf: 164999 | Hash: 0x39D43856 | Rollbacks: 12 (Resim:  12) | Stalls:  0
[HEARTBEAT] Node: 0 | Tick: 165061 | Conf: 165059 | Hash: 0x19D11C79 | Rollbacks: 12 (Resim:  12) | Stalls:  0
[HEARTBEAT] Node: 0 | Tick: 165121 | Conf: 165119 | Hash: 0xBADA6518 | Rollbacks:  1 (Resim:   1) | Stalls:  0
[HEARTBEAT] Node: 0 | Tick: 165181 | Conf: 165179 | Hash: 0x60175FDE | Rollbacks:  1 (Resim:   1) | Stalls:  0
[HEARTBEAT] Node: 0 | Tick: 165241 | Conf: 165239 | Hash: 0x6F763D12 | Rollbacks: 15 (Resim:  15) | Stalls:  0
[HEARTBEAT] Node: 0 | Tick: 165301 | Conf: 165299 | Hash: 0x9879B825 | Rollbacks:  1 (Resim:   1) | Stalls:  0
[HEARTBEAT] Node: 0 | Tick: 165361 | Conf: 165359 | Hash: 0xFD6FE678 | Rollbacks: 16 (Resim:  16) | Stalls:  0
[BOT:50006] Heartbeat - Sparse Mods Tracked: 2048
[HEARTBEAT] Node: 0 | Tick: 165421 | Conf: 165419 | Hash: 0x05B6EBC9 | Rollbacks:  0 (Resim:   0) | Stalls:  0
[HEARTBEAT] Node: 0 | Tick: 165481 | Conf: 165479 | Hash: 0xFEAB1D68 | Rollbacks:  5 (Resim:   5) | Stalls:  0
[HEARTBEAT] Node: 0 | Tick: 165541 | Conf: 165539 | Hash: 0xAB80C712 | Rollbacks:  3 (Resim:   3) | Stalls:  0
[HEARTBEAT] Node: 0 | Tick: 165601 | Conf: 165599 | Hash: 0x479CCB54 | Rollbacks:  9 (Resim:   9) | Stalls:  0
[HEARTBEAT] Node: 0 | Tick: 165661 | Conf: 165659 | Hash: 0x631C7A41 | Rollbacks: 11 (Resim:  11) | Stalls:  0
[HEARTBEAT] Node: 0 | Tick: 165721 | Conf: 165719 | Hash: 0xD8F43B34 | Rollbacks:  5 (Resim:   5) | Stalls:  0
[HEARTBEAT] Node: 0 | Tick: 165781 | Conf: 165779 | Hash: 0x21AC19F2 | Rollbacks: 15 (Resim:  15) | Stalls:  0
[HEARTBEAT] Node: 0 | Tick: 165841 | Conf: 165839 | Hash: 0x565AAEAF | Rollbacks:  0 (Resim:   0) | Stalls:  0
[HEARTBEAT] Node: 0 | Tick: 165901 | Conf: 165899 | Hash: 0x8F8148F1 | Rollbacks: 16 (Resim:  16) | Stalls:  0
[HEARTBEAT] Node: 0 | Tick: 165961 | Conf: 165959 | Hash: 0x96A0C462 | Rollbacks:  3 (Resim:   3) | Stalls:  0
[BOT:50006] Heartbeat - Sparse Mods Tracked: 2048
[HEARTBEAT] Node: 0 | Tick: 166021 | Conf: 166019 | Hash: 0xA3F8832C | Rollbacks:  7 (Resim:   7) | Stalls:  0
[HEARTBEAT] Node: 0 | Tick: 166081 | Conf: 166079 | Hash: 0x40F6533D | Rollbacks:  8 (Resim:   8) | Stalls:  0
[HEARTBEAT] Node: 0 | Tick: 166141 | Conf: 166139 | Hash: 0x2AA5CAA7 | Rollbacks:  0 (Resim:   0) | Stalls:  0
[HEARTBEAT] Node: 0 | Tick: 166201 | Conf: 166199 | Hash: 0x23AA522A | Rollbacks:  7 (Resim:   7) | Stalls:  0
[HEARTBEAT] Node: 0 | Tick: 166261 | Conf: 166259 | Hash: 0x5121095B | Rollbacks:  5 (Resim:   5) | Stalls:  0
[HEARTBEAT] Node: 0 | Tick: 166321 | Conf: 166319 | Hash: 0xEBB0AB9C | Rollbacks: 13 (Resim:  13) | Stalls:  0
[HEARTBEAT] Node: 0 | Tick: 166381 | Conf: 166379 | Hash: 0x3CFB8E80 | Rollbacks:  1 (Resim:   1) | Stalls:  0
[HEARTBEAT] Node: 0 | Tick: 166441 | Conf: 166439 | Hash: 0xC782D913 | Rollbacks:  9 (Resim:   9) | Stalls:  0
[HEARTBEAT] Node: 0 | Tick: 166501 | Conf: 166499 | Hash: 0xD794D37D | Rollbacks:  6 (Resim:   6) | Stalls:  0
[HEARTBEAT] Node: 0 | Tick: 166561 | Conf: 166559 | Hash: 0x9982B0A9 | Rollbacks:  1 (Resim:   1) | Stalls:  0
[BOT:50006] Heartbeat - Sparse Mods Tracked: 2048
[HEARTBEAT] Node: 0 | Tick: 166621 | Conf: 166619 | Hash: 0x9AE11817 | Rollbacks: 22 (Resim:  22) | Stalls:  0
[HEARTBEAT] Node: 0 | Tick: 166681 | Conf: 166679 | Hash: 0xE94178E6 | Rollbacks:  2 (Resim:   2) | Stalls:  0
[HEARTBEAT] Node: 0 | Tick: 166741 | Conf: 166739 | Hash: 0xDE8EA72E | Rollbacks:  0 (Resim:   0) | Stalls:  0
[HEARTBEAT] Node: 0 | Tick: 166801 | Conf: 166799 | Hash: 0x07965E4E | Rollbacks: 12 (Resim:  12) | Stalls:  0
[HEARTBEAT] Node: 0 | Tick: 166861 | Conf: 166859 | Hash: 0x1ABC0BD5 | Rollbacks: 14 (Resim:  14) | Stalls:  0
[HEARTBEAT] Node: 0 | Tick: 166921 | Conf: 166919 | Hash: 0xB6E94DD4 | Rollbacks:  0 (Resim:   0) | Stalls:  0
[HEARTBEAT] Node: 0 | Tick: 166981 | Conf: 166979 | Hash: 0x7322A6D4 | Rollbacks:  3 (Resim:   3) | Stalls:  0
[HEARTBEAT] Node: 0 | Tick: 167041 | Conf: 167039 | Hash: 0x1E7547E1 | Rollbacks: 22 (Resim:  23) | Stalls:  0
[HEARTBEAT] Node: 0 | Tick: 167101 | Conf: 167099 | Hash: 0xC1C98179 | Rollbacks:  1 (Resim:   1) | Stalls:  0
[HEARTBEAT] Node: 0 | Tick: 167161 | Conf: 167159 | Hash: 0x1AE35BDA | Rollbacks: 16 (Resim:  16) | Stalls:  0
[BOT:50006] Heartbeat - Sparse Mods Tracked: 2048
[HEARTBEAT] Node: 0 | Tick: 167221 | Conf: 167219 | Hash: 0x8AB5B980 | Rollbacks: 17 (Resim:  17) | Stalls:  0
[HEARTBEAT] Node: 0 | Tick: 167281 | Conf: 167279 | Hash: 0x2FB5A228 | Rollbacks:  8 (Resim:   8) | Stalls:  0
[HEARTBEAT] Node: 0 | Tick: 167341 | Conf: 167339 | Hash: 0x133A0736 | Rollbacks:  0 (Resim:   0) | Stalls:  0
[HEARTBEAT] Node: 0 | Tick: 167401 | Conf: 167399 | Hash: 0x57A60E67 | Rollbacks: 11 (Resim:  11) | Stalls:  0
[HEARTBEAT] Node: 0 | Tick: 167461 | Conf: 167459 | Hash: 0x9C854F70 | Rollbacks:  2 (Resim:   2) | Stalls:  0
[HEARTBEAT] Node: 0 | Tick: 167521 | Conf: 167519 | Hash: 0x2062E86E | Rollbacks:  0 (Resim:   0) | Stalls:  0
[HEARTBEAT] Node: 0 | Tick: 167581 | Conf: 167579 | Hash: 0x93BF419A | Rollbacks: 17 (Resim:  17) | Stalls:  0
[HEARTBEAT] Node: 0 | Tick: 167641 | Conf: 167639 | Hash: 0xE6486513 | Rollbacks: 10 (Resim:  10) | Stalls:  0
[HEARTBEAT] Node: 0 | Tick: 167701 | Conf: 167699 | Hash: 0xF21A0B4F | Rollbacks:  0 (Resim:   0) | Stalls:  0
[HEARTBEAT] Node: 0 | Tick: 167761 | Conf: 167759 | Hash: 0x46316B5A | Rollbacks: 13 (Resim:  13) | Stalls:  0
[BOT:50006] Heartbeat - Sparse Mods Tracked: 2048
[HEARTBEAT] Node: 0 | Tick: 167821 | Conf: 167819 | Hash: 0x03D3D527 | Rollbacks:  2 (Resim:   2) | Stalls:  0
[HEARTBEAT] Node: 0 | Tick: 167881 | Conf: 167879 | Hash: 0x978BDD0B | Rollbacks:  2 (Resim:   2) | Stalls:  0
[HEARTBEAT] Node: 0 | Tick: 167941 | Conf: 167939 | Hash: 0x3F63F5B5 | Rollbacks: 20 (Resim:  20) | Stalls:  0
[HEARTBEAT] Node: 0 | Tick: 168001 | Conf: 167999 | Hash: 0x2B87782C | Rollbacks:  4 (Resim:   4) | Stalls:  0
[HEARTBEAT] Node: 0 | Tick: 168061 | Conf: 168059 | Hash: 0x46ED15C6 | Rollbacks:  4 (Resim:   4) | Stalls:  0
[HEARTBEAT] Node: 0 | Tick: 168121 | Conf: 168119 | Hash: 0x5878DE0E | Rollbacks: 22 (Resim:  22) | Stalls:  0
[HEARTBEAT] Node: 0 | Tick: 168181 | Conf: 168179 | Hash: 0x97427990 | Rollbacks:  4 (Resim:   4) | Stalls:  0
[HEARTBEAT] Node: 0 | Tick: 168241 | Conf: 168239 | Hash: 0x590E7070 | Rollbacks:  4 (Resim:   4) | Stalls:  0
[HEARTBEAT] Node: 0 | Tick: 168301 | Conf: 168299 | Hash: 0x96C03003 | Rollbacks: 23 (Resim:  23) | Stalls:  0
[BOT:50006] Heartbeat - Sparse Mods Tracked: 2048
[HEARTBEAT] Node: 0 | Tick: 168361 | Conf: 168359 | Hash: 0x04423640 | Rollbacks:  3 (Resim:   3) | Stalls:  0
[HEARTBEAT] Node: 0 | Tick: 168421 | Conf: 168419 | Hash: 0xD042D58D | Rollbacks:  0 (Resim:   0) | Stalls:  0
[HEARTBEAT] Node: 0 | Tick: 168481 | Conf: 168479 | Hash: 0x556BAC80 | Rollbacks: 14 (Resim:  14) | Stalls:  0
[HEARTBEAT] Node: 0 | Tick: 168541 | Conf: 168539 | Hash: 0x0337D6B5 | Rollbacks: 11 (Resim:  11) | Stalls:  0
[HEARTBEAT] Node: 0 | Tick: 168601 | Conf: 168599 | Hash: 0x65073964 | Rollbacks:  6 (Resim:   6) | Stalls:  0
[HEARTBEAT] Node: 0 | Tick: 168661 | Conf: 168659 | Hash: 0x2D2EEB3A | Rollbacks:  3 (Resim:   3) | Stalls:  0
[HEARTBEAT] Node: 0 | Tick: 168721 | Conf: 168719 | Hash: 0x610A4DA4 | Rollbacks:  0 (Resim:   0) | Stalls:  0
[HEARTBEAT] Node: 0 | Tick: 168781 | Conf: 168779 | Hash: 0x64297CBC | Rollbacks:  8 (Resim:   8) | Stalls:  0
[HEARTBEAT] Node: 0 | Tick: 168841 | Conf: 168839 | Hash: 0x91C9F812 | Rollbacks: 17 (Resim:  17) | Stalls:  0
[HEARTBEAT] Node: 0 | Tick: 168901 | Conf: 168899 | Hash: 0x9CA70818 | Rollbacks:  1 (Resim:   1) | Stalls:  0
[BOT:50006] Heartbeat - Sparse Mods Tracked: 2048
[HEARTBEAT] Node: 0 | Tick: 168961 | Conf: 168959 | Hash: 0x32F8D2F0 | Rollbacks:  9 (Resim:   9) | Stalls:  0
[HEARTBEAT] Node: 0 | Tick: 169021 | Conf: 169019 | Hash: 0x40E4D2A0 | Rollbacks:  7 (Resim:   7) | Stalls:  0
[HEARTBEAT] Node: 0 | Tick: 169081 | Conf: 169079 | Hash: 0xECFF1AC2 | Rollbacks:  0 (Resim:   0) | Stalls:  0
[HEARTBEAT] Node: 0 | Tick: 169141 | Conf: 169139 | Hash: 0xB4CF47AD | Rollbacks: 26 (Resim:  26) | Stalls:  0
[HEARTBEAT] Node: 0 | Tick: 169201 | Conf: 169199 | Hash: 0x08A2651B | Rollbacks:  0 (Resim:   0) | Stalls:  0
[HEARTBEAT] Node: 0 | Tick: 169261 | Conf: 169259 | Hash: 0x4EE27FE6 | Rollbacks: 11 (Resim:  11) | Stalls:  0
[HEARTBEAT] Node: 0 | Tick: 169321 | Conf: 169319 | Hash: 0x42C4D18E | Rollbacks:  9 (Resim:   9) | Stalls:  0
[HEARTBEAT] Node: 0 | Tick: 169381 | Conf: 169379 | Hash: 0xADD6BE08 | Rollbacks:  7 (Resim:   8) | Stalls:  0
[HEARTBEAT] Node: 0 | Tick: 169441 | Conf: 169439 | Hash: 0x0993938B | Rollbacks:  8 (Resim:   8) | Stalls:  0
[HEARTBEAT] Node: 0 | Tick: 169501 | Conf: 169499 | Hash: 0x87A1EE88 | Rollbacks: 12 (Resim:  12) | Stalls:  0
[BOT:50006] Heartbeat - Sparse Mods Tracked: 2048
[HEARTBEAT] Node: 0 | Tick: 169561 | Conf: 169559 | Hash: 0x19735466 | Rollbacks: 20 (Resim:  20) | Stalls:  0
[HEARTBEAT] Node: 0 | Tick: 169621 | Conf: 169619 | Hash: 0xC5C7C085 | Rollbacks:  0 (Resim:   0) | Stalls:  0
[HEARTBEAT] Node: 0 | Tick: 169681 | Conf: 169679 | Hash: 0xA3F8C687 | Rollbacks: 23 (Resim:  24) | Stalls:  0
[HEARTBEAT] Node: 0 | Tick: 169741 | Conf: 169739 | Hash: 0xAEECF2A2 | Rollbacks:  2 (Resim:   2) | Stalls:  0
[HEARTBEAT] Node: 0 | Tick: 169801 | Conf: 169799 | Hash: 0xD55F63CF | Rollbacks: 14 (Resim:  14) | Stalls:  0
[HEARTBEAT] Node: 0 | Tick: 169861 | Conf: 169859 | Hash: 0x283B8B56 | Rollbacks:  0 (Resim:   0) | Stalls:  0
[HEARTBEAT] Node: 0 | Tick: 169921 | Conf: 169919 | Hash: 0x79E0AA78 | Rollbacks:  0 (Resim:   0) | Stalls:  0
[HEARTBEAT] Node: 0 | Tick: 169981 | Conf: 169979 | Hash: 0x7D110668 | Rollbacks: 19 (Resim:  19) | Stalls:  0
[HEARTBEAT] Node: 0 | Tick: 170041 | Conf: 170039 | Hash: 0x82EE57E3 | Rollbacks: 11 (Resim:  11) | Stalls:  0
[HEARTBEAT] Node: 0 | Tick: 170101 | Conf: 170099 | Hash: 0x5E641EFA | Rollbacks:  0 (Resim:   0) | Stalls:  0
[BOT:50006] Heartbeat - Sparse Mods Tracked: 2048
[HEARTBEAT] Node: 0 | Tick: 170161 | Conf: 170159 | Hash: 0xC182DAFD | Rollbacks:  0 (Resim:   0) | Stalls:  0
[HEARTBEAT] Node: 0 | Tick: 170221 | Conf: 170219 | Hash: 0x6EA72D31 | Rollbacks:  0 (Resim:   0) | Stalls:  0
[HEARTBEAT] Node: 0 | Tick: 170281 | Conf: 170279 | Hash: 0xC0A2D989 | Rollbacks:  8 (Resim:   8) | Stalls:  0
[HEARTBEAT] Node: 0 | Tick: 170341 | Conf: 170339 | Hash: 0x42328FB4 | Rollbacks: 13 (Resim:  13) | Stalls:  0
[HEARTBEAT] Node: 0 | Tick: 170401 | Conf: 170399 | Hash: 0xC81922C3 | Rollbacks:  0 (Resim:   0) | Stalls:  0
[HEARTBEAT] Node: 0 | Tick: 170461 | Conf: 170459 | Hash: 0x053D522A | Rollbacks:  0 (Resim:   0) | Stalls:  0
[HEARTBEAT] Node: 0 | Tick: 170521 | Conf: 170519 | Hash: 0xCC883720 | Rollbacks:  6 (Resim:   6) | Stalls:  0
[HEARTBEAT] Node: 0 | Tick: 170581 | Conf: 170579 | Hash: 0x924E372B | Rollbacks:  0 (Resim:   0) | Stalls:  0
[HEARTBEAT] Node: 0 | Tick: 170641 | Conf: 170639 | Hash: 0xF2AB76D2 | Rollbacks:  0 (Resim:   0) | Stalls:  0
[BOT:50006] Heartbeat - Sparse Mods Tracked: 2048
[HEARTBEAT] Node: 0 | Tick: 170701 | Conf: 170699 | Hash: 0x1DEF1FAF | Rollbacks:  0 (Resim:   0) | Stalls:  0
[HEARTBEAT] Node: 0 | Tick: 170761 | Conf: 170759 | Hash: 0xD3E80D2A | Rollbacks:  1 (Resim:   1) | Stalls:  0
[HEARTBEAT] Node: 0 | Tick: 170821 | Conf: 170819 | Hash: 0xF674E128 | Rollbacks:  0 (Resim:   0) | Stalls:  0
[HEARTBEAT] Node: 0 | Tick: 170881 | Conf: 170879 | Hash: 0xAAFCD30B | Rollbacks:  3 (Resim:   3) | Stalls:  0
[HEARTBEAT] Node: 0 | Tick: 170941 | Conf: 170939 | Hash: 0x0D6B65E1 | Rollbacks:  9 (Resim:   9) | Stalls:  0
[HEARTBEAT] Node: 0 | Tick: 171001 | Conf: 170999 | Hash: 0x78673245 | Rollbacks: 18 (Resim:  18) | Stalls:  0
[HEARTBEAT] Node: 0 | Tick: 171061 | Conf: 171059 | Hash: 0xBD1D6865 | Rollbacks:  0 (Resim:   0) | Stalls:  0
[HEARTBEAT] Node: 0 | Tick: 171121 | Conf: 171119 | Hash: 0xAA39206C | Rollbacks: 12 (Resim:  12) | Stalls:  0
[HEARTBEAT] Node: 0 | Tick: 171181 | Conf: 171179 | Hash: 0xFD1B890E | Rollbacks:  8 (Resim:   8) | Stalls:  0
[HEARTBEAT] Node: 0 | Tick: 171241 | Conf: 171239 | Hash: 0xE2693B1E | Rollbacks:  0 (Resim:   0) | Stalls:  0
[BOT:50006] Heartbeat - Sparse Mods Tracked: 2048
[HEARTBEAT] Node: 0 | Tick: 171301 | Conf: 171299 | Hash: 0xECD7BD41 | Rollbacks: 19 (Resim:  19) | Stalls:  0
[HEARTBEAT] Node: 0 | Tick: 171361 | Conf: 171359 | Hash: 0xF7813534 | Rollbacks:  2 (Resim:   2) | Stalls:  0
[HEARTBEAT] Node: 0 | Tick: 171421 | Conf: 171419 | Hash: 0x835A4803 | Rollbacks:  4 (Resim:   4) | Stalls:  0
[HEARTBEAT] Node: 0 | Tick: 171481 | Conf: 171479 | Hash: 0x0E63C5CC | Rollbacks:  0 (Resim:   0) | Stalls:  0
[HEARTBEAT] Node: 0 | Tick: 171541 | Conf: 171539 | Hash: 0xC100B150 | Rollbacks:  8 (Resim:   8) | Stalls:  0
[HEARTBEAT] Node: 0 | Tick: 171601 | Conf: 171599 | Hash: 0xDFDE839A | Rollbacks: 15 (Resim:  15) | Stalls:  0
[HEARTBEAT] Node: 0 | Tick: 171661 | Conf: 171659 | Hash: 0x3557EAF1 | Rollbacks:  1 (Resim:   1) | Stalls:  0
[HEARTBEAT] Node: 0 | Tick: 171721 | Conf: 171719 | Hash: 0x41C2B7A6 | Rollbacks: 18 (Resim:  18) | Stalls:  0
[HEARTBEAT] Node: 0 | Tick: 171781 | Conf: 171779 | Hash: 0xE7CABF52 | Rollbacks:  0 (Resim:   0) | Stalls:  0
[HEARTBEAT] Node: 0 | Tick: 171841 | Conf: 171839 | Hash: 0x0418333E | Rollbacks:  0 (Resim:   0) | Stalls:  0
[BOT:50006] Heartbeat - Sparse Mods Tracked: 2048
[HEARTBEAT] Node: 0 | Tick: 171901 | Conf: 171899 | Hash: 0x9D8786B2 | Rollbacks: 23 (Resim:  24) | Stalls:  0
[HEARTBEAT] Node: 0 | Tick: 171961 | Conf: 171959 | Hash: 0x02F1E0AB | Rollbacks:  3 (Resim:   3) | Stalls:  0
[HEARTBEAT] Node: 0 | Tick: 172021 | Conf: 172019 | Hash: 0x2435E4E9 | Rollbacks:  0 (Resim:   0) | Stalls:  0
[HEARTBEAT] Node: 0 | Tick: 172081 | Conf: 172079 | Hash: 0x0B0B410F | Rollbacks: 17 (Resim:  17) | Stalls:  0
[HEARTBEAT] Node: 0 | Tick: 172141 | Conf: 172139 | Hash: 0x19177CA5 | Rollbacks: 11 (Resim:  11) | Stalls:  0
[HEARTBEAT] Node: 0 | Tick: 172201 | Conf: 172199 | Hash: 0x2C037662 | Rollbacks:  0 (Resim:   0) | Stalls:  0
[HEARTBEAT] Node: 0 | Tick: 172261 | Conf: 172259 | Hash: 0x5FDB4005 | Rollbacks: 15 (Resim:  15) | Stalls:  0
[HEARTBEAT] Node: 0 | Tick: 172321 | Conf: 172319 | Hash: 0x02D3F1C0 | Rollbacks:  1 (Resim:   1) | Stalls:  0
[HEARTBEAT] Node: 0 | Tick: 172381 | Conf: 172379 | Hash: 0x5FADEBDD | Rollbacks: 32 (Resim:  32) | Stalls:  0
[HEARTBEAT] Node: 0 | Tick: 172441 | Conf: 172439 | Hash: 0xD8AD94E2 | Rollbacks: 17 (Resim:  17) | Stalls:  0
[BOT:50006] Heartbeat - Sparse Mods Tracked: 2048
[HEARTBEAT] Node: 0 | Tick: 172501 | Conf: 172499 | Hash: 0x0F030DF0 | Rollbacks: 12 (Resim:  12) | Stalls:  0
[HEARTBEAT] Node: 0 | Tick: 172561 | Conf: 172559 | Hash: 0x3EFD3B26 | Rollbacks:  3 (Resim:   3) | Stalls:  0
[HEARTBEAT] Node: 0 | Tick: 172621 | Conf: 172619 | Hash: 0xB337BBC8 | Rollbacks: 32 (Resim:  32) | Stalls:  0
[HEARTBEAT] Node: 0 | Tick: 172681 | Conf: 172679 | Hash: 0x4EB5774C | Rollbacks:  4 (Resim:   4) | Stalls:  0
[HEARTBEAT] Node: 0 | Tick: 172741 | Conf: 172739 | Hash: 0x785805A8 | Rollbacks: 18 (Resim:  18) | Stalls:  0
[HEARTBEAT] Node: 0 | Tick: 172801 | Conf: 172799 | Hash: 0x0A6492AE | Rollbacks:  5 (Resim:   5) | Stalls:  0
[HEARTBEAT] Node: 0 | Tick: 172861 | Conf: 172859 | Hash: 0x6DDE19D9 | Rollbacks:  0 (Resim:   0) | Stalls:  0
[HEARTBEAT] Node: 0 | Tick: 172921 | Conf: 172919 | Hash: 0x1FC54C56 | Rollbacks: 22 (Resim:  22) | Stalls:  0
[HEARTBEAT] Node: 0 | Tick: 172981 | Conf: 172979 | Hash: 0x04B38C0C | Rollbacks: 14 (Resim:  14) | Stalls:  0
[HEARTBEAT] Node: 0 | Tick: 173041 | Conf: 173039 | Hash: 0xC18C1F0E | Rollbacks: 16 (Resim:  16) | Stalls:  0
[BOT:50006] Heartbeat - Sparse Mods Tracked: 2048
[HEARTBEAT] Node: 0 | Tick: 173101 | Conf: 173099 | Hash: 0xFE909B64 | Rollbacks: 17 (Resim:  17) | Stalls:  0
[HEARTBEAT] Node: 0 | Tick: 173161 | Conf: 173159 | Hash: 0x474C1A54 | Rollbacks: 17 (Resim:  17) | Stalls:  0
[HEARTBEAT] Node: 0 | Tick: 173221 | Conf: 173219 | Hash: 0x6FB71000 | Rollbacks:  0 (Resim:   0) | Stalls:  0
[HEARTBEAT] Node: 0 | Tick: 173281 | Conf: 173279 | Hash: 0x99D68CB7 | Rollbacks:  9 (Resim:   9) | Stalls:  0
[HEARTBEAT] Node: 0 | Tick: 173341 | Conf: 173339 | Hash: 0x6A296D97 | Rollbacks:  0 (Resim:   0) | Stalls:  0
[HEARTBEAT] Node: 0 | Tick: 173401 | Conf: 173399 | Hash: 0x544BE358 | Rollbacks:  0 (Resim:   0) | Stalls:  0
[HEARTBEAT] Node: 0 | Tick: 173461 | Conf: 173459 | Hash: 0x7D07D850 | Rollbacks:  0 (Resim:   0) | Stalls:  0
[HEARTBEAT] Node: 0 | Tick: 173521 | Conf: 173519 | Hash: 0xF91D7B03 | Rollbacks:  0 (Resim:   0) | Stalls:  0
[HEARTBEAT] Node: 0 | Tick: 173581 | Conf: 173579 | Hash: 0x7D6A410C | Rollbacks: 10 (Resim:  10) | Stalls:  0
[BOT:50006] Heartbeat - Sparse Mods Tracked: 2048
[HEARTBEAT] Node: 0 | Tick: 173641 | Conf: 173639 | Hash: 0xFF83F7A0 | Rollbacks: 23 (Resim:  23) | Stalls:  0
[HEARTBEAT] Node: 0 | Tick: 173701 | Conf: 173699 | Hash: 0x50B2A34F | Rollbacks: 22 (Resim:  23) | Stalls:  0
[HEARTBEAT] Node: 0 | Tick: 173761 | Conf: 173759 | Hash: 0x5CAFEDBD | Rollbacks: 23 (Resim:  23) | Stalls:  0
[HEARTBEAT] Node: 0 | Tick: 173821 | Conf: 173819 | Hash: 0xD1B1A14A | Rollbacks: 23 (Resim:  23) | Stalls:  0
[HEARTBEAT] Node: 0 | Tick: 173881 | Conf: 173879 | Hash: 0xB0C63CC6 | Rollbacks: 21 (Resim:  21) | Stalls:  0
[HEARTBEAT] Node: 0 | Tick: 173941 | Conf: 173939 | Hash: 0x9ECDE532 | Rollbacks: 22 (Resim:  22) | Stalls:  0
[HEARTBEAT] Node: 0 | Tick: 174001 | Conf: 173999 | Hash: 0xA7AAA3D2 | Rollbacks:  2 (Resim:   2) | Stalls:  0
[HEARTBEAT] Node: 0 | Tick: 174061 | Conf: 174059 | Hash: 0xC22FDC4C | Rollbacks:  0 (Resim:   0) | Stalls:  0
[HEARTBEAT] Node: 0 | Tick: 174121 | Conf: 174119 | Hash: 0xB75B48C8 | Rollbacks: 19 (Resim:  19) | Stalls:  0
[HEARTBEAT] Node: 0 | Tick: 174181 | Conf: 174179 | Hash: 0x448A909D | Rollbacks:  9 (Resim:   9) | Stalls:  0
[BOT:50006] Heartbeat - Sparse Mods Tracked: 2048
[HEARTBEAT] Node: 0 | Tick: 174241 | Conf: 174239 | Hash: 0xC3B82197 | Rollbacks:  6 (Resim:   6) | Stalls:  0
[HEARTBEAT] Node: 0 | Tick: 174301 | Conf: 174299 | Hash: 0x78493AF8 | Rollbacks:  9 (Resim:  10) | Stalls:  0
[HEARTBEAT] Node: 0 | Tick: 174361 | Conf: 174359 | Hash: 0x9AD42717 | Rollbacks: 25 (Resim:  25) | Stalls:  0
[HEARTBEAT] Node: 0 | Tick: 174421 | Conf: 174419 | Hash: 0x4742C98B | Rollbacks: 20 (Resim:  20) | Stalls:  0
[HEARTBEAT] Node: 0 | Tick: 174481 | Conf: 174479 | Hash: 0xAD44FA20 | Rollbacks: 16 (Resim:  16) | Stalls:  0
[HEARTBEAT] Node: 0 | Tick: 174541 | Conf: 174539 | Hash: 0x684F286A | Rollbacks: 15 (Resim:  15) | Stalls:  0
[HEARTBEAT] Node: 0 | Tick: 174601 | Conf: 174599 | Hash: 0x12CA7EB3 | Rollbacks:  0 (Resim:   0) | Stalls:  0
[HEARTBEAT] Node: 0 | Tick: 174661 | Conf: 174659 | Hash: 0x653C8599 | Rollbacks:  5 (Resim:   5) | Stalls:  0
[HEARTBEAT] Node: 0 | Tick: 174721 | Conf: 174719 | Hash: 0xEBA134DD | Rollbacks:  0 (Resim:   0) | Stalls:  0
[HEARTBEAT] Node: 0 | Tick: 174781 | Conf: 174779 | Hash: 0xACCA1D68 | Rollbacks: 12 (Resim:  12) | Stalls:  0
[BOT:50006] Heartbeat - Sparse Mods Tracked: 2048
[HEARTBEAT] Node: 0 | Tick: 174841 | Conf: 174839 | Hash: 0xBF213517 | Rollbacks: 18 (Resim:  18) | Stalls:  0
[HEARTBEAT] Node: 0 | Tick: 174901 | Conf: 174899 | Hash: 0x967A2946 | Rollbacks:  8 (Resim:   8) | Stalls:  0
[HEARTBEAT] Node: 0 | Tick: 174961 | Conf: 174959 | Hash: 0x73E51AA4 | Rollbacks:  0 (Resim:   0) | Stalls:  0
[HEARTBEAT] Node: 0 | Tick: 175021 | Conf: 175019 | Hash: 0x462374D4 | Rollbacks:  0 (Resim:   0) | Stalls:  0
[HEARTBEAT] Node: 0 | Tick: 175081 | Conf: 175079 | Hash: 0x3F02A436 | Rollbacks: 17 (Resim:  17) | Stalls:  0
[HEARTBEAT] Node: 0 | Tick: 175141 | Conf: 175139 | Hash: 0x01FA3E8A | Rollbacks: 13 (Resim:  13) | Stalls:  0
[HEARTBEAT] Node: 0 | Tick: 175201 | Conf: 175199 | Hash: 0x1D3209AC | Rollbacks: 18 (Resim:  18) | Stalls:  0
[HEARTBEAT] Node: 0 | Tick: 175261 | Conf: 175259 | Hash: 0x0583FF46 | Rollbacks: 23 (Resim:  23) | Stalls:  0
[HEARTBEAT] Node: 0 | Tick: 175321 | Conf: 175319 | Hash: 0xB584FF37 | Rollbacks: 20 (Resim:  20) | Stalls:  0
[HEARTBEAT] Node: 0 | Tick: 175381 | Conf: 175379 | Hash: 0x7FA81EDF | Rollbacks: 18 (Resim:  18) | Stalls:  0
[BOT:50006] Heartbeat - Sparse Mods Tracked: 2048
[HEARTBEAT] Node: 0 | Tick: 175441 | Conf: 175439 | Hash: 0x8BB9072E | Rollbacks: 22 (Resim:  22) | Stalls:  0
[HEARTBEAT] Node: 0 | Tick: 175501 | Conf: 175499 | Hash: 0x27A86A81 | Rollbacks:  4 (Resim:   4) | Stalls:  0
[HEARTBEAT] Node: 0 | Tick: 175561 | Conf: 175559 | Hash: 0xEB98BEB5 | Rollbacks: 20 (Resim:  20) | Stalls:  0
[HEARTBEAT] Node: 0 | Tick: 175621 | Conf: 175619 | Hash: 0xBEE55939 | Rollbacks:  7 (Resim:   7) | Stalls:  0
[HEARTBEAT] Node: 0 | Tick: 175681 | Conf: 175679 | Hash: 0x9DBBCFAC | Rollbacks:  0 (Resim:   0) | Stalls:  0
[HEARTBEAT] Node: 0 | Tick: 175741 | Conf: 175739 | Hash: 0xC44FA1DE | Rollbacks: 27 (Resim:  27) | Stalls:  0
[HEARTBEAT] Node: 0 | Tick: 175801 | Conf: 175799 | Hash: 0xA9341AF4 | Rollbacks:  1 (Resim:   1) | Stalls:  0
[HEARTBEAT] Node: 0 | Tick: 175861 | Conf: 175859 | Hash: 0x93EB632F | Rollbacks:  3 (Resim:   3) | Stalls:  0
[HEARTBEAT] Node: 0 | Tick: 175921 | Conf: 175919 | Hash: 0xB1A2A214 | Rollbacks: 15 (Resim:  15) | Stalls:  0
[BOT:50006] Heartbeat - Sparse Mods Tracked: 2048
[HEARTBEAT] Node: 0 | Tick: 175981 | Conf: 175979 | Hash: 0xB4874376 | Rollbacks:  7 (Resim:   7) | Stalls:  0
[HEARTBEAT] Node: 0 | Tick: 176041 | Conf: 176039 | Hash: 0xC6C40D1B | Rollbacks:  1 (Resim:   1) | Stalls:  0
[HEARTBEAT] Node: 0 | Tick: 176101 | Conf: 176099 | Hash: 0xBC75EADD | Rollbacks: 10 (Resim:  10) | Stalls:  0
[HEARTBEAT] Node: 0 | Tick: 176161 | Conf: 176159 | Hash: 0x5B3129A5 | Rollbacks:  2 (Resim:   2) | Stalls:  0
[HEARTBEAT] Node: 0 | Tick: 176221 | Conf: 176219 | Hash: 0x0E60934B | Rollbacks: 22 (Resim:  22) | Stalls:  0
[HEARTBEAT] Node: 0 | Tick: 176281 | Conf: 176279 | Hash: 0xAD6996FF | Rollbacks:  6 (Resim:   6) | Stalls:  0
[HEARTBEAT] Node: 0 | Tick: 176341 | Conf: 176339 | Hash: 0x93B526FB | Rollbacks: 15 (Resim:  15) | Stalls:  0
[HEARTBEAT] Node: 0 | Tick: 176401 | Conf: 176399 | Hash: 0x280EF53E | Rollbacks:  6 (Resim:   6) | Stalls:  0
[HEARTBEAT] Node: 0 | Tick: 176461 | Conf: 176459 | Hash: 0xAF0AA411 | Rollbacks:  0 (Resim:   0) | Stalls:  0
[HEARTBEAT] Node: 0 | Tick: 176521 | Conf: 176519 | Hash: 0xA53D3B82 | Rollbacks: 13 (Resim:  13) | Stalls:  0
[BOT:50006] Heartbeat - Sparse Mods Tracked: 2048
[HEARTBEAT] Node: 0 | Tick: 176581 | Conf: 176579 | Hash: 0xE61FB67C | Rollbacks: 15 (Resim:  15) | Stalls:  0
[HEARTBEAT] Node: 0 | Tick: 176641 | Conf: 176639 | Hash: 0x537B049B | Rollbacks:  0 (Resim:   0) | Stalls:  0
[HEARTBEAT] Node: 0 | Tick: 176701 | Conf: 176699 | Hash: 0xDADA4119 | Rollbacks: 18 (Resim:  18) | Stalls:  0
[HEARTBEAT] Node: 0 | Tick: 176761 | Conf: 176759 | Hash: 0xFE5C07E6 | Rollbacks:  5 (Resim:   5) | Stalls:  0
[HEARTBEAT] Node: 0 | Tick: 176821 | Conf: 176819 | Hash: 0x3E1FCA36 | Rollbacks: 30 (Resim:  30) | Stalls:  0
[HEARTBEAT] Node: 0 | Tick: 176881 | Conf: 176879 | Hash: 0x76FCC6B2 | Rollbacks:  4 (Resim:   4) | Stalls:  0
[HEARTBEAT] Node: 0 | Tick: 176941 | Conf: 176939 | Hash: 0x235145DD | Rollbacks:  7 (Resim:   7) | Stalls:  0
[HEARTBEAT] Node: 0 | Tick: 177001 | Conf: 176999 | Hash: 0x5BE077D5 | Rollbacks: 20 (Resim:  20) | Stalls:  0
[HEARTBEAT] Node: 0 | Tick: 177061 | Conf: 177059 | Hash: 0xCFCDE308 | Rollbacks: 10 (Resim:  10) | Stalls:  0
[HEARTBEAT] Node: 0 | Tick: 177121 | Conf: 177119 | Hash: 0xC078C777 | Rollbacks:  0 (Resim:   0) | Stalls:  0
[BOT:50006] Heartbeat - Sparse Mods Tracked: 2048
[HEARTBEAT] Node: 0 | Tick: 177181 | Conf: 177179 | Hash: 0x7AF24C22 | Rollbacks: 18 (Resim:  18) | Stalls:  0
[HEARTBEAT] Node: 0 | Tick: 177241 | Conf: 177239 | Hash: 0xAF3D598A | Rollbacks: 14 (Resim:  14) | Stalls:  0
[HEARTBEAT] Node: 0 | Tick: 177301 | Conf: 177299 | Hash: 0xFE817B1F | Rollbacks:  0 (Resim:   0) | Stalls:  0
[HEARTBEAT] Node: 0 | Tick: 177361 | Conf: 177359 | Hash: 0xD7849E5D | Rollbacks:  8 (Resim:   8) | Stalls:  0
[HEARTBEAT] Node: 0 | Tick: 177421 | Conf: 177419 | Hash: 0x8DB5324B | Rollbacks: 22 (Resim:  23) | Stalls:  0
[HEARTBEAT] Node: 0 | Tick: 177481 | Conf: 177479 | Hash: 0xD1E75AE2 | Rollbacks: 27 (Resim:  27) | Stalls:  0
[HEARTBEAT] Node: 0 | Tick: 177541 | Conf: 177539 | Hash: 0xA4AA2D2C | Rollbacks: 16 (Resim:  16) | Stalls:  0
[HEARTBEAT] Node: 0 | Tick: 177601 | Conf: 177599 | Hash: 0x8FA17B82 | Rollbacks: 17 (Resim:  17) | Stalls:  0
[HEARTBEAT] Node: 0 | Tick: 177661 | Conf: 177659 | Hash: 0x9339A3E9 | Rollbacks:  6 (Resim:   6) | Stalls:  0
[HEARTBEAT] Node: 0 | Tick: 177721 | Conf: 177719 | Hash: 0x6FDDFF95 | Rollbacks: 20 (Resim:  20) | Stalls:  0
[BOT:50006] Heartbeat - Sparse Mods Tracked: 2048
[HEARTBEAT] Node: 0 | Tick: 177781 | Conf: 177779 | Hash: 0x65200DE0 | Rollbacks: 18 (Resim:  18) | Stalls:  0
[HEARTBEAT] Node: 0 | Tick: 177841 | Conf: 177839 | Hash: 0x074CC2A3 | Rollbacks: 15 (Resim:  15) | Stalls:  0
[HEARTBEAT] Node: 0 | Tick: 177901 | Conf: 177899 | Hash: 0xEC460FC2 | Rollbacks:  8 (Resim:   8) | Stalls:  0
[HEARTBEAT] Node: 0 | Tick: 177961 | Conf: 177959 | Hash: 0xB00FFDE6 | Rollbacks:  0 (Resim:   0) | Stalls:  0
[HEARTBEAT] Node: 0 | Tick: 178021 | Conf: 178019 | Hash: 0x34FFA9BB | Rollbacks: 17 (Resim:  17) | Stalls:  0
[HEARTBEAT] Node: 0 | Tick: 178081 | Conf: 178079 | Hash: 0xE2AA775F | Rollbacks:  0 (Resim:   0) | Stalls:  0
[HEARTBEAT] Node: 0 | Tick: 178141 | Conf: 178139 | Hash: 0xB8CB01F9 | Rollbacks: 10 (Resim:  10) | Stalls:  0
[HEARTBEAT] Node: 0 | Tick: 178201 | Conf: 178199 | Hash: 0xD5909230 | Rollbacks:  5 (Resim:   5) | Stalls:  0
[HEARTBEAT] Node: 0 | Tick: 178261 | Conf: 178259 | Hash: 0x665645C2 | Rollbacks:  0 (Resim:   0) | Stalls:  0
[HEARTBEAT] Node: 0 | Tick: 178321 | Conf: 178319 | Hash: 0xEB0E1D0A | Rollbacks: 14 (Resim:  14) | Stalls:  0
[BOT:50006] Heartbeat - Sparse Mods Tracked: 2048
[HEARTBEAT] Node: 0 | Tick: 178381 | Conf: 178379 | Hash: 0xA5BC21FB | Rollbacks: 18 (Resim:  18) | Stalls:  0
[HEARTBEAT] Node: 0 | Tick: 178441 | Conf: 178439 | Hash: 0xE380A852 | Rollbacks:  0 (Resim:   0) | Stalls:  0
[HEARTBEAT] Node: 0 | Tick: 178501 | Conf: 178499 | Hash: 0x69806C2D | Rollbacks: 10 (Resim:  10) | Stalls:  0
[HEARTBEAT] Node: 0 | Tick: 178561 | Conf: 178559 | Hash: 0xE28710F0 | Rollbacks:  0 (Resim:   0) | Stalls:  0
[HEARTBEAT] Node: 0 | Tick: 178621 | Conf: 178619 | Hash: 0x7B439A2D | Rollbacks: 17 (Resim:  17) | Stalls:  0
[HEARTBEAT] Node: 0 | Tick: 178681 | Conf: 178679 | Hash: 0xE9F66317 | Rollbacks: 17 (Resim:  17) | Stalls:  0
[HEARTBEAT] Node: 0 | Tick: 178741 | Conf: 178739 | Hash: 0x95228C08 | Rollbacks: 15 (Resim:  15) | Stalls:  0
[HEARTBEAT] Node: 0 | Tick: 178801 | Conf: 178799 | Hash: 0xE1C27566 | Rollbacks:  7 (Resim:   7) | Stalls:  0
[HEARTBEAT] Node: 0 | Tick: 178861 | Conf: 178859 | Hash: 0xDE648E5B | Rollbacks:  0 (Resim:   0) | Stalls:  0
[HEARTBEAT] Node: 0 | Tick: 178921 | Conf: 178919 | Hash: 0x81757939 | Rollbacks: 10 (Resim:  10) | Stalls:  0
[BOT:50006] Heartbeat - Sparse Mods Tracked: 2048
[HEARTBEAT] Node: 0 | Tick: 178981 | Conf: 178979 | Hash: 0x04DD9315 | Rollbacks:  0 (Resim:   0) | Stalls:  0
[HEARTBEAT] Node: 0 | Tick: 179041 | Conf: 179039 | Hash: 0x9004F890 | Rollbacks:  8 (Resim:   8) | Stalls:  0
[HEARTBEAT] Node: 0 | Tick: 179101 | Conf: 179099 | Hash: 0xD886EE80 | Rollbacks:  1 (Resim:   1) | Stalls:  0
[HEARTBEAT] Node: 0 | Tick: 179161 | Conf: 179159 | Hash: 0x8A8D21B9 | Rollbacks: 21 (Resim:  21) | Stalls:  0
[HEARTBEAT] Node: 0 | Tick: 179221 | Conf: 179219 | Hash: 0x6A9F7278 | Rollbacks: 22 (Resim:  22) | Stalls:  0
[HEARTBEAT] Node: 0 | Tick: 179281 | Conf: 179279 | Hash: 0x661FC8AF | Rollbacks:  2 (Resim:   2) | Stalls:  0
[HEARTBEAT] Node: 0 | Tick: 179341 | Conf: 179339 | Hash: 0x3F9A113B | Rollbacks: 27 (Resim:  28) | Stalls:  0
[HEARTBEAT] Node: 0 | Tick: 179401 | Conf: 179399 | Hash: 0x508541D3 | Rollbacks:  8 (Resim:   8) | Stalls:  0
[HEARTBEAT] Node: 0 | Tick: 179461 | Conf: 179459 | Hash: 0x2FB06411 | Rollbacks: 19 (Resim:  19) | Stalls:  0
[BOT:50006] Heartbeat - Sparse Mods Tracked: 2048
[HEARTBEAT] Node: 0 | Tick: 179521 | Conf: 179519 | Hash: 0xEB1C0AA4 | Rollbacks: 13 (Resim:  13) | Stalls:  0
[HEARTBEAT] Node: 0 | Tick: 179581 | Conf: 179579 | Hash: 0xE7A26642 | Rollbacks:  6 (Resim:   6) | Stalls:  0
[HEARTBEAT] Node: 0 | Tick: 179641 | Conf: 179639 | Hash: 0xAB63E73D | Rollbacks: 30 (Resim:  30) | Stalls:  0
[HEARTBEAT] Node: 0 | Tick: 179701 | Conf: 179699 | Hash: 0xCEC41256 | Rollbacks:  0 (Resim:   0) | Stalls:  0
[HEARTBEAT] Node: 0 | Tick: 179761 | Conf: 179759 | Hash: 0xD4774DF8 | Rollbacks:  0 (Resim:   0) | Stalls:  0
[HEARTBEAT] Node: 0 | Tick: 179821 | Conf: 179819 | Hash: 0xB51D5253 | Rollbacks: 12 (Resim:  12) | Stalls:  0
[HEARTBEAT] Node: 0 | Tick: 179881 | Conf: 179879 | Hash: 0x489B220D | Rollbacks:  0 (Resim:   0) | Stalls:  0
[HEARTBEAT] Node: 0 | Tick: 179941 | Conf: 179939 | Hash: 0x31959891 | Rollbacks:  4 (Resim:   4) | Stalls:  0
[HEARTBEAT] Node: 0 | Tick: 180001 | Conf: 179999 | Hash: 0x7E8E4B22 | Rollbacks: 11 (Resim:  11) | Stalls:  0
[HEARTBEAT] Node: 0 | Tick: 180061 | Conf: 180059 | Hash: 0x3A19D0E4 | Rollbacks:  2 (Resim:   2) | Stalls:  0
[BOT:50006] Heartbeat - Sparse Mods Tracked: 2048
[HEARTBEAT] Node: 0 | Tick: 180121 | Conf: 180119 | Hash: 0xB6124176 | Rollbacks: 24 (Resim:  24) | Stalls:  0
[HEARTBEAT] Node: 0 | Tick: 180181 | Conf: 180179 | Hash: 0x0600B66F | Rollbacks:  2 (Resim:   2) | Stalls:  0
[HEARTBEAT] Node: 0 | Tick: 180241 | Conf: 180239 | Hash: 0xCFD2603E | Rollbacks:  7 (Resim:   7) | Stalls:  0
[HEARTBEAT] Node: 0 | Tick: 180301 | Conf: 180299 | Hash: 0xC92F942A | Rollbacks: 13 (Resim:  13) | Stalls:  0
[HEARTBEAT] Node: 0 | Tick: 180361 | Conf: 180359 | Hash: 0x12ED70D8 | Rollbacks:  6 (Resim:   6) | Stalls:  0
[HEARTBEAT] Node: 0 | Tick: 180421 | Conf: 180419 | Hash: 0x18686987 | Rollbacks: 18 (Resim:  18) | Stalls:  0
[HEARTBEAT] Node: 0 | Tick: 180481 | Conf: 180479 | Hash: 0x85349972 | Rollbacks:  6 (Resim:   6) | Stalls:  0
[HEARTBEAT] Node: 0 | Tick: 180541 | Conf: 180539 | Hash: 0x4DAF5636 | Rollbacks:  5 (Resim:   5) | Stalls:  0
[HEARTBEAT] Node: 0 | Tick: 180601 | Conf: 180599 | Hash: 0xEE2BF811 | Rollbacks: 20 (Resim:  20) | Stalls:  0
[HEARTBEAT] Node: 0 | Tick: 180661 | Conf: 180659 | Hash: 0xF37BE1BD | Rollbacks:  4 (Resim:   4) | Stalls:  0
[BOT:50006] Heartbeat - Sparse Mods Tracked: 2048
[HEARTBEAT] Node: 0 | Tick: 180721 | Conf: 180719 | Hash: 0x83DEEE4A | Rollbacks: 21 (Resim:  21) | Stalls:  0
[HEARTBEAT] Node: 0 | Tick: 180781 | Conf: 180779 | Hash: 0xEA9A4F68 | Rollbacks:  7 (Resim:   7) | Stalls:  0
[HEARTBEAT] Node: 0 | Tick: 180841 | Conf: 180839 | Hash: 0x11E3A8A0 | Rollbacks:  9 (Resim:   9) | Stalls:  0
[HEARTBEAT] Node: 0 | Tick: 180901 | Conf: 180899 | Hash: 0xDB95ADBE | Rollbacks: 16 (Resim:  16) | Stalls:  0
[HEARTBEAT] Node: 0 | Tick: 180961 | Conf: 180959 | Hash: 0xB57D2A84 | Rollbacks:  2 (Resim:   2) | Stalls:  0
[HEARTBEAT] Node: 0 | Tick: 181021 | Conf: 181019 | Hash: 0x93FEC2E1 | Rollbacks:  2 (Resim:   2) | Stalls:  0
[HEARTBEAT] Node: 0 | Tick: 181081 | Conf: 181079 | Hash: 0x5F536C7F | Rollbacks:  0 (Resim:   0) | Stalls:  0
[HEARTBEAT] Node: 0 | Tick: 181141 | Conf: 181139 | Hash: 0xDC379E19 | Rollbacks:  2 (Resim:   2) | Stalls:  0
[HEARTBEAT] Node: 0 | Tick: 181201 | Conf: 181199 | Hash: 0x759E2E0E | Rollbacks:  0 (Resim:   0) | Stalls:  0
[HEARTBEAT] Node: 0 | Tick: 181261 | Conf: 181259 | Hash: 0x70CEDB49 | Rollbacks: 15 (Resim:  15) | Stalls:  0
[BOT:50006] Heartbeat - Sparse Mods Tracked: 2048
[HEARTBEAT] Node: 0 | Tick: 181321 | Conf: 181319 | Hash: 0x26D9203A | Rollbacks:  5 (Resim:   5) | Stalls:  0
[HEARTBEAT] Node: 0 | Tick: 181381 | Conf: 181379 | Hash: 0x7808842B | Rollbacks:  0 (Resim:   0) | Stalls:  0
[HEARTBEAT] Node: 0 | Tick: 181441 | Conf: 181439 | Hash: 0x3910A277 | Rollbacks: 13 (Resim:  13) | Stalls:  0
[HEARTBEAT] Node: 0 | Tick: 181501 | Conf: 181499 | Hash: 0x30341DFE | Rollbacks:  0 (Resim:   0) | Stalls:  0
[HEARTBEAT] Node: 0 | Tick: 181561 | Conf: 181559 | Hash: 0x5C6F3F15 | Rollbacks: 19 (Resim:  19) | Stalls:  0
[HEARTBEAT] Node: 0 | Tick: 181621 | Conf: 181619 | Hash: 0x79DE93A0 | Rollbacks: 17 (Resim:  17) | Stalls:  0
[HEARTBEAT] Node: 0 | Tick: 181681 | Conf: 181679 | Hash: 0xC537E241 | Rollbacks: 19 (Resim:  20) | Stalls:  0
[HEARTBEAT] Node: 0 | Tick: 181741 | Conf: 181739 | Hash: 0x1B0F2A8D | Rollbacks:  8 (Resim:   8) | Stalls:  0
[HEARTBEAT] Node: 0 | Tick: 181801 | Conf: 181799 | Hash: 0xC9815FEF | Rollbacks: 13 (Resim:  13) | Stalls:  0
[HEARTBEAT] Node: 0 | Tick: 181861 | Conf: 181859 | Hash: 0x077DF3FE | Rollbacks:  0 (Resim:   0) | Stalls:  0
[BOT:50006] Heartbeat - Sparse Mods Tracked: 2048
[HEARTBEAT] Node: 0 | Tick: 181921 | Conf: 181919 | Hash: 0x930312EB | Rollbacks: 25 (Resim:  25) | Stalls:  0
[HEARTBEAT] Node: 0 | Tick: 181981 | Conf: 181979 | Hash: 0x0ADFBDEB | Rollbacks:  0 (Resim:   0) | Stalls:  0
[HEARTBEAT] Node: 0 | Tick: 182041 | Conf: 182039 | Hash: 0xDAFB0DAE | Rollbacks: 22 (Resim:  22) | Stalls:  0
[HEARTBEAT] Node: 0 | Tick: 182101 | Conf: 182099 | Hash: 0x48067041 | Rollbacks:  1 (Resim:   1) | Stalls:  0
[HEARTBEAT] Node: 0 | Tick: 182161 | Conf: 182159 | Hash: 0x614D77E5 | Rollbacks: 19 (Resim:  19) | Stalls:  0
[HEARTBEAT] Node: 0 | Tick: 182221 | Conf: 182219 | Hash: 0x2379AFFA | Rollbacks:  7 (Resim:   7) | Stalls:  0
[HEARTBEAT] Node: 0 | Tick: 182281 | Conf: 182279 | Hash: 0x7FCD2ED9 | Rollbacks:  0 (Resim:   0) | Stalls:  0
[HEARTBEAT] Node: 0 | Tick: 182341 | Conf: 182339 | Hash: 0x4F7CB8F5 | Rollbacks: 15 (Resim:  15) | Stalls:  0
[HEARTBEAT] Node: 0 | Tick: 182401 | Conf: 182399 | Hash: 0x8AD83D1D | Rollbacks: 16 (Resim:  16) | Stalls:  0
[BOT:50006] Heartbeat - Sparse Mods Tracked: 2048
[HEARTBEAT] Node: 0 | Tick: 182461 | Conf: 182459 | Hash: 0x8747CBDE | Rollbacks: 17 (Resim:  17) | Stalls:  0
[HEARTBEAT] Node: 0 | Tick: 182521 | Conf: 182519 | Hash: 0xA8F35951 | Rollbacks: 11 (Resim:  11) | Stalls:  0
[HEARTBEAT] Node: 0 | Tick: 182581 | Conf: 182579 | Hash: 0xF8B4C6E8 | Rollbacks: 18 (Resim:  18) | Stalls:  0
[HEARTBEAT] Node: 0 | Tick: 182641 | Conf: 182639 | Hash: 0xA7244932 | Rollbacks: 14 (Resim:  14) | Stalls:  0
[HEARTBEAT] Node: 0 | Tick: 182701 | Conf: 182699 | Hash: 0xD699B366 | Rollbacks: 13 (Resim:  13) | Stalls:  0
[HEARTBEAT] Node: 0 | Tick: 182761 | Conf: 182759 | Hash: 0xF430DA61 | Rollbacks:  5 (Resim:   5) | Stalls:  0
[HEARTBEAT] Node: 0 | Tick: 182821 | Conf: 182819 | Hash: 0x8C48DF83 | Rollbacks: 17 (Resim:  17) | Stalls:  0
[HEARTBEAT] Node: 0 | Tick: 182881 | Conf: 182879 | Hash: 0xCA3B6888 | Rollbacks: 14 (Resim:  14) | Stalls:  0
[HEARTBEAT] Node: 0 | Tick: 182941 | Conf: 182939 | Hash: 0x7435DE9A | Rollbacks: 19 (Resim:  19) | Stalls:  0
[HEARTBEAT] Node: 0 | Tick: 183001 | Conf: 182999 | Hash: 0x61B8D399 | Rollbacks: 14 (Resim:  14) | Stalls:  0
[BOT:50006] Heartbeat - Sparse Mods Tracked: 2048
[HEARTBEAT] Node: 0 | Tick: 183061 | Conf: 183059 | Hash: 0x24C67970 | Rollbacks:  2 (Resim:   2) | Stalls:  0
[HEARTBEAT] Node: 0 | Tick: 183121 | Conf: 183119 | Hash: 0x6E076125 | Rollbacks:  7 (Resim:   7) | Stalls:  0
[HEARTBEAT] Node: 0 | Tick: 183181 | Conf: 183179 | Hash: 0xCAE63123 | Rollbacks: 20 (Resim:  20) | Stalls:  0
[HEARTBEAT] Node: 0 | Tick: 183241 | Conf: 183239 | Hash: 0xE67A18BA | Rollbacks: 20 (Resim:  20) | Stalls:  0
[HEARTBEAT] Node: 0 | Tick: 183301 | Conf: 183299 | Hash: 0x01539298 | Rollbacks: 12 (Resim:  12) | Stalls:  0
[HEARTBEAT] Node: 0 | Tick: 183361 | Conf: 183359 | Hash: 0x5FF98236 | Rollbacks:  1 (Resim:   1) | Stalls:  0
[HEARTBEAT] Node: 0 | Tick: 183421 | Conf: 183419 | Hash: 0x103EAD60 | Rollbacks: 21 (Resim:  21) | Stalls:  0
[HEARTBEAT] Node: 0 | Tick: 183481 | Conf: 183479 | Hash: 0x3FF59470 | Rollbacks: 11 (Resim:  11) | Stalls:  0
[HEARTBEAT] Node: 0 | Tick: 183541 | Conf: 183539 | Hash: 0xB6A0566D | Rollbacks: 11 (Resim:  11) | Stalls:  0
[HEARTBEAT] Node: 0 | Tick: 183601 | Conf: 183599 | Hash: 0x759F095F | Rollbacks: 18 (Resim:  18) | Stalls:  0
[BOT:50006] Heartbeat - Sparse Mods Tracked: 2048
[HEARTBEAT] Node: 0 | Tick: 183661 | Conf: 183659 | Hash: 0xAC7BBE94 | Rollbacks: 20 (Resim:  20) | Stalls:  0
[HEARTBEAT] Node: 0 | Tick: 183721 | Conf: 183719 | Hash: 0x11F3B3AD | Rollbacks:  4 (Resim:   4) | Stalls:  0
[HEARTBEAT] Node: 0 | Tick: 183781 | Conf: 183779 | Hash: 0x029D8FF8 | Rollbacks:  6 (Resim:   6) | Stalls:  0
[HEARTBEAT] Node: 0 | Tick: 183841 | Conf: 183839 | Hash: 0xCF17B3C9 | Rollbacks: 23 (Resim:  23) | Stalls:  0
[HEARTBEAT] Node: 0 | Tick: 183901 | Conf: 183899 | Hash: 0xC9910EA9 | Rollbacks:  5 (Resim:   5) | Stalls:  0
[HEARTBEAT] Node: 0 | Tick: 183961 | Conf: 183959 | Hash: 0x75E95F9A | Rollbacks: 19 (Resim:  19) | Stalls:  0
[HEARTBEAT] Node: 0 | Tick: 184021 | Conf: 184019 | Hash: 0x4D8780F7 | Rollbacks:  1 (Resim:   1) | Stalls:  0
[HEARTBEAT] Node: 0 | Tick: 184081 | Conf: 184079 | Hash: 0x94CCFA77 | Rollbacks: 18 (Resim:  18) | Stalls:  0
[HEARTBEAT] Node: 0 | Tick: 184141 | Conf: 184139 | Hash: 0x05DF2836 | Rollbacks:  9 (Resim:   9) | Stalls:  0
[HEARTBEAT] Node: 0 | Tick: 184201 | Conf: 184199 | Hash: 0x76BE73A8 | Rollbacks:  0 (Resim:   0) | Stalls:  0
[BOT:50006] Heartbeat - Sparse Mods Tracked: 2048
[HEARTBEAT] Node: 0 | Tick: 184261 | Conf: 184259 | Hash: 0x7720FA23 | Rollbacks:  0 (Resim:   0) | Stalls:  0
[HEARTBEAT] Node: 0 | Tick: 184321 | Conf: 184319 | Hash: 0x79EE3224 | Rollbacks: 18 (Resim:  18) | Stalls:  0
[HEARTBEAT] Node: 0 | Tick: 184381 | Conf: 184379 | Hash: 0xC4FFB0F3 | Rollbacks: 15 (Resim:  15) | Stalls:  0
[HEARTBEAT] Node: 0 | Tick: 184441 | Conf: 184439 | Hash: 0x43BB8A06 | Rollbacks: 10 (Resim:  10) | Stalls:  0
[HEARTBEAT] Node: 0 | Tick: 184501 | Conf: 184499 | Hash: 0x1D06DE55 | Rollbacks:  0 (Resim:   0) | Stalls:  0
[HEARTBEAT] Node: 0 | Tick: 184561 | Conf: 184559 | Hash: 0xE4FE20F5 | Rollbacks: 19 (Resim:  19) | Stalls:  0
[HEARTBEAT] Node: 0 | Tick: 184621 | Conf: 184619 | Hash: 0xAA3415DB | Rollbacks:  9 (Resim:   9) | Stalls:  0
[HEARTBEAT] Node: 0 | Tick: 184681 | Conf: 184679 | Hash: 0x7EF7CCDF | Rollbacks:  0 (Resim:   0) | Stalls:  0
[HEARTBEAT] Node: 0 | Tick: 184741 | Conf: 184739 | Hash: 0x4534B3B1 | Rollbacks:  2 (Resim:   2) | Stalls:  0
[HEARTBEAT] Node: 0 | Tick: 184801 | Conf: 184799 | Hash: 0xBC99F848 | Rollbacks:  0 (Resim:   0) | Stalls:  0
[BOT:50006] Heartbeat - Sparse Mods Tracked: 2048
[HEARTBEAT] Node: 0 | Tick: 184861 | Conf: 184859 | Hash: 0x3C634EC0 | Rollbacks: 11 (Resim:  11) | Stalls:  0
[HEARTBEAT] Node: 0 | Tick: 184921 | Conf: 184919 | Hash: 0xDD078A74 | Rollbacks:  0 (Resim:   0) | Stalls:  0
[HEARTBEAT] Node: 0 | Tick: 184981 | Conf: 184979 | Hash: 0xF03EB6B4 | Rollbacks:  0 (Resim:   0) | Stalls:  0
[HEARTBEAT] Node: 0 | Tick: 185041 | Conf: 185039 | Hash: 0x62D8DBD3 | Rollbacks:  0 (Resim:   0) | Stalls:  0
[HEARTBEAT] Node: 0 | Tick: 185101 | Conf: 185099 | Hash: 0x74F6F458 | Rollbacks:  0 (Resim:   0) | Stalls:  0
[HEARTBEAT] Node: 0 | Tick: 185161 | Conf: 185159 | Hash: 0xF5FC270E | Rollbacks:  9 (Resim:   9) | Stalls:  0
[HEARTBEAT] Node: 0 | Tick: 185221 | Conf: 185219 | Hash: 0x86F55D64 | Rollbacks: 22 (Resim:  22) | Stalls:  0
[HEARTBEAT] Node: 0 | Tick: 185281 | Conf: 185279 | Hash: 0xA1BDF266 | Rollbacks: 22 (Resim:  22) | Stalls:  0
[HEARTBEAT] Node: 0 | Tick: 185341 | Conf: 185339 | Hash: 0x63C01C65 | Rollbacks: 18 (Resim:  18) | Stalls:  0
[BOT:50006] Heartbeat - Sparse Mods Tracked: 2048
[HEARTBEAT] Node: 0 | Tick: 185401 | Conf: 185399 | Hash: 0x568F8614 | Rollbacks: 16 (Resim:  16) | Stalls:  0
[HEARTBEAT] Node: 0 | Tick: 185461 | Conf: 185459 | Hash: 0x101B4BDB | Rollbacks:  0 (Resim:   0) | Stalls:  0
[HEARTBEAT] Node: 0 | Tick: 185521 | Conf: 185519 | Hash: 0x210AA39E | Rollbacks:  0 (Resim:   0) | Stalls:  0
[HEARTBEAT] Node: 0 | Tick: 185581 | Conf: 185579 | Hash: 0x0BCB0C56 | Rollbacks: 18 (Resim:  18) | Stalls:  0
[HEARTBEAT] Node: 0 | Tick: 185641 | Conf: 185639 | Hash: 0xB0F58E30 | Rollbacks: 11 (Resim:  11) | Stalls:  0
[HEARTBEAT] Node: 0 | Tick: 185701 | Conf: 185699 | Hash: 0x9006703F | Rollbacks:  0 (Resim:   0) | Stalls:  0
[HEARTBEAT] Node: 0 | Tick: 185761 | Conf: 185759 | Hash: 0x4A296F9C | Rollbacks: 20 (Resim:  20) | Stalls:  0
[HEARTBEAT] Node: 0 | Tick: 185821 | Conf: 185819 | Hash: 0x66BC5A54 | Rollbacks:  3 (Resim:   3) | Stalls:  0
[HEARTBEAT] Node: 0 | Tick: 185881 | Conf: 185879 | Hash: 0xD0D0606F | Rollbacks:  0 (Resim:   0) | Stalls:  0
[HEARTBEAT] Node: 0 | Tick: 185941 | Conf: 185939 | Hash: 0xC8395769 | Rollbacks: 13 (Resim:  13) | Stalls:  0
[BOT:50006] Heartbeat - Sparse Mods Tracked: 2048
[HEARTBEAT] Node: 0 | Tick: 186001 | Conf: 185999 | Hash: 0xC02E1F9B | Rollbacks:  0 (Resim:   0) | Stalls:  0
[HEARTBEAT] Node: 0 | Tick: 186061 | Conf: 186059 | Hash: 0xF0F4C6DD | Rollbacks: 18 (Resim:  18) | Stalls:  0
[HEARTBEAT] Node: 0 | Tick: 186121 | Conf: 186119 | Hash: 0xC945EA2A | Rollbacks:  0 (Resim:   0) | Stalls:  0
[HEARTBEAT] Node: 0 | Tick: 186181 | Conf: 186179 | Hash: 0x003BAD9D | Rollbacks: 12 (Resim:  12) | Stalls:  0
[HEARTBEAT] Node: 0 | Tick: 186241 | Conf: 186239 | Hash: 0x64FC295A | Rollbacks: 19 (Resim:  19) | Stalls:  0
[HEARTBEAT] Node: 0 | Tick: 186301 | Conf: 186299 | Hash: 0x5229C773 | Rollbacks:  0 (Resim:   0) | Stalls:  0
[HEARTBEAT] Node: 0 | Tick: 186361 | Conf: 186359 | Hash: 0xE85E5B93 | Rollbacks:  0 (Resim:   0) | Stalls:  0
[HEARTBEAT] Node: 0 | Tick: 186421 | Conf: 186419 | Hash: 0xA832A45B | Rollbacks: 19 (Resim:  19) | Stalls:  0
[HEARTBEAT] Node: 0 | Tick: 186481 | Conf: 186479 | Hash: 0x2566B6C7 | Rollbacks:  0 (Resim:   0) | Stalls:  0
[HEARTBEAT] Node: 0 | Tick: 186541 | Conf: 186539 | Hash: 0x294C0114 | Rollbacks:  6 (Resim:   6) | Stalls:  0
[BOT:50006] Heartbeat - Sparse Mods Tracked: 2048
[HEARTBEAT] Node: 0 | Tick: 186601 | Conf: 186599 | Hash: 0xEB3CFB38 | Rollbacks: 18 (Resim:  18) | Stalls:  0
[HEARTBEAT] Node: 0 | Tick: 186661 | Conf: 186659 | Hash: 0x78AD6755 | Rollbacks:  5 (Resim:   5) | Stalls:  0
[HEARTBEAT] Node: 0 | Tick: 186721 | Conf: 186719 | Hash: 0xD5131480 | Rollbacks:  0 (Resim:   0) | Stalls:  0
[HEARTBEAT] Node: 0 | Tick: 186781 | Conf: 186779 | Hash: 0x00DAFA03 | Rollbacks:  3 (Resim:   3) | Stalls:  0
[HEARTBEAT] Node: 0 | Tick: 186841 | Conf: 186839 | Hash: 0xF741C040 | Rollbacks: 10 (Resim:  10) | Stalls:  0
[HEARTBEAT] Node: 0 | Tick: 186901 | Conf: 186899 | Hash: 0x98D7836F | Rollbacks:  1 (Resim:   1) | Stalls:  0
[HEARTBEAT] Node: 0 | Tick: 186961 | Conf: 186959 | Hash: 0xF9EF0AFB | Rollbacks: 13 (Resim:  13) | Stalls:  0
[HEARTBEAT] Node: 0 | Tick: 187021 | Conf: 187019 | Hash: 0x8EEC4608 | Rollbacks:  0 (Resim:   0) | Stalls:  0
[HEARTBEAT] Node: 0 | Tick: 187081 | Conf: 187079 | Hash: 0xAB7FFCFA | Rollbacks: 20 (Resim:  20) | Stalls:  0
[HEARTBEAT] Node: 0 | Tick: 187141 | Conf: 187139 | Hash: 0x5049DE40 | Rollbacks:  4 (Resim:   4) | Stalls:  0
[BOT:50006] Heartbeat - Sparse Mods Tracked: 2048
[HEARTBEAT] Node: 0 | Tick: 187201 | Conf: 187199 | Hash: 0x817EF541 | Rollbacks: 24 (Resim:  24) | Stalls:  0
[HEARTBEAT] Node: 0 | Tick: 187261 | Conf: 187259 | Hash: 0x955CAF7C | Rollbacks: 13 (Resim:  13) | Stalls:  0
[HEARTBEAT] Node: 0 | Tick: 187321 | Conf: 187319 | Hash: 0x125ABCBC | Rollbacks:  0 (Resim:   0) | Stalls:  0
[HEARTBEAT] Node: 0 | Tick: 187381 | Conf: 187379 | Hash: 0x986B4D6E | Rollbacks: 12 (Resim:  12) | Stalls:  0
[HEARTBEAT] Node: 0 | Tick: 187441 | Conf: 187439 | Hash: 0x0292D2BD | Rollbacks:  0 (Resim:   0) | Stalls:  0
[HEARTBEAT] Node: 0 | Tick: 187501 | Conf: 187499 | Hash: 0xD4725DA6 | Rollbacks:  0 (Resim:   0) | Stalls:  0
[HEARTBEAT] Node: 0 | Tick: 187561 | Conf: 187559 | Hash: 0x96BCC583 | Rollbacks: 18 (Resim:  18) | Stalls:  0
[HEARTBEAT] Node: 0 | Tick: 187621 | Conf: 187619 | Hash: 0x8FF002A2 | Rollbacks: 17 (Resim:  17) | Stalls:  0
[HEARTBEAT] Node: 0 | Tick: 187681 | Conf: 187679 | Hash: 0x3E6F93D2 | Rollbacks:  9 (Resim:   9) | Stalls:  0
[BOT:50006] Heartbeat - Sparse Mods Tracked: 2048
[HEARTBEAT] Node: 0 | Tick: 187741 | Conf: 187739 | Hash: 0x1009595E | Rollbacks:  0 (Resim:   0) | Stalls:  0
[HEARTBEAT] Node: 0 | Tick: 187801 | Conf: 187799 | Hash: 0x809270F2 | Rollbacks: 18 (Resim:  18) | Stalls:  0
[HEARTBEAT] Node: 0 | Tick: 187861 | Conf: 187859 | Hash: 0x39414D5B | Rollbacks: 10 (Resim:  10) | Stalls:  0
[HEARTBEAT] Node: 0 | Tick: 187921 | Conf: 187919 | Hash: 0x3A3B0140 | Rollbacks:  0 (Resim:   0) | Stalls:  0
[HEARTBEAT] Node: 0 | Tick: 187981 | Conf: 187979 | Hash: 0x67C26038 | Rollbacks:  0 (Resim:   0) | Stalls:  0
[HEARTBEAT] Node: 0 | Tick: 188041 | Conf: 188039 | Hash: 0x16117A85 | Rollbacks: 20 (Resim:  20) | Stalls:  0
[HEARTBEAT] Node: 0 | Tick: 188101 | Conf: 188099 | Hash: 0xA204D7C3 | Rollbacks: 15 (Resim:  15) | Stalls:  0
[HEARTBEAT] Node: 0 | Tick: 188161 | Conf: 188159 | Hash: 0x2C8C5B31 | Rollbacks:  9 (Resim:   9) | Stalls:  0
[HEARTBEAT] Node: 0 | Tick: 188221 | Conf: 188219 | Hash: 0x0DFC057C | Rollbacks:  6 (Resim:   6) | Stalls:  0
[HEARTBEAT] Node: 0 | Tick: 188281 | Conf: 188279 | Hash: 0xAB5CD7D9 | Rollbacks: 21 (Resim:  21) | Stalls:  0
[BOT:50006] Heartbeat - Sparse Mods Tracked: 2048
[HEARTBEAT] Node: 0 | Tick: 188341 | Conf: 188339 | Hash: 0x4D035391 | Rollbacks:  2 (Resim:   2) | Stalls:  0
[HEARTBEAT] Node: 0 | Tick: 188401 | Conf: 188399 | Hash: 0x9A351BB4 | Rollbacks:  0 (Resim:   0) | Stalls:  0
[HEARTBEAT] Node: 0 | Tick: 188461 | Conf: 188459 | Hash: 0x4463CAC4 | Rollbacks: 13 (Resim:  13) | Stalls:  0
[HEARTBEAT] Node: 0 | Tick: 188521 | Conf: 188519 | Hash: 0x2FE9147C | Rollbacks: 14 (Resim:  14) | Stalls:  0
[HEARTBEAT] Node: 0 | Tick: 188581 | Conf: 188579 | Hash: 0xFE417D1C | Rollbacks:  6 (Resim:   6) | Stalls:  0
[HEARTBEAT] Node: 0 | Tick: 188641 | Conf: 188639 | Hash: 0x732A54AD | Rollbacks:  0 (Resim:   0) | Stalls:  0
[HEARTBEAT] Node: 0 | Tick: 188701 | Conf: 188699 | Hash: 0x264F96E8 | Rollbacks:  8 (Resim:   9) | Stalls:  0
[HEARTBEAT] Node: 0 | Tick: 188761 | Conf: 188759 | Hash: 0x0177ED2A | Rollbacks:  4 (Resim:   4) | Stalls:  0
[HEARTBEAT] Node: 0 | Tick: 188821 | Conf: 188819 | Hash: 0x178A5536 | Rollbacks: 28 (Resim:  28) | Stalls:  0
[HEARTBEAT] Node: 0 | Tick: 188881 | Conf: 188879 | Hash: 0x29A6802A | Rollbacks: 15 (Resim:  15) | Stalls:  0
[BOT:50006] Heartbeat - Sparse Mods Tracked: 2048
[HEARTBEAT] Node: 0 | Tick: 188941 | Conf: 188939 | Hash: 0x13BB8FC9 | Rollbacks:  0 (Resim:   0) | Stalls:  0
[HEARTBEAT] Node: 0 | Tick: 189001 | Conf: 188999 | Hash: 0xEF98A250 | Rollbacks:  0 (Resim:   0) | Stalls:  0
[HEARTBEAT] Node: 0 | Tick: 189061 | Conf: 189059 | Hash: 0x67D7E611 | Rollbacks:  7 (Resim:   7) | Stalls:  0
[HEARTBEAT] Node: 0 | Tick: 189121 | Conf: 189119 | Hash: 0xCB8794FF | Rollbacks:  1 (Resim:   1) | Stalls:  0
[HEARTBEAT] Node: 0 | Tick: 189181 | Conf: 189179 | Hash: 0x5067A2D7 | Rollbacks:  0 (Resim:   0) | Stalls:  0
[HEARTBEAT] Node: 0 | Tick: 189241 | Conf: 189239 | Hash: 0xF1E3CD20 | Rollbacks: 21 (Resim:  21) | Stalls:  0
[HEARTBEAT] Node: 0 | Tick: 189301 | Conf: 189299 | Hash: 0x2DE96A0E | Rollbacks: 22 (Resim:  22) | Stalls:  0
[HEARTBEAT] Node: 0 | Tick: 189361 | Conf: 189359 | Hash: 0xE790814D | Rollbacks: 10 (Resim:  10) | Stalls:  0
[HEARTBEAT] Node: 0 | Tick: 189421 | Conf: 189419 | Hash: 0x96E410F5 | Rollbacks:  0 (Resim:   0) | Stalls:  0
[HEARTBEAT] Node: 0 | Tick: 189481 | Conf: 189479 | Hash: 0x3029B25A | Rollbacks:  9 (Resim:   9) | Stalls:  0
[BOT:50006] Heartbeat - Sparse Mods Tracked: 2048
[HEARTBEAT] Node: 0 | Tick: 189541 | Conf: 189539 | Hash: 0x90EEA5DD | Rollbacks: 11 (Resim:  11) | Stalls:  0
[HEARTBEAT] Node: 0 | Tick: 189601 | Conf: 189599 | Hash: 0x6FE4386E | Rollbacks:  1 (Resim:   1) | Stalls:  0
[HEARTBEAT] Node: 0 | Tick: 189661 | Conf: 189659 | Hash: 0xB58FEC8E | Rollbacks: 14 (Resim:  14) | Stalls:  0
[HEARTBEAT] Node: 0 | Tick: 189721 | Conf: 189719 | Hash: 0xD7DCC51B | Rollbacks: 11 (Resim:  11) | Stalls:  0
[HEARTBEAT] Node: 0 | Tick: 189781 | Conf: 189779 | Hash: 0x81F8226F | Rollbacks:  0 (Resim:   0) | Stalls:  0
[HEARTBEAT] Node: 0 | Tick: 189841 | Conf: 189839 | Hash: 0x73EF7B77 | Rollbacks: 15 (Resim:  15) | Stalls:  0
[HEARTBEAT] Node: 0 | Tick: 189901 | Conf: 189899 | Hash: 0xE7E189F0 | Rollbacks:  0 (Resim:   0) | Stalls:  0
[HEARTBEAT] Node: 0 | Tick: 189961 | Conf: 189959 | Hash: 0x7BA8389A | Rollbacks: 21 (Resim:  21) | Stalls:  0
[HEARTBEAT] Node: 0 | Tick: 190021 | Conf: 190019 | Hash: 0xDE2AE065 | Rollbacks: 15 (Resim:  15) | Stalls:  0
[HEARTBEAT] Node: 0 | Tick: 190081 | Conf: 190079 | Hash: 0x1967FBF3 | Rollbacks: 11 (Resim:  11) | Stalls:  0
[BOT:50006] Heartbeat - Sparse Mods Tracked: 2048
[HEARTBEAT] Node: 0 | Tick: 190141 | Conf: 190139 | Hash: 0x93D291F8 | Rollbacks:  0 (Resim:   0) | Stalls:  0
[HEARTBEAT] Node: 0 | Tick: 190201 | Conf: 190199 | Hash: 0x93D6B312 | Rollbacks: 10 (Resim:  10) | Stalls:  0
[HEARTBEAT] Node: 0 | Tick: 190261 | Conf: 190259 | Hash: 0x8E608B48 | Rollbacks: 16 (Resim:  16) | Stalls:  0
[HEARTBEAT] Node: 0 | Tick: 190321 | Conf: 190319 | Hash: 0xF2310985 | Rollbacks:  2 (Resim:   2) | Stalls:  0
[HEARTBEAT] Node: 0 | Tick: 190381 | Conf: 190379 | Hash: 0x13182C13 | Rollbacks: 21 (Resim:  21) | Stalls:  0
[HEARTBEAT] Node: 0 | Tick: 190441 | Conf: 190439 | Hash: 0xA38D19E4 | Rollbacks: 12 (Resim:  12) | Stalls:  0
[HEARTBEAT] Node: 0 | Tick: 190501 | Conf: 190499 | Hash: 0x7EF047AA | Rollbacks: 22 (Resim:  22) | Stalls:  0
[HEARTBEAT] Node: 0 | Tick: 190561 | Conf: 190559 | Hash: 0xDE8F35D7 | Rollbacks:  2 (Resim:   2) | Stalls:  0
[HEARTBEAT] Node: 0 | Tick: 190621 | Conf: 190619 | Hash: 0x26E9A21F | Rollbacks:  0 (Resim:   0) | Stalls:  0
[HEARTBEAT] Node: 0 | Tick: 190681 | Conf: 190679 | Hash: 0xF8D1C61D | Rollbacks: 21 (Resim:  21) | Stalls:  0
[BOT:50006] Heartbeat - Sparse Mods Tracked: 2048
[HEARTBEAT] Node: 0 | Tick: 190741 | Conf: 190739 | Hash: 0xE299173C | Rollbacks:  1 (Resim:   1) | Stalls:  0
[HEARTBEAT] Node: 0 | Tick: 190801 | Conf: 190799 | Hash: 0x0BE66A14 | Rollbacks: 17 (Resim:  17) | Stalls:  0
[HEARTBEAT] Node: 0 | Tick: 190861 | Conf: 190859 | Hash: 0xA7E48582 | Rollbacks: 11 (Resim:  11) | Stalls:  0
[HEARTBEAT] Node: 0 | Tick: 190921 | Conf: 190919 | Hash: 0x6370E11F | Rollbacks:  2 (Resim:   2) | Stalls:  0
[HEARTBEAT] Node: 0 | Tick: 190981 | Conf: 190979 | Hash: 0x672194AD | Rollbacks: 13 (Resim:  13) | Stalls:  0
[HEARTBEAT] Node: 0 | Tick: 191041 | Conf: 191039 | Hash: 0xCE374C01 | Rollbacks: 26 (Resim:  26) | Stalls:  0
[HEARTBEAT] Node: 0 | Tick: 191101 | Conf: 191099 | Hash: 0x9647130B | Rollbacks: 16 (Resim:  16) | Stalls:  0
[HEARTBEAT] Node: 0 | Tick: 191161 | Conf: 191159 | Hash: 0x8F7726C9 | Rollbacks:  5 (Resim:   5) | Stalls:  0
[HEARTBEAT] Node: 0 | Tick: 191221 | Conf: 191219 | Hash: 0x0F72ED7F | Rollbacks:  0 (Resim:   0) | Stalls:  0
[BOT:50006] Heartbeat - Sparse Mods Tracked: 2048
[HEARTBEAT] Node: 0 | Tick: 191281 | Conf: 191279 | Hash: 0xF1524AE4 | Rollbacks:  8 (Resim:   8) | Stalls:  0
[HEARTBEAT] Node: 0 | Tick: 191341 | Conf: 191339 | Hash: 0x7CF22FFB | Rollbacks:  0 (Resim:   0) | Stalls:  0
[HEARTBEAT] Node: 0 | Tick: 191401 | Conf: 191399 | Hash: 0xC2BA5CD1 | Rollbacks: 16 (Resim:  16) | Stalls:  0
[HEARTBEAT] Node: 0 | Tick: 191461 | Conf: 191459 | Hash: 0x3CAE7E4B | Rollbacks:  8 (Resim:   8) | Stalls:  0
[HEARTBEAT] Node: 0 | Tick: 191521 | Conf: 191519 | Hash: 0xA033400D | Rollbacks:  0 (Resim:   0) | Stalls:  0
[HEARTBEAT] Node: 0 | Tick: 191581 | Conf: 191579 | Hash: 0x1AF1314E | Rollbacks: 14 (Resim:  14) | Stalls:  0
[HEARTBEAT] Node: 0 | Tick: 191641 | Conf: 191639 | Hash: 0xE0EEB6B0 | Rollbacks: 14 (Resim:  14) | Stalls:  0
[HEARTBEAT] Node: 0 | Tick: 191701 | Conf: 191699 | Hash: 0x1006B582 | Rollbacks:  7 (Resim:   7) | Stalls:  0
[HEARTBEAT] Node: 0 | Tick: 191761 | Conf: 191759 | Hash: 0x3C11F278 | Rollbacks: 22 (Resim:  22) | Stalls:  0
[HEARTBEAT] Node: 0 | Tick: 191821 | Conf: 191819 | Hash: 0xAE20EE6E | Rollbacks:  9 (Resim:   9) | Stalls:  0
[BOT:50006] Heartbeat - Sparse Mods Tracked: 2048
[HEARTBEAT] Node: 0 | Tick: 191881 | Conf: 191879 | Hash: 0xE8095BA8 | Rollbacks:  0 (Resim:   0) | Stalls:  0
[HEARTBEAT] Node: 0 | Tick: 191941 | Conf: 191939 | Hash: 0x65B9F716 | Rollbacks:  6 (Resim:   6) | Stalls:  0
[HEARTBEAT] Node: 0 | Tick: 192001 | Conf: 191999 | Hash: 0x1B9D0953 | Rollbacks:  0 (Resim:   0) | Stalls:  0
[HEARTBEAT] Node: 0 | Tick: 192061 | Conf: 192059 | Hash: 0x8DEECBAC | Rollbacks: 20 (Resim:  20) | Stalls:  0
[HEARTBEAT] Node: 0 | Tick: 192121 | Conf: 192119 | Hash: 0x40012FE4 | Rollbacks:  3 (Resim:   3) | Stalls:  0
[HEARTBEAT] Node: 0 | Tick: 192181 | Conf: 192179 | Hash: 0x28F7DD58 | Rollbacks: 11 (Resim:  11) | Stalls:  0
[HEARTBEAT] Node: 0 | Tick: 192241 | Conf: 192239 | Hash: 0x1482F034 | Rollbacks: 18 (Resim:  18) | Stalls:  0
[HEARTBEAT] Node: 0 | Tick: 192301 | Conf: 192299 | Hash: 0xB25B454F | Rollbacks: 18 (Resim:  18) | Stalls:  0
[HEARTBEAT] Node: 0 | Tick: 192361 | Conf: 192359 | Hash: 0x4D833506 | Rollbacks: 15 (Resim:  15) | Stalls:  0
[HEARTBEAT] Node: 0 | Tick: 192421 | Conf: 192419 | Hash: 0x2477E097 | Rollbacks: 13 (Resim:  13) | Stalls:  0
[BOT:50006] Heartbeat - Sparse Mods Tracked: 2048
[HEARTBEAT] Node: 0 | Tick: 192481 | Conf: 192479 | Hash: 0x991CFE8A | Rollbacks:  1 (Resim:   1) | Stalls:  0
[HEARTBEAT] Node: 0 | Tick: 192541 | Conf: 192539 | Hash: 0x85296A91 | Rollbacks: 19 (Resim:  19) | Stalls:  0
[HEARTBEAT] Node: 0 | Tick: 192601 | Conf: 192599 | Hash: 0xD0CF5E83 | Rollbacks:  1 (Resim:   1) | Stalls:  0
[HEARTBEAT] Node: 0 | Tick: 192661 | Conf: 192659 | Hash: 0x0688CE27 | Rollbacks:  0 (Resim:   0) | Stalls:  0
[HEARTBEAT] Node: 0 | Tick: 192721 | Conf: 192719 | Hash: 0x0E06D2ED | Rollbacks: 16 (Resim:  16) | Stalls:  0
[HEARTBEAT] Node: 0 | Tick: 192781 | Conf: 192779 | Hash: 0xD0A5AC46 | Rollbacks: 21 (Resim:  21) | Stalls:  0
[HEARTBEAT] Node: 0 | Tick: 192841 | Conf: 192839 | Hash: 0x5D1B7674 | Rollbacks:  1 (Resim:   1) | Stalls:  0
[HEARTBEAT] Node: 0 | Tick: 192901 | Conf: 192899 | Hash: 0x4A90257C | Rollbacks:  0 (Resim:   0) | Stalls:  0
[HEARTBEAT] Node: 0 | Tick: 192961 | Conf: 192959 | Hash: 0x0AAA9966 | Rollbacks:  4 (Resim:   4) | Stalls:  0
[HEARTBEAT] Node: 0 | Tick: 193021 | Conf: 193019 | Hash: 0x3A123294 | Rollbacks:  2 (Resim:   2) | Stalls:  0
[BOT:50006] Heartbeat - Sparse Mods Tracked: 2048
[HEARTBEAT] Node: 0 | Tick: 193081 | Conf: 193079 | Hash: 0x73CDD065 | Rollbacks:  0 (Resim:   0) | Stalls:  0
[HEARTBEAT] Node: 0 | Tick: 193141 | Conf: 193139 | Hash: 0xA33A515A | Rollbacks:  1 (Resim:   1) | Stalls:  0
[HEARTBEAT] Node: 0 | Tick: 193201 | Conf: 193199 | Hash: 0xBAC0F1D7 | Rollbacks:  6 (Resim:   6) | Stalls:  0
[HEARTBEAT] Node: 0 | Tick: 193261 | Conf: 193259 | Hash: 0x5D8C3770 | Rollbacks:  5 (Resim:   5) | Stalls:  0
[HEARTBEAT] Node: 0 | Tick: 193321 | Conf: 193319 | Hash: 0x6FE63177 | Rollbacks: 17 (Resim:  17) | Stalls:  0
[HEARTBEAT] Node: 0 | Tick: 193381 | Conf: 193379 | Hash: 0x1DCFA96F | Rollbacks: 20 (Resim:  20) | Stalls:  0
[HEARTBEAT] Node: 0 | Tick: 193441 | Conf: 193439 | Hash: 0xE36F1583 | Rollbacks: 12 (Resim:  12) | Stalls:  0
[HEARTBEAT] Node: 0 | Tick: 193501 | Conf: 193499 | Hash: 0x18606106 | Rollbacks: 11 (Resim:  11) | Stalls:  0
[HEARTBEAT] Node: 0 | Tick: 193561 | Conf: 193559 | Hash: 0xBE9C79C1 | Rollbacks:  6 (Resim:   6) | Stalls:  0
[HEARTBEAT] Node: 0 | Tick: 193621 | Conf: 193619 | Hash: 0x75D4C370 | Rollbacks:  3 (Resim:   3) | Stalls:  0
[BOT:50006] Heartbeat - Sparse Mods Tracked: 2048
[HEARTBEAT] Node: 0 | Tick: 193681 | Conf: 193679 | Hash: 0xEDB2E603 | Rollbacks:  1 (Resim:   1) | Stalls:  0
[HEARTBEAT] Node: 0 | Tick: 193741 | Conf: 193739 | Hash: 0x04AB2454 | Rollbacks:  9 (Resim:   9) | Stalls:  0
[HEARTBEAT] Node: 0 | Tick: 193801 | Conf: 193799 | Hash: 0x3C009875 | Rollbacks: 22 (Resim:  22) | Stalls:  0
[HEARTBEAT] Node: 0 | Tick: 193861 | Conf: 193859 | Hash: 0x58F7FEC8 | Rollbacks:  3 (Resim:   3) | Stalls:  0
[HEARTBEAT] Node: 0 | Tick: 193921 | Conf: 193919 | Hash: 0xD6360720 | Rollbacks:  0 (Resim:   0) | Stalls:  0
[HEARTBEAT] Node: 0 | Tick: 193981 | Conf: 193979 | Hash: 0x69E49174 | Rollbacks: 26 (Resim:  26) | Stalls:  0
[HEARTBEAT] Node: 0 | Tick: 194041 | Conf: 194039 | Hash: 0x8F442AE3 | Rollbacks:  3 (Resim:   3) | Stalls:  0
[HEARTBEAT] Node: 0 | Tick: 194101 | Conf: 194099 | Hash: 0xF71448DB | Rollbacks:  0 (Resim:   0) | Stalls:  0
[HEARTBEAT] Node: 0 | Tick: 194161 | Conf: 194159 | Hash: 0x427A41A1 | Rollbacks:  6 (Resim:   6) | Stalls:  0
[BOT:50006] Heartbeat - Sparse Mods Tracked: 2048
[HEARTBEAT] Node: 0 | Tick: 194221 | Conf: 194219 | Hash: 0x23EBCDF1 | Rollbacks:  0 (Resim:   0) | Stalls:  0
[HEARTBEAT] Node: 0 | Tick: 194281 | Conf: 194279 | Hash: 0xFDEFAB76 | Rollbacks: 11 (Resim:  11) | Stalls:  0
[HEARTBEAT] Node: 0 | Tick: 194341 | Conf: 194339 | Hash: 0xBD5D992F | Rollbacks: 15 (Resim:  15) | Stalls:  0
[HEARTBEAT] Node: 0 | Tick: 194401 | Conf: 194399 | Hash: 0x2E5B658F | Rollbacks:  9 (Resim:   9) | Stalls:  0
[HEARTBEAT] Node: 0 | Tick: 194461 | Conf: 194459 | Hash: 0xFA156AB6 | Rollbacks: 17 (Resim:  17) | Stalls:  0
[HEARTBEAT] Node: 0 | Tick: 194521 | Conf: 194519 | Hash: 0x5AED681A | Rollbacks: 15 (Resim:  15) | Stalls:  0
[HEARTBEAT] Node: 0 | Tick: 194581 | Conf: 194579 | Hash: 0x8D256997 | Rollbacks: 14 (Resim:  14) | Stalls:  0
[HEARTBEAT] Node: 0 | Tick: 194641 | Conf: 194639 | Hash: 0xE80DFE3A | Rollbacks: 12 (Resim:  12) | Stalls:  0
[HEARTBEAT] Node: 0 | Tick: 194701 | Conf: 194699 | Hash: 0xF9A7C6A8 | Rollbacks:  1 (Resim:   1) | Stalls:  0
[HEARTBEAT] Node: 0 | Tick: 194761 | Conf: 194759 | Hash: 0x6598F94B | Rollbacks: 13 (Resim:  13) | Stalls:  0
[BOT:50006] Heartbeat - Sparse Mods Tracked: 2048
[HEARTBEAT] Node: 0 | Tick: 194821 | Conf: 194819 | Hash: 0xCED107F7 | Rollbacks:  0 (Resim:   0) | Stalls:  0
[HEARTBEAT] Node: 0 | Tick: 194881 | Conf: 194879 | Hash: 0x18B36D79 | Rollbacks:  0 (Resim:   0) | Stalls:  0
[HEARTBEAT] Node: 0 | Tick: 194941 | Conf: 194939 | Hash: 0xF2B43EF6 | Rollbacks: 23 (Resim:  23) | Stalls:  0
[HEARTBEAT] Node: 0 | Tick: 195001 | Conf: 194999 | Hash: 0x91021682 | Rollbacks:  6 (Resim:   6) | Stalls:  0
[HEARTBEAT] Node: 0 | Tick: 195061 | Conf: 195059 | Hash: 0xF44FEED6 | Rollbacks:  0 (Resim:   0) | Stalls:  0
[HEARTBEAT] Node: 0 | Tick: 195121 | Conf: 195119 | Hash: 0xBD55C53B | Rollbacks: 22 (Resim:  22) | Stalls:  0
[HEARTBEAT] Node: 0 | Tick: 195181 | Conf: 195179 | Hash: 0x761453FB | Rollbacks:  3 (Resim:   3) | Stalls:  0
[HEARTBEAT] Node: 0 | Tick: 195241 | Conf: 195239 | Hash: 0x62CA9411 | Rollbacks: 17 (Resim:  17) | Stalls:  0
[HEARTBEAT] Node: 0 | Tick: 195301 | Conf: 195299 | Hash: 0x07DA9EED | Rollbacks:  9 (Resim:   9) | Stalls:  0
[HEARTBEAT] Node: 0 | Tick: 195361 | Conf: 195359 | Hash: 0xC5B8C678 | Rollbacks:  0 (Resim:   0) | Stalls:  0
[BOT:50006] Heartbeat - Sparse Mods Tracked: 2048
[HEARTBEAT] Node: 0 | Tick: 195421 | Conf: 195419 | Hash: 0xF2ED2318 | Rollbacks: 25 (Resim:  25) | Stalls:  0
[HEARTBEAT] Node: 0 | Tick: 195481 | Conf: 195479 | Hash: 0x12532F98 | Rollbacks:  9 (Resim:   9) | Stalls:  0
[HEARTBEAT] Node: 0 | Tick: 195541 | Conf: 195539 | Hash: 0x95622C48 | Rollbacks:  1 (Resim:   1) | Stalls:  0
[HEARTBEAT] Node: 0 | Tick: 195601 | Conf: 195599 | Hash: 0x3C058B1A | Rollbacks: 35 (Resim:  35) | Stalls:  0
[HEARTBEAT] Node: 0 | Tick: 195661 | Conf: 195659 | Hash: 0xBAE20513 | Rollbacks:  6 (Resim:   6) | Stalls:  0
[HEARTBEAT] Node: 0 | Tick: 195721 | Conf: 195719 | Hash: 0xD8290BDA | Rollbacks:  7 (Resim:   7) | Stalls:  0
[HEARTBEAT] Node: 0 | Tick: 195781 | Conf: 195779 | Hash: 0xD9F1DA15 | Rollbacks: 26 (Resim:  27) | Stalls:  0
[HEARTBEAT] Node: 0 | Tick: 195841 | Conf: 195839 | Hash: 0x991C3C2A | Rollbacks:  6 (Resim:   6) | Stalls:  0
[HEARTBEAT] Node: 0 | Tick: 195901 | Conf: 195899 | Hash: 0x026E1CFE | Rollbacks:  0 (Resim:   0) | Stalls:  0
[HEARTBEAT] Node: 0 | Tick: 195961 | Conf: 195959 | Hash: 0x0E50CE2F | Rollbacks:  7 (Resim:   7) | Stalls:  0
[BOT:50006] Heartbeat - Sparse Mods Tracked: 2048
[HEARTBEAT] Node: 0 | Tick: 196021 | Conf: 196019 | Hash: 0xFF0667CB | Rollbacks: 18 (Resim:  18) | Stalls:  0
[HEARTBEAT] Node: 0 | Tick: 196081 | Conf: 196079 | Hash: 0xD7565CBB | Rollbacks: 17 (Resim:  17) | Stalls:  0
[HEARTBEAT] Node: 0 | Tick: 196141 | Conf: 196139 | Hash: 0x946A6D0C | Rollbacks:  8 (Resim:   8) | Stalls:  0
[HEARTBEAT] Node: 0 | Tick: 196201 | Conf: 196199 | Hash: 0x0C1AE7D9 | Rollbacks:  1 (Resim:   1) | Stalls:  0
[HEARTBEAT] Node: 0 | Tick: 196261 | Conf: 196259 | Hash: 0xB2E23A41 | Rollbacks: 11 (Resim:  11) | Stalls:  0
[HEARTBEAT] Node: 0 | Tick: 196321 | Conf: 196319 | Hash: 0x7A29F0ED | Rollbacks: 16 (Resim:  16) | Stalls:  0
[HEARTBEAT] Node: 0 | Tick: 196381 | Conf: 196379 | Hash: 0x7C906E07 | Rollbacks:  9 (Resim:   9) | Stalls:  0
[HEARTBEAT] Node: 0 | Tick: 196441 | Conf: 196439 | Hash: 0x6A4416F1 | Rollbacks: 17 (Resim:  17) | Stalls:  0
[HEARTBEAT] Node: 0 | Tick: 196501 | Conf: 196499 | Hash: 0xAF680C69 | Rollbacks:  3 (Resim:   3) | Stalls:  0
[HEARTBEAT] Node: 0 | Tick: 196561 | Conf: 196559 | Hash: 0x6EF9D2F2 | Rollbacks: 19 (Resim:  19) | Stalls:  0
[BOT:50006] Heartbeat - Sparse Mods Tracked: 2048
[HEARTBEAT] Node: 0 | Tick: 196621 | Conf: 196619 | Hash: 0xB3E06715 | Rollbacks:  8 (Resim:   8) | Stalls:  0
[HEARTBEAT] Node: 0 | Tick: 196681 | Conf: 196679 | Hash: 0x9B48632A | Rollbacks:  3 (Resim:   3) | Stalls:  0
[HEARTBEAT] Node: 0 | Tick: 196741 | Conf: 196739 | Hash: 0x91F9E315 | Rollbacks: 24 (Resim:  24) | Stalls:  0
[HEARTBEAT] Node: 0 | Tick: 196801 | Conf: 196799 | Hash: 0xA9E25835 | Rollbacks:  4 (Resim:   4) | Stalls:  0
[HEARTBEAT] Node: 0 | Tick: 196861 | Conf: 196859 | Hash: 0xADF54356 | Rollbacks: 29 (Resim:  29) | Stalls:  0
[HEARTBEAT] Node: 0 | Tick: 196921 | Conf: 196919 | Hash: 0xB93880DB | Rollbacks: 17 (Resim:  17) | Stalls:  0
[HEARTBEAT] Node: 0 | Tick: 196981 | Conf: 196979 | Hash: 0xB96B3142 | Rollbacks:  4 (Resim:   4) | Stalls:  0
[HEARTBEAT] Node: 0 | Tick: 197041 | Conf: 197039 | Hash: 0xDF25B326 | Rollbacks: 13 (Resim:  13) | Stalls:  0
[HEARTBEAT] Node: 0 | Tick: 197101 | Conf: 197099 | Hash: 0x5BFBFF75 | Rollbacks:  9 (Resim:   9) | Stalls:  0
[BOT:50006] Heartbeat - Sparse Mods Tracked: 2048
[HEARTBEAT] Node: 0 | Tick: 197161 | Conf: 197159 | Hash: 0x439D20B7 | Rollbacks:  5 (Resim:   5) | Stalls:  0
[HEARTBEAT] Node: 0 | Tick: 197221 | Conf: 197219 | Hash: 0xAA040431 | Rollbacks: 15 (Resim:  16) | Stalls:  0
[HEARTBEAT] Node: 0 | Tick: 197281 | Conf: 197279 | Hash: 0x50D5AD3C | Rollbacks:  3 (Resim:   3) | Stalls:  0
[HEARTBEAT] Node: 0 | Tick: 197341 | Conf: 197339 | Hash: 0x50421AE7 | Rollbacks:  0 (Resim:   0) | Stalls:  0
[HEARTBEAT] Node: 0 | Tick: 197401 | Conf: 197399 | Hash: 0x947DA9AC | Rollbacks: 15 (Resim:  15) | Stalls:  0
[HEARTBEAT] Node: 0 | Tick: 197461 | Conf: 197459 | Hash: 0x99FD7853 | Rollbacks:  0 (Resim:   0) | Stalls:  0
[HEARTBEAT] Node: 0 | Tick: 197521 | Conf: 197519 | Hash: 0xD134F180 | Rollbacks: 18 (Resim:  18) | Stalls:  0
[HEARTBEAT] Node: 0 | Tick: 197581 | Conf: 197579 | Hash: 0x55BD6513 | Rollbacks: 19 (Resim:  19) | Stalls:  0
[HEARTBEAT] Node: 0 | Tick: 197641 | Conf: 197639 | Hash: 0x5B4E53EA | Rollbacks:  2 (Resim:   2) | Stalls:  0
[HEARTBEAT] Node: 0 | Tick: 197701 | Conf: 197699 | Hash: 0x92D5A8F4 | Rollbacks:  0 (Resim:   0) | Stalls:  0
[BOT:50006] Heartbeat - Sparse Mods Tracked: 2048
[HEARTBEAT] Node: 0 | Tick: 197761 | Conf: 197759 | Hash: 0x5FA0DECD | Rollbacks: 20 (Resim:  20) | Stalls:  0
[HEARTBEAT] Node: 0 | Tick: 197821 | Conf: 197819 | Hash: 0x7397B775 | Rollbacks:  6 (Resim:   6) | Stalls:  0
[HEARTBEAT] Node: 0 | Tick: 197881 | Conf: 197879 | Hash: 0xD857C02D | Rollbacks:  0 (Resim:   0) | Stalls:  0
[HEARTBEAT] Node: 0 | Tick: 197941 | Conf: 197939 | Hash: 0x7602C5CB | Rollbacks: 13 (Resim:  13) | Stalls:  0
[HEARTBEAT] Node: 0 | Tick: 198001 | Conf: 197999 | Hash: 0xA286F8C5 | Rollbacks: 18 (Resim:  18) | Stalls:  0
[HEARTBEAT] Node: 0 | Tick: 198061 | Conf: 198059 | Hash: 0x6A46FD48 | Rollbacks:  4 (Resim:   4) | Stalls:  0
[HEARTBEAT] Node: 0 | Tick: 198121 | Conf: 198119 | Hash: 0x65D5ED58 | Rollbacks:  0 (Resim:   0) | Stalls:  0
[HEARTBEAT] Node: 0 | Tick: 198181 | Conf: 198179 | Hash: 0x6B6D617A | Rollbacks: 31 (Resim:  32) | Stalls:  0
[HEARTBEAT] Node: 0 | Tick: 198241 | Conf: 198239 | Hash: 0x0BBFF41F | Rollbacks:  4 (Resim:   4) | Stalls:  0
[HEARTBEAT] Node: 0 | Tick: 198301 | Conf: 198299 | Hash: 0xC4DA0FB6 | Rollbacks:  0 (Resim:   0) | Stalls:  0
[BOT:50006] Heartbeat - Sparse Mods Tracked: 2048
[HEARTBEAT] Node: 0 | Tick: 198361 | Conf: 198359 | Hash: 0xB5EAC8EC | Rollbacks:  0 (Resim:   0) | Stalls:  0
[HEARTBEAT] Node: 0 | Tick: 198421 | Conf: 198419 | Hash: 0x29AB94CA | Rollbacks:  6 (Resim:   6) | Stalls:  0
[HEARTBEAT] Node: 0 | Tick: 198481 | Conf: 198479 | Hash: 0x7DD2CD31 | Rollbacks:  0 (Resim:   0) | Stalls:  0
[HEARTBEAT] Node: 0 | Tick: 198541 | Conf: 198539 | Hash: 0x2CD901C9 | Rollbacks: 25 (Resim:  25) | Stalls:  0
[HEARTBEAT] Node: 0 | Tick: 198601 | Conf: 198599 | Hash: 0xC6D21D77 | Rollbacks:  0 (Resim:   0) | Stalls:  0
[HEARTBEAT] Node: 0 | Tick: 198661 | Conf: 198659 | Hash: 0xE530F493 | Rollbacks:  0 (Resim:   0) | Stalls:  0
[HEARTBEAT] Node: 0 | Tick: 198721 | Conf: 198719 | Hash: 0x4565AF36 | Rollbacks: 31 (Resim:  31) | Stalls:  0
[HEARTBEAT] Node: 0 | Tick: 198781 | Conf: 198779 | Hash: 0x65AE26FB | Rollbacks:  0 (Resim:   0) | Stalls:  0
[HEARTBEAT] Node: 0 | Tick: 198841 | Conf: 198839 | Hash: 0x5B8C0468 | Rollbacks:  0 (Resim:   0) | Stalls:  0
[HEARTBEAT] Node: 0 | Tick: 198901 | Conf: 198899 | Hash: 0xA734114B | Rollbacks: 26 (Resim:  26) | Stalls:  0
[BOT:50006] Heartbeat - Sparse Mods Tracked: 2048
[HEARTBEAT] Node: 0 | Tick: 198961 | Conf: 198959 | Hash: 0xFFBD0BE2 | Rollbacks: 16 (Resim:  16) | Stalls:  0
[HEARTBEAT] Node: 0 | Tick: 199021 | Conf: 199019 | Hash: 0x7F995BC7 | Rollbacks:  3 (Resim:   3) | Stalls:  0
[HEARTBEAT] Node: 0 | Tick: 199081 | Conf: 199079 | Hash: 0x670D1F8C | Rollbacks: 16 (Resim:  16) | Stalls:  0
[HEARTBEAT] Node: 0 | Tick: 199141 | Conf: 199139 | Hash: 0x6F5A11FA | Rollbacks:  5 (Resim:   5) | Stalls:  0
[HEARTBEAT] Node: 0 | Tick: 199201 | Conf: 199199 | Hash: 0xA0DACC13 | Rollbacks: 16 (Resim:  16) | Stalls:  0
[HEARTBEAT] Node: 0 | Tick: 199261 | Conf: 199259 | Hash: 0x24837F93 | Rollbacks:  1 (Resim:   1) | Stalls:  0
[HEARTBEAT] Node: 0 | Tick: 199321 | Conf: 199319 | Hash: 0x5C12F84D | Rollbacks:  0 (Resim:   0) | Stalls:  0
[HEARTBEAT] Node: 0 | Tick: 199381 | Conf: 199379 | Hash: 0x4661AA12 | Rollbacks:  0 (Resim:   0) | Stalls:  0
[HEARTBEAT] Node: 0 | Tick: 199441 | Conf: 199439 | Hash: 0xF1D71E3D | Rollbacks:  2 (Resim:   2) | Stalls:  0
[HEARTBEAT] Node: 0 | Tick: 199501 | Conf: 199499 | Hash: 0xDBB1397A | Rollbacks: 14 (Resim:  14) | Stalls:  0
[BOT:50006] Heartbeat - Sparse Mods Tracked: 2048
[HEARTBEAT] Node: 0 | Tick: 199561 | Conf: 199559 | Hash: 0x4A72C791 | Rollbacks: 14 (Resim:  14) | Stalls:  0
[HEARTBEAT] Node: 0 | Tick: 199621 | Conf: 199619 | Hash: 0xA4B6D571 | Rollbacks:  5 (Resim:   5) | Stalls:  0
[HEARTBEAT] Node: 0 | Tick: 199681 | Conf: 199679 | Hash: 0xF35C5C91 | Rollbacks:  0 (Resim:   0) | Stalls:  0
[HEARTBEAT] Node: 0 | Tick: 199741 | Conf: 199739 | Hash: 0x3EBB9F6A | Rollbacks:  2 (Resim:   2) | Stalls:  0
[HEARTBEAT] Node: 0 | Tick: 199801 | Conf: 199799 | Hash: 0x1A2075AD | Rollbacks: 13 (Resim:  13) | Stalls:  0
[HEARTBEAT] Node: 0 | Tick: 199861 | Conf: 199859 | Hash: 0xFBFF5FB5 | Rollbacks: 10 (Resim:  10) | Stalls:  0
[HEARTBEAT] Node: 0 | Tick: 199921 | Conf: 199919 | Hash: 0x32E98F65 | Rollbacks: 15 (Resim:  15) | Stalls:  0
[HEARTBEAT] Node: 0 | Tick: 199981 | Conf: 199979 | Hash: 0x0A0717B7 | Rollbacks: 17 (Resim:  17) | Stalls:  0
[HEARTBEAT] Node: 0 | Tick: 200041 | Conf: 200039 | Hash: 0xA879814E | Rollbacks: 15 (Resim:  15) | Stalls:  0
[BOT:50006] Heartbeat - Sparse Mods Tracked: 2048
[HEARTBEAT] Node: 0 | Tick: 200101 | Conf: 200099 | Hash: 0xB9B1B3DE | Rollbacks:  0 (Resim:   0) | Stalls:  0
[HEARTBEAT] Node: 0 | Tick: 200161 | Conf: 200159 | Hash: 0x9A54B555 | Rollbacks: 23 (Resim:  23) | Stalls:  0
[HEARTBEAT] Node: 0 | Tick: 200221 | Conf: 200219 | Hash: 0x4BA89214 | Rollbacks: 10 (Resim:  10) | Stalls:  0
[HEARTBEAT] Node: 0 | Tick: 200281 | Conf: 200279 | Hash: 0xA062EA85 | Rollbacks:  9 (Resim:   9) | Stalls:  0
[HEARTBEAT] Node: 0 | Tick: 200341 | Conf: 200339 | Hash: 0x9D5F5E0F | Rollbacks:  8 (Resim:   8) | Stalls:  0
[HEARTBEAT] Node: 0 | Tick: 200401 | Conf: 200399 | Hash: 0xDD304F62 | Rollbacks:  1 (Resim:   1) | Stalls:  0
[HEARTBEAT] Node: 0 | Tick: 200461 | Conf: 200459 | Hash: 0xC832888B | Rollbacks: 23 (Resim:  23) | Stalls:  0
[HEARTBEAT] Node: 0 | Tick: 200521 | Conf: 200519 | Hash: 0xD09767B6 | Rollbacks: 11 (Resim:  11) | Stalls:  0
[HEARTBEAT] Node: 0 | Tick: 200581 | Conf: 200579 | Hash: 0x8FBCE299 | Rollbacks:  0 (Resim:   0) | Stalls:  0
[HEARTBEAT] Node: 0 | Tick: 200641 | Conf: 200639 | Hash: 0x1A325747 | Rollbacks:  4 (Resim:   4) | Stalls:  0
[BOT:50006] Heartbeat - Sparse Mods Tracked: 2048
[HEARTBEAT] Node: 0 | Tick: 200701 | Conf: 200699 | Hash: 0xEEA47386 | Rollbacks:  1 (Resim:   1) | Stalls:  0
[HEARTBEAT] Node: 0 | Tick: 200761 | Conf: 200759 | Hash: 0x7D2E5F39 | Rollbacks: 21 (Resim:  21) | Stalls:  0
[HEARTBEAT] Node: 0 | Tick: 200821 | Conf: 200819 | Hash: 0xCCF49BA2 | Rollbacks:  7 (Resim:   7) | Stalls:  0
[HEARTBEAT] Node: 0 | Tick: 200881 | Conf: 200879 | Hash: 0xA4860290 | Rollbacks: 23 (Resim:  23) | Stalls:  0
[HEARTBEAT] Node: 0 | Tick: 200941 | Conf: 200939 | Hash: 0x5019F218 | Rollbacks:  5 (Resim:   5) | Stalls:  0
[HEARTBEAT] Node: 0 | Tick: 201001 | Conf: 200999 | Hash: 0x28DCC4D2 | Rollbacks:  0 (Resim:   0) | Stalls:  0
[HEARTBEAT] Node: 0 | Tick: 201061 | Conf: 201059 | Hash: 0x654D8088 | Rollbacks: 22 (Resim:  22) | Stalls:  0
[HEARTBEAT] Node: 0 | Tick: 201121 | Conf: 201119 | Hash: 0xA06F9895 | Rollbacks: 18 (Resim:  18) | Stalls:  0
[HEARTBEAT] Node: 0 | Tick: 201181 | Conf: 201179 | Hash: 0xF3887B22 | Rollbacks:  1 (Resim:   1) | Stalls:  0
[HEARTBEAT] Node: 0 | Tick: 201241 | Conf: 201239 | Hash: 0xE254D901 | Rollbacks:  0 (Resim:   0) | Stalls:  0
[BOT:50006] Heartbeat - Sparse Mods Tracked: 2048
[HEARTBEAT] Node: 0 | Tick: 201301 | Conf: 201299 | Hash: 0xE3FEE9FF | Rollbacks: 19 (Resim:  19) | Stalls:  0
[HEARTBEAT] Node: 0 | Tick: 201361 | Conf: 201359 | Hash: 0x8A56A471 | Rollbacks:  2 (Resim:   2) | Stalls:  0
[HEARTBEAT] Node: 0 | Tick: 201421 | Conf: 201419 | Hash: 0x5E70EFEF | Rollbacks: 22 (Resim:  22) | Stalls:  0
[HEARTBEAT] Node: 0 | Tick: 201481 | Conf: 201479 | Hash: 0xF8E9D92F | Rollbacks: 12 (Resim:  13) | Stalls:  0
[HEARTBEAT] Node: 0 | Tick: 201541 | Conf: 201539 | Hash: 0x0BDCE31E | Rollbacks:  3 (Resim:   3) | Stalls:  0
[HEARTBEAT] Node: 0 | Tick: 201601 | Conf: 201599 | Hash: 0x900E250B | Rollbacks: 13 (Resim:  13) | Stalls:  0
[HEARTBEAT] Node: 0 | Tick: 201661 | Conf: 201659 | Hash: 0x18BDE2FE | Rollbacks: 15 (Resim:  15) | Stalls:  0
[HEARTBEAT] Node: 0 | Tick: 201721 | Conf: 201719 | Hash: 0x47926742 | Rollbacks: 14 (Resim:  14) | Stalls:  0
[HEARTBEAT] Node: 0 | Tick: 201781 | Conf: 201779 | Hash: 0x52CAE433 | Rollbacks:  1 (Resim:   1) | Stalls:  0
[HEARTBEAT] Node: 0 | Tick: 201841 | Conf: 201839 | Hash: 0x76B0339D | Rollbacks: 20 (Resim:  20) | Stalls:  0
[BOT:50006] Heartbeat - Sparse Mods Tracked: 2048
[HEARTBEAT] Node: 0 | Tick: 201901 | Conf: 201899 | Hash: 0xC4C0B7C3 | Rollbacks:  6 (Resim:   6) | Stalls:  0
[HEARTBEAT] Node: 0 | Tick: 201961 | Conf: 201959 | Hash: 0x1C56330B | Rollbacks: 20 (Resim:  20) | Stalls:  0
[HEARTBEAT] Node: 0 | Tick: 202021 | Conf: 202019 | Hash: 0x6FB23F0E | Rollbacks:  3 (Resim:   3) | Stalls:  0
[HEARTBEAT] Node: 0 | Tick: 202081 | Conf: 202079 | Hash: 0x743B410D | Rollbacks:  0 (Resim:   0) | Stalls:  0
[HEARTBEAT] Node: 0 | Tick: 202141 | Conf: 202139 | Hash: 0x5C723451 | Rollbacks:  4 (Resim:   4) | Stalls:  0
[HEARTBEAT] Node: 0 | Tick: 202201 | Conf: 202199 | Hash: 0x567C7E82 | Rollbacks: 21 (Resim:  21) | Stalls:  0
[HEARTBEAT] Node: 0 | Tick: 202261 | Conf: 202259 | Hash: 0xD6579CFD | Rollbacks:  7 (Resim:   7) | Stalls:  0
[HEARTBEAT] Node: 0 | Tick: 202321 | Conf: 202319 | Hash: 0x8DEC57F2 | Rollbacks: 23 (Resim:  23) | Stalls:  0
[HEARTBEAT] Node: 0 | Tick: 202381 | Conf: 202379 | Hash: 0xF565A3B4 | Rollbacks:  0 (Resim:   0) | Stalls:  0
[HEARTBEAT] Node: 0 | Tick: 202441 | Conf: 202439 | Hash: 0x9FE8F624 | Rollbacks: 31 (Resim:  32) | Stalls:  0
[BOT:50006] Heartbeat - Sparse Mods Tracked: 2048
[HEARTBEAT] Node: 0 | Tick: 202501 | Conf: 202499 | Hash: 0xB445575B | Rollbacks:  0 (Resim:   0) | Stalls:  0
[HEARTBEAT] Node: 0 | Tick: 202561 | Conf: 202559 | Hash: 0x4565B293 | Rollbacks: 12 (Resim:  12) | Stalls:  0
[HEARTBEAT] Node: 0 | Tick: 202621 | Conf: 202619 | Hash: 0xB7693EF0 | Rollbacks:  0 (Resim:   0) | Stalls:  0
[HEARTBEAT] Node: 0 | Tick: 202681 | Conf: 202679 | Hash: 0xAC676F47 | Rollbacks: 22 (Resim:  22) | Stalls:  0
[HEARTBEAT] Node: 0 | Tick: 202741 | Conf: 202739 | Hash: 0x5DDA50D7 | Rollbacks:  8 (Resim:   8) | Stalls:  0
[HEARTBEAT] Node: 0 | Tick: 202801 | Conf: 202799 | Hash: 0xE3E038A1 | Rollbacks:  0 (Resim:   0) | Stalls:  0
[HEARTBEAT] Node: 0 | Tick: 202861 | Conf: 202859 | Hash: 0xF056A179 | Rollbacks:  8 (Resim:   8) | Stalls:  0
[HEARTBEAT] Node: 0 | Tick: 202921 | Conf: 202919 | Hash: 0xF7B08F3A | Rollbacks:  9 (Resim:   9) | Stalls:  0
[HEARTBEAT] Node: 0 | Tick: 202981 | Conf: 202979 | Hash: 0x02D790FA | Rollbacks: 15 (Resim:  15) | Stalls:  0
[BOT:50006] Heartbeat - Sparse Mods Tracked: 2048
[HEARTBEAT] Node: 0 | Tick: 203041 | Conf: 203039 | Hash: 0xF495C74E | Rollbacks:  1 (Resim:   1) | Stalls:  0
[HEARTBEAT] Node: 0 | Tick: 203101 | Conf: 203099 | Hash: 0x4BCBF412 | Rollbacks:  0 (Resim:   0) | Stalls:  0
[HEARTBEAT] Node: 0 | Tick: 203161 | Conf: 203159 | Hash: 0x788A77E6 | Rollbacks: 18 (Resim:  18) | Stalls:  0
[HEARTBEAT] Node: 0 | Tick: 203221 | Conf: 203219 | Hash: 0x4FBC83A1 | Rollbacks: 10 (Resim:  10) | Stalls:  0
[HEARTBEAT] Node: 0 | Tick: 203281 | Conf: 203279 | Hash: 0x291C53CD | Rollbacks:  0 (Resim:   0) | Stalls:  0
[HEARTBEAT] Node: 0 | Tick: 203341 | Conf: 203339 | Hash: 0x67B73608 | Rollbacks: 17 (Resim:  17) | Stalls:  0
[HEARTBEAT] Node: 0 | Tick: 203401 | Conf: 203399 | Hash: 0xA23C538C | Rollbacks:  2 (Resim:   2) | Stalls:  0
[HEARTBEAT] Node: 0 | Tick: 203461 | Conf: 203459 | Hash: 0x956AAA60 | Rollbacks: 12 (Resim:  12) | Stalls:  0
[HEARTBEAT] Node: 0 | Tick: 203521 | Conf: 203519 | Hash: 0x8E1157F5 | Rollbacks: 15 (Resim:  15) | Stalls:  0
[HEARTBEAT] Node: 0 | Tick: 203581 | Conf: 203579 | Hash: 0xBF586501 | Rollbacks: 20 (Resim:  20) | Stalls:  0
[BOT:50006] Heartbeat - Sparse Mods Tracked: 2048
[HEARTBEAT] Node: 0 | Tick: 203641 | Conf: 203639 | Hash: 0x18E38682 | Rollbacks: 27 (Resim:  27) | Stalls:  0
[HEARTBEAT] Node: 0 | Tick: 203701 | Conf: 203699 | Hash: 0x67CA1E27 | Rollbacks: 21 (Resim:  22) | Stalls:  0
[HEARTBEAT] Node: 0 | Tick: 203761 | Conf: 203759 | Hash: 0x8B0CB7BE | Rollbacks:  0 (Resim:   0) | Stalls:  0
[HEARTBEAT] Node: 0 | Tick: 203821 | Conf: 203819 | Hash: 0xB8046C9D | Rollbacks: 20 (Resim:  20) | Stalls:  0
[HEARTBEAT] Node: 0 | Tick: 203881 | Conf: 203879 | Hash: 0x75751785 | Rollbacks: 11 (Resim:  11) | Stalls:  0
[HEARTBEAT] Node: 0 | Tick: 203941 | Conf: 203939 | Hash: 0x04544F38 | Rollbacks:  0 (Resim:   0) | Stalls:  0
[HEARTBEAT] Node: 0 | Tick: 204001 | Conf: 203999 | Hash: 0xEEA74F06 | Rollbacks: 23 (Resim:  23) | Stalls:  0
[HEARTBEAT] Node: 0 | Tick: 204061 | Conf: 204059 | Hash: 0xFD626466 | Rollbacks:  0 (Resim:   0) | Stalls:  0
[HEARTBEAT] Node: 0 | Tick: 204121 | Conf: 204119 | Hash: 0xB3C45CCD | Rollbacks:  0 (Resim:   0) | Stalls:  0
[HEARTBEAT] Node: 0 | Tick: 204181 | Conf: 204179 | Hash: 0x77B0E11E | Rollbacks:  9 (Resim:   9) | Stalls:  0
[BOT:50006] Heartbeat - Sparse Mods Tracked: 2048
[HEARTBEAT] Node: 0 | Tick: 204241 | Conf: 204239 | Hash: 0xAB592D18 | Rollbacks:  0 (Resim:   0) | Stalls:  0
[HEARTBEAT] Node: 0 | Tick: 204301 | Conf: 204299 | Hash: 0xA7B07AF7 | Rollbacks: 20 (Resim:  20) | Stalls:  0
[HEARTBEAT] Node: 0 | Tick: 204361 | Conf: 204359 | Hash: 0x6153C639 | Rollbacks: 11 (Resim:  11) | Stalls:  0
[HEARTBEAT] Node: 0 | Tick: 204421 | Conf: 204419 | Hash: 0x76E16487 | Rollbacks:  0 (Resim:   0) | Stalls:  0
[HEARTBEAT] Node: 0 | Tick: 204481 | Conf: 204479 | Hash: 0x3C1A7108 | Rollbacks: 15 (Resim:  15) | Stalls:  0
[HEARTBEAT] Node: 0 | Tick: 204541 | Conf: 204539 | Hash: 0x76C54407 | Rollbacks: 15 (Resim:  15) | Stalls:  0
[HEARTBEAT] Node: 0 | Tick: 204601 | Conf: 204599 | Hash: 0x206AAE33 | Rollbacks:  0 (Resim:   0) | Stalls:  0
[HEARTBEAT] Node: 0 | Tick: 204661 | Conf: 204659 | Hash: 0xB3BE8A19 | Rollbacks:  0 (Resim:   0) | Stalls:  0
[HEARTBEAT] Node: 0 | Tick: 204721 | Conf: 204719 | Hash: 0xEE8C9C53 | Rollbacks: 19 (Resim:  19) | Stalls:  0
[HEARTBEAT] Node: 0 | Tick: 204781 | Conf: 204779 | Hash: 0x57AF1CFC | Rollbacks:  6 (Resim:   6) | Stalls:  0
[BOT:50006] Heartbeat - Sparse Mods Tracked: 2048
[HEARTBEAT] Node: 0 | Tick: 204841 | Conf: 204839 | Hash: 0xE622BCAC | Rollbacks: 19 (Resim:  19) | Stalls:  0
[HEARTBEAT] Node: 0 | Tick: 204901 | Conf: 204899 | Hash: 0x9FAFB63B | Rollbacks: 13 (Resim:  13) | Stalls:  0
[HEARTBEAT] Node: 0 | Tick: 204961 | Conf: 204959 | Hash: 0x9305734A | Rollbacks:  0 (Resim:   0) | Stalls:  0
[HEARTBEAT] Node: 0 | Tick: 205021 | Conf: 205019 | Hash: 0x6731E0AD | Rollbacks: 10 (Resim:  10) | Stalls:  0
[HEARTBEAT] Node: 0 | Tick: 205081 | Conf: 205079 | Hash: 0x690D8379 | Rollbacks: 14 (Resim:  14) | Stalls:  0
[HEARTBEAT] Node: 0 | Tick: 205141 | Conf: 205139 | Hash: 0x752107EE | Rollbacks:  0 (Resim:   0) | Stalls:  0
[HEARTBEAT] Node: 0 | Tick: 205201 | Conf: 205199 | Hash: 0xCFC2CA62 | Rollbacks:  9 (Resim:   9) | Stalls:  0
[HEARTBEAT] Node: 0 | Tick: 205261 | Conf: 205259 | Hash: 0xD8B989EE | Rollbacks:  0 (Resim:   0) | Stalls:  0
[HEARTBEAT] Node: 0 | Tick: 205321 | Conf: 205319 | Hash: 0x002D8209 | Rollbacks: 16 (Resim:  16) | Stalls:  0
[HEARTBEAT] Node: 0 | Tick: 205381 | Conf: 205379 | Hash: 0xA32984A8 | Rollbacks:  3 (Resim:   3) | Stalls:  0
[BOT:50006] Heartbeat - Sparse Mods Tracked: 2048
[HEARTBEAT] Node: 0 | Tick: 205441 | Conf: 205439 | Hash: 0x9034485D | Rollbacks: 13 (Resim:  13) | Stalls:  0
[HEARTBEAT] Node: 0 | Tick: 205501 | Conf: 205499 | Hash: 0xBBE7C542 | Rollbacks: 12 (Resim:  12) | Stalls:  0
[HEARTBEAT] Node: 0 | Tick: 205561 | Conf: 205559 | Hash: 0x990F4D2A | Rollbacks:  0 (Resim:   0) | Stalls:  0
[HEARTBEAT] Node: 0 | Tick: 205621 | Conf: 205619 | Hash: 0xCE2C9D23 | Rollbacks: 21 (Resim:  21) | Stalls:  0
[HEARTBEAT] Node: 0 | Tick: 205681 | Conf: 205679 | Hash: 0x49FE0D46 | Rollbacks: 18 (Resim:  18) | Stalls:  0
[HEARTBEAT] Node: 0 | Tick: 205741 | Conf: 205739 | Hash: 0xB442AE21 | Rollbacks: 14 (Resim:  14) | Stalls:  0
[HEARTBEAT] Node: 0 | Tick: 205801 | Conf: 205799 | Hash: 0x5A4AE081 | Rollbacks:  0 (Resim:   0) | Stalls:  0
[HEARTBEAT] Node: 0 | Tick: 205861 | Conf: 205859 | Hash: 0x93FC5B95 | Rollbacks:  0 (Resim:   0) | Stalls:  0
[HEARTBEAT] Node: 0 | Tick: 205921 | Conf: 205919 | Hash: 0xD6CBF05A | Rollbacks:  4 (Resim:   4) | Stalls:  0
[HEARTBEAT] Node: 0 | Tick: 205981 | Conf: 205979 | Hash: 0x76E1BA28 | Rollbacks: 19 (Resim:  19) | Stalls:  0
[BOT:50006] Heartbeat - Sparse Mods Tracked: 2048
[HEARTBEAT] Node: 0 | Tick: 206041 | Conf: 206039 | Hash: 0x20FF8D12 | Rollbacks: 15 (Resim:  15) | Stalls:  0
[HEARTBEAT] Node: 0 | Tick: 206101 | Conf: 206099 | Hash: 0x873993B1 | Rollbacks:  0 (Resim:   0) | Stalls:  0
[HEARTBEAT] Node: 0 | Tick: 206161 | Conf: 206159 | Hash: 0x68B137C0 | Rollbacks: 19 (Resim:  19) | Stalls:  0
[HEARTBEAT] Node: 0 | Tick: 206221 | Conf: 206219 | Hash: 0xD7E0A7CA | Rollbacks:  1 (Resim:   1) | Stalls:  0
[HEARTBEAT] Node: 0 | Tick: 206281 | Conf: 206279 | Hash: 0x646DC21D | Rollbacks: 19 (Resim:  19) | Stalls:  0
[HEARTBEAT] Node: 0 | Tick: 206341 | Conf: 206339 | Hash: 0x0434431F | Rollbacks: 24 (Resim:  24) | Stalls:  0
[HEARTBEAT] Node: 0 | Tick: 206401 | Conf: 206399 | Hash: 0x0A580EA2 | Rollbacks: 15 (Resim:  15) | Stalls:  0
[HEARTBEAT] Node: 0 | Tick: 206461 | Conf: 206459 | Hash: 0xE25DD376 | Rollbacks:  3 (Resim:   3) | Stalls:  0
[HEARTBEAT] Node: 0 | Tick: 206521 | Conf: 206519 | Hash: 0x7FD9D516 | Rollbacks:  0 (Resim:   0) | Stalls:  0
[BOT:50006] Heartbeat - Sparse Mods Tracked: 2048
[HEARTBEAT] Node: 0 | Tick: 206581 | Conf: 206579 | Hash: 0xF9E2F253 | Rollbacks: 16 (Resim:  16) | Stalls:  0
[HEARTBEAT] Node: 0 | Tick: 206641 | Conf: 206639 | Hash: 0x62C2C558 | Rollbacks: 12 (Resim:  12) | Stalls:  0
[HEARTBEAT] Node: 0 | Tick: 206701 | Conf: 206699 | Hash: 0x5F11A8BE | Rollbacks:  7 (Resim:   7) | Stalls:  0
[HEARTBEAT] Node: 0 | Tick: 206761 | Conf: 206759 | Hash: 0x89FF09D8 | Rollbacks:  0 (Resim:   0) | Stalls:  0
[HEARTBEAT] Node: 0 | Tick: 206821 | Conf: 206819 | Hash: 0x9F255ED7 | Rollbacks: 26 (Resim:  26) | Stalls:  0
[HEARTBEAT] Node: 0 | Tick: 206881 | Conf: 206879 | Hash: 0xD44D391C | Rollbacks: 14 (Resim:  14) | Stalls:  0
[HEARTBEAT] Node: 0 | Tick: 206941 | Conf: 206939 | Hash: 0x4470B77A | Rollbacks: 14 (Resim:  14) | Stalls:  0
[HEARTBEAT] Node: 0 | Tick: 207001 | Conf: 206999 | Hash: 0x1DA0A85D | Rollbacks:  0 (Resim:   0) | Stalls:  0
[HEARTBEAT] Node: 0 | Tick: 207061 | Conf: 207059 | Hash: 0x08C295C7 | Rollbacks:  0 (Resim:   0) | Stalls:  0
[HEARTBEAT] Node: 0 | Tick: 207121 | Conf: 207119 | Hash: 0x86A2EE46 | Rollbacks: 15 (Resim:  15) | Stalls:  0
[BOT:50006] Heartbeat - Sparse Mods Tracked: 2048
[HEARTBEAT] Node: 0 | Tick: 207181 | Conf: 207179 | Hash: 0xEB288B41 | Rollbacks: 10 (Resim:  10) | Stalls:  0
[HEARTBEAT] Node: 0 | Tick: 207241 | Conf: 207239 | Hash: 0x32B82004 | Rollbacks:  0 (Resim:   0) | Stalls:  0
[HEARTBEAT] Node: 0 | Tick: 207301 | Conf: 207299 | Hash: 0x3423597D | Rollbacks:  0 (Resim:   0) | Stalls:  0
[HEARTBEAT] Node: 0 | Tick: 207361 | Conf: 207359 | Hash: 0xB904C585 | Rollbacks: 29 (Resim:  29) | Stalls:  0
[HEARTBEAT] Node: 0 | Tick: 207421 | Conf: 207419 | Hash: 0x626F965B | Rollbacks: 11 (Resim:  11) | Stalls:  0
[HEARTBEAT] Node: 0 | Tick: 207481 | Conf: 207479 | Hash: 0xB492BECC | Rollbacks:  9 (Resim:   9) | Stalls:  0
[HEARTBEAT] Node: 0 | Tick: 207541 | Conf: 207539 | Hash: 0xEB0E2066 | Rollbacks:  0 (Resim:   0) | Stalls:  0
[HEARTBEAT] Node: 0 | Tick: 207601 | Conf: 207599 | Hash: 0x0BB79A01 | Rollbacks: 14 (Resim:  14) | Stalls:  0
[HEARTBEAT] Node: 0 | Tick: 207661 | Conf: 207659 | Hash: 0xEFAD660C | Rollbacks:  9 (Resim:   9) | Stalls:  0
[HEARTBEAT] Node: 0 | Tick: 207721 | Conf: 207719 | Hash: 0xD4029C4F | Rollbacks:  0 (Resim:   0) | Stalls:  0
[BOT:50006] Heartbeat - Sparse Mods Tracked: 2048
[HEARTBEAT] Node: 0 | Tick: 207781 | Conf: 207779 | Hash: 0x3ADBC285 | Rollbacks: 21 (Resim:  21) | Stalls:  0
[HEARTBEAT] Node: 0 | Tick: 207841 | Conf: 207839 | Hash: 0xF0758ACA | Rollbacks:  9 (Resim:   9) | Stalls:  0
[HEARTBEAT] Node: 0 | Tick: 207901 | Conf: 207899 | Hash: 0x8846CF2F | Rollbacks:  0 (Resim:   0) | Stalls:  0
[HEARTBEAT] Node: 0 | Tick: 207961 | Conf: 207959 | Hash: 0x5C55A67F | Rollbacks: 12 (Resim:  12) | Stalls:  0
[HEARTBEAT] Node: 0 | Tick: 208021 | Conf: 208019 | Hash: 0x26BC7AB1 | Rollbacks:  7 (Resim:   7) | Stalls:  0
[HEARTBEAT] Node: 0 | Tick: 208081 | Conf: 208079 | Hash: 0x10F08723 | Rollbacks:  0 (Resim:   0) | Stalls:  0
[HEARTBEAT] Node: 0 | Tick: 208141 | Conf: 208139 | Hash: 0x31858798 | Rollbacks: 18 (Resim:  18) | Stalls:  0
[HEARTBEAT] Node: 0 | Tick: 208201 | Conf: 208199 | Hash: 0xE4A0BADA | Rollbacks: 23 (Resim:  23) | Stalls:  0
[HEARTBEAT] Node: 0 | Tick: 208261 | Conf: 208259 | Hash: 0xC50998D7 | Rollbacks:  3 (Resim:   3) | Stalls:  0
[HEARTBEAT] Node: 0 | Tick: 208321 | Conf: 208319 | Hash: 0x6614AC4C | Rollbacks:  0 (Resim:   0) | Stalls:  0
[BOT:50006] Heartbeat - Sparse Mods Tracked: 2048
[HEARTBEAT] Node: 0 | Tick: 208381 | Conf: 208379 | Hash: 0x9B262227 | Rollbacks: 16 (Resim:  16) | Stalls:  0
[HEARTBEAT] Node: 0 | Tick: 208441 | Conf: 208439 | Hash: 0x37D78E3D | Rollbacks:  0 (Resim:   0) | Stalls:  0
[HEARTBEAT] Node: 0 | Tick: 208501 | Conf: 208499 | Hash: 0x39D9A0D2 | Rollbacks: 10 (Resim:  10) | Stalls:  0
[HEARTBEAT] Node: 0 | Tick: 208561 | Conf: 208559 | Hash: 0x5EF3CC59 | Rollbacks: 19 (Resim:  19) | Stalls:  0
[HEARTBEAT] Node: 0 | Tick: 208621 | Conf: 208619 | Hash: 0xBC9F4BE0 | Rollbacks: 23 (Resim:  23) | Stalls:  0
[HEARTBEAT] Node: 0 | Tick: 208681 | Conf: 208679 | Hash: 0x1C0B9E22 | Rollbacks: 12 (Resim:  12) | Stalls:  0
[HEARTBEAT] Node: 0 | Tick: 208741 | Conf: 208739 | Hash: 0xA395FB77 | Rollbacks: 28 (Resim:  29) | Stalls:  0
[HEARTBEAT] Node: 0 | Tick: 208801 | Conf: 208799 | Hash: 0xDA859DE8 | Rollbacks:  7 (Resim:   7) | Stalls:  0
[HEARTBEAT] Node: 0 | Tick: 208861 | Conf: 208859 | Hash: 0x464DBB3F | Rollbacks:  0 (Resim:   0) | Stalls:  0
[BOT:50006] Heartbeat - Sparse Mods Tracked: 2048
[HEARTBEAT] Node: 0 | Tick: 208921 | Conf: 208919 | Hash: 0xF330D1D1 | Rollbacks: 22 (Resim:  22) | Stalls:  0
[HEARTBEAT] Node: 0 | Tick: 208981 | Conf: 208979 | Hash: 0x4C675855 | Rollbacks:  7 (Resim:   7) | Stalls:  0
[HEARTBEAT] Node: 0 | Tick: 209041 | Conf: 209039 | Hash: 0x83263E22 | Rollbacks: 21 (Resim:  21) | Stalls:  0
[HEARTBEAT] Node: 0 | Tick: 209101 | Conf: 209099 | Hash: 0x06B9EE3F | Rollbacks:  0 (Resim:   0) | Stalls:  0
[HEARTBEAT] Node: 0 | Tick: 209161 | Conf: 209159 | Hash: 0x90BFEE27 | Rollbacks: 24 (Resim:  24) | Stalls:  0
[HEARTBEAT] Node: 0 | Tick: 209221 | Conf: 209219 | Hash: 0xBB3B0D49 | Rollbacks:  3 (Resim:   3) | Stalls:  0
[HEARTBEAT] Node: 0 | Tick: 209281 | Conf: 209279 | Hash: 0x86A49690 | Rollbacks:  0 (Resim:   0) | Stalls:  0
[HEARTBEAT] Node: 0 | Tick: 209341 | Conf: 209339 | Hash: 0xEA84EF3A | Rollbacks: 19 (Resim:  19) | Stalls:  0
[HEARTBEAT] Node: 0 | Tick: 209401 | Conf: 209399 | Hash: 0xD1D49975 | Rollbacks:  0 (Resim:   0) | Stalls:  0
[HEARTBEAT] Node: 0 | Tick: 209461 | Conf: 209459 | Hash: 0x766A8A40 | Rollbacks:  0 (Resim:   0) | Stalls:  0
[BOT:50006] Heartbeat - Sparse Mods Tracked: 2048
[HEARTBEAT] Node: 0 | Tick: 209521 | Conf: 209519 | Hash: 0xBAD40C66 | Rollbacks: 22 (Resim:  22) | Stalls:  0
[HEARTBEAT] Node: 0 | Tick: 209581 | Conf: 209579 | Hash: 0x5CD1F607 | Rollbacks: 12 (Resim:  12) | Stalls:  0
[HEARTBEAT] Node: 0 | Tick: 209641 | Conf: 209639 | Hash: 0xE2C7AACA | Rollbacks: 28 (Resim:  28) | Stalls:  0
[HEARTBEAT] Node: 0 | Tick: 209701 | Conf: 209699 | Hash: 0xD579FB3E | Rollbacks:  3 (Resim:   3) | Stalls:  0
[HEARTBEAT] Node: 0 | Tick: 209761 | Conf: 209759 | Hash: 0x7E9A8247 | Rollbacks:  0 (Resim:   0) | Stalls:  0
[HEARTBEAT] Node: 0 | Tick: 209821 | Conf: 209819 | Hash: 0x04C34F34 | Rollbacks: 26 (Resim:  26) | Stalls:  0
[HEARTBEAT] Node: 0 | Tick: 209881 | Conf: 209879 | Hash: 0x4B2A061F | Rollbacks:  0 (Resim:   0) | Stalls:  0
[HEARTBEAT] Node: 0 | Tick: 209941 | Conf: 209939 | Hash: 0x7997093C | Rollbacks:  7 (Resim:   7) | Stalls:  0
[HEARTBEAT] Node: 0 | Tick: 210001 | Conf: 209999 | Hash: 0x5A57DA13 | Rollbacks: 14 (Resim:  14) | Stalls:  0
[HEARTBEAT] Node: 0 | Tick: 210061 | Conf: 210059 | Hash: 0xADE7DDA5 | Rollbacks:  9 (Resim:   9) | Stalls:  0
[BOT:50006] Heartbeat - Sparse Mods Tracked: 2048
[HEARTBEAT] Node: 0 | Tick: 210121 | Conf: 210119 | Hash: 0xA19418A7 | Rollbacks: 20 (Resim:  20) | Stalls:  0
[HEARTBEAT] Node: 0 | Tick: 210181 | Conf: 210179 | Hash: 0x945F4DCA | Rollbacks: 11 (Resim:  11) | Stalls:  0
[HEARTBEAT] Node: 0 | Tick: 210241 | Conf: 210239 | Hash: 0xADD69EA5 | Rollbacks:  2 (Resim:   2) | Stalls:  0
[HEARTBEAT] Node: 0 | Tick: 210301 | Conf: 210299 | Hash: 0x5351BF01 | Rollbacks: 24 (Resim:  24) | Stalls:  0
[HEARTBEAT] Node: 0 | Tick: 210361 | Conf: 210359 | Hash: 0x0936CE30 | Rollbacks:  2 (Resim:   2) | Stalls:  0
[HEARTBEAT] Node: 0 | Tick: 210421 | Conf: 210419 | Hash: 0x9E1E683B | Rollbacks:  0 (Resim:   0) | Stalls:  0
[HEARTBEAT] Node: 0 | Tick: 210481 | Conf: 210479 | Hash: 0x77682CEE | Rollbacks: 18 (Resim:  18) | Stalls:  0
[HEARTBEAT] Node: 0 | Tick: 210541 | Conf: 210539 | Hash: 0x3B614A8C | Rollbacks:  5 (Resim:   5) | Stalls:  0
[HEARTBEAT] Node: 0 | Tick: 210601 | Conf: 210599 | Hash: 0xB6F71418 | Rollbacks: 12 (Resim:  12) | Stalls:  0
[HEARTBEAT] Node: 0 | Tick: 210661 | Conf: 210659 | Hash: 0xABA85B6A | Rollbacks: 18 (Resim:  18) | Stalls:  0
[BOT:50006] Heartbeat - Sparse Mods Tracked: 2048
[HEARTBEAT] Node: 0 | Tick: 210721 | Conf: 210719 | Hash: 0x266AD810 | Rollbacks:  6 (Resim:   6) | Stalls:  0
[HEARTBEAT] Node: 0 | Tick: 210781 | Conf: 210779 | Hash: 0x7C12E1FC | Rollbacks: 26 (Resim:  26) | Stalls:  0
[HEARTBEAT] Node: 0 | Tick: 210841 | Conf: 210839 | Hash: 0xCBBCFEF4 | Rollbacks:  6 (Resim:   6) | Stalls:  0
[HEARTBEAT] Node: 0 | Tick: 210901 | Conf: 210899 | Hash: 0x9D935795 | Rollbacks:  4 (Resim:   4) | Stalls:  0
[HEARTBEAT] Node: 0 | Tick: 210961 | Conf: 210959 | Hash: 0xEFAC5BB9 | Rollbacks: 24 (Resim:  24) | Stalls:  0
[HEARTBEAT] Node: 0 | Tick: 211021 | Conf: 211019 | Hash: 0xE39AACC5 | Rollbacks: 14 (Resim:  14) | Stalls:  0
[HEARTBEAT] Node: 0 | Tick: 211081 | Conf: 211079 | Hash: 0xF621BED6 | Rollbacks:  7 (Resim:   7) | Stalls:  0
[HEARTBEAT] Node: 0 | Tick: 211141 | Conf: 211139 | Hash: 0x8A569D1D | Rollbacks:  0 (Resim:   0) | Stalls:  0
[HEARTBEAT] Node: 0 | Tick: 211201 | Conf: 211199 | Hash: 0x8D5A5E03 | Rollbacks: 15 (Resim:  15) | Stalls:  0
[HEARTBEAT] Node: 0 | Tick: 211261 | Conf: 211259 | Hash: 0x25689994 | Rollbacks: 12 (Resim:  12) | Stalls:  0
[BOT:50006] Heartbeat - Sparse Mods Tracked: 2048
[HEARTBEAT] Node: 0 | Tick: 211321 | Conf: 211319 | Hash: 0x714371C5 | Rollbacks:  0 (Resim:   0) | Stalls:  0
[HEARTBEAT] Node: 0 | Tick: 211381 | Conf: 211379 | Hash: 0xC9229A8F | Rollbacks: 16 (Resim:  16) | Stalls:  0
[HEARTBEAT] Node: 0 | Tick: 211441 | Conf: 211439 | Hash: 0x3DFA7761 | Rollbacks:  7 (Resim:   7) | Stalls:  0
[HEARTBEAT] Node: 0 | Tick: 211501 | Conf: 211499 | Hash: 0xE10313A0 | Rollbacks:  0 (Resim:   0) | Stalls:  0
[HEARTBEAT] Node: 0 | Tick: 211561 | Conf: 211559 | Hash: 0xC35FC404 | Rollbacks: 22 (Resim:  22) | Stalls:  0
[HEARTBEAT] Node: 0 | Tick: 211621 | Conf: 211619 | Hash: 0x30F3C2D5 | Rollbacks:  9 (Resim:   9) | Stalls:  0
[HEARTBEAT] Node: 0 | Tick: 211681 | Conf: 211679 | Hash: 0x854A3B4F | Rollbacks:  0 (Resim:   0) | Stalls:  0
[HEARTBEAT] Node: 0 | Tick: 211741 | Conf: 211739 | Hash: 0xA808A84E | Rollbacks:  0 (Resim:   0) | Stalls:  0
[HEARTBEAT] Node: 0 | Tick: 211801 | Conf: 211799 | Hash: 0xB0757C03 | Rollbacks: 23 (Resim:  23) | Stalls:  0
[BOT:50006] Heartbeat - Sparse Mods Tracked: 2048
[HEARTBEAT] Node: 0 | Tick: 211861 | Conf: 211859 | Hash: 0x1E879B2B | Rollbacks:  8 (Resim:   8) | Stalls:  0
[HEARTBEAT] Node: 0 | Tick: 211921 | Conf: 211919 | Hash: 0x5AFAA676 | Rollbacks: 21 (Resim:  21) | Stalls:  0
[HEARTBEAT] Node: 0 | Tick: 211981 | Conf: 211979 | Hash: 0x68ADCF7E | Rollbacks: 22 (Resim:  22) | Stalls:  0
[HEARTBEAT] Node: 0 | Tick: 212041 | Conf: 212039 | Hash: 0x662FF469 | Rollbacks: 15 (Resim:  15) | Stalls:  0
[HEARTBEAT] Node: 0 | Tick: 212101 | Conf: 212099 | Hash: 0x1AB5A679 | Rollbacks:  5 (Resim:   5) | Stalls:  0
[HEARTBEAT] Node: 0 | Tick: 212161 | Conf: 212159 | Hash: 0x5D191E87 | Rollbacks: 24 (Resim:  24) | Stalls:  0
[HEARTBEAT] Node: 0 | Tick: 212221 | Conf: 212219 | Hash: 0xE9FEC16B | Rollbacks: 18 (Resim:  18) | Stalls:  0
[HEARTBEAT] Node: 0 | Tick: 212281 | Conf: 212279 | Hash: 0x1AE2654D | Rollbacks: 13 (Resim:  13) | Stalls:  0
[HEARTBEAT] Node: 0 | Tick: 212341 | Conf: 212339 | Hash: 0x94DB08B0 | Rollbacks:  0 (Resim:   0) | Stalls:  0
[HEARTBEAT] Node: 0 | Tick: 212401 | Conf: 212399 | Hash: 0xFE37BC7F | Rollbacks:  0 (Resim:   0) | Stalls:  0
[BOT:50006] Heartbeat - Sparse Mods Tracked: 2048
[HEARTBEAT] Node: 0 | Tick: 212461 | Conf: 212459 | Hash: 0xEA5B83D0 | Rollbacks: 21 (Resim:  21) | Stalls:  0
[HEARTBEAT] Node: 0 | Tick: 212521 | Conf: 212519 | Hash: 0x1FA8B3CD | Rollbacks:  8 (Resim:   8) | Stalls:  0
[HEARTBEAT] Node: 0 | Tick: 212581 | Conf: 212579 | Hash: 0xE43C92DD | Rollbacks: 13 (Resim:  13) | Stalls:  0
[HEARTBEAT] Node: 0 | Tick: 212641 | Conf: 212639 | Hash: 0x288335C2 | Rollbacks:  0 (Resim:   0) | Stalls:  0
[HEARTBEAT] Node: 0 | Tick: 212701 | Conf: 212699 | Hash: 0x4A946586 | Rollbacks:  3 (Resim:   3) | Stalls:  0
[HEARTBEAT] Node: 0 | Tick: 212761 | Conf: 212759 | Hash: 0x7D43C853 | Rollbacks: 22 (Resim:  22) | Stalls:  0
[HEARTBEAT] Node: 0 | Tick: 212821 | Conf: 212819 | Hash: 0xD764B3BC | Rollbacks:  0 (Resim:   0) | Stalls:  0
[HEARTBEAT] Node: 0 | Tick: 212881 | Conf: 212879 | Hash: 0x42F3859B | Rollbacks: 10 (Resim:  10) | Stalls:  0
[HEARTBEAT] Node: 0 | Tick: 212941 | Conf: 212939 | Hash: 0xFECCE0D7 | Rollbacks:  1 (Resim:   1) | Stalls:  0
[HEARTBEAT] Node: 0 | Tick: 213001 | Conf: 212999 | Hash: 0xED099C91 | Rollbacks:  0 (Resim:   0) | Stalls:  0
[BOT:50006] Heartbeat - Sparse Mods Tracked: 2048
[HEARTBEAT] Node: 0 | Tick: 213061 | Conf: 213059 | Hash: 0xD7161478 | Rollbacks: 21 (Resim:  21) | Stalls:  0
[HEARTBEAT] Node: 0 | Tick: 213121 | Conf: 213119 | Hash: 0xB937CB02 | Rollbacks:  9 (Resim:   9) | Stalls:  0
[HEARTBEAT] Node: 0 | Tick: 213181 | Conf: 213179 | Hash: 0xB09D25B7 | Rollbacks:  0 (Resim:   0) | Stalls:  0
[HEARTBEAT] Node: 0 | Tick: 213241 | Conf: 213239 | Hash: 0x2525FD80 | Rollbacks: 10 (Resim:  10) | Stalls:  0
[HEARTBEAT] Node: 0 | Tick: 213301 | Conf: 213299 | Hash: 0x057CA2F3 | Rollbacks:  0 (Resim:   0) | Stalls:  0
[HEARTBEAT] Node: 0 | Tick: 213361 | Conf: 213359 | Hash: 0x6446F550 | Rollbacks: 24 (Resim:  24) | Stalls:  0
[HEARTBEAT] Node: 0 | Tick: 213421 | Conf: 213419 | Hash: 0xD382C824 | Rollbacks:  6 (Resim:   6) | Stalls:  0
[HEARTBEAT] Node: 0 | Tick: 213481 | Conf: 213479 | Hash: 0x31C3471D | Rollbacks:  0 (Resim:   0) | Stalls:  0
[HEARTBEAT] Node: 0 | Tick: 213541 | Conf: 213539 | Hash: 0xD37452B4 | Rollbacks: 30 (Resim:  30) | Stalls:  0
[HEARTBEAT] Node: 0 | Tick: 213601 | Conf: 213599 | Hash: 0xAC5886C9 | Rollbacks:  2 (Resim:   2) | Stalls:  0
[BOT:50006] Heartbeat - Sparse Mods Tracked: 2048
[HEARTBEAT] Node: 0 | Tick: 213661 | Conf: 213659 | Hash: 0x3AA6410A | Rollbacks:  0 (Resim:   0) | Stalls:  0
[HEARTBEAT] Node: 0 | Tick: 213721 | Conf: 213719 | Hash: 0x7EE47DBE | Rollbacks: 16 (Resim:  16) | Stalls:  0
[HEARTBEAT] Node: 0 | Tick: 213781 | Conf: 213779 | Hash: 0x1CE8337B | Rollbacks:  0 (Resim:   0) | Stalls:  0
[HEARTBEAT] Node: 0 | Tick: 213841 | Conf: 213839 | Hash: 0xCB54FC98 | Rollbacks:  0 (Resim:   0) | Stalls:  0
[HEARTBEAT] Node: 0 | Tick: 213901 | Conf: 213899 | Hash: 0xBB1C62DE | Rollbacks:  7 (Resim:   7) | Stalls:  0
[HEARTBEAT] Node: 0 | Tick: 213961 | Conf: 213959 | Hash: 0xDA05BBC7 | Rollbacks:  0 (Resim:   0) | Stalls:  0
[HEARTBEAT] Node: 0 | Tick: 214021 | Conf: 214019 | Hash: 0xC29B3CBD | Rollbacks: 14 (Resim:  15) | Stalls:  0
[HEARTBEAT] Node: 0 | Tick: 214081 | Conf: 214079 | Hash: 0x865BD40D | Rollbacks: 11 (Resim:  11) | Stalls:  0
[HEARTBEAT] Node: 0 | Tick: 214141 | Conf: 214139 | Hash: 0xB1AC49C9 | Rollbacks:  0 (Resim:   0) | Stalls:  0
[HEARTBEAT] Node: 0 | Tick: 214201 | Conf: 214199 | Hash: 0x7F480EE7 | Rollbacks:  9 (Resim:   9) | Stalls:  0
[BOT:50006] Heartbeat - Sparse Mods Tracked: 2048
[HEARTBEAT] Node: 0 | Tick: 214261 | Conf: 214259 | Hash: 0x69682CFF | Rollbacks:  0 (Resim:   0) | Stalls:  0
[HEARTBEAT] Node: 0 | Tick: 214321 | Conf: 214319 | Hash: 0x8BDA7AD9 | Rollbacks: 27 (Resim:  27) | Stalls:  0
[HEARTBEAT] Node: 0 | Tick: 214381 | Conf: 214379 | Hash: 0x6843EF9E | Rollbacks: 22 (Resim:  22) | Stalls:  0
[HEARTBEAT] Node: 0 | Tick: 214441 | Conf: 214439 | Hash: 0xB6A42ADD | Rollbacks:  2 (Resim:   2) | Stalls:  0
[HEARTBEAT] Node: 0 | Tick: 214501 | Conf: 214499 | Hash: 0x0E0B3782 | Rollbacks:  0 (Resim:   0) | Stalls:  0
[HEARTBEAT] Node: 0 | Tick: 214561 | Conf: 214559 | Hash: 0x898448A7 | Rollbacks: 24 (Resim:  24) | Stalls:  0
[HEARTBEAT] Node: 0 | Tick: 214621 | Conf: 214619 | Hash: 0x7A8D9CB9 | Rollbacks:  8 (Resim:   8) | Stalls:  0
[HEARTBEAT] Node: 0 | Tick: 214681 | Conf: 214679 | Hash: 0x0C67A468 | Rollbacks:  0 (Resim:   0) | Stalls:  0
[HEARTBEAT] Node: 0 | Tick: 214741 | Conf: 214739 | Hash: 0x4B5558B9 | Rollbacks:  9 (Resim:   9) | Stalls:  0
[HEARTBEAT] Node: 0 | Tick: 214801 | Conf: 214799 | Hash: 0x780E4618 | Rollbacks:  4 (Resim:   4) | Stalls:  0
[BOT:50006] Heartbeat - Sparse Mods Tracked: 2048
[HEARTBEAT] Node: 0 | Tick: 214861 | Conf: 214859 | Hash: 0x74E6A304 | Rollbacks:  0 (Resim:   0) | Stalls:  0
[HEARTBEAT] Node: 0 | Tick: 214921 | Conf: 214919 | Hash: 0xFFE73E99 | Rollbacks: 15 (Resim:  15) | Stalls:  0
[HEARTBEAT] Node: 0 | Tick: 214981 | Conf: 214979 | Hash: 0xE03D0FED | Rollbacks: 18 (Resim:  18) | Stalls:  0
[HEARTBEAT] Node: 0 | Tick: 215041 | Conf: 215039 | Hash: 0xCEB7F489 | Rollbacks:  1 (Resim:   1) | Stalls:  0
[HEARTBEAT] Node: 0 | Tick: 215101 | Conf: 215099 | Hash: 0x0EC7A1D6 | Rollbacks:  0 (Resim:   0) | Stalls:  0
[HEARTBEAT] Node: 0 | Tick: 215161 | Conf: 215159 | Hash: 0x15129823 | Rollbacks: 18 (Resim:  18) | Stalls:  0
[HEARTBEAT] Node: 0 | Tick: 215221 | Conf: 215219 | Hash: 0xE9C2759F | Rollbacks:  2 (Resim:   2) | Stalls:  0
[HEARTBEAT] Node: 0 | Tick: 215281 | Conf: 215279 | Hash: 0x0B2ABD75 | Rollbacks:  5 (Resim:   5) | Stalls:  0
[HEARTBEAT] Node: 0 | Tick: 215341 | Conf: 215339 | Hash: 0xA6AF81D2 | Rollbacks: 26 (Resim:  26) | Stalls:  0
[BOT:50006] Heartbeat - Sparse Mods Tracked: 2048
[HEARTBEAT] Node: 0 | Tick: 215401 | Conf: 215399 | Hash: 0x596E8832 | Rollbacks:  0 (Resim:   0) | Stalls:  0
[HEARTBEAT] Node: 0 | Tick: 215461 | Conf: 215459 | Hash: 0x2C9E9BCD | Rollbacks:  5 (Resim:   5) | Stalls:  0
[HEARTBEAT] Node: 0 | Tick: 215521 | Conf: 215519 | Hash: 0x65EF6618 | Rollbacks:  4 (Resim:   4) | Stalls:  0
[HEARTBEAT] Node: 0 | Tick: 215581 | Conf: 215579 | Hash: 0x7015E28E | Rollbacks: 24 (Resim:  24) | Stalls:  0
[HEARTBEAT] Node: 0 | Tick: 215641 | Conf: 215639 | Hash: 0x9FE2D279 | Rollbacks:  1 (Resim:   1) | Stalls:  0
[HEARTBEAT] Node: 0 | Tick: 215701 | Conf: 215699 | Hash: 0xE7DC60DE | Rollbacks:  0 (Resim:   0) | Stalls:  0
[HEARTBEAT] Node: 0 | Tick: 215761 | Conf: 215759 | Hash: 0x7B003AC3 | Rollbacks: 11 (Resim:  11) | Stalls:  0
[HEARTBEAT] Node: 0 | Tick: 215821 | Conf: 215819 | Hash: 0x9D5DC30C | Rollbacks:  7 (Resim:   7) | Stalls:  0
[HEARTBEAT] Node: 0 | Tick: 215881 | Conf: 215879 | Hash: 0x5F2BA5DE | Rollbacks: 15 (Resim:  15) | Stalls:  0
[HEARTBEAT] Node: 0 | Tick: 215941 | Conf: 215939 | Hash: 0x1F3CBEBA | Rollbacks:  0 (Resim:   0) | Stalls:  0
[BOT:50006] Heartbeat - Sparse Mods Tracked: 2048
[HEARTBEAT] Node: 0 | Tick: 216001 | Conf: 215999 | Hash: 0x43C7E610 | Rollbacks: 27 (Resim:  27) | Stalls:  0
[HEARTBEAT] Node: 0 | Tick: 216061 | Conf: 216059 | Hash: 0xD8783B40 | Rollbacks:  1 (Resim:   1) | Stalls:  0
[HEARTBEAT] Node: 0 | Tick: 216121 | Conf: 216119 | Hash: 0xA686E693 | Rollbacks:  0 (Resim:   0) | Stalls:  0
[HEARTBEAT] Node: 0 | Tick: 216181 | Conf: 216179 | Hash: 0x45E37185 | Rollbacks: 19 (Resim:  19) | Stalls:  0
[HEARTBEAT] Node: 0 | Tick: 216241 | Conf: 216239 | Hash: 0x47885369 | Rollbacks:  0 (Resim:   0) | Stalls:  0
[HEARTBEAT] Node: 0 | Tick: 216301 | Conf: 216299 | Hash: 0x628D5319 | Rollbacks:  0 (Resim:   0) | Stalls:  0
[HEARTBEAT] Node: 0 | Tick: 216361 | Conf: 216359 | Hash: 0x21FB9724 | Rollbacks:  0 (Resim:   0) | Stalls:  0
[HEARTBEAT] Node: 0 | Tick: 216421 | Conf: 216419 | Hash: 0xCDB882A5 | Rollbacks: 17 (Resim:  17) | Stalls:  0
[HEARTBEAT] Node: 0 | Tick: 216481 | Conf: 216479 | Hash: 0x3A9156BF | Rollbacks:  0 (Resim:   0) | Stalls:  0
[HEARTBEAT] Node: 0 | Tick: 216541 | Conf: 216539 | Hash: 0x58A66FDE | Rollbacks: 26 (Resim:  27) | Stalls:  0
[BOT:50006] Heartbeat - Sparse Mods Tracked: 2048
[HEARTBEAT] Node: 0 | Tick: 216601 | Conf: 216599 | Hash: 0x58C19BB6 | Rollbacks:  0 (Resim:   0) | Stalls:  0
[HEARTBEAT] Node: 0 | Tick: 216661 | Conf: 216659 | Hash: 0x827321A3 | Rollbacks:  6 (Resim:   6) | Stalls:  0
[HEARTBEAT] Node: 0 | Tick: 216721 | Conf: 216719 | Hash: 0x582AD794 | Rollbacks:  0 (Resim:   0) | Stalls:  0
[HEARTBEAT] Node: 0 | Tick: 216781 | Conf: 216779 | Hash: 0x312BF6B2 | Rollbacks: 14 (Resim:  14) | Stalls:  0
[HEARTBEAT] Node: 0 | Tick: 216841 | Conf: 216839 | Hash: 0x7D3E5A6C | Rollbacks:  0 (Resim:   0) | Stalls:  0
[HEARTBEAT] Node: 0 | Tick: 216901 | Conf: 216899 | Hash: 0xB0763581 | Rollbacks:  4 (Resim:   4) | Stalls:  0
[HEARTBEAT] Node: 0 | Tick: 216961 | Conf: 216959 | Hash: 0xB6BC64EE | Rollbacks: 11 (Resim:  11) | Stalls:  0
[HEARTBEAT] Node: 0 | Tick: 217021 | Conf: 217019 | Hash: 0x0C0CDF03 | Rollbacks:  7 (Resim:   7) | Stalls:  0
[HEARTBEAT] Node: 0 | Tick: 217081 | Conf: 217079 | Hash: 0x8AD5A89A | Rollbacks:  0 (Resim:   0) | Stalls:  0
[HEARTBEAT] Node: 0 | Tick: 217141 | Conf: 217139 | Hash: 0x88AAA0F2 | Rollbacks: 13 (Resim:  13) | Stalls:  0
[BOT:50006] Heartbeat - Sparse Mods Tracked: 2048
[HEARTBEAT] Node: 0 | Tick: 217201 | Conf: 217199 | Hash: 0x43FE4149 | Rollbacks: 14 (Resim:  14) | Stalls:  0
[HEARTBEAT] Node: 0 | Tick: 217261 | Conf: 217259 | Hash: 0xBAAE1CB3 | Rollbacks: 11 (Resim:  11) | Stalls:  0
[HEARTBEAT] Node: 0 | Tick: 217321 | Conf: 217319 | Hash: 0x28889B9E | Rollbacks:  6 (Resim:   6) | Stalls:  0
[HEARTBEAT] Node: 0 | Tick: 217381 | Conf: 217379 | Hash: 0xF3625C40 | Rollbacks:  2 (Resim:   2) | Stalls:  0
[HEARTBEAT] Node: 0 | Tick: 217441 | Conf: 217439 | Hash: 0x9B319E76 | Rollbacks: 21 (Resim:  21) | Stalls:  0
[HEARTBEAT] Node: 0 | Tick: 217501 | Conf: 217499 | Hash: 0x79574EA2 | Rollbacks: 17 (Resim:  18) | Stalls:  0
[HEARTBEAT] Node: 0 | Tick: 217561 | Conf: 217559 | Hash: 0xDD46150A | Rollbacks: 13 (Resim:  13) | Stalls:  0
[HEARTBEAT] Node: 0 | Tick: 217621 | Conf: 217619 | Hash: 0x8C49D9C8 | Rollbacks:  8 (Resim:   8) | Stalls:  0
[HEARTBEAT] Node: 0 | Tick: 217681 | Conf: 217679 | Hash: 0xCA6FE0B9 | Rollbacks:  0 (Resim:   0) | Stalls:  0
[HEARTBEAT] Node: 0 | Tick: 217741 | Conf: 217739 | Hash: 0xB3D20AE4 | Rollbacks:  0 (Resim:   0) | Stalls:  0
[BOT:50006] Heartbeat - Sparse Mods Tracked: 2048
[HEARTBEAT] Node: 0 | Tick: 217801 | Conf: 217799 | Hash: 0x463FF0AA | Rollbacks: 22 (Resim:  22) | Stalls:  0
[HEARTBEAT] Node: 0 | Tick: 217861 | Conf: 217859 | Hash: 0x759712E3 | Rollbacks:  7 (Resim:   7) | Stalls:  0
[HEARTBEAT] Node: 0 | Tick: 217921 | Conf: 217919 | Hash: 0x278391BE | Rollbacks:  0 (Resim:   0) | Stalls:  0
[HEARTBEAT] Node: 0 | Tick: 217981 | Conf: 217979 | Hash: 0xBCD251AA | Rollbacks: 17 (Resim:  17) | Stalls:  0
[HEARTBEAT] Node: 0 | Tick: 218041 | Conf: 218039 | Hash: 0xDDA0413A | Rollbacks: 12 (Resim:  12) | Stalls:  0
[HEARTBEAT] Node: 0 | Tick: 218101 | Conf: 218099 | Hash: 0x5A046FB9 | Rollbacks: 12 (Resim:  12) | Stalls:  0
[HEARTBEAT] Node: 0 | Tick: 218161 | Conf: 218159 | Hash: 0xB40FCA8A | Rollbacks:  0 (Resim:   0) | Stalls:  0
[HEARTBEAT] Node: 0 | Tick: 218221 | Conf: 218219 | Hash: 0x3A4DC252 | Rollbacks:  5 (Resim:   5) | Stalls:  0
[HEARTBEAT] Node: 0 | Tick: 218281 | Conf: 218279 | Hash: 0x69EC3495 | Rollbacks:  6 (Resim:   6) | Stalls:  0
[BOT:50006] Heartbeat - Sparse Mods Tracked: 2048
[HEARTBEAT] Node: 0 | Tick: 218341 | Conf: 218339 | Hash: 0xBE909BA5 | Rollbacks:  9 (Resim:   9) | Stalls:  0
[HEARTBEAT] Node: 0 | Tick: 218401 | Conf: 218399 | Hash: 0x9E93BF99 | Rollbacks:  3 (Resim:   3) | Stalls:  0
[HEARTBEAT] Node: 0 | Tick: 218461 | Conf: 218459 | Hash: 0xD38677E2 | Rollbacks:  0 (Resim:   0) | Stalls:  0
[HEARTBEAT] Node: 0 | Tick: 218521 | Conf: 218519 | Hash: 0x39E6E239 | Rollbacks: 13 (Resim:  13) | Stalls:  0
[HEARTBEAT] Node: 0 | Tick: 218581 | Conf: 218579 | Hash: 0x2E45310F | Rollbacks:  9 (Resim:   9) | Stalls:  0
[HEARTBEAT] Node: 0 | Tick: 218641 | Conf: 218639 | Hash: 0x222A504C | Rollbacks:  0 (Resim:   0) | Stalls:  0
[HEARTBEAT] Node: 0 | Tick: 218701 | Conf: 218699 | Hash: 0x6EAE68C7 | Rollbacks: 24 (Resim:  24) | Stalls:  0
[HEARTBEAT] Node: 0 | Tick: 218761 | Conf: 218759 | Hash: 0x2F7C7401 | Rollbacks:  8 (Resim:   8) | Stalls:  0
[HEARTBEAT] Node: 0 | Tick: 218821 | Conf: 218819 | Hash: 0xAD076610 | Rollbacks:  0 (Resim:   0) | Stalls:  0
[HEARTBEAT] Node: 0 | Tick: 218881 | Conf: 218879 | Hash: 0x6BF8ECDD | Rollbacks: 12 (Resim:  12) | Stalls:  0
[BOT:50006] Heartbeat - Sparse Mods Tracked: 2048
[HEARTBEAT] Node: 0 | Tick: 218941 | Conf: 218939 | Hash: 0x8D317161 | Rollbacks:  0 (Resim:   0) | Stalls:  0
[HEARTBEAT] Node: 0 | Tick: 219001 | Conf: 218999 | Hash: 0x93264B5C | Rollbacks:  0 (Resim:   0) | Stalls:  0
[HEARTBEAT] Node: 0 | Tick: 219061 | Conf: 219059 | Hash: 0x44090385 | Rollbacks:  5 (Resim:   5) | Stalls:  0
[HEARTBEAT] Node: 0 | Tick: 219121 | Conf: 219119 | Hash: 0xD3D60FBE | Rollbacks: 17 (Resim:  17) | Stalls:  0
[HEARTBEAT] Node: 0 | Tick: 219181 | Conf: 219179 | Hash: 0xF5D293B3 | Rollbacks:  0 (Resim:   0) | Stalls:  0
[HEARTBEAT] Node: 0 | Tick: 219241 | Conf: 219239 | Hash: 0xE0A9B797 | Rollbacks:  0 (Resim:   0) | Stalls:  0
[HEARTBEAT] Node: 0 | Tick: 219301 | Conf: 219299 | Hash: 0x91907C45 | Rollbacks: 16 (Resim:  16) | Stalls:  0
[HEARTBEAT] Node: 0 | Tick: 219361 | Conf: 219359 | Hash: 0x94822B43 | Rollbacks:  9 (Resim:   9) | Stalls:  0
[HEARTBEAT] Node: 0 | Tick: 219421 | Conf: 219419 | Hash: 0x60600C7B | Rollbacks:  0 (Resim:   0) | Stalls:  0
[HEARTBEAT] Node: 0 | Tick: 219481 | Conf: 219479 | Hash: 0x4EA2E843 | Rollbacks: 19 (Resim:  19) | Stalls:  0
[BOT:50006] Heartbeat - Sparse Mods Tracked: 2048
[HEARTBEAT] Node: 0 | Tick: 219541 | Conf: 219539 | Hash: 0x036BF00D | Rollbacks:  0 (Resim:   0) | Stalls:  0
[HEARTBEAT] Node: 0 | Tick: 219601 | Conf: 219599 | Hash: 0xE02DF136 | Rollbacks: 21 (Resim:  21) | Stalls:  0
[HEARTBEAT] Node: 0 | Tick: 219661 | Conf: 219659 | Hash: 0x171E2AB2 | Rollbacks:  1 (Resim:   1) | Stalls:  0
[HEARTBEAT] Node: 0 | Tick: 219721 | Conf: 219719 | Hash: 0xD1129E8A | Rollbacks: 17 (Resim:  17) | Stalls:  0
[HEARTBEAT] Node: 0 | Tick: 219781 | Conf: 219779 | Hash: 0x6254BC35 | Rollbacks:  0 (Resim:   0) | Stalls:  0
[HEARTBEAT] Node: 0 | Tick: 219841 | Conf: 219839 | Hash: 0x3C65326E | Rollbacks:  3 (Resim:   3) | Stalls:  0
[HEARTBEAT] Node: 0 | Tick: 219901 | Conf: 219899 | Hash: 0x14AC3A5E | Rollbacks: 21 (Resim:  21) | Stalls:  0
[HEARTBEAT] Node: 0 | Tick: 219961 | Conf: 219959 | Hash: 0xB460E527 | Rollbacks: 13 (Resim:  13) | Stalls:  0
[HEARTBEAT] Node: 0 | Tick: 220021 | Conf: 220019 | Hash: 0xA9A28080 | Rollbacks:  0 (Resim:   0) | Stalls:  0
[HEARTBEAT] Node: 0 | Tick: 220081 | Conf: 220079 | Hash: 0x16780A53 | Rollbacks:  7 (Resim:   7) | Stalls:  0
[BOT:50006] Heartbeat - Sparse Mods Tracked: 2048
[HEARTBEAT] Node: 0 | Tick: 220141 | Conf: 220139 | Hash: 0xA78AFEB6 | Rollbacks:  7 (Resim:   7) | Stalls:  0
[HEARTBEAT] Node: 0 | Tick: 220201 | Conf: 220199 | Hash: 0x970D85C2 | Rollbacks: 16 (Resim:  16) | Stalls:  0
[HEARTBEAT] Node: 0 | Tick: 220261 | Conf: 220259 | Hash: 0x0F259128 | Rollbacks:  7 (Resim:   7) | Stalls:  0
[HEARTBEAT] Node: 0 | Tick: 220321 | Conf: 220319 | Hash: 0x6F481431 | Rollbacks: 20 (Resim:  20) | Stalls:  0
[HEARTBEAT] Node: 0 | Tick: 220381 | Conf: 220379 | Hash: 0xD23F72CE | Rollbacks:  7 (Resim:   7) | Stalls:  0
[HEARTBEAT] Node: 0 | Tick: 220441 | Conf: 220439 | Hash: 0xCA017F5E | Rollbacks:  0 (Resim:   0) | Stalls:  0
[HEARTBEAT] Node: 0 | Tick: 220501 | Conf: 220499 | Hash: 0xDA57EB27 | Rollbacks: 26 (Resim:  26) | Stalls:  0
[HEARTBEAT] Node: 0 | Tick: 220561 | Conf: 220559 | Hash: 0xB75A6658 | Rollbacks: 11 (Resim:  11) | Stalls:  0
[HEARTBEAT] Node: 0 | Tick: 220621 | Conf: 220619 | Hash: 0xB3107B55 | Rollbacks:  9 (Resim:   9) | Stalls:  0
[HEARTBEAT] Node: 0 | Tick: 220681 | Conf: 220679 | Hash: 0x7681F2E9 | Rollbacks: 12 (Resim:  12) | Stalls:  0
[BOT:50006] Heartbeat - Sparse Mods Tracked: 2048
[HEARTBEAT] Node: 0 | Tick: 220741 | Conf: 220739 | Hash: 0xF30A7E7F | Rollbacks:  0 (Resim:   0) | Stalls:  0
[HEARTBEAT] Node: 0 | Tick: 220801 | Conf: 220799 | Hash: 0x9DCF6D13 | Rollbacks: 24 (Resim:  24) | Stalls:  0
[HEARTBEAT] Node: 0 | Tick: 220861 | Conf: 220859 | Hash: 0x6A6F4904 | Rollbacks: 10 (Resim:  10) | Stalls:  0
[HEARTBEAT] Node: 0 | Tick: 220921 | Conf: 220919 | Hash: 0x64134A91 | Rollbacks:  0 (Resim:   0) | Stalls:  0
[HEARTBEAT] Node: 0 | Tick: 220981 | Conf: 220979 | Hash: 0x058A141C | Rollbacks: 28 (Resim:  28) | Stalls:  0
[HEARTBEAT] Node: 0 | Tick: 221041 | Conf: 221039 | Hash: 0x31A1E3EC | Rollbacks:  0 (Resim:   0) | Stalls:  0
[HEARTBEAT] Node: 0 | Tick: 221101 | Conf: 221099 | Hash: 0x87F71DEE | Rollbacks:  0 (Resim:   0) | Stalls:  0
[HEARTBEAT] Node: 0 | Tick: 221161 | Conf: 221159 | Hash: 0x9AFEFEDC | Rollbacks:  5 (Resim:   5) | Stalls:  0
[HEARTBEAT] Node: 0 | Tick: 221221 | Conf: 221219 | Hash: 0x4480F035 | Rollbacks:  6 (Resim:   6) | Stalls:  0
[HEARTBEAT] Node: 0 | Tick: 221281 | Conf: 221279 | Hash: 0xD18C589C | Rollbacks: 22 (Resim:  22) | Stalls:  0
[BOT:50006] Heartbeat - Sparse Mods Tracked: 2048
[HEARTBEAT] Node: 0 | Tick: 221341 | Conf: 221339 | Hash: 0xAE821A32 | Rollbacks:  6 (Resim:   6) | Stalls:  0
[HEARTBEAT] Node: 0 | Tick: 221401 | Conf: 221399 | Hash: 0xEDF9846C | Rollbacks: 14 (Resim:  14) | Stalls:  0
[HEARTBEAT] Node: 0 | Tick: 221461 | Conf: 221459 | Hash: 0xF691E005 | Rollbacks:  7 (Resim:   7) | Stalls:  0
[HEARTBEAT] Node: 0 | Tick: 221521 | Conf: 221519 | Hash: 0xF66CD53F | Rollbacks:  0 (Resim:   0) | Stalls:  0
[HEARTBEAT] Node: 0 | Tick: 221581 | Conf: 221579 | Hash: 0xCC948095 | Rollbacks: 17 (Resim:  17) | Stalls:  0
[HEARTBEAT] Node: 0 | Tick: 221641 | Conf: 221639 | Hash: 0xB968DCF7 | Rollbacks:  7 (Resim:   7) | Stalls:  0
[HEARTBEAT] Node: 0 | Tick: 221701 | Conf: 221699 | Hash: 0x2D683AD9 | Rollbacks:  0 (Resim:   0) | Stalls:  0
[HEARTBEAT] Node: 0 | Tick: 221761 | Conf: 221759 | Hash: 0x422A6642 | Rollbacks: 23 (Resim:  23) | Stalls:  0
[HEARTBEAT] Node: 0 | Tick: 221821 | Conf: 221819 | Hash: 0x669D7C2D | Rollbacks: 13 (Resim:  13) | Stalls:  0
[BOT:50006] Heartbeat - Sparse Mods Tracked: 2048
[HEARTBEAT] Node: 0 | Tick: 221881 | Conf: 221879 | Hash: 0x8D62E087 | Rollbacks:  1 (Resim:   1) | Stalls:  0
[HEARTBEAT] Node: 0 | Tick: 221941 | Conf: 221939 | Hash: 0x5FC2247C | Rollbacks:  0 (Resim:   0) | Stalls:  0
[HEARTBEAT] Node: 0 | Tick: 222001 | Conf: 221999 | Hash: 0x24D94184 | Rollbacks: 22 (Resim:  22) | Stalls:  0
[HEARTBEAT] Node: 0 | Tick: 222061 | Conf: 222059 | Hash: 0x8E44AD6A | Rollbacks:  1 (Resim:   1) | Stalls:  0
[HEARTBEAT] Node: 0 | Tick: 222121 | Conf: 222119 | Hash: 0x3EE3C2AF | Rollbacks: 16 (Resim:  16) | Stalls:  0
[HEARTBEAT] Node: 0 | Tick: 222181 | Conf: 222179 | Hash: 0x18275EBB | Rollbacks:  8 (Resim:   8) | Stalls:  0
[HEARTBEAT] Node: 0 | Tick: 222241 | Conf: 222239 | Hash: 0x760C2D1B | Rollbacks:  4 (Resim:   4) | Stalls:  0
[HEARTBEAT] Node: 0 | Tick: 222301 | Conf: 222299 | Hash: 0x0112313E | Rollbacks: 12 (Resim:  12) | Stalls:  0
[HEARTBEAT] Node: 0 | Tick: 222361 | Conf: 222359 | Hash: 0xDD393B15 | Rollbacks:  7 (Resim:   7) | Stalls:  0
[HEARTBEAT] Node: 0 | Tick: 222421 | Conf: 222419 | Hash: 0x61FB0242 | Rollbacks:  0 (Resim:   0) | Stalls:  0
[BOT:50006] Heartbeat - Sparse Mods Tracked: 2048
[HEARTBEAT] Node: 0 | Tick: 222481 | Conf: 222479 | Hash: 0xDC0B85E6 | Rollbacks: 13 (Resim:  13) | Stalls:  0
[HEARTBEAT] Node: 0 | Tick: 222541 | Conf: 222539 | Hash: 0xD6D5FC5A | Rollbacks:  0 (Resim:   0) | Stalls:  0
[HEARTBEAT] Node: 0 | Tick: 222601 | Conf: 222599 | Hash: 0xC757ADFF | Rollbacks: 10 (Resim:  10) | Stalls:  0
[HEARTBEAT] Node: 0 | Tick: 222661 | Conf: 222659 | Hash: 0xE3BFCF22 | Rollbacks: 23 (Resim:  24) | Stalls:  0
[HEARTBEAT] Node: 0 | Tick: 222721 | Conf: 222719 | Hash: 0xB84B505B | Rollbacks:  0 (Resim:   0) | Stalls:  0
[HEARTBEAT] Node: 0 | Tick: 222781 | Conf: 222779 | Hash: 0x6D661363 | Rollbacks: 27 (Resim:  27) | Stalls:  0
[HEARTBEAT] Node: 0 | Tick: 222841 | Conf: 222839 | Hash: 0x1929CE78 | Rollbacks:  3 (Resim:   3) | Stalls:  0
[HEARTBEAT] Node: 0 | Tick: 222901 | Conf: 222899 | Hash: 0x340A0BAC | Rollbacks:  0 (Resim:   0) | Stalls:  0
[HEARTBEAT] Node: 0 | Tick: 222961 | Conf: 222959 | Hash: 0xD5337EE1 | Rollbacks: 19 (Resim:  19) | Stalls:  0
[HEARTBEAT] Node: 0 | Tick: 223021 | Conf: 223019 | Hash: 0x990D6D7F | Rollbacks:  0 (Resim:   0) | Stalls:  0
[BOT:50006] Heartbeat - Sparse Mods Tracked: 2048
[HEARTBEAT] Node: 0 | Tick: 223081 | Conf: 223079 | Hash: 0x696346C4 | Rollbacks:  3 (Resim:   3) | Stalls:  0
[HEARTBEAT] Node: 0 | Tick: 223141 | Conf: 223139 | Hash: 0xC497E4CE | Rollbacks:  8 (Resim:   8) | Stalls:  0
[HEARTBEAT] Node: 0 | Tick: 223201 | Conf: 223199 | Hash: 0x561D2F03 | Rollbacks: 29 (Resim:  29) | Stalls:  0
[HEARTBEAT] Node: 0 | Tick: 223261 | Conf: 223259 | Hash: 0x6B47AFE0 | Rollbacks:  9 (Resim:   9) | Stalls:  0
[HEARTBEAT] Node: 0 | Tick: 223321 | Conf: 223319 | Hash: 0x43506E19 | Rollbacks:  0 (Resim:   0) | Stalls:  0
[HEARTBEAT] Node: 0 | Tick: 223381 | Conf: 223379 | Hash: 0x89D62400 | Rollbacks:  7 (Resim:   7) | Stalls:  0
[HEARTBEAT] Node: 0 | Tick: 223441 | Conf: 223439 | Hash: 0xA8615192 | Rollbacks: 15 (Resim:  15) | Stalls:  0
[HEARTBEAT] Node: 0 | Tick: 223501 | Conf: 223499 | Hash: 0x5CC91051 | Rollbacks:  8 (Resim:   8) | Stalls:  0
[HEARTBEAT] Node: 0 | Tick: 223561 | Conf: 223559 | Hash: 0x917FA87C | Rollbacks:  0 (Resim:   0) | Stalls:  0
[HEARTBEAT] Node: 0 | Tick: 223621 | Conf: 223619 | Hash: 0x3CD2AAA7 | Rollbacks: 17 (Resim:  18) | Stalls:  0
[BOT:50006] Heartbeat - Sparse Mods Tracked: 2048
[HEARTBEAT] Node: 0 | Tick: 223681 | Conf: 223679 | Hash: 0x0BB21AB0 | Rollbacks:  8 (Resim:   8) | Stalls:  0
[HEARTBEAT] Node: 0 | Tick: 223741 | Conf: 223739 | Hash: 0xF7FE588F | Rollbacks: 20 (Resim:  20) | Stalls:  0
[HEARTBEAT] Node: 0 | Tick: 223801 | Conf: 223799 | Hash: 0x0C45E2B7 | Rollbacks:  1 (Resim:   1) | Stalls:  0
[HEARTBEAT] Node: 0 | Tick: 223861 | Conf: 223859 | Hash: 0x1029F8D7 | Rollbacks:  0 (Resim:   0) | Stalls:  0
[HEARTBEAT] Node: 0 | Tick: 223921 | Conf: 223919 | Hash: 0x96877136 | Rollbacks:  0 (Resim:   0) | Stalls:  0
[HEARTBEAT] Node: 0 | Tick: 223981 | Conf: 223979 | Hash: 0x72A45F57 | Rollbacks:  0 (Resim:   0) | Stalls:  0
[HEARTBEAT] Node: 0 | Tick: 224041 | Conf: 224039 | Hash: 0xA6B40221 | Rollbacks:  2 (Resim:   2) | Stalls:  0
[HEARTBEAT] Node: 0 | Tick: 224101 | Conf: 224099 | Hash: 0xAE94DDBA | Rollbacks: 12 (Resim:  12) | Stalls:  0
[HEARTBEAT] Node: 0 | Tick: 224161 | Conf: 224159 | Hash: 0x861C0A99 | Rollbacks: 12 (Resim:  12) | Stalls:  0
[HEARTBEAT] Node: 0 | Tick: 224221 | Conf: 224219 | Hash: 0xE6E404EE | Rollbacks:  7 (Resim:   7) | Stalls:  0
[BOT:50006] Heartbeat - Sparse Mods Tracked: 2048
[HEARTBEAT] Node: 0 | Tick: 224281 | Conf: 224279 | Hash: 0xF6A93967 | Rollbacks: 12 (Resim:  12) | Stalls:  0
[HEARTBEAT] Node: 0 | Tick: 224341 | Conf: 224339 | Hash: 0x9FC1DCB8 | Rollbacks: 13 (Resim:  13) | Stalls:  0
[HEARTBEAT] Node: 0 | Tick: 224401 | Conf: 224399 | Hash: 0x14D2EDA0 | Rollbacks: 19 (Resim:  19) | Stalls:  0
[HEARTBEAT] Node: 0 | Tick: 224461 | Conf: 224459 | Hash: 0xB6B5AFB7 | Rollbacks: 14 (Resim:  14) | Stalls:  0
[HEARTBEAT] Node: 0 | Tick: 224521 | Conf: 224519 | Hash: 0xB9C23916 | Rollbacks:  9 (Resim:   9) | Stalls:  0
[HEARTBEAT] Node: 0 | Tick: 224581 | Conf: 224579 | Hash: 0x8AB7A997 | Rollbacks: 13 (Resim:  14) | Stalls:  0
[HEARTBEAT] Node: 0 | Tick: 224641 | Conf: 224639 | Hash: 0xAF6BFAC3 | Rollbacks:  4 (Resim:   4) | Stalls:  0
[HEARTBEAT] Node: 0 | Tick: 224701 | Conf: 224699 | Hash: 0xDF7E43C1 | Rollbacks:  0 (Resim:   0) | Stalls:  0
[HEARTBEAT] Node: 0 | Tick: 224761 | Conf: 224759 | Hash: 0x4886312F | Rollbacks:  6 (Resim:   6) | Stalls:  0
[BOT:50006] Heartbeat - Sparse Mods Tracked: 2048
[HEARTBEAT] Node: 0 | Tick: 224821 | Conf: 224819 | Hash: 0x549FBC8C | Rollbacks: 19 (Resim:  19) | Stalls:  0
[HEARTBEAT] Node: 0 | Tick: 224881 | Conf: 224879 | Hash: 0xE2FC19A7 | Rollbacks:  4 (Resim:   4) | Stalls:  0
[HEARTBEAT] Node: 0 | Tick: 224941 | Conf: 224939 | Hash: 0x83E1DDD2 | Rollbacks: 15 (Resim:  16) | Stalls:  0
[HEARTBEAT] Node: 0 | Tick: 225001 | Conf: 224999 | Hash: 0x5234EB2D | Rollbacks: 23 (Resim:  23) | Stalls:  0
[HEARTBEAT] Node: 0 | Tick: 225061 | Conf: 225059 | Hash: 0xE4C47BF2 | Rollbacks: 15 (Resim:  15) | Stalls:  0
[HEARTBEAT] Node: 0 | Tick: 225121 | Conf: 225119 | Hash: 0xD1B56EF8 | Rollbacks: 13 (Resim:  13) | Stalls:  0
[HEARTBEAT] Node: 0 | Tick: 225181 | Conf: 225179 | Hash: 0x2F681839 | Rollbacks:  0 (Resim:   0) | Stalls:  0
[HEARTBEAT] Node: 0 | Tick: 225241 | Conf: 225239 | Hash: 0x06FFC735 | Rollbacks: 21 (Resim:  21) | Stalls:  0
[HEARTBEAT] Node: 0 | Tick: 225301 | Conf: 225299 | Hash: 0x03C815A5 | Rollbacks: 15 (Resim:  15) | Stalls:  0
[HEARTBEAT] Node: 0 | Tick: 225361 | Conf: 225359 | Hash: 0xA0897250 | Rollbacks:  9 (Resim:   9) | Stalls:  0
[BOT:50006] Heartbeat - Sparse Mods Tracked: 2048
[HEARTBEAT] Node: 0 | Tick: 225421 | Conf: 225419 | Hash: 0x28F63FA1 | Rollbacks:  1 (Resim:   1) | Stalls:  0
[HEARTBEAT] Node: 0 | Tick: 225481 | Conf: 225479 | Hash: 0xA1B25B3C | Rollbacks: 21 (Resim:  21) | Stalls:  0
[HEARTBEAT] Node: 0 | Tick: 225541 | Conf: 225539 | Hash: 0xAD0697F8 | Rollbacks:  1 (Resim:   1) | Stalls:  0
[HEARTBEAT] Node: 0 | Tick: 225601 | Conf: 225599 | Hash: 0x2F02A71C | Rollbacks:  0 (Resim:   0) | Stalls:  0
[HEARTBEAT] Node: 0 | Tick: 225661 | Conf: 225659 | Hash: 0x492DD1B7 | Rollbacks:  7 (Resim:   7) | Stalls:  0
[HEARTBEAT] Node: 0 | Tick: 225721 | Conf: 225719 | Hash: 0x72ACC7FB | Rollbacks:  6 (Resim:   6) | Stalls:  0
[HEARTBEAT] Node: 0 | Tick: 225781 | Conf: 225779 | Hash: 0x6EF40F79 | Rollbacks: 13 (Resim:  13) | Stalls:  0
[HEARTBEAT] Node: 0 | Tick: 225841 | Conf: 225839 | Hash: 0xFA2D75DE | Rollbacks: 13 (Resim:  13) | Stalls:  0
[HEARTBEAT] Node: 0 | Tick: 225901 | Conf: 225899 | Hash: 0x91E3154F | Rollbacks:  1 (Resim:   1) | Stalls:  0
[HEARTBEAT] Node: 0 | Tick: 225961 | Conf: 225959 | Hash: 0xD02F7945 | Rollbacks: 19 (Resim:  19) | Stalls:  0
[BOT:50006] Heartbeat - Sparse Mods Tracked: 2048
[HEARTBEAT] Node: 0 | Tick: 226021 | Conf: 226019 | Hash: 0xC39BA4EB | Rollbacks: 14 (Resim:  14) | Stalls:  0
[HEARTBEAT] Node: 0 | Tick: 226081 | Conf: 226079 | Hash: 0x93DA7597 | Rollbacks: 17 (Resim:  17) | Stalls:  0
[HEARTBEAT] Node: 0 | Tick: 226141 | Conf: 226139 | Hash: 0x4E433EC3 | Rollbacks: 18 (Resim:  18) | Stalls:  0
[HEARTBEAT] Node: 0 | Tick: 226201 | Conf: 226199 | Hash: 0x4A52BD2F | Rollbacks:  0 (Resim:   0) | Stalls:  0
[HEARTBEAT] Node: 0 | Tick: 226261 | Conf: 226259 | Hash: 0x2438CCCE | Rollbacks: 16 (Resim:  16) | Stalls:  0
[HEARTBEAT] Node: 0 | Tick: 226321 | Conf: 226319 | Hash: 0x124AC5C4 | Rollbacks: 24 (Resim:  24) | Stalls:  0
[HEARTBEAT] Node: 0 | Tick: 226381 | Conf: 226379 | Hash: 0x1ACA0792 | Rollbacks: 18 (Resim:  18) | Stalls:  0
[HEARTBEAT] Node: 0 | Tick: 226441 | Conf: 226439 | Hash: 0xE39571BB | Rollbacks: 18 (Resim:  18) | Stalls:  0
[HEARTBEAT] Node: 0 | Tick: 226501 | Conf: 226499 | Hash: 0xF3E9C520 | Rollbacks: 19 (Resim:  19) | Stalls:  0
[HEARTBEAT] Node: 0 | Tick: 226561 | Conf: 226559 | Hash: 0xAD07F62B | Rollbacks:  2 (Resim:   2) | Stalls:  0
[BOT:50006] Heartbeat - Sparse Mods Tracked: 2048
[HEARTBEAT] Node: 0 | Tick: 226621 | Conf: 226619 | Hash: 0xD486C406 | Rollbacks:  0 (Resim:   0) | Stalls:  0
[HEARTBEAT] Node: 0 | Tick: 226681 | Conf: 226679 | Hash: 0xEDA6B3E6 | Rollbacks:  0 (Resim:   0) | Stalls:  0
[HEARTBEAT] Node: 0 | Tick: 226741 | Conf: 226739 | Hash: 0x05A141AA | Rollbacks: 18 (Resim:  18) | Stalls:  0
[HEARTBEAT] Node: 0 | Tick: 226801 | Conf: 226799 | Hash: 0x1227BC83 | Rollbacks: 14 (Resim:  14) | Stalls:  0
[HEARTBEAT] Node: 0 | Tick: 226861 | Conf: 226859 | Hash: 0x16B7836C | Rollbacks: 11 (Resim:  12) | Stalls:  0
[HEARTBEAT] Node: 0 | Tick: 226921 | Conf: 226919 | Hash: 0xF2EFF0BA | Rollbacks: 17 (Resim:  17) | Stalls:  0
[HEARTBEAT] Node: 0 | Tick: 226981 | Conf: 226979 | Hash: 0x91C1BB5A | Rollbacks:  7 (Resim:   7) | Stalls:  0
[HEARTBEAT] Node: 0 | Tick: 227041 | Conf: 227039 | Hash: 0x36E982CC | Rollbacks: 16 (Resim:  16) | Stalls:  0
[HEARTBEAT] Node: 0 | Tick: 227101 | Conf: 227099 | Hash: 0x44F966A7 | Rollbacks:  3 (Resim:   3) | Stalls:  0
[HEARTBEAT] Node: 0 | Tick: 227161 | Conf: 227159 | Hash: 0xF0DF99AB | Rollbacks:  0 (Resim:   0) | Stalls:  0
[BOT:50006] Heartbeat - Sparse Mods Tracked: 2048
[HEARTBEAT] Node: 0 | Tick: 227221 | Conf: 227219 | Hash: 0xDBB91454 | Rollbacks: 18 (Resim:  18) | Stalls:  0
[HEARTBEAT] Node: 0 | Tick: 227281 | Conf: 227279 | Hash: 0x29F35C8F | Rollbacks: 10 (Resim:  10) | Stalls:  0
[HEARTBEAT] Node: 0 | Tick: 227341 | Conf: 227339 | Hash: 0x08BD1097 | Rollbacks:  7 (Resim:   7) | Stalls:  0
[HEARTBEAT] Node: 0 | Tick: 227401 | Conf: 227399 | Hash: 0x38E56CEA | Rollbacks: 13 (Resim:  13) | Stalls:  0
[HEARTBEAT] Node: 0 | Tick: 227461 | Conf: 227459 | Hash: 0x60789600 | Rollbacks:  0 (Resim:   0) | Stalls:  0
[HEARTBEAT] Node: 0 | Tick: 227521 | Conf: 227519 | Hash: 0x9FB198D1 | Rollbacks: 25 (Resim:  25) | Stalls:  0
[HEARTBEAT] Node: 0 | Tick: 227581 | Conf: 227579 | Hash: 0x8CD361B3 | Rollbacks:  0 (Resim:   0) | Stalls:  0
[HEARTBEAT] Node: 0 | Tick: 227641 | Conf: 227639 | Hash: 0x0E35E917 | Rollbacks:  0 (Resim:   0) | Stalls:  0
[HEARTBEAT] Node: 0 | Tick: 227701 | Conf: 227699 | Hash: 0xE7655A02 | Rollbacks: 14 (Resim:  14) | Stalls:  0
[HEARTBEAT] Node: 0 | Tick: 227761 | Conf: 227759 | Hash: 0xCD7C06FF | Rollbacks:  0 (Resim:   0) | Stalls:  0
[BOT:50006] Heartbeat - Sparse Mods Tracked: 2048
[HEARTBEAT] Node: 0 | Tick: 227821 | Conf: 227819 | Hash: 0xF7B74694 | Rollbacks: 18 (Resim:  19) | Stalls:  0
[HEARTBEAT] Node: 0 | Tick: 227881 | Conf: 227879 | Hash: 0xA29B952A | Rollbacks:  0 (Resim:   0) | Stalls:  0
[HEARTBEAT] Node: 0 | Tick: 227941 | Conf: 227939 | Hash: 0x91199E1C | Rollbacks:  0 (Resim:   0) | Stalls:  0
[HEARTBEAT] Node: 0 | Tick: 228001 | Conf: 227999 | Hash: 0xBAC6E91F | Rollbacks:  0 (Resim:   0) | Stalls:  0
[HEARTBEAT] Node: 0 | Tick: 228061 | Conf: 228059 | Hash: 0xCD511203 | Rollbacks: 15 (Resim:  15) | Stalls:  0
[HEARTBEAT] Node: 0 | Tick: 228121 | Conf: 228119 | Hash: 0x0647F683 | Rollbacks:  1 (Resim:   1) | Stalls:  0
[HEARTBEAT] Node: 0 | Tick: 228181 | Conf: 228179 | Hash: 0x075C8404 | Rollbacks: 22 (Resim:  22) | Stalls:  0
[HEARTBEAT] Node: 0 | Tick: 228241 | Conf: 228239 | Hash: 0xF4083631 | Rollbacks:  4 (Resim:   4) | Stalls:  0
[HEARTBEAT] Node: 0 | Tick: 228301 | Conf: 228299 | Hash: 0x9ED0AEBB | Rollbacks: 11 (Resim:  11) | Stalls:  0
[BOT:50006] Heartbeat - Sparse Mods Tracked: 2048
[HEARTBEAT] Node: 0 | Tick: 228361 | Conf: 228359 | Hash: 0xFD23D769 | Rollbacks: 10 (Resim:  10) | Stalls:  0
[HEARTBEAT] Node: 0 | Tick: 228421 | Conf: 228419 | Hash: 0x427B53B4 | Rollbacks:  0 (Resim:   0) | Stalls:  0
[HEARTBEAT] Node: 0 | Tick: 228481 | Conf: 228479 | Hash: 0x13970667 | Rollbacks: 15 (Resim:  15) | Stalls:  0
[HEARTBEAT] Node: 0 | Tick: 228541 | Conf: 228539 | Hash: 0x6E6CE78E | Rollbacks: 18 (Resim:  18) | Stalls:  0
[HEARTBEAT] Node: 0 | Tick: 228601 | Conf: 228599 | Hash: 0xBC0F2013 | Rollbacks:  1 (Resim:   1) | Stalls:  0
[HEARTBEAT] Node: 0 | Tick: 228661 | Conf: 228659 | Hash: 0xF90C1171 | Rollbacks: 17 (Resim:  17) | Stalls:  0
[HEARTBEAT] Node: 0 | Tick: 228721 | Conf: 228719 | Hash: 0x07237F06 | Rollbacks: 18 (Resim:  18) | Stalls:  0
[HEARTBEAT] Node: 0 | Tick: 228781 | Conf: 228779 | Hash: 0xB2363250 | Rollbacks: 10 (Resim:  10) | Stalls:  0
[HEARTBEAT] Node: 0 | Tick: 228841 | Conf: 228839 | Hash: 0x264B51B0 | Rollbacks:  0 (Resim:   0) | Stalls:  0
[HEARTBEAT] Node: 0 | Tick: 228901 | Conf: 228899 | Hash: 0xA1A60F91 | Rollbacks:  1 (Resim:   1) | Stalls:  0
[BOT:50006] Heartbeat - Sparse Mods Tracked: 2048
[HEARTBEAT] Node: 0 | Tick: 228961 | Conf: 228959 | Hash: 0x161264A3 | Rollbacks: 18 (Resim:  18) | Stalls:  0
[HEARTBEAT] Node: 0 | Tick: 229021 | Conf: 229019 | Hash: 0x3E688303 | Rollbacks:  2 (Resim:   2) | Stalls:  0
[HEARTBEAT] Node: 0 | Tick: 229081 | Conf: 229079 | Hash: 0x4B97DF67 | Rollbacks: 22 (Resim:  22) | Stalls:  0
[HEARTBEAT] Node: 0 | Tick: 229141 | Conf: 229139 | Hash: 0x6D86F397 | Rollbacks: 12 (Resim:  12) | Stalls:  0
[HEARTBEAT] Node: 0 | Tick: 229201 | Conf: 229199 | Hash: 0x641D5256 | Rollbacks:  0 (Resim:   0) | Stalls:  0
[HEARTBEAT] Node: 0 | Tick: 229261 | Conf: 229259 | Hash: 0xD1637E84 | Rollbacks:  0 (Resim:   0) | Stalls:  0
[HEARTBEAT] Node: 0 | Tick: 229321 | Conf: 229319 | Hash: 0x5633C426 | Rollbacks:  0 (Resim:   0) | Stalls:  0
[HEARTBEAT] Node: 0 | Tick: 229381 | Conf: 229379 | Hash: 0x82CE0A2C | Rollbacks: 11 (Resim:  11) | Stalls:  0
[HEARTBEAT] Node: 0 | Tick: 229441 | Conf: 229439 | Hash: 0x7C295F60 | Rollbacks: 39 (Resim:  40) | Stalls:  0
[HEARTBEAT] Node: 0 | Tick: 229501 | Conf: 229499 | Hash: 0xCCC2F77C | Rollbacks:  0 (Resim:   0) | Stalls:  0
[BOT:50006] Heartbeat - Sparse Mods Tracked: 2048
[HEARTBEAT] Node: 0 | Tick: 229561 | Conf: 229559 | Hash: 0x277404A2 | Rollbacks:  0 (Resim:   0) | Stalls:  0
[HEARTBEAT] Node: 0 | Tick: 229621 | Conf: 229619 | Hash: 0x407E03C4 | Rollbacks: 14 (Resim:  14) | Stalls:  0
[HEARTBEAT] Node: 0 | Tick: 229681 | Conf: 229679 | Hash: 0x06C908DB | Rollbacks:  0 (Resim:   0) | Stalls:  0
[HEARTBEAT] Node: 0 | Tick: 229741 | Conf: 229739 | Hash: 0x6719830D | Rollbacks: 19 (Resim:  19) | Stalls:  0
[HEARTBEAT] Node: 0 | Tick: 229801 | Conf: 229799 | Hash: 0x0B1540A1 | Rollbacks: 15 (Resim:  15) | Stalls:  0
[HEARTBEAT] Node: 0 | Tick: 229861 | Conf: 229859 | Hash: 0xFC4A5602 | Rollbacks: 20 (Resim:  20) | Stalls:  0
[HEARTBEAT] Node: 0 | Tick: 229921 | Conf: 229919 | Hash: 0xF6668FC8 | Rollbacks: 15 (Resim:  15) | Stalls:  0
[HEARTBEAT] Node: 0 | Tick: 229981 | Conf: 229979 | Hash: 0x9DAE82DE | Rollbacks: 13 (Resim:  13) | Stalls:  0
[HEARTBEAT] Node: 0 | Tick: 230041 | Conf: 230039 | Hash: 0x73CF16A1 | Rollbacks:  2 (Resim:   2) | Stalls:  0
[HEARTBEAT] Node: 0 | Tick: 230101 | Conf: 230099 | Hash: 0x75E75659 | Rollbacks: 20 (Resim:  20) | Stalls:  0
[BOT:50006] Heartbeat - Sparse Mods Tracked: 2048
[HEARTBEAT] Node: 0 | Tick: 230161 | Conf: 230159 | Hash: 0xC7761A2A | Rollbacks:  6 (Resim:   6) | Stalls:  0
[HEARTBEAT] Node: 0 | Tick: 230221 | Conf: 230219 | Hash: 0x4D762859 | Rollbacks:  0 (Resim:   0) | Stalls:  0
[HEARTBEAT] Node: 0 | Tick: 230281 | Conf: 230279 | Hash: 0x0EB1AEE3 | Rollbacks: 28 (Resim:  28) | Stalls:  0
[HEARTBEAT] Node: 0 | Tick: 230341 | Conf: 230339 | Hash: 0x6DF2FF63 | Rollbacks: 16 (Resim:  16) | Stalls:  0
[HEARTBEAT] Node: 0 | Tick: 230401 | Conf: 230399 | Hash: 0xA7D1C33A | Rollbacks: 16 (Resim:  16) | Stalls:  0
[HEARTBEAT] Node: 0 | Tick: 230461 | Conf: 230459 | Hash: 0x10CD315E | Rollbacks: 22 (Resim:  22) | Stalls:  0
[HEARTBEAT] Node: 0 | Tick: 230521 | Conf: 230519 | Hash: 0xCA95D1EC | Rollbacks: 22 (Resim:  22) | Stalls:  0
[HEARTBEAT] Node: 0 | Tick: 230581 | Conf: 230579 | Hash: 0x9D11C7D4 | Rollbacks:  2 (Resim:   2) | Stalls:  0
[HEARTBEAT] Node: 0 | Tick: 230641 | Conf: 230639 | Hash: 0xBCB13023 | Rollbacks:  0 (Resim:   0) | Stalls:  0
[HEARTBEAT] Node: 0 | Tick: 230701 | Conf: 230699 | Hash: 0xAF282E37 | Rollbacks: 17 (Resim:  17) | Stalls:  0
[BOT:50006] Heartbeat - Sparse Mods Tracked: 2048
[HEARTBEAT] Node: 0 | Tick: 230761 | Conf: 230759 | Hash: 0x6DDB069F | Rollbacks: 20 (Resim:  20) | Stalls:  0
[HEARTBEAT] Node: 0 | Tick: 230821 | Conf: 230819 | Hash: 0xC3946758 | Rollbacks: 18 (Resim:  18) | Stalls:  0
[HEARTBEAT] Node: 0 | Tick: 230881 | Conf: 230879 | Hash: 0x5B5EA7BB | Rollbacks: 17 (Resim:  17) | Stalls:  0
[HEARTBEAT] Node: 0 | Tick: 230941 | Conf: 230939 | Hash: 0x866B0003 | Rollbacks:  1 (Resim:   1) | Stalls:  0
[HEARTBEAT] Node: 0 | Tick: 231001 | Conf: 230999 | Hash: 0xBF2FF87D | Rollbacks: 21 (Resim:  21) | Stalls:  0
[HEARTBEAT] Node: 0 | Tick: 231061 | Conf: 231059 | Hash: 0xAF18EA30 | Rollbacks:  5 (Resim:   5) | Stalls:  0
[HEARTBEAT] Node: 0 | Tick: 231121 | Conf: 231119 | Hash: 0x4FEF9B7A | Rollbacks:  0 (Resim:   0) | Stalls:  0
[HEARTBEAT] Node: 0 | Tick: 231181 | Conf: 231179 | Hash: 0xFC63A12B | Rollbacks: 30 (Resim:  30) | Stalls:  0
[HEARTBEAT] Node: 0 | Tick: 231241 | Conf: 231239 | Hash: 0x61DCB69E | Rollbacks: 32 (Resim:  32) | Stalls:  0
[HEARTBEAT] Node: 0 | Tick: 231301 | Conf: 231299 | Hash: 0x42CE71EF | Rollbacks: 15 (Resim:  15) | Stalls:  0
[BOT:50006] Heartbeat - Sparse Mods Tracked: 2048
[HEARTBEAT] Node: 0 | Tick: 231361 | Conf: 231359 | Hash: 0xC9D8084F | Rollbacks:  0 (Resim:   0) | Stalls:  0
[HEARTBEAT] Node: 0 | Tick: 231421 | Conf: 231419 | Hash: 0x2BE5B9F4 | Rollbacks: 30 (Resim:  30) | Stalls:  0
[HEARTBEAT] Node: 0 | Tick: 231481 | Conf: 231479 | Hash: 0x9E8710B0 | Rollbacks:  1 (Resim:   1) | Stalls:  0
[HEARTBEAT] Node: 0 | Tick: 231541 | Conf: 231539 | Hash: 0x57ABFC57 | Rollbacks:  9 (Resim:   9) | Stalls:  0
[HEARTBEAT] Node: 0 | Tick: 231601 | Conf: 231599 | Hash: 0xD13FFB00 | Rollbacks:  0 (Resim:   0) | Stalls:  0
[HEARTBEAT] Node: 0 | Tick: 231661 | Conf: 231659 | Hash: 0xD02EF022 | Rollbacks: 16 (Resim:  16) | Stalls:  0
[HEARTBEAT] Node: 0 | Tick: 231721 | Conf: 231719 | Hash: 0xFF9FC573 | Rollbacks: 10 (Resim:  10) | Stalls:  0
[HEARTBEAT] Node: 0 | Tick: 231781 | Conf: 231779 | Hash: 0xBDD97ED0 | Rollbacks:  0 (Resim:   0) | Stalls:  0
[HEARTBEAT] Node: 0 | Tick: 231841 | Conf: 231839 | Hash: 0x8FF52752 | Rollbacks:  0 (Resim:   0) | Stalls:  0
[BOT:50006] Heartbeat - Sparse Mods Tracked: 2048
[HEARTBEAT] Node: 0 | Tick: 231901 | Conf: 231899 | Hash: 0x1D015319 | Rollbacks: 18 (Resim:  18) | Stalls:  0
[HEARTBEAT] Node: 0 | Tick: 231961 | Conf: 231959 | Hash: 0xDD813B58 | Rollbacks:  3 (Resim:   3) | Stalls:  0
[HEARTBEAT] Node: 0 | Tick: 232021 | Conf: 232019 | Hash: 0xF979BC56 | Rollbacks:  0 (Resim:   0) | Stalls:  0
[HEARTBEAT] Node: 0 | Tick: 232081 | Conf: 232079 | Hash: 0x97187EDB | Rollbacks: 15 (Resim:  15) | Stalls:  0
[HEARTBEAT] Node: 0 | Tick: 232141 | Conf: 232139 | Hash: 0x5C9F54F6 | Rollbacks: 28 (Resim:  28) | Stalls:  0
[HEARTBEAT] Node: 0 | Tick: 232201 | Conf: 232199 | Hash: 0x103A9EAA | Rollbacks:  9 (Resim:   9) | Stalls:  0
[HEARTBEAT] Node: 0 | Tick: 232261 | Conf: 232259 | Hash: 0xB241E75F | Rollbacks:  5 (Resim:   5) | Stalls:  0
[HEARTBEAT] Node: 0 | Tick: 232321 | Conf: 232319 | Hash: 0x64D77916 | Rollbacks: 25 (Resim:  25) | Stalls:  0
[HEARTBEAT] Node: 0 | Tick: 232381 | Conf: 232379 | Hash: 0x500AB7A8 | Rollbacks:  0 (Resim:   0) | Stalls:  0
[HEARTBEAT] Node: 0 | Tick: 232441 | Conf: 232439 | Hash: 0x9538A311 | Rollbacks:  8 (Resim:   8) | Stalls:  0
[BOT:50006] Heartbeat - Sparse Mods Tracked: 2048
[HEARTBEAT] Node: 0 | Tick: 232501 | Conf: 232499 | Hash: 0x97DFD7F0 | Rollbacks:  2 (Resim:   2) | Stalls:  0
[HEARTBEAT] Node: 0 | Tick: 232561 | Conf: 232559 | Hash: 0xEC177468 | Rollbacks: 25 (Resim:  25) | Stalls:  0
[HEARTBEAT] Node: 0 | Tick: 232621 | Conf: 232619 | Hash: 0xEBE13710 | Rollbacks: 19 (Resim:  19) | Stalls:  0
[HEARTBEAT] Node: 0 | Tick: 232681 | Conf: 232679 | Hash: 0xEAE69824 | Rollbacks: 14 (Resim:  14) | Stalls:  0
[HEARTBEAT] Node: 0 | Tick: 232741 | Conf: 232739 | Hash: 0x87A3F0FD | Rollbacks:  3 (Resim:   3) | Stalls:  0
[HEARTBEAT] Node: 0 | Tick: 232801 | Conf: 232799 | Hash: 0x875CB7ED | Rollbacks:  4 (Resim:   4) | Stalls:  0
[HEARTBEAT] Node: 0 | Tick: 232861 | Conf: 232859 | Hash: 0x5D8B491A | Rollbacks:  0 (Resim:   0) | Stalls:  0
[HEARTBEAT] Node: 0 | Tick: 232921 | Conf: 232919 | Hash: 0x67E4451A | Rollbacks: 11 (Resim:  11) | Stalls:  0
[HEARTBEAT] Node: 0 | Tick: 232981 | Conf: 232979 | Hash: 0xC2DD6346 | Rollbacks:  0 (Resim:   0) | Stalls:  0
[HEARTBEAT] Node: 0 | Tick: 233041 | Conf: 233039 | Hash: 0xEA03F05C | Rollbacks: 23 (Resim:  23) | Stalls:  0
[BOT:50006] Heartbeat - Sparse Mods Tracked: 2048
[HEARTBEAT] Node: 0 | Tick: 233101 | Conf: 233099 | Hash: 0xA0BB257D | Rollbacks: 21 (Resim:  21) | Stalls:  0
[HEARTBEAT] Node: 0 | Tick: 233161 | Conf: 233159 | Hash: 0x6082094C | Rollbacks:  4 (Resim:   4) | Stalls:  0
[HEARTBEAT] Node: 0 | Tick: 233221 | Conf: 233219 | Hash: 0x526AEB9B | Rollbacks:  9 (Resim:   9) | Stalls:  0
[HEARTBEAT] Node: 0 | Tick: 233281 | Conf: 233279 | Hash: 0x133C0E91 | Rollbacks:  0 (Resim:   0) | Stalls:  0
[HEARTBEAT] Node: 0 | Tick: 233341 | Conf: 233339 | Hash: 0x120645AF | Rollbacks: 19 (Resim:  19) | Stalls:  0
[HEARTBEAT] Node: 0 | Tick: 233401 | Conf: 233399 | Hash: 0xB57EBFEA | Rollbacks:  0 (Resim:   0) | Stalls:  0
[HEARTBEAT] Node: 0 | Tick: 233461 | Conf: 233459 | Hash: 0xCAA21384 | Rollbacks:  0 (Resim:   0) | Stalls:  0
[HEARTBEAT] Node: 0 | Tick: 233521 | Conf: 233519 | Hash: 0x0F3B8658 | Rollbacks: 13 (Resim:  13) | Stalls:  0
[HEARTBEAT] Node: 0 | Tick: 233581 | Conf: 233579 | Hash: 0x3D2BE75C | Rollbacks:  0 (Resim:   0) | Stalls:  0
[HEARTBEAT] Node: 0 | Tick: 233641 | Conf: 233639 | Hash: 0x01CC83D4 | Rollbacks: 10 (Resim:  10) | Stalls:  0
[BOT:50006] Heartbeat - Sparse Mods Tracked: 2048
[HEARTBEAT] Node: 0 | Tick: 233701 | Conf: 233699 | Hash: 0xDF00BB6E | Rollbacks:  0 (Resim:   0) | Stalls:  0
[HEARTBEAT] Node: 0 | Tick: 233761 | Conf: 233759 | Hash: 0xAD336BC1 | Rollbacks: 20 (Resim:  20) | Stalls:  0
[HEARTBEAT] Node: 0 | Tick: 233821 | Conf: 233819 | Hash: 0x49252370 | Rollbacks: 12 (Resim:  12) | Stalls:  0
[HEARTBEAT] Node: 0 | Tick: 233881 | Conf: 233879 | Hash: 0x65E17E18 | Rollbacks:  0 (Resim:   0) | Stalls:  0
[HEARTBEAT] Node: 0 | Tick: 233941 | Conf: 233939 | Hash: 0xC53DFE37 | Rollbacks:  4 (Resim:   4) | Stalls:  0
[HEARTBEAT] Node: 0 | Tick: 234001 | Conf: 233999 | Hash: 0xBB28B21F | Rollbacks: 17 (Resim:  17) | Stalls:  0
[HEARTBEAT] Node: 0 | Tick: 234061 | Conf: 234059 | Hash: 0xC7B9EAB6 | Rollbacks:  0 (Resim:   0) | Stalls:  0
[HEARTBEAT] Node: 0 | Tick: 234121 | Conf: 234119 | Hash: 0xADEDE0AA | Rollbacks: 28 (Resim:  28) | Stalls:  0
[HEARTBEAT] Node: 0 | Tick: 234181 | Conf: 234179 | Hash: 0x55369E29 | Rollbacks:  5 (Resim:   5) | Stalls:  0
[HEARTBEAT] Node: 0 | Tick: 234241 | Conf: 234239 | Hash: 0xD8B07C55 | Rollbacks:  9 (Resim:   9) | Stalls:  0
[BOT:50006] Heartbeat - Sparse Mods Tracked: 2048
[HEARTBEAT] Node: 0 | Tick: 234301 | Conf: 234299 | Hash: 0xACF69BA1 | Rollbacks:  0 (Resim:   0) | Stalls:  0
[HEARTBEAT] Node: 0 | Tick: 234361 | Conf: 234359 | Hash: 0xB5874239 | Rollbacks:  7 (Resim:   7) | Stalls:  0
[HEARTBEAT] Node: 0 | Tick: 234421 | Conf: 234419 | Hash: 0xBE26AF5E | Rollbacks:  6 (Resim:   6) | Stalls:  0
[HEARTBEAT] Node: 0 | Tick: 234481 | Conf: 234479 | Hash: 0x9EE4DE20 | Rollbacks: 17 (Resim:  17) | Stalls:  0
[HEARTBEAT] Node: 0 | Tick: 234541 | Conf: 234539 | Hash: 0x95510944 | Rollbacks:  1 (Resim:   1) | Stalls:  0
[HEARTBEAT] Node: 0 | Tick: 234601 | Conf: 234599 | Hash: 0x5E1F7F1D | Rollbacks:  0 (Resim:   0) | Stalls:  0
[HEARTBEAT] Node: 0 | Tick: 234661 | Conf: 234659 | Hash: 0x746A26E1 | Rollbacks: 19 (Resim:  19) | Stalls:  0
[HEARTBEAT] Node: 0 | Tick: 234721 | Conf: 234719 | Hash: 0x0DF6902A | Rollbacks:  6 (Resim:   6) | Stalls:  0
[HEARTBEAT] Node: 0 | Tick: 234781 | Conf: 234779 | Hash: 0x789AB7A4 | Rollbacks: 18 (Resim:  18) | Stalls:  0
[HEARTBEAT] Node: 0 | Tick: 234841 | Conf: 234839 | Hash: 0x8616E41D | Rollbacks:  1 (Resim:   1) | Stalls:  0
[BOT:50006] Heartbeat - Sparse Mods Tracked: 2048
[HEARTBEAT] Node: 0 | Tick: 234901 | Conf: 234899 | Hash: 0x5490DE80 | Rollbacks: 19 (Resim:  19) | Stalls:  0
[HEARTBEAT] Node: 0 | Tick: 234961 | Conf: 234959 | Hash: 0x0304848A | Rollbacks:  0 (Resim:   0) | Stalls:  0
[HEARTBEAT] Node: 0 | Tick: 235021 | Conf: 235019 | Hash: 0xF551D4EF | Rollbacks:  2 (Resim:   2) | Stalls:  0
[HEARTBEAT] Node: 0 | Tick: 235081 | Conf: 235079 | Hash: 0x5DFC984F | Rollbacks:  0 (Resim:   0) | Stalls:  0
[HEARTBEAT] Node: 0 | Tick: 235141 | Conf: 235139 | Hash: 0x75572FBA | Rollbacks: 26 (Resim:  26) | Stalls:  0
[HEARTBEAT] Node: 0 | Tick: 235201 | Conf: 235199 | Hash: 0xAE039C4C | Rollbacks:  5 (Resim:   5) | Stalls:  0
[HEARTBEAT] Node: 0 | Tick: 235261 | Conf: 235259 | Hash: 0xF0220550 | Rollbacks:  0 (Resim:   0) | Stalls:  0
[HEARTBEAT] Node: 0 | Tick: 235321 | Conf: 235319 | Hash: 0x07895ED6 | Rollbacks:  9 (Resim:   9) | Stalls:  0
[HEARTBEAT] Node: 0 | Tick: 235381 | Conf: 235379 | Hash: 0x6A75609B | Rollbacks:  9 (Resim:   9) | Stalls:  0
[BOT:50006] Heartbeat - Sparse Mods Tracked: 2048
[HEARTBEAT] Node: 0 | Tick: 235441 | Conf: 235439 | Hash: 0xF6719365 | Rollbacks:  5 (Resim:   5) | Stalls:  0
[HEARTBEAT] Node: 0 | Tick: 235501 | Conf: 235499 | Hash: 0x8938FAC8 | Rollbacks: 11 (Resim:  11) | Stalls:  0
[HEARTBEAT] Node: 0 | Tick: 235561 | Conf: 235559 | Hash: 0xE218B52E | Rollbacks: 25 (Resim:  25) | Stalls:  0
[HEARTBEAT] Node: 0 | Tick: 235621 | Conf: 235619 | Hash: 0x438720CB | Rollbacks:  1 (Resim:   1) | Stalls:  0
[HEARTBEAT] Node: 0 | Tick: 235681 | Conf: 235679 | Hash: 0x90D6BB64 | Rollbacks:  0 (Resim:   0) | Stalls:  0
[HEARTBEAT] Node: 0 | Tick: 235741 | Conf: 235739 | Hash: 0x9C60DB5B | Rollbacks: 23 (Resim:  23) | Stalls:  0
[HEARTBEAT] Node: 0 | Tick: 235801 | Conf: 235799 | Hash: 0x16B66822 | Rollbacks: 14 (Resim:  14) | Stalls:  0
[HEARTBEAT] Node: 0 | Tick: 235861 | Conf: 235859 | Hash: 0x9DADF754 | Rollbacks: 16 (Resim:  16) | Stalls:  0
[HEARTBEAT] Node: 0 | Tick: 235921 | Conf: 235919 | Hash: 0x07434A28 | Rollbacks: 21 (Resim:  21) | Stalls:  0
[HEARTBEAT] Node: 0 | Tick: 235981 | Conf: 235979 | Hash: 0xDC299240 | Rollbacks:  9 (Resim:   9) | Stalls:  0
[BOT:50006] Heartbeat - Sparse Mods Tracked: 2048
[HEARTBEAT] Node: 0 | Tick: 236041 | Conf: 236039 | Hash: 0xF0B3CEA4 | Rollbacks:  5 (Resim:   5) | Stalls:  0
[HEARTBEAT] Node: 0 | Tick: 236101 | Conf: 236099 | Hash: 0x476D0404 | Rollbacks:  1 (Resim:   1) | Stalls:  0
[HEARTBEAT] Node: 0 | Tick: 236161 | Conf: 236159 | Hash: 0x77261105 | Rollbacks: 12 (Resim:  12) | Stalls:  0
[HEARTBEAT] Node: 0 | Tick: 236221 | Conf: 236219 | Hash: 0x15F5D422 | Rollbacks: 11 (Resim:  11) | Stalls:  0
[HEARTBEAT] Node: 0 | Tick: 236281 | Conf: 236279 | Hash: 0x192FF9ED | Rollbacks:  0 (Resim:   0) | Stalls:  0
[HEARTBEAT] Node: 0 | Tick: 236341 | Conf: 236339 | Hash: 0xC15F2B97 | Rollbacks:  0 (Resim:   0) | Stalls:  0
[HEARTBEAT] Node: 0 | Tick: 236401 | Conf: 236399 | Hash: 0xE13E787F | Rollbacks:  4 (Resim:   4) | Stalls:  0
[HEARTBEAT] Node: 0 | Tick: 236461 | Conf: 236459 | Hash: 0x8C33F4CA | Rollbacks: 10 (Resim:  10) | Stalls:  0
[HEARTBEAT] Node: 0 | Tick: 236521 | Conf: 236519 | Hash: 0x94C8CB34 | Rollbacks:  9 (Resim:   9) | Stalls:  0
[HEARTBEAT] Node: 0 | Tick: 236581 | Conf: 236579 | Hash: 0xDEEA79EF | Rollbacks:  0 (Resim:   0) | Stalls:  0
[BOT:50006] Heartbeat - Sparse Mods Tracked: 2048
[HEARTBEAT] Node: 0 | Tick: 236641 | Conf: 236639 | Hash: 0xBED7A614 | Rollbacks: 23 (Resim:  23) | Stalls:  0
[HEARTBEAT] Node: 0 | Tick: 236701 | Conf: 236699 | Hash: 0xA7B6EB0A | Rollbacks: 18 (Resim:  18) | Stalls:  0
[HEARTBEAT] Node: 0 | Tick: 236761 | Conf: 236759 | Hash: 0x6B9BA7C2 | Rollbacks:  3 (Resim:   3) | Stalls:  0
[HEARTBEAT] Node: 0 | Tick: 236821 | Conf: 236819 | Hash: 0x9147D6BE | Rollbacks: 15 (Resim:  15) | Stalls:  0
[HEARTBEAT] Node: 0 | Tick: 236881 | Conf: 236879 | Hash: 0x35607915 | Rollbacks:  4 (Resim:   4) | Stalls:  0
[HEARTBEAT] Node: 0 | Tick: 236941 | Conf: 236939 | Hash: 0x97576D85 | Rollbacks:  0 (Resim:   0) | Stalls:  0
[HEARTBEAT] Node: 0 | Tick: 237001 | Conf: 236999 | Hash: 0x2E897B9A | Rollbacks: 10 (Resim:  10) | Stalls:  0
[HEARTBEAT] Node: 0 | Tick: 237061 | Conf: 237059 | Hash: 0xFA9A8BDA | Rollbacks: 16 (Resim:  17) | Stalls:  0
[HEARTBEAT] Node: 0 | Tick: 237121 | Conf: 237119 | Hash: 0x9EF857AC | Rollbacks:  7 (Resim:   7) | Stalls:  0
[HEARTBEAT] Node: 0 | Tick: 237181 | Conf: 237179 | Hash: 0x2C8F8F59 | Rollbacks:  0 (Resim:   0) | Stalls:  0
[BOT:50006] Heartbeat - Sparse Mods Tracked: 2048
[HEARTBEAT] Node: 0 | Tick: 237241 | Conf: 237239 | Hash: 0x277BF693 | Rollbacks: 12 (Resim:  12) | Stalls:  0
[HEARTBEAT] Node: 0 | Tick: 237301 | Conf: 237299 | Hash: 0x5ECC026D | Rollbacks:  0 (Resim:   0) | Stalls:  0
[HEARTBEAT] Node: 0 | Tick: 237361 | Conf: 237359 | Hash: 0x7FCB906C | Rollbacks:  0 (Resim:   0) | Stalls:  0
[HEARTBEAT] Node: 0 | Tick: 237421 | Conf: 237419 | Hash: 0x1B2C91F3 | Rollbacks: 16 (Resim:  16) | Stalls:  0
[HEARTBEAT] Node: 0 | Tick: 237481 | Conf: 237479 | Hash: 0x4C9B5E82 | Rollbacks: 12 (Resim:  12) | Stalls:  0
[HEARTBEAT] Node: 0 | Tick: 237541 | Conf: 237539 | Hash: 0xAD203519 | Rollbacks:  0 (Resim:   0) | Stalls:  0
[HEARTBEAT] Node: 0 | Tick: 237601 | Conf: 237599 | Hash: 0x30E6D547 | Rollbacks:  0 (Resim:   0) | Stalls:  0
[HEARTBEAT] Node: 0 | Tick: 237661 | Conf: 237659 | Hash: 0xBF2F651B | Rollbacks: 19 (Resim:  19) | Stalls:  0
[HEARTBEAT] Node: 0 | Tick: 237721 | Conf: 237719 | Hash: 0xAEDC4401 | Rollbacks: 10 (Resim:  10) | Stalls:  0
[HEARTBEAT] Node: 0 | Tick: 237781 | Conf: 237779 | Hash: 0xF95891F9 | Rollbacks: 12 (Resim:  12) | Stalls:  0
[BOT:50006] Heartbeat - Sparse Mods Tracked: 2048
[HEARTBEAT] Node: 0 | Tick: 237841 | Conf: 237839 | Hash: 0x9FD16080 | Rollbacks: 12 (Resim:  12) | Stalls:  0
[HEARTBEAT] Node: 0 | Tick: 237901 | Conf: 237899 | Hash: 0xD70E64A0 | Rollbacks:  8 (Resim:   8) | Stalls:  0
[HEARTBEAT] Node: 0 | Tick: 237961 | Conf: 237959 | Hash: 0xB92EAC8A | Rollbacks:  0 (Resim:   0) | Stalls:  0
[HEARTBEAT] Node: 0 | Tick: 238021 | Conf: 238019 | Hash: 0x8C822248 | Rollbacks: 15 (Resim:  15) | Stalls:  0
[HEARTBEAT] Node: 0 | Tick: 238081 | Conf: 238079 | Hash: 0x3E593BF7 | Rollbacks:  2 (Resim:   2) | Stalls:  0
[HEARTBEAT] Node: 0 | Tick: 238141 | Conf: 238139 | Hash: 0xC35E580A | Rollbacks:  0 (Resim:   0) | Stalls:  0
[HEARTBEAT] Node: 0 | Tick: 238201 | Conf: 238199 | Hash: 0xC6B9F90D | Rollbacks: 16 (Resim:  16) | Stalls:  0
[HEARTBEAT] Node: 0 | Tick: 238261 | Conf: 238259 | Hash: 0xA2AD3C2E | Rollbacks:  0 (Resim:   0) | Stalls:  0
[HEARTBEAT] Node: 0 | Tick: 238321 | Conf: 238319 | Hash: 0x0F3682FD | Rollbacks: 29 (Resim:  30) | Stalls:  0
[HEARTBEAT] Node: 0 | Tick: 238381 | Conf: 238379 | Hash: 0xAAEAC3EE | Rollbacks:  5 (Resim:   5) | Stalls:  0
[BOT:50006] Heartbeat - Sparse Mods Tracked: 2048
[HEARTBEAT] Node: 0 | Tick: 238441 | Conf: 238439 | Hash: 0x19916CF7 | Rollbacks:  4 (Resim:   4) | Stalls:  0
[HEARTBEAT] Node: 0 | Tick: 238501 | Conf: 238499 | Hash: 0x014D2770 | Rollbacks: 21 (Resim:  21) | Stalls:  0
[HEARTBEAT] Node: 0 | Tick: 238561 | Conf: 238559 | Hash: 0x6D897952 | Rollbacks:  6 (Resim:   6) | Stalls:  0
[HEARTBEAT] Node: 0 | Tick: 238621 | Conf: 238619 | Hash: 0x585AC391 | Rollbacks: 24 (Resim:  24) | Stalls:  0
[HEARTBEAT] Node: 0 | Tick: 238681 | Conf: 238679 | Hash: 0xF4370F42 | Rollbacks: 10 (Resim:  10) | Stalls:  0
[HEARTBEAT] Node: 0 | Tick: 238741 | Conf: 238739 | Hash: 0x9ABE5BBE | Rollbacks:  0 (Resim:   0) | Stalls:  0
[HEARTBEAT] Node: 0 | Tick: 238801 | Conf: 238799 | Hash: 0xC8C8EEC2 | Rollbacks: 28 (Resim:  28) | Stalls:  0
[HEARTBEAT] Node: 0 | Tick: 238861 | Conf: 238859 | Hash: 0x71370C8B | Rollbacks:  9 (Resim:   9) | Stalls:  0
[HEARTBEAT] Node: 0 | Tick: 238921 | Conf: 238919 | Hash: 0x40BAEB48 | Rollbacks:  0 (Resim:   0) | Stalls:  0
[BOT:50006] Heartbeat - Sparse Mods Tracked: 2048
[HEARTBEAT] Node: 0 | Tick: 238981 | Conf: 238979 | Hash: 0xEA37BACD | Rollbacks: 20 (Resim:  20) | Stalls:  0
[HEARTBEAT] Node: 0 | Tick: 239041 | Conf: 239039 | Hash: 0xAEDBF885 | Rollbacks:  0 (Resim:   0) | Stalls:  0
[HEARTBEAT] Node: 0 | Tick: 239101 | Conf: 239099 | Hash: 0xD2F007C8 | Rollbacks: 17 (Resim:  17) | Stalls:  0
[HEARTBEAT] Node: 0 | Tick: 239161 | Conf: 239159 | Hash: 0x0C2F4171 | Rollbacks: 18 (Resim:  18) | Stalls:  0
[HEARTBEAT] Node: 0 | Tick: 239221 | Conf: 239219 | Hash: 0x6B7D22CD | Rollbacks:  4 (Resim:   4) | Stalls:  0
[HEARTBEAT] Node: 0 | Tick: 239281 | Conf: 239279 | Hash: 0x72C6CA9C | Rollbacks:  0 (Resim:   0) | Stalls:  0
[HEARTBEAT] Node: 0 | Tick: 239341 | Conf: 239339 | Hash: 0x795AD732 | Rollbacks: 21 (Resim:  21) | Stalls:  0
[HEARTBEAT] Node: 0 | Tick: 239401 | Conf: 239399 | Hash: 0x120E5C6A | Rollbacks: 12 (Resim:  12) | Stalls:  0
[HEARTBEAT] Node: 0 | Tick: 239461 | Conf: 239459 | Hash: 0xFA30D1A7 | Rollbacks: 10 (Resim:  10) | Stalls:  0
[HEARTBEAT] Node: 0 | Tick: 239521 | Conf: 239519 | Hash: 0x487F3410 | Rollbacks: 18 (Resim:  18) | Stalls:  0
[BOT:50006] Heartbeat - Sparse Mods Tracked: 2048
[HEARTBEAT] Node: 0 | Tick: 239581 | Conf: 239579 | Hash: 0xBEAF04CD | Rollbacks:  1 (Resim:   1) | Stalls:  0
[HEARTBEAT] Node: 0 | Tick: 239641 | Conf: 239639 | Hash: 0xA195CF1B | Rollbacks:  0 (Resim:   0) | Stalls:  0
[HEARTBEAT] Node: 0 | Tick: 239701 | Conf: 239699 | Hash: 0x8EAB489F | Rollbacks: 18 (Resim:  18) | Stalls:  0
[HEARTBEAT] Node: 0 | Tick: 239761 | Conf: 239759 | Hash: 0x85FC132D | Rollbacks: 19 (Resim:  19) | Stalls:  0
[HEARTBEAT] Node: 0 | Tick: 239821 | Conf: 239819 | Hash: 0x52B750BF | Rollbacks: 12 (Resim:  12) | Stalls:  0
[HEARTBEAT] Node: 0 | Tick: 239881 | Conf: 239879 | Hash: 0x2CB29F5E | Rollbacks: 22 (Resim:  22) | Stalls:  0
[HEARTBEAT] Node: 0 | Tick: 239941 | Conf: 239939 | Hash: 0xD8E65B48 | Rollbacks: 21 (Resim:  21) | Stalls:  0
[HEARTBEAT] Node: 0 | Tick: 240001 | Conf: 239999 | Hash: 0xEDD5046A | Rollbacks:  0 (Resim:   0) | Stalls:  0
[HEARTBEAT] Node: 0 | Tick: 240061 | Conf: 240059 | Hash: 0xBB51D8D3 | Rollbacks: 15 (Resim:  15) | Stalls:  0
[HEARTBEAT] Node: 0 | Tick: 240121 | Conf: 240119 | Hash: 0xABAA1E85 | Rollbacks:  1 (Resim:   1) | Stalls:  0
[BOT:50006] Heartbeat - Sparse Mods Tracked: 2048
[HEARTBEAT] Node: 0 | Tick: 240181 | Conf: 240179 | Hash: 0x1FA4841D | Rollbacks:  4 (Resim:   4) | Stalls:  0
[HEARTBEAT] Node: 0 | Tick: 240241 | Conf: 240239 | Hash: 0x1BE6EDB9 | Rollbacks: 19 (Resim:  19) | Stalls:  0
[HEARTBEAT] Node: 0 | Tick: 240301 | Conf: 240299 | Hash: 0x97172ACF | Rollbacks:  4 (Resim:   4) | Stalls:  0
[HEARTBEAT] Node: 0 | Tick: 240361 | Conf: 240359 | Hash: 0x4F6A5DB1 | Rollbacks: 25 (Resim:  25) | Stalls:  0
[HEARTBEAT] Node: 0 | Tick: 240421 | Conf: 240419 | Hash: 0x7E76D30B | Rollbacks:  0 (Resim:   0) | Stalls:  0
[HEARTBEAT] Node: 0 | Tick: 240481 | Conf: 240479 | Hash: 0xF1E61570 | Rollbacks:  8 (Resim:   8) | Stalls:  0
[HEARTBEAT] Node: 0 | Tick: 240541 | Conf: 240539 | Hash: 0xC64E5A36 | Rollbacks: 16 (Resim:  16) | Stalls:  0
[HEARTBEAT] Node: 0 | Tick: 240601 | Conf: 240599 | Hash: 0x6C5DB2DC | Rollbacks:  8 (Resim:   8) | Stalls:  0
[HEARTBEAT] Node: 0 | Tick: 240661 | Conf: 240659 | Hash: 0x584AD1E0 | Rollbacks:  0 (Resim:   0) | Stalls:  0
[HEARTBEAT] Node: 0 | Tick: 240721 | Conf: 240719 | Hash: 0x3C7639C4 | Rollbacks: 23 (Resim:  23) | Stalls:  0
[BOT:50006] Heartbeat - Sparse Mods Tracked: 2048
[HEARTBEAT] Node: 0 | Tick: 240781 | Conf: 240779 | Hash: 0xCBF0C93C | Rollbacks:  8 (Resim:   8) | Stalls:  0
[HEARTBEAT] Node: 0 | Tick: 240841 | Conf: 240839 | Hash: 0x8759FD19 | Rollbacks:  7 (Resim:   7) | Stalls:  0
[HEARTBEAT] Node: 0 | Tick: 240901 | Conf: 240899 | Hash: 0xF5007A83 | Rollbacks: 14 (Resim:  14) | Stalls:  0
[HEARTBEAT] Node: 0 | Tick: 240961 | Conf: 240959 | Hash: 0x40D913F6 | Rollbacks: 24 (Resim:  25) | Stalls:  0
[HEARTBEAT] Node: 0 | Tick: 241021 | Conf: 241019 | Hash: 0x1BD95D55 | Rollbacks:  1 (Resim:   1) | Stalls:  0
[HEARTBEAT] Node: 0 | Tick: 241081 | Conf: 241079 | Hash: 0x9AE6E6BA | Rollbacks:  0 (Resim:   0) | Stalls:  0
[HEARTBEAT] Node: 0 | Tick: 241141 | Conf: 241139 | Hash: 0xB267C7A3 | Rollbacks: 21 (Resim:  21) | Stalls:  0
[HEARTBEAT] Node: 0 | Tick: 241201 | Conf: 241199 | Hash: 0x55D1D400 | Rollbacks:  6 (Resim:   6) | Stalls:  0
[HEARTBEAT] Node: 0 | Tick: 241261 | Conf: 241259 | Hash: 0xF21AFF4D | Rollbacks:  0 (Resim:   0) | Stalls:  0
[HEARTBEAT] Node: 0 | Tick: 241321 | Conf: 241319 | Hash: 0x2ED62E7C | Rollbacks:  0 (Resim:   0) | Stalls:  0
[BOT:50006] Heartbeat - Sparse Mods Tracked: 2048
[HEARTBEAT] Node: 0 | Tick: 241381 | Conf: 241379 | Hash: 0xED556CD6 | Rollbacks: 11 (Resim:  11) | Stalls:  0
[HEARTBEAT] Node: 0 | Tick: 241441 | Conf: 241439 | Hash: 0xD068C681 | Rollbacks:  0 (Resim:   0) | Stalls:  0
[HEARTBEAT] Node: 0 | Tick: 241501 | Conf: 241499 | Hash: 0xAED7E34A | Rollbacks:  0 (Resim:   0) | Stalls:  0
[HEARTBEAT] Node: 0 | Tick: 241561 | Conf: 241559 | Hash: 0x58CCB1DD | Rollbacks:  0 (Resim:   0) | Stalls:  0
[HEARTBEAT] Node: 0 | Tick: 241621 | Conf: 241619 | Hash: 0x711E2D1B | Rollbacks: 12 (Resim:  12) | Stalls:  0
[HEARTBEAT] Node: 0 | Tick: 241681 | Conf: 241679 | Hash: 0xF51E3EA2 | Rollbacks:  0 (Resim:   0) | Stalls:  0
[HEARTBEAT] Node: 0 | Tick: 241741 | Conf: 241739 | Hash: 0x21A7A942 | Rollbacks: 12 (Resim:  12) | Stalls:  0
[HEARTBEAT] Node: 0 | Tick: 241801 | Conf: 241799 | Hash: 0x1F1310AB | Rollbacks:  0 (Resim:   0) | Stalls:  0
[HEARTBEAT] Node: 0 | Tick: 241861 | Conf: 241859 | Hash: 0xA61F53BC | Rollbacks:  0 (Resim:   0) | Stalls:  0
[BOT:50006] Heartbeat - Sparse Mods Tracked: 2048
[HEARTBEAT] Node: 0 | Tick: 241921 | Conf: 241919 | Hash: 0x43E347E7 | Rollbacks:  0 (Resim:   0) | Stalls:  0
[HEARTBEAT] Node: 0 | Tick: 241981 | Conf: 241979 | Hash: 0x334D972A | Rollbacks: 19 (Resim:  19) | Stalls:  0
[HEARTBEAT] Node: 0 | Tick: 242041 | Conf: 242039 | Hash: 0x40F682EC | Rollbacks: 21 (Resim:  21) | Stalls:  0
[HEARTBEAT] Node: 0 | Tick: 242101 | Conf: 242099 | Hash: 0xC12ABDBC | Rollbacks:  0 (Resim:   0) | Stalls:  0
[HEARTBEAT] Node: 0 | Tick: 242161 | Conf: 242159 | Hash: 0x9F2B0B39 | Rollbacks:  3 (Resim:   3) | Stalls:  0
[HEARTBEAT] Node: 0 | Tick: 242221 | Conf: 242219 | Hash: 0x8E124891 | Rollbacks:  0 (Resim:   0) | Stalls:  0
[HEARTBEAT] Node: 0 | Tick: 242281 | Conf: 242279 | Hash: 0x325C892F | Rollbacks: 25 (Resim:  25) | Stalls:  0
[HEARTBEAT] Node: 0 | Tick: 242341 | Conf: 242339 | Hash: 0xBF4E3C04 | Rollbacks:  1 (Resim:   1) | Stalls:  0
[HEARTBEAT] Node: 0 | Tick: 242401 | Conf: 242399 | Hash: 0x6A17AD77 | Rollbacks:  7 (Resim:   7) | Stalls:  0
[HEARTBEAT] Node: 0 | Tick: 242461 | Conf: 242459 | Hash: 0x053D0B90 | Rollbacks: 16 (Resim:  16) | Stalls:  0
[BOT:50006] Heartbeat - Sparse Mods Tracked: 2048
[HEARTBEAT] Node: 0 | Tick: 242521 | Conf: 242519 | Hash: 0x793D736F | Rollbacks:  8 (Resim:   8) | Stalls:  0
[HEARTBEAT] Node: 0 | Tick: 242581 | Conf: 242579 | Hash: 0x21576599 | Rollbacks:  5 (Resim:   5) | Stalls:  0
[HEARTBEAT] Node: 0 | Tick: 242641 | Conf: 242639 | Hash: 0xB0460DD1 | Rollbacks:  0 (Resim:   0) | Stalls:  0
[HEARTBEAT] Node: 0 | Tick: 242701 | Conf: 242699 | Hash: 0xF562BD16 | Rollbacks:  0 (Resim:   0) | Stalls:  0
[HEARTBEAT] Node: 0 | Tick: 242761 | Conf: 242759 | Hash: 0xAC3D0E97 | Rollbacks: 18 (Resim:  18) | Stalls:  0
[HEARTBEAT] Node: 0 | Tick: 242821 | Conf: 242819 | Hash: 0xD52636FA | Rollbacks:  9 (Resim:   9) | Stalls:  0
[HEARTBEAT] Node: 0 | Tick: 242881 | Conf: 242879 | Hash: 0x07B26C6A | Rollbacks:  9 (Resim:   9) | Stalls:  0
[HEARTBEAT] Node: 0 | Tick: 242941 | Conf: 242939 | Hash: 0x96D30365 | Rollbacks: 16 (Resim:  17) | Stalls:  0
[HEARTBEAT] Node: 0 | Tick: 243001 | Conf: 242999 | Hash: 0x61449958 | Rollbacks: 17 (Resim:  17) | Stalls:  0
[HEARTBEAT] Node: 0 | Tick: 243061 | Conf: 243059 | Hash: 0x570A998E | Rollbacks: 19 (Resim:  19) | Stalls:  0
[BOT:50006] Heartbeat - Sparse Mods Tracked: 2048
[HEARTBEAT] Node: 0 | Tick: 243121 | Conf: 243119 | Hash: 0x302EAFC8 | Rollbacks: 15 (Resim:  15) | Stalls:  0
[HEARTBEAT] Node: 0 | Tick: 243181 | Conf: 243179 | Hash: 0x3EF9A0D7 | Rollbacks:  1 (Resim:   1) | Stalls:  0
[HEARTBEAT] Node: 0 | Tick: 243241 | Conf: 243239 | Hash: 0xEE307D4E | Rollbacks: 16 (Resim:  16) | Stalls:  0
[HEARTBEAT] Node: 0 | Tick: 243301 | Conf: 243299 | Hash: 0x3085F98E | Rollbacks: 16 (Resim:  16) | Stalls:  0
[HEARTBEAT] Node: 0 | Tick: 243361 | Conf: 243359 | Hash: 0x125A6BAC | Rollbacks:  8 (Resim:   8) | Stalls:  0
[HEARTBEAT] Node: 0 | Tick: 243421 | Conf: 243419 | Hash: 0x3B373E3B | Rollbacks:  4 (Resim:   4) | Stalls:  0
[HEARTBEAT] Node: 0 | Tick: 243481 | Conf: 243479 | Hash: 0x354F1C7A | Rollbacks: 13 (Resim:  13) | Stalls:  0
[HEARTBEAT] Node: 0 | Tick: 243541 | Conf: 243539 | Hash: 0x863B93DC | Rollbacks: 18 (Resim:  18) | Stalls:  0
[HEARTBEAT] Node: 0 | Tick: 243601 | Conf: 243599 | Hash: 0xEFDEA3EF | Rollbacks:  0 (Resim:   0) | Stalls:  0
[HEARTBEAT] Node: 0 | Tick: 243661 | Conf: 243659 | Hash: 0xC73FB797 | Rollbacks: 13 (Resim:  13) | Stalls:  0
[BOT:50006] Heartbeat - Sparse Mods Tracked: 2048
[HEARTBEAT] Node: 0 | Tick: 243721 | Conf: 243719 | Hash: 0xD2EEFFA5 | Rollbacks:  0 (Resim:   0) | Stalls:  0
[HEARTBEAT] Node: 0 | Tick: 243781 | Conf: 243779 | Hash: 0xBF860EF4 | Rollbacks:  0 (Resim:   0) | Stalls:  0
[HEARTBEAT] Node: 0 | Tick: 243841 | Conf: 243839 | Hash: 0x4F371B47 | Rollbacks: 27 (Resim:  27) | Stalls:  0
[HEARTBEAT] Node: 0 | Tick: 243901 | Conf: 243899 | Hash: 0x7EAABFAD | Rollbacks:  0 (Resim:   0) | Stalls:  0
[HEARTBEAT] Node: 0 | Tick: 243961 | Conf: 243959 | Hash: 0x599E8BEB | Rollbacks:  2 (Resim:   2) | Stalls:  0
[HEARTBEAT] Node: 0 | Tick: 244021 | Conf: 244019 | Hash: 0x4419EA36 | Rollbacks: 14 (Resim:  14) | Stalls:  0
[HEARTBEAT] Node: 0 | Tick: 244081 | Conf: 244079 | Hash: 0xDBE848E1 | Rollbacks:  4 (Resim:   4) | Stalls:  0
[HEARTBEAT] Node: 0 | Tick: 244141 | Conf: 244139 | Hash: 0xD2881B98 | Rollbacks:  7 (Resim:   7) | Stalls:  0
[HEARTBEAT] Node: 0 | Tick: 244201 | Conf: 244199 | Hash: 0x8CAF8DEF | Rollbacks:  7 (Resim:   7) | Stalls:  0
[HEARTBEAT] Node: 0 | Tick: 244261 | Conf: 244259 | Hash: 0xB12E6A87 | Rollbacks:  0 (Resim:   0) | Stalls:  0
[BOT:50006] Heartbeat - Sparse Mods Tracked: 2048
[HEARTBEAT] Node: 0 | Tick: 244321 | Conf: 244319 | Hash: 0xF36B05A7 | Rollbacks: 25 (Resim:  25) | Stalls:  0
[HEARTBEAT] Node: 0 | Tick: 244381 | Conf: 244379 | Hash: 0x6F6A60A1 | Rollbacks:  5 (Resim:   5) | Stalls:  0
[HEARTBEAT] Node: 0 | Tick: 244441 | Conf: 244439 | Hash: 0x815FA621 | Rollbacks: 12 (Resim:  13) | Stalls:  0
[HEARTBEAT] Node: 0 | Tick: 244501 | Conf: 244499 | Hash: 0x1407073C | Rollbacks:  1 (Resim:   1) | Stalls:  0
[HEARTBEAT] Node: 0 | Tick: 244561 | Conf: 244559 | Hash: 0xA2387F09 | Rollbacks: 10 (Resim:  10) | Stalls:  0
[HEARTBEAT] Node: 0 | Tick: 244621 | Conf: 244619 | Hash: 0x2DF180EF | Rollbacks:  0 (Resim:   0) | Stalls:  0
[HEARTBEAT] Node: 0 | Tick: 244681 | Conf: 244679 | Hash: 0x28F3D235 | Rollbacks: 23 (Resim:  23) | Stalls:  0
[HEARTBEAT] Node: 0 | Tick: 244741 | Conf: 244739 | Hash: 0x69949630 | Rollbacks:  0 (Resim:   0) | Stalls:  0
[HEARTBEAT] Node: 0 | Tick: 244801 | Conf: 244799 | Hash: 0x8302EE0B | Rollbacks: 12 (Resim:  12) | Stalls:  0
[HEARTBEAT] Node: 0 | Tick: 244861 | Conf: 244859 | Hash: 0xFEE01885 | Rollbacks: 11 (Resim:  11) | Stalls:  0
[BOT:50006] Heartbeat - Sparse Mods Tracked: 2048
[HEARTBEAT] Node: 0 | Tick: 244921 | Conf: 244919 | Hash: 0xEF452335 | Rollbacks:  2 (Resim:   2) | Stalls:  0
[HEARTBEAT] Node: 0 | Tick: 244981 | Conf: 244979 | Hash: 0x3C96B6A8 | Rollbacks: 15 (Resim:  15) | Stalls:  0
[HEARTBEAT] Node: 0 | Tick: 245041 | Conf: 245039 | Hash: 0x8EC20BC1 | Rollbacks: 22 (Resim:  22) | Stalls:  0
[HEARTBEAT] Node: 0 | Tick: 245101 | Conf: 245099 | Hash: 0xA047547C | Rollbacks:  7 (Resim:   7) | Stalls:  0
[HEARTBEAT] Node: 0 | Tick: 245161 | Conf: 245159 | Hash: 0x11920910 | Rollbacks:  1 (Resim:   1) | Stalls:  0
[HEARTBEAT] Node: 0 | Tick: 245221 | Conf: 245219 | Hash: 0xF421F3D5 | Rollbacks:  0 (Resim:   0) | Stalls:  0
[HEARTBEAT] Node: 0 | Tick: 245281 | Conf: 245279 | Hash: 0xC8FDBAA9 | Rollbacks: 17 (Resim:  17) | Stalls:  0
[HEARTBEAT] Node: 0 | Tick: 245341 | Conf: 245339 | Hash: 0x8E2FBFC9 | Rollbacks:  2 (Resim:   2) | Stalls:  0
[HEARTBEAT] Node: 0 | Tick: 245401 | Conf: 245399 | Hash: 0xF7102BA7 | Rollbacks:  0 (Resim:   0) | Stalls:  0
[BOT:50006] Heartbeat - Sparse Mods Tracked: 2048
[HEARTBEAT] Node: 0 | Tick: 245461 | Conf: 245459 | Hash: 0xD8FD63BB | Rollbacks: 12 (Resim:  12) | Stalls:  0
[HEARTBEAT] Node: 0 | Tick: 245521 | Conf: 245519 | Hash: 0xB0DF81BB | Rollbacks:  2 (Resim:   2) | Stalls:  0
[HEARTBEAT] Node: 0 | Tick: 245581 | Conf: 245579 | Hash: 0x1A828F4D | Rollbacks: 24 (Resim:  24) | Stalls:  0
[HEARTBEAT] Node: 0 | Tick: 245641 | Conf: 245639 | Hash: 0xF2D08217 | Rollbacks: 18 (Resim:  18) | Stalls:  0
[HEARTBEAT] Node: 0 | Tick: 245701 | Conf: 245699 | Hash: 0xC69FD89A | Rollbacks: 13 (Resim:  13) | Stalls:  0
[HEARTBEAT] Node: 0 | Tick: 245761 | Conf: 245759 | Hash: 0x9417EDEC | Rollbacks:  7 (Resim:   7) | Stalls:  0
[HEARTBEAT] Node: 0 | Tick: 245821 | Conf: 245819 | Hash: 0x33183739 | Rollbacks:  1 (Resim:   1) | Stalls:  0
[HEARTBEAT] Node: 0 | Tick: 245881 | Conf: 245879 | Hash: 0x7AB0D872 | Rollbacks:  6 (Resim:   6) | Stalls:  0
[HEARTBEAT] Node: 0 | Tick: 245941 | Conf: 245939 | Hash: 0xD9E9F347 | Rollbacks:  0 (Resim:   0) | Stalls:  0
[HEARTBEAT] Node: 0 | Tick: 246001 | Conf: 245999 | Hash: 0x16C1867E | Rollbacks: 22 (Resim:  22) | Stalls:  0
[BOT:50006] Heartbeat - Sparse Mods Tracked: 2048
[HEARTBEAT] Node: 0 | Tick: 246061 | Conf: 246059 | Hash: 0xEBCCFCB6 | Rollbacks:  2 (Resim:   2) | Stalls:  0
[HEARTBEAT] Node: 0 | Tick: 246121 | Conf: 246119 | Hash: 0x595C92D4 | Rollbacks:  0 (Resim:   0) | Stalls:  0
[HEARTBEAT] Node: 0 | Tick: 246181 | Conf: 246179 | Hash: 0x0449589A | Rollbacks: 23 (Resim:  23) | Stalls:  0
[HEARTBEAT] Node: 0 | Tick: 246241 | Conf: 246239 | Hash: 0x4F856DC2 | Rollbacks:  3 (Resim:   3) | Stalls:  0
[HEARTBEAT] Node: 0 | Tick: 246301 | Conf: 246299 | Hash: 0x5E7461C1 | Rollbacks:  0 (Resim:   0) | Stalls:  0
[HEARTBEAT] Node: 0 | Tick: 246361 | Conf: 246359 | Hash: 0xDDF84069 | Rollbacks:  4 (Resim:   4) | Stalls:  0
[HEARTBEAT] Node: 0 | Tick: 246421 | Conf: 246419 | Hash: 0x9E33BB63 | Rollbacks:  0 (Resim:   0) | Stalls:  0
[HEARTBEAT] Node: 0 | Tick: 246481 | Conf: 246479 | Hash: 0xA6E7917B | Rollbacks:  0 (Resim:   0) | Stalls:  0
[HEARTBEAT] Node: 0 | Tick: 246541 | Conf: 246539 | Hash: 0x7B710F78 | Rollbacks:  0 (Resim:   0) | Stalls:  0
[HEARTBEAT] Node: 0 | Tick: 246601 | Conf: 246599 | Hash: 0xEBDBCF0D | Rollbacks:  7 (Resim:   7) | Stalls:  0
[BOT:50006] Heartbeat - Sparse Mods Tracked: 2048
[HEARTBEAT] Node: 0 | Tick: 246661 | Conf: 246659 | Hash: 0x39CCB89A | Rollbacks: 16 (Resim:  16) | Stalls:  0
[HEARTBEAT] Node: 0 | Tick: 246721 | Conf: 246719 | Hash: 0xBD89DFE0 | Rollbacks:  1 (Resim:   1) | Stalls:  0
[HEARTBEAT] Node: 0 | Tick: 246781 | Conf: 246779 | Hash: 0xF3480903 | Rollbacks: 17 (Resim:  17) | Stalls:  0
[HEARTBEAT] Node: 0 | Tick: 246841 | Conf: 246839 | Hash: 0x8B1B024E | Rollbacks:  0 (Resim:   0) | Stalls:  0
[HEARTBEAT] Node: 0 | Tick: 246901 | Conf: 246899 | Hash: 0xAED047C9 | Rollbacks: 18 (Resim:  18) | Stalls:  0
[HEARTBEAT] Node: 0 | Tick: 246961 | Conf: 246959 | Hash: 0x9726F293 | Rollbacks: 15 (Resim:  15) | Stalls:  0
[HEARTBEAT] Node: 0 | Tick: 247021 | Conf: 247019 | Hash: 0xAB46AA76 | Rollbacks:  7 (Resim:   7) | Stalls:  0
[HEARTBEAT] Node: 0 | Tick: 247081 | Conf: 247079 | Hash: 0x111AC5A0 | Rollbacks:  7 (Resim:   7) | Stalls:  0
[HEARTBEAT] Node: 0 | Tick: 247141 | Conf: 247139 | Hash: 0xF68FD19E | Rollbacks:  4 (Resim:   4) | Stalls:  0
[HEARTBEAT] Node: 0 | Tick: 247201 | Conf: 247199 | Hash: 0x5B085E9F | Rollbacks:  0 (Resim:   0) | Stalls:  0
[BOT:50006] Heartbeat - Sparse Mods Tracked: 2048
[HEARTBEAT] Node: 0 | Tick: 247261 | Conf: 247259 | Hash: 0x73A64DE6 | Rollbacks: 15 (Resim:  15) | Stalls:  0
[HEARTBEAT] Node: 0 | Tick: 247321 | Conf: 247319 | Hash: 0x091A9A48 | Rollbacks: 18 (Resim:  18) | Stalls:  0
[HEARTBEAT] Node: 0 | Tick: 247381 | Conf: 247379 | Hash: 0x980CDB99 | Rollbacks:  7 (Resim:   7) | Stalls:  0
[HEARTBEAT] Node: 0 | Tick: 247441 | Conf: 247439 | Hash: 0x12424A83 | Rollbacks: 13 (Resim:  13) | Stalls:  0
[HEARTBEAT] Node: 0 | Tick: 247501 | Conf: 247499 | Hash: 0x45F1C271 | Rollbacks: 12 (Resim:  12) | Stalls:  0
[HEARTBEAT] Node: 0 | Tick: 247561 | Conf: 247559 | Hash: 0xC9B23370 | Rollbacks:  0 (Resim:   0) | Stalls:  0
[HEARTBEAT] Node: 0 | Tick: 247621 | Conf: 247619 | Hash: 0xB25251D1 | Rollbacks: 11 (Resim:  11) | Stalls:  0
[HEARTBEAT] Node: 0 | Tick: 247681 | Conf: 247679 | Hash: 0xBFC0282E | Rollbacks:  0 (Resim:   0) | Stalls:  0
[HEARTBEAT] Node: 0 | Tick: 247741 | Conf: 247739 | Hash: 0x15D054CE | Rollbacks: 10 (Resim:  10) | Stalls:  0
[BOT:50006] Heartbeat - Sparse Mods Tracked: 2048
[HEARTBEAT] Node: 0 | Tick: 247801 | Conf: 247799 | Hash: 0xA5B529A0 | Rollbacks:  5 (Resim:   5) | Stalls:  0
[HEARTBEAT] Node: 0 | Tick: 247861 | Conf: 247859 | Hash: 0x5FEB76B7 | Rollbacks:  0 (Resim:   0) | Stalls:  0
[HEARTBEAT] Node: 0 | Tick: 247921 | Conf: 247919 | Hash: 0x13260962 | Rollbacks:  4 (Resim:   4) | Stalls:  0
[HEARTBEAT] Node: 0 | Tick: 247981 | Conf: 247979 | Hash: 0x577BBF5D | Rollbacks: 11 (Resim:  11) | Stalls:  0
[HEARTBEAT] Node: 0 | Tick: 248041 | Conf: 248039 | Hash: 0xD1BB7E81 | Rollbacks:  7 (Resim:   7) | Stalls:  0
[HEARTBEAT] Node: 0 | Tick: 248101 | Conf: 248099 | Hash: 0x95FE2A36 | Rollbacks:  5 (Resim:   5) | Stalls:  0
[HEARTBEAT] Node: 0 | Tick: 248161 | Conf: 248159 | Hash: 0x8EEB62F7 | Rollbacks:  0 (Resim:   0) | Stalls:  0
[HEARTBEAT] Node: 0 | Tick: 248221 | Conf: 248219 | Hash: 0x59BA6020 | Rollbacks: 22 (Resim:  23) | Stalls:  0
[HEARTBEAT] Node: 0 | Tick: 248281 | Conf: 248279 | Hash: 0x4D24519D | Rollbacks: 16 (Resim:  16) | Stalls:  0
[HEARTBEAT] Node: 0 | Tick: 248341 | Conf: 248339 | Hash: 0xEFB9051E | Rollbacks: 24 (Resim:  24) | Stalls:  0
[BOT:50006] Heartbeat - Sparse Mods Tracked: 2048
[HEARTBEAT] Node: 0 | Tick: 248401 | Conf: 248399 | Hash: 0x80099DA0 | Rollbacks:  7 (Resim:   7) | Stalls:  0
[HEARTBEAT] Node: 0 | Tick: 248461 | Conf: 248459 | Hash: 0x994B1FC9 | Rollbacks:  0 (Resim:   0) | Stalls:  0
[HEARTBEAT] Node: 0 | Tick: 248521 | Conf: 248519 | Hash: 0x0E0E8173 | Rollbacks:  0 (Resim:   0) | Stalls:  0
[HEARTBEAT] Node: 0 | Tick: 248581 | Conf: 248579 | Hash: 0x953F5170 | Rollbacks: 26 (Resim:  26) | Stalls:  0
[HEARTBEAT] Node: 0 | Tick: 248641 | Conf: 248639 | Hash: 0xF787B519 | Rollbacks:  7 (Resim:   7) | Stalls:  0
[HEARTBEAT] Node: 0 | Tick: 248701 | Conf: 248699 | Hash: 0x43B08CAD | Rollbacks:  0 (Resim:   0) | Stalls:  0
[HEARTBEAT] Node: 0 | Tick: 248761 | Conf: 248759 | Hash: 0xFFDA7BC0 | Rollbacks: 25 (Resim:  25) | Stalls:  0
[HEARTBEAT] Node: 0 | Tick: 248821 | Conf: 248819 | Hash: 0xD8621B97 | Rollbacks:  0 (Resim:   0) | Stalls:  0
[HEARTBEAT] Node: 0 | Tick: 248881 | Conf: 248879 | Hash: 0x06C9F46B | Rollbacks:  4 (Resim:   4) | Stalls:  0
[HEARTBEAT] Node: 0 | Tick: 248941 | Conf: 248939 | Hash: 0xEF46A308 | Rollbacks: 20 (Resim:  20) | Stalls:  0
[BOT:50006] Heartbeat - Sparse Mods Tracked: 2048
[HEARTBEAT] Node: 0 | Tick: 249001 | Conf: 248999 | Hash: 0x02436A86 | Rollbacks:  4 (Resim:   4) | Stalls:  0
[HEARTBEAT] Node: 0 | Tick: 249061 | Conf: 249059 | Hash: 0xC84F400A | Rollbacks: 21 (Resim:  21) | Stalls:  0
[HEARTBEAT] Node: 0 | Tick: 249121 | Conf: 249119 | Hash: 0x635EDDDC | Rollbacks: 12 (Resim:  12) | Stalls:  0
[HEARTBEAT] Node: 0 | Tick: 249181 | Conf: 249179 | Hash: 0x92717CB1 | Rollbacks:  0 (Resim:   0) | Stalls:  0
[HEARTBEAT] Node: 0 | Tick: 249241 | Conf: 249239 | Hash: 0x6E8ED390 | Rollbacks:  4 (Resim:   4) | Stalls:  0
[HEARTBEAT] Node: 0 | Tick: 249301 | Conf: 249299 | Hash: 0x95360864 | Rollbacks:  8 (Resim:   8) | Stalls:  0
[HEARTBEAT] Node: 0 | Tick: 249361 | Conf: 249359 | Hash: 0x5F96C010 | Rollbacks:  0 (Resim:   0) | Stalls:  0
[HEARTBEAT] Node: 0 | Tick: 249421 | Conf: 249419 | Hash: 0x482164B4 | Rollbacks:  7 (Resim:   7) | Stalls:  0
[HEARTBEAT] Node: 0 | Tick: 249481 | Conf: 249479 | Hash: 0x0C9B4C47 | Rollbacks:  0 (Resim:   0) | Stalls:  0
[HEARTBEAT] Node: 0 | Tick: 249541 | Conf: 249539 | Hash: 0xE76887F4 | Rollbacks: 27 (Resim:  27) | Stalls:  0
[BOT:50006] Heartbeat - Sparse Mods Tracked: 2048
[HEARTBEAT] Node: 0 | Tick: 249601 | Conf: 249599 | Hash: 0xDFA1DF5B | Rollbacks:  0 (Resim:   0) | Stalls:  0
[HEARTBEAT] Node: 0 | Tick: 249661 | Conf: 249659 | Hash: 0xF190D23E | Rollbacks:  0 (Resim:   0) | Stalls:  0
[HEARTBEAT] Node: 0 | Tick: 249721 | Conf: 249719 | Hash: 0x16A28E1A | Rollbacks: 26 (Resim:  26) | Stalls:  0
[HEARTBEAT] Node: 0 | Tick: 249781 | Conf: 249779 | Hash: 0x5F7EC78D | Rollbacks:  0 (Resim:   0) | Stalls:  0
[HEARTBEAT] Node: 0 | Tick: 249841 | Conf: 249839 | Hash: 0x8146D287 | Rollbacks:  0 (Resim:   0) | Stalls:  0
[HEARTBEAT] Node: 0 | Tick: 249901 | Conf: 249899 | Hash: 0xD9F2567D | Rollbacks:  0 (Resim:   0) | Stalls:  0
[HEARTBEAT] Node: 0 | Tick: 249961 | Conf: 249959 | Hash: 0xA850B1DB | Rollbacks: 12 (Resim:  12) | Stalls:  0
[HEARTBEAT] Node: 0 | Tick: 250021 | Conf: 250019 | Hash: 0x2F318F5F | Rollbacks: 21 (Resim:  22) | Stalls:  0
[HEARTBEAT] Node: 0 | Tick: 250081 | Conf: 250079 | Hash: 0x8CE0F2C6 | Rollbacks:  0 (Resim:   0) | Stalls:  0
[HEARTBEAT] Node: 0 | Tick: 250141 | Conf: 250139 | Hash: 0x970F8371 | Rollbacks: 17 (Resim:  17) | Stalls:  0
[BOT:50006] Heartbeat - Sparse Mods Tracked: 2048
[HEARTBEAT] Node: 0 | Tick: 250201 | Conf: 250199 | Hash: 0x03BB2EC3 | Rollbacks:  7 (Resim:   7) | Stalls:  0
[HEARTBEAT] Node: 0 | Tick: 250261 | Conf: 250259 | Hash: 0xBA21C596 | Rollbacks:  0 (Resim:   0) | Stalls:  0
[HEARTBEAT] Node: 0 | Tick: 250321 | Conf: 250319 | Hash: 0xDB86A98A | Rollbacks: 12 (Resim:  12) | Stalls:  0
[HEARTBEAT] Node: 0 | Tick: 250381 | Conf: 250379 | Hash: 0x815C4F3C | Rollbacks: 19 (Resim:  19) | Stalls:  0
[HEARTBEAT] Node: 0 | Tick: 250441 | Conf: 250439 | Hash: 0x42B42035 | Rollbacks: 22 (Resim:  22) | Stalls:  0
[HEARTBEAT] Node: 0 | Tick: 250501 | Conf: 250499 | Hash: 0x337D1720 | Rollbacks: 10 (Resim:  10) | Stalls:  0
[HEARTBEAT] Node: 0 | Tick: 250561 | Conf: 250559 | Hash: 0xF798EDB5 | Rollbacks:  0 (Resim:   0) | Stalls:  0
[HEARTBEAT] Node: 0 | Tick: 250621 | Conf: 250619 | Hash: 0xB3694B9D | Rollbacks:  0 (Resim:   0) | Stalls:  0
[HEARTBEAT] Node: 0 | Tick: 250681 | Conf: 250679 | Hash: 0x999A821D | Rollbacks: 19 (Resim:  19) | Stalls:  0
[HEARTBEAT] Node: 0 | Tick: 250741 | Conf: 250739 | Hash: 0x5C067B69 | Rollbacks: 13 (Resim:  13) | Stalls:  0
[BOT:50006] Heartbeat - Sparse Mods Tracked: 2048
[HEARTBEAT] Node: 0 | Tick: 250801 | Conf: 250799 | Hash: 0x84E0219B | Rollbacks: 21 (Resim:  21) | Stalls:  0
[HEARTBEAT] Node: 0 | Tick: 250861 | Conf: 250859 | Hash: 0x302EDBB5 | Rollbacks:  4 (Resim:   4) | Stalls:  0
[HEARTBEAT] Node: 0 | Tick: 250921 | Conf: 250919 | Hash: 0xFF9347E0 | Rollbacks:  0 (Resim:   0) | Stalls:  0
[HEARTBEAT] Node: 0 | Tick: 250981 | Conf: 250979 | Hash: 0xC463767B | Rollbacks: 16 (Resim:  16) | Stalls:  0
[HEARTBEAT] Node: 0 | Tick: 251041 | Conf: 251039 | Hash: 0x15345D54 | Rollbacks:  0 (Resim:   0) | Stalls:  0
[HEARTBEAT] Node: 0 | Tick: 251101 | Conf: 251099 | Hash: 0x8A350BB5 | Rollbacks:  0 (Resim:   0) | Stalls:  0
[HEARTBEAT] Node: 0 | Tick: 251161 | Conf: 251159 | Hash: 0x2B2E8390 | Rollbacks: 16 (Resim:  16) | Stalls:  0
[HEARTBEAT] Node: 0 | Tick: 251221 | Conf: 251219 | Hash: 0xAECB9278 | Rollbacks: 16 (Resim:  16) | Stalls:  0
[HEARTBEAT] Node: 0 | Tick: 251281 | Conf: 251279 | Hash: 0x1AC89709 | Rollbacks:  5 (Resim:   5) | Stalls:  0
[BOT:50006] Heartbeat - Sparse Mods Tracked: 2048
[HEARTBEAT] Node: 0 | Tick: 251341 | Conf: 251339 | Hash: 0xF5FF5BC5 | Rollbacks:  0 (Resim:   0) | Stalls:  0
[HEARTBEAT] Node: 0 | Tick: 251401 | Conf: 251399 | Hash: 0xCD9526AB | Rollbacks: 26 (Resim:  26) | Stalls:  0
[HEARTBEAT] Node: 0 | Tick: 251461 | Conf: 251459 | Hash: 0x66521D5B | Rollbacks:  0 (Resim:   0) | Stalls:  0
[HEARTBEAT] Node: 0 | Tick: 251521 | Conf: 251519 | Hash: 0x09ED7C09 | Rollbacks:  8 (Resim:   8) | Stalls:  0
[HEARTBEAT] Node: 0 | Tick: 251581 | Conf: 251579 | Hash: 0x6EFEED9F | Rollbacks: 23 (Resim:  23) | Stalls:  0
[HEARTBEAT] Node: 0 | Tick: 251641 | Conf: 251639 | Hash: 0xA1C7AB74 | Rollbacks:  3 (Resim:   3) | Stalls:  0
[HEARTBEAT] Node: 0 | Tick: 251701 | Conf: 251699 | Hash: 0x68086DE3 | Rollbacks:  0 (Resim:   0) | Stalls:  0
[HEARTBEAT] Node: 0 | Tick: 251761 | Conf: 251759 | Hash: 0x023EDCB0 | Rollbacks: 12 (Resim:  12) | Stalls:  0
[HEARTBEAT] Node: 0 | Tick: 251821 | Conf: 251819 | Hash: 0x312ADD50 | Rollbacks:  0 (Resim:   0) | Stalls:  0
[HEARTBEAT] Node: 0 | Tick: 251881 | Conf: 251879 | Hash: 0x336FA518 | Rollbacks:  7 (Resim:   7) | Stalls:  0
[BOT:50006] Heartbeat - Sparse Mods Tracked: 2048
[HEARTBEAT] Node: 0 | Tick: 251941 | Conf: 251939 | Hash: 0xD71AD7FF | Rollbacks:  0 (Resim:   0) | Stalls:  0
[HEARTBEAT] Node: 0 | Tick: 252001 | Conf: 251999 | Hash: 0x6C6373E9 | Rollbacks: 26 (Resim:  26) | Stalls:  0
[HEARTBEAT] Node: 0 | Tick: 252061 | Conf: 252059 | Hash: 0xE75683B0 | Rollbacks:  7 (Resim:   7) | Stalls:  0
[HEARTBEAT] Node: 0 | Tick: 252121 | Conf: 252119 | Hash: 0x481D18C2 | Rollbacks: 14 (Resim:  14) | Stalls:  0
[HEARTBEAT] Node: 0 | Tick: 252181 | Conf: 252179 | Hash: 0x533D8049 | Rollbacks: 30 (Resim:  30) | Stalls:  0
[HEARTBEAT] Node: 0 | Tick: 252241 | Conf: 252239 | Hash: 0x3055AA73 | Rollbacks:  0 (Resim:   0) | Stalls:  0
[HEARTBEAT] Node: 0 | Tick: 252301 | Conf: 252299 | Hash: 0x05264822 | Rollbacks:  1 (Resim:   1) | Stalls:  0
[HEARTBEAT] Node: 0 | Tick: 252361 | Conf: 252359 | Hash: 0x97906CE5 | Rollbacks:  9 (Resim:   9) | Stalls:  0
[HEARTBEAT] Node: 0 | Tick: 252421 | Conf: 252419 | Hash: 0x3562FE45 | Rollbacks: 12 (Resim:  12) | Stalls:  0
[HEARTBEAT] Node: 0 | Tick: 252481 | Conf: 252479 | Hash: 0x4141F795 | Rollbacks:  0 (Resim:   0) | Stalls:  0
[BOT:50006] Heartbeat - Sparse Mods Tracked: 2048
[HEARTBEAT] Node: 0 | Tick: 252541 | Conf: 252539 | Hash: 0xD981AFB3 | Rollbacks:  3 (Resim:   3) | Stalls:  0
[HEARTBEAT] Node: 0 | Tick: 252601 | Conf: 252599 | Hash: 0xC495CCBB | Rollbacks:  0 (Resim:   0) | Stalls:  0
[HEARTBEAT] Node: 0 | Tick: 252661 | Conf: 252659 | Hash: 0x365BF615 | Rollbacks: 12 (Resim:  12) | Stalls:  0
[HEARTBEAT] Node: 0 | Tick: 252721 | Conf: 252719 | Hash: 0x651A86CB | Rollbacks: 17 (Resim:  17) | Stalls:  0
[HEARTBEAT] Node: 0 | Tick: 252781 | Conf: 252779 | Hash: 0xFAADEB79 | Rollbacks:  8 (Resim:   8) | Stalls:  0
[HEARTBEAT] Node: 0 | Tick: 252841 | Conf: 252839 | Hash: 0x4B7492E6 | Rollbacks:  2 (Resim:   2) | Stalls:  0
[HEARTBEAT] Node: 0 | Tick: 252901 | Conf: 252899 | Hash: 0x84942C12 | Rollbacks:  9 (Resim:   9) | Stalls:  0
[HEARTBEAT] Node: 0 | Tick: 252961 | Conf: 252959 | Hash: 0x6E342E7E | Rollbacks:  2 (Resim:   2) | Stalls:  0
[HEARTBEAT] Node: 0 | Tick: 253021 | Conf: 253019 | Hash: 0xFE5EE30A | Rollbacks: 11 (Resim:  11) | Stalls:  0
[HEARTBEAT] Node: 0 | Tick: 253081 | Conf: 253079 | Hash: 0xA6660071 | Rollbacks: 13 (Resim:  13) | Stalls:  0
[BOT:50006] Heartbeat - Sparse Mods Tracked: 2048
[HEARTBEAT] Node: 0 | Tick: 253141 | Conf: 253139 | Hash: 0x99E3EFDD | Rollbacks:  4 (Resim:   4) | Stalls:  0
[HEARTBEAT] Node: 0 | Tick: 253201 | Conf: 253199 | Hash: 0xB3A77101 | Rollbacks:  0 (Resim:   0) | Stalls:  0
[HEARTBEAT] Node: 0 | Tick: 253261 | Conf: 253259 | Hash: 0xFF9A7634 | Rollbacks: 18 (Resim:  18) | Stalls:  0
[HEARTBEAT] Node: 0 | Tick: 253321 | Conf: 253319 | Hash: 0x5D2AB43D | Rollbacks:  6 (Resim:   6) | Stalls:  0
[HEARTBEAT] Node: 0 | Tick: 253381 | Conf: 253379 | Hash: 0x82CCE962 | Rollbacks:  0 (Resim:   0) | Stalls:  0
[HEARTBEAT] Node: 0 | Tick: 253441 | Conf: 253439 | Hash: 0x9FDFFFCC | Rollbacks:  6 (Resim:   6) | Stalls:  0
[HEARTBEAT] Node: 0 | Tick: 253501 | Conf: 253499 | Hash: 0x96A0AFAE | Rollbacks:  0 (Resim:   0) | Stalls:  0
[HEARTBEAT] Node: 0 | Tick: 253561 | Conf: 253559 | Hash: 0xA2FD7DE7 | Rollbacks:  0 (Resim:   0) | Stalls:  0
[HEARTBEAT] Node: 0 | Tick: 253621 | Conf: 253619 | Hash: 0x3D740349 | Rollbacks:  7 (Resim:   7) | Stalls:  0
[HEARTBEAT] Node: 0 | Tick: 253681 | Conf: 253679 | Hash: 0x8DFD2B36 | Rollbacks: 27 (Resim:  28) | Stalls:  0
[BOT:50006] Heartbeat - Sparse Mods Tracked: 2048
[HEARTBEAT] Node: 0 | Tick: 253741 | Conf: 253739 | Hash: 0x8C9E34E7 | Rollbacks:  2 (Resim:   2) | Stalls:  0
[HEARTBEAT] Node: 0 | Tick: 253801 | Conf: 253799 | Hash: 0xEC013BD4 | Rollbacks:  0 (Resim:   0) | Stalls:  0
[HEARTBEAT] Node: 0 | Tick: 253861 | Conf: 253859 | Hash: 0x55C9D9AB | Rollbacks:  8 (Resim:   8) | Stalls:  0
[HEARTBEAT] Node: 0 | Tick: 253921 | Conf: 253919 | Hash: 0xA1D1D6EA | Rollbacks:  0 (Resim:   0) | Stalls:  0
[HEARTBEAT] Node: 0 | Tick: 253981 | Conf: 253979 | Hash: 0x37082331 | Rollbacks: 14 (Resim:  14) | Stalls:  0
[HEARTBEAT] Node: 0 | Tick: 254041 | Conf: 254039 | Hash: 0x2985E9E9 | Rollbacks: 16 (Resim:  16) | Stalls:  0
[HEARTBEAT] Node: 0 | Tick: 254101 | Conf: 254099 | Hash: 0xE1F89F52 | Rollbacks:  9 (Resim:   9) | Stalls:  0
[HEARTBEAT] Node: 0 | Tick: 254161 | Conf: 254159 | Hash: 0x72391F16 | Rollbacks:  0 (Resim:   0) | Stalls:  0
[HEARTBEAT] Node: 0 | Tick: 254221 | Conf: 254219 | Hash: 0xE38C5342 | Rollbacks:  6 (Resim:   6) | Stalls:  0
[BOT:50006] Heartbeat - Sparse Mods Tracked: 2048
[HEARTBEAT] Node: 0 | Tick: 254281 | Conf: 254279 | Hash: 0x331401FE | Rollbacks:  8 (Resim:   8) | Stalls:  0
[HEARTBEAT] Node: 0 | Tick: 254341 | Conf: 254339 | Hash: 0xB3BE73DB | Rollbacks:  0 (Resim:   0) | Stalls:  0
[HEARTBEAT] Node: 0 | Tick: 254401 | Conf: 254399 | Hash: 0xA9AB7F7E | Rollbacks: 15 (Resim:  15) | Stalls:  0
[HEARTBEAT] Node: 0 | Tick: 254461 | Conf: 254459 | Hash: 0x4467F056 | Rollbacks: 14 (Resim:  14) | Stalls:  0
[HEARTBEAT] Node: 0 | Tick: 254521 | Conf: 254519 | Hash: 0xF63EE071 | Rollbacks:  0 (Resim:   0) | Stalls:  0
[HEARTBEAT] Node: 0 | Tick: 254581 | Conf: 254579 | Hash: 0xC423F806 | Rollbacks: 10 (Resim:  10) | Stalls:  0
[HEARTBEAT] Node: 0 | Tick: 254641 | Conf: 254639 | Hash: 0x54CF2EC6 | Rollbacks:  4 (Resim:   4) | Stalls:  0
[HEARTBEAT] Node: 0 | Tick: 254701 | Conf: 254699 | Hash: 0xA70655EF | Rollbacks: 12 (Resim:  12) | Stalls:  0
[HEARTBEAT] Node: 0 | Tick: 254761 | Conf: 254759 | Hash: 0x37BF4885 | Rollbacks: 15 (Resim:  15) | Stalls:  0
[HEARTBEAT] Node: 0 | Tick: 254821 | Conf: 254819 | Hash: 0x3D633421 | Rollbacks: 20 (Resim:  20) | Stalls:  0
[BOT:50006] Heartbeat - Sparse Mods Tracked: 2048
[HEARTBEAT] Node: 0 | Tick: 254881 | Conf: 254879 | Hash: 0x66428F0F | Rollbacks:  0 (Resim:   0) | Stalls:  0
[HEARTBEAT] Node: 0 | Tick: 254941 | Conf: 254939 | Hash: 0x2A0DE08B | Rollbacks:  0 (Resim:   0) | Stalls:  0
[HEARTBEAT] Node: 0 | Tick: 255001 | Conf: 254999 | Hash: 0x589C8089 | Rollbacks: 21 (Resim:  21) | Stalls:  0
[HEARTBEAT] Node: 0 | Tick: 255061 | Conf: 255059 | Hash: 0x34FDEEC0 | Rollbacks: 20 (Resim:  20) | Stalls:  0
[HEARTBEAT] Node: 0 | Tick: 255121 | Conf: 255119 | Hash: 0x37E751A3 | Rollbacks:  4 (Resim:   4) | Stalls:  0
[HEARTBEAT] Node: 0 | Tick: 255181 | Conf: 255179 | Hash: 0xE77326AD | Rollbacks:  0 (Resim:   0) | Stalls:  0
[HEARTBEAT] Node: 0 | Tick: 255241 | Conf: 255239 | Hash: 0x52896E73 | Rollbacks: 20 (Resim:  20) | Stalls:  0
[HEARTBEAT] Node: 0 | Tick: 255301 | Conf: 255299 | Hash: 0x7E0B0926 | Rollbacks:  8 (Resim:   8) | Stalls:  0
[HEARTBEAT] Node: 0 | Tick: 255361 | Conf: 255359 | Hash: 0x65593CBD | Rollbacks:  0 (Resim:   0) | Stalls:  0
[HEARTBEAT] Node: 0 | Tick: 255421 | Conf: 255419 | Hash: 0x4FBF3435 | Rollbacks:  8 (Resim:   8) | Stalls:  0
[BOT:50006] Heartbeat - Sparse Mods Tracked: 2048
[HEARTBEAT] Node: 0 | Tick: 255481 | Conf: 255479 | Hash: 0xB296A5CF | Rollbacks:  0 (Resim:   0) | Stalls:  0
[HEARTBEAT] Node: 0 | Tick: 255541 | Conf: 255539 | Hash: 0x23AA477A | Rollbacks: 17 (Resim:  17) | Stalls:  0
[HEARTBEAT] Node: 0 | Tick: 255601 | Conf: 255599 | Hash: 0x1C632C23 | Rollbacks:  2 (Resim:   2) | Stalls:  0
[HEARTBEAT] Node: 0 | Tick: 255661 | Conf: 255659 | Hash: 0xB00431F0 | Rollbacks:  0 (Resim:   0) | Stalls:  0
[HEARTBEAT] Node: 0 | Tick: 255721 | Conf: 255719 | Hash: 0x25BAC94B | Rollbacks: 22 (Resim:  22) | Stalls:  0
[HEARTBEAT] Node: 0 | Tick: 255781 | Conf: 255779 | Hash: 0x05A9E2CE | Rollbacks:  6 (Resim:   7) | Stalls:  0
[HEARTBEAT] Node: 0 | Tick: 255841 | Conf: 255839 | Hash: 0xED39BB28 | Rollbacks:  0 (Resim:   0) | Stalls:  0
[HEARTBEAT] Node: 0 | Tick: 255901 | Conf: 255899 | Hash: 0x2B12FA09 | Rollbacks:  1 (Resim:   1) | Stalls:  0
[HEARTBEAT] Node: 0 | Tick: 255961 | Conf: 255959 | Hash: 0xB5F71BAF | Rollbacks: 10 (Resim:  10) | Stalls:  0
[HEARTBEAT] Node: 0 | Tick: 256021 | Conf: 256019 | Hash: 0x555EBA4E | Rollbacks: 23 (Resim:  23) | Stalls:  0
[BOT:50006] Heartbeat - Sparse Mods Tracked: 2048
[HEARTBEAT] Node: 0 | Tick: 256081 | Conf: 256079 | Hash: 0x8F4BA707 | Rollbacks:  4 (Resim:   4) | Stalls:  0
[HEARTBEAT] Node: 0 | Tick: 256141 | Conf: 256139 | Hash: 0x383EA461 | Rollbacks: 23 (Resim:  23) | Stalls:  0
[HEARTBEAT] Node: 0 | Tick: 256201 | Conf: 256199 | Hash: 0x050B9C11 | Rollbacks:  9 (Resim:   9) | Stalls:  0
[HEARTBEAT] Node: 0 | Tick: 256261 | Conf: 256259 | Hash: 0x2D92B751 | Rollbacks:  0 (Resim:   0) | Stalls:  0
[HEARTBEAT] Node: 0 | Tick: 256321 | Conf: 256319 | Hash: 0x749940E9 | Rollbacks:  9 (Resim:   9) | Stalls:  0
[HEARTBEAT] Node: 0 | Tick: 256381 | Conf: 256379 | Hash: 0x98A5BB01 | Rollbacks:  0 (Resim:   0) | Stalls:  0
[HEARTBEAT] Node: 0 | Tick: 256441 | Conf: 256439 | Hash: 0xACA95E95 | Rollbacks:  9 (Resim:   9) | Stalls:  0
[HEARTBEAT] Node: 0 | Tick: 256501 | Conf: 256499 | Hash: 0x7F1E2E03 | Rollbacks: 12 (Resim:  12) | Stalls:  0
[HEARTBEAT] Node: 0 | Tick: 256561 | Conf: 256559 | Hash: 0x69A8DF9E | Rollbacks: 15 (Resim:  15) | Stalls:  0
[BOT:50006] Heartbeat - Sparse Mods Tracked: 2048
[HEARTBEAT] Node: 0 | Tick: 256621 | Conf: 256619 | Hash: 0x6B28F70E | Rollbacks:  0 (Resim:   0) | Stalls:  0
[HEARTBEAT] Node: 0 | Tick: 256681 | Conf: 256679 | Hash: 0x89A03BBA | Rollbacks: 11 (Resim:  11) | Stalls:  0
[HEARTBEAT] Node: 0 | Tick: 256741 | Conf: 256739 | Hash: 0x053C8CB2 | Rollbacks: 23 (Resim:  23) | Stalls:  0
[HEARTBEAT] Node: 0 | Tick: 256801 | Conf: 256799 | Hash: 0x80A38D48 | Rollbacks:  2 (Resim:   2) | Stalls:  0
[HEARTBEAT] Node: 0 | Tick: 256861 | Conf: 256859 | Hash: 0x06E54CBF | Rollbacks:  0 (Resim:   0) | Stalls:  0
[HEARTBEAT] Node: 0 | Tick: 256921 | Conf: 256919 | Hash: 0x6C02C1BE | Rollbacks: 18 (Resim:  18) | Stalls:  0
[HEARTBEAT] Node: 0 | Tick: 256981 | Conf: 256979 | Hash: 0x305878D9 | Rollbacks: 10 (Resim:  10) | Stalls:  0
[HEARTBEAT] Node: 0 | Tick: 257041 | Conf: 257039 | Hash: 0xADB8B4D3 | Rollbacks:  3 (Resim:   3) | Stalls:  0
[HEARTBEAT] Node: 0 | Tick: 257101 | Conf: 257099 | Hash: 0x76133338 | Rollbacks: 21 (Resim:  21) | Stalls:  0
[HEARTBEAT] Node: 0 | Tick: 257161 | Conf: 257159 | Hash: 0x8A0B3A27 | Rollbacks:  5 (Resim:   5) | Stalls:  0
[BOT:50006] Heartbeat - Sparse Mods Tracked: 2048
[HEARTBEAT] Node: 0 | Tick: 257221 | Conf: 257219 | Hash: 0x0C7FAFE0 | Rollbacks:  0 (Resim:   0) | Stalls:  0
[HEARTBEAT] Node: 0 | Tick: 257281 | Conf: 257279 | Hash: 0x0EEE0D80 | Rollbacks: 12 (Resim:  12) | Stalls:  0
[HEARTBEAT] Node: 0 | Tick: 257341 | Conf: 257339 | Hash: 0x8AD7E88F | Rollbacks: 14 (Resim:  14) | Stalls:  0
[HEARTBEAT] Node: 0 | Tick: 257401 | Conf: 257399 | Hash: 0xD3D2C05D | Rollbacks:  9 (Resim:   9) | Stalls:  0
[HEARTBEAT] Node: 0 | Tick: 257461 | Conf: 257459 | Hash: 0x084F4768 | Rollbacks:  3 (Resim:   3) | Stalls:  0
[HEARTBEAT] Node: 0 | Tick: 257521 | Conf: 257519 | Hash: 0x98BD214E | Rollbacks: 28 (Resim:  28) | Stalls:  0
[HEARTBEAT] Node: 0 | Tick: 257581 | Conf: 257579 | Hash: 0xD911C7B5 | Rollbacks:  3 (Resim:   3) | Stalls:  0
[HEARTBEAT] Node: 0 | Tick: 257641 | Conf: 257639 | Hash: 0x12CF3CBE | Rollbacks:  0 (Resim:   0) | Stalls:  0
[HEARTBEAT] Node: 0 | Tick: 257701 | Conf: 257699 | Hash: 0x4DB6E2BF | Rollbacks:  6 (Resim:   6) | Stalls:  0
[HEARTBEAT] Node: 0 | Tick: 257761 | Conf: 257759 | Hash: 0x263B9291 | Rollbacks:  0 (Resim:   0) | Stalls:  0
[BOT:50006] Heartbeat - Sparse Mods Tracked: 2048
[HEARTBEAT] Node: 0 | Tick: 257821 | Conf: 257819 | Hash: 0x8C9A9CE2 | Rollbacks: 19 (Resim:  19) | Stalls:  0
[HEARTBEAT] Node: 0 | Tick: 257881 | Conf: 257879 | Hash: 0xC9F240D5 | Rollbacks:  9 (Resim:   9) | Stalls:  0
[HEARTBEAT] Node: 0 | Tick: 257941 | Conf: 257939 | Hash: 0xBBC87492 | Rollbacks:  0 (Resim:   0) | Stalls:  0
[HEARTBEAT] Node: 0 | Tick: 258001 | Conf: 257999 | Hash: 0xCA117185 | Rollbacks: 18 (Resim:  18) | Stalls:  0
[HEARTBEAT] Node: 0 | Tick: 258061 | Conf: 258059 | Hash: 0x80423788 | Rollbacks:  2 (Resim:   2) | Stalls:  0
[HEARTBEAT] Node: 0 | Tick: 258121 | Conf: 258119 | Hash: 0xA2AE5EF0 | Rollbacks: 13 (Resim:  13) | Stalls:  0
[HEARTBEAT] Node: 0 | Tick: 258181 | Conf: 258179 | Hash: 0x46C86A51 | Rollbacks: 10 (Resim:  10) | Stalls:  0
[HEARTBEAT] Node: 0 | Tick: 258241 | Conf: 258239 | Hash: 0xA6805B55 | Rollbacks:  1 (Resim:   1) | Stalls:  0
[HEARTBEAT] Node: 0 | Tick: 258301 | Conf: 258299 | Hash: 0x67E6748A | Rollbacks: 21 (Resim:  21) | Stalls:  0
[HEARTBEAT] Node: 0 | Tick: 258361 | Conf: 258359 | Hash: 0xB53A17B0 | Rollbacks:  9 (Resim:   9) | Stalls:  0
[BOT:50006] Heartbeat - Sparse Mods Tracked: 2048
[HEARTBEAT] Node: 0 | Tick: 258421 | Conf: 258419 | Hash: 0x453D7804 | Rollbacks:  6 (Resim:   6) | Stalls:  0
[HEARTBEAT] Node: 0 | Tick: 258481 | Conf: 258479 | Hash: 0x0FDAC42B | Rollbacks:  0 (Resim:   0) | Stalls:  0
[HEARTBEAT] Node: 0 | Tick: 258541 | Conf: 258539 | Hash: 0x2A354E35 | Rollbacks: 18 (Resim:  18) | Stalls:  0
[HEARTBEAT] Node: 0 | Tick: 258601 | Conf: 258599 | Hash: 0xFF9BF691 | Rollbacks:  0 (Resim:   0) | Stalls:  0
[HEARTBEAT] Node: 0 | Tick: 258661 | Conf: 258659 | Hash: 0x52480739 | Rollbacks:  7 (Resim:   7) | Stalls:  0
[HEARTBEAT] Node: 0 | Tick: 258721 | Conf: 258719 | Hash: 0x6B33CF1D | Rollbacks: 20 (Resim:  20) | Stalls:  0
[HEARTBEAT] Node: 0 | Tick: 258781 | Conf: 258779 | Hash: 0xB3B4A396 | Rollbacks:  0 (Resim:   0) | Stalls:  0
[HEARTBEAT] Node: 0 | Tick: 258841 | Conf: 258839 | Hash: 0x85E2193E | Rollbacks:  9 (Resim:   9) | Stalls:  0
[HEARTBEAT] Node: 0 | Tick: 258901 | Conf: 258899 | Hash: 0xCA8D3A70 | Rollbacks:  0 (Resim:   0) | Stalls:  0
[BOT:50006] Heartbeat - Sparse Mods Tracked: 2048
[HEARTBEAT] Node: 0 | Tick: 258961 | Conf: 258959 | Hash: 0x74741337 | Rollbacks: 23 (Resim:  23) | Stalls:  0
[HEARTBEAT] Node: 0 | Tick: 259021 | Conf: 259019 | Hash: 0xAC42CB77 | Rollbacks:  5 (Resim:   5) | Stalls:  0
[HEARTBEAT] Node: 0 | Tick: 259081 | Conf: 259079 | Hash: 0xFE728DB0 | Rollbacks: 22 (Resim:  22) | Stalls:  0
[HEARTBEAT] Node: 0 | Tick: 259141 | Conf: 259139 | Hash: 0xFD7AF459 | Rollbacks:  1 (Resim:   1) | Stalls:  0
[HEARTBEAT] Node: 0 | Tick: 259201 | Conf: 259199 | Hash: 0xD200C323 | Rollbacks:  0 (Resim:   0) | Stalls:  0
[HEARTBEAT] Node: 0 | Tick: 259261 | Conf: 259259 | Hash: 0x6583F37A | Rollbacks: 12 (Resim:  12) | Stalls:  0
[HEARTBEAT] Node: 0 | Tick: 259321 | Conf: 259319 | Hash: 0xA80B09DC | Rollbacks: 11 (Resim:  11) | Stalls:  0
[HEARTBEAT] Node: 0 | Tick: 259381 | Conf: 259379 | Hash: 0xA3899375 | Rollbacks: 24 (Resim:  24) | Stalls:  0
[HEARTBEAT] Node: 0 | Tick: 259441 | Conf: 259439 | Hash: 0xBBE9C67C | Rollbacks:  8 (Resim:   8) | Stalls:  0
[HEARTBEAT] Node: 0 | Tick: 259501 | Conf: 259499 | Hash: 0x195AE8F0 | Rollbacks:  5 (Resim:   5) | Stalls:  0
[BOT:50006] Heartbeat - Sparse Mods Tracked: 2048
[HEARTBEAT] Node: 0 | Tick: 259561 | Conf: 259559 | Hash: 0x6748DEDF | Rollbacks: 15 (Resim:  15) | Stalls:  0
[HEARTBEAT] Node: 0 | Tick: 259621 | Conf: 259619 | Hash: 0x78656C5C | Rollbacks: 15 (Resim:  15) | Stalls:  0
[HEARTBEAT] Node: 0 | Tick: 259681 | Conf: 259679 | Hash: 0x21AF8226 | Rollbacks:  0 (Resim:   0) | Stalls:  0
[HEARTBEAT] Node: 0 | Tick: 259741 | Conf: 259739 | Hash: 0x6AAFBDF3 | Rollbacks: 12 (Resim:  12) | Stalls:  0
[HEARTBEAT] Node: 0 | Tick: 259801 | Conf: 259799 | Hash: 0x2E997F0B | Rollbacks: 19 (Resim:  19) | Stalls:  0
[HEARTBEAT] Node: 0 | Tick: 259861 | Conf: 259859 | Hash: 0x5BF30C34 | Rollbacks:  9 (Resim:   9) | Stalls:  0
[HEARTBEAT] Node: 0 | Tick: 259921 | Conf: 259919 | Hash: 0x463A4D45 | Rollbacks:  0 (Resim:   0) | Stalls:  0
[HEARTBEAT] Node: 0 | Tick: 259981 | Conf: 259979 | Hash: 0x526169D4 | Rollbacks: 12 (Resim:  12) | Stalls:  0
[HEARTBEAT] Node: 0 | Tick: 260041 | Conf: 260039 | Hash: 0xECB2F666 | Rollbacks:  3 (Resim:   3) | Stalls:  0
[HEARTBEAT] Node: 0 | Tick: 260101 | Conf: 260099 | Hash: 0xE7EAFEFE | Rollbacks: 22 (Resim:  22) | Stalls:  0
[BOT:50006] Heartbeat - Sparse Mods Tracked: 2048
[HEARTBEAT] Node: 0 | Tick: 260161 | Conf: 260159 | Hash: 0x859CF6B7 | Rollbacks:  0 (Resim:   0) | Stalls:  0
[HEARTBEAT] Node: 0 | Tick: 260221 | Conf: 260219 | Hash: 0xCD57BBF7 | Rollbacks:  1 (Resim:   1) | Stalls:  0
[HEARTBEAT] Node: 0 | Tick: 260281 | Conf: 260279 | Hash: 0xB07972C6 | Rollbacks:  1 (Resim:   1) | Stalls:  0
[HEARTBEAT] Node: 0 | Tick: 260341 | Conf: 260339 | Hash: 0x2D38435A | Rollbacks: 29 (Resim:  29) | Stalls:  0
[HEARTBEAT] Node: 0 | Tick: 260401 | Conf: 260399 | Hash: 0xBC66C4CC | Rollbacks:  8 (Resim:   8) | Stalls:  0
[HEARTBEAT] Node: 0 | Tick: 260461 | Conf: 260459 | Hash: 0x05D85F91 | Rollbacks:  0 (Resim:   0) | Stalls:  0
[HEARTBEAT] Node: 0 | Tick: 260521 | Conf: 260519 | Hash: 0x744A9D42 | Rollbacks: 16 (Resim:  16) | Stalls:  0
[HEARTBEAT] Node: 0 | Tick: 260581 | Conf: 260579 | Hash: 0x3E794BF7 | Rollbacks: 14 (Resim:  14) | Stalls:  0
[HEARTBEAT] Node: 0 | Tick: 260641 | Conf: 260639 | Hash: 0xA81CF41C | Rollbacks: 17 (Resim:  17) | Stalls:  0
[HEARTBEAT] Node: 0 | Tick: 260701 | Conf: 260699 | Hash: 0x97231F6B | Rollbacks:  1 (Resim:   1) | Stalls:  0
[BOT:50006] Heartbeat - Sparse Mods Tracked: 2048
[HEARTBEAT] Node: 0 | Tick: 260761 | Conf: 260759 | Hash: 0xA7D3BE42 | Rollbacks: 20 (Resim:  20) | Stalls:  0
[HEARTBEAT] Node: 0 | Tick: 260821 | Conf: 260819 | Hash: 0xA6730275 | Rollbacks:  1 (Resim:   1) | Stalls:  0
[HEARTBEAT] Node: 0 | Tick: 260881 | Conf: 260879 | Hash: 0x13C24D4B | Rollbacks:  0 (Resim:   0) | Stalls:  0
[HEARTBEAT] Node: 0 | Tick: 260941 | Conf: 260939 | Hash: 0x34CF2972 | Rollbacks: 24 (Resim:  24) | Stalls:  0
[HEARTBEAT] Node: 0 | Tick: 261001 | Conf: 260999 | Hash: 0xDB3D1CC4 | Rollbacks:  0 (Resim:   0) | Stalls:  0
[HEARTBEAT] Node: 0 | Tick: 261061 | Conf: 261059 | Hash: 0x8CF12792 | Rollbacks:  2 (Resim:   2) | Stalls:  0
[HEARTBEAT] Node: 0 | Tick: 261121 | Conf: 261119 | Hash: 0xF4898032 | Rollbacks:  4 (Resim:   5) | Stalls:  0
[HEARTBEAT] Node: 0 | Tick: 261181 | Conf: 261179 | Hash: 0xFF511965 | Rollbacks: 11 (Resim:  11) | Stalls:  0
[HEARTBEAT] Node: 0 | Tick: 261241 | Conf: 261239 | Hash: 0x6692E69B | Rollbacks:  1 (Resim:   1) | Stalls:  0
[HEARTBEAT] Node: 0 | Tick: 261301 | Conf: 261299 | Hash: 0x51E2A4D6 | Rollbacks: 17 (Resim:  17) | Stalls:  0
[BOT:50006] Heartbeat - Sparse Mods Tracked: 2048
[HEARTBEAT] Node: 0 | Tick: 261361 | Conf: 261359 | Hash: 0x00FA1FCD | Rollbacks:  1 (Resim:   1) | Stalls:  0
[HEARTBEAT] Node: 0 | Tick: 261421 | Conf: 261419 | Hash: 0x55ED8E1B | Rollbacks: 19 (Resim:  19) | Stalls:  0
[HEARTBEAT] Node: 0 | Tick: 261481 | Conf: 261479 | Hash: 0x79346FE1 | Rollbacks:  8 (Resim:   8) | Stalls:  0
[HEARTBEAT] Node: 0 | Tick: 261541 | Conf: 261539 | Hash: 0x1DEF4409 | Rollbacks:  0 (Resim:   0) | Stalls:  0
[HEARTBEAT] Node: 0 | Tick: 261601 | Conf: 261599 | Hash: 0xC2853200 | Rollbacks: 17 (Resim:  17) | Stalls:  0
[HEARTBEAT] Node: 0 | Tick: 261661 | Conf: 261659 | Hash: 0x4ED42298 | Rollbacks:  9 (Resim:   9) | Stalls:  0
[HEARTBEAT] Node: 0 | Tick: 261721 | Conf: 261719 | Hash: 0x11E3C4BB | Rollbacks:  1 (Resim:   1) | Stalls:  0
[HEARTBEAT] Node: 0 | Tick: 261781 | Conf: 261779 | Hash: 0xC7F0DA56 | Rollbacks: 11 (Resim:  11) | Stalls:  0
[HEARTBEAT] Node: 0 | Tick: 261841 | Conf: 261839 | Hash: 0xED572CDD | Rollbacks: 14 (Resim:  14) | Stalls:  0
[BOT:50006] Heartbeat - Sparse Mods Tracked: 2048
[HEARTBEAT] Node: 0 | Tick: 261901 | Conf: 261899 | Hash: 0xF7E94127 | Rollbacks: 12 (Resim:  12) | Stalls:  0
[HEARTBEAT] Node: 0 | Tick: 261961 | Conf: 261959 | Hash: 0x71250A56 | Rollbacks:  2 (Resim:   2) | Stalls:  0
[HEARTBEAT] Node: 0 | Tick: 262021 | Conf: 262019 | Hash: 0x84213649 | Rollbacks: 16 (Resim:  16) | Stalls:  0
[HEARTBEAT] Node: 0 | Tick: 262081 | Conf: 262079 | Hash: 0x5D14DBA4 | Rollbacks: 10 (Resim:  10) | Stalls:  0
[HEARTBEAT] Node: 0 | Tick: 262141 | Conf: 262139 | Hash: 0x7FDEFD59 | Rollbacks:  3 (Resim:   3) | Stalls:  0
[HEARTBEAT] Node: 0 | Tick: 262201 | Conf: 262199 | Hash: 0x3012DC26 | Rollbacks: 19 (Resim:  19) | Stalls:  0
[HEARTBEAT] Node: 0 | Tick: 262261 | Conf: 262259 | Hash: 0x9B3C2107 | Rollbacks:  9 (Resim:   9) | Stalls:  0
[HEARTBEAT] Node: 0 | Tick: 262321 | Conf: 262319 | Hash: 0x39C8D931 | Rollbacks:  6 (Resim:   6) | Stalls:  0
[HEARTBEAT] Node: 0 | Tick: 262381 | Conf: 262379 | Hash: 0x0C7D4380 | Rollbacks:  0 (Resim:   0) | Stalls:  0
[HEARTBEAT] Node: 0 | Tick: 262441 | Conf: 262439 | Hash: 0x96D7A6EC | Rollbacks: 21 (Resim:  21) | Stalls:  0
[BOT:50006] Heartbeat - Sparse Mods Tracked: 2048
[HEARTBEAT] Node: 0 | Tick: 262501 | Conf: 262499 | Hash: 0x47105716 | Rollbacks: 15 (Resim:  15) | Stalls:  0
[HEARTBEAT] Node: 0 | Tick: 262561 | Conf: 262559 | Hash: 0x53441EC0 | Rollbacks:  0 (Resim:   0) | Stalls:  0
[HEARTBEAT] Node: 0 | Tick: 262621 | Conf: 262619 | Hash: 0xA434AF23 | Rollbacks: 12 (Resim:  12) | Stalls:  0
[HEARTBEAT] Node: 0 | Tick: 262681 | Conf: 262679 | Hash: 0xE9ACB792 | Rollbacks: 24 (Resim:  25) | Stalls:  0
[HEARTBEAT] Node: 0 | Tick: 262741 | Conf: 262739 | Hash: 0x4DDBE675 | Rollbacks: 10 (Resim:  10) | Stalls:  0
[HEARTBEAT] Node: 0 | Tick: 262801 | Conf: 262799 | Hash: 0x737E1F1E | Rollbacks:  0 (Resim:   0) | Stalls:  0
[HEARTBEAT] Node: 0 | Tick: 262861 | Conf: 262859 | Hash: 0x002133F2 | Rollbacks:  0 (Resim:   0) | Stalls:  0
[HEARTBEAT] Node: 0 | Tick: 262921 | Conf: 262919 | Hash: 0xDD1D89CB | Rollbacks: 13 (Resim:  13) | Stalls:  0
[HEARTBEAT] Node: 0 | Tick: 262981 | Conf: 262979 | Hash: 0xDB13FA77 | Rollbacks: 13 (Resim:  13) | Stalls:  0
[HEARTBEAT] Node: 0 | Tick: 263041 | Conf: 263039 | Hash: 0x3BF46554 | Rollbacks:  9 (Resim:   9) | Stalls:  0
[BOT:50006] Heartbeat - Sparse Mods Tracked: 2048
[HEARTBEAT] Node: 0 | Tick: 263101 | Conf: 263099 | Hash: 0xEF961CB0 | Rollbacks: 14 (Resim:  14) | Stalls:  0
[HEARTBEAT] Node: 0 | Tick: 263161 | Conf: 263159 | Hash: 0x5DB6C663 | Rollbacks:  0 (Resim:   0) | Stalls:  0
[HEARTBEAT] Node: 0 | Tick: 263221 | Conf: 263219 | Hash: 0xD1EE9901 | Rollbacks: 28 (Resim:  28) | Stalls:  0
[HEARTBEAT] Node: 0 | Tick: 263281 | Conf: 263279 | Hash: 0x745E9E20 | Rollbacks:  0 (Resim:   0) | Stalls:  0
[HEARTBEAT] Node: 0 | Tick: 263341 | Conf: 263339 | Hash: 0x97392E7F | Rollbacks: 12 (Resim:  12) | Stalls:  0
[HEARTBEAT] Node: 0 | Tick: 263401 | Conf: 263399 | Hash: 0x4CC8B937 | Rollbacks: 21 (Resim:  21) | Stalls:  0
[HEARTBEAT] Node: 0 | Tick: 263461 | Conf: 263459 | Hash: 0x4055B3B3 | Rollbacks: 16 (Resim:  16) | Stalls:  0
[HEARTBEAT] Node: 0 | Tick: 263521 | Conf: 263519 | Hash: 0x3DC46914 | Rollbacks: 10 (Resim:  10) | Stalls:  0
[HEARTBEAT] Node: 0 | Tick: 263581 | Conf: 263579 | Hash: 0xE910EE5A | Rollbacks: 14 (Resim:  14) | Stalls:  0
[HEARTBEAT] Node: 0 | Tick: 263641 | Conf: 263639 | Hash: 0x396A504F | Rollbacks: 22 (Resim:  23) | Stalls:  0
[BOT:50006] Heartbeat - Sparse Mods Tracked: 2048
[HEARTBEAT] Node: 0 | Tick: 263701 | Conf: 263699 | Hash: 0xD4E6EF94 | Rollbacks: 20 (Resim:  20) | Stalls:  0
[HEARTBEAT] Node: 0 | Tick: 263761 | Conf: 263759 | Hash: 0xF6195F02 | Rollbacks:  0 (Resim:   0) | Stalls:  0
[HEARTBEAT] Node: 0 | Tick: 263821 | Conf: 263819 | Hash: 0x914955AA | Rollbacks: 25 (Resim:  25) | Stalls:  0
[HEARTBEAT] Node: 0 | Tick: 263881 | Conf: 263879 | Hash: 0xB281D638 | Rollbacks:  1 (Resim:   1) | Stalls:  0
[HEARTBEAT] Node: 0 | Tick: 263941 | Conf: 263939 | Hash: 0xFE00C045 | Rollbacks:  5 (Resim:   5) | Stalls:  0
[HEARTBEAT] Node: 0 | Tick: 264001 | Conf: 263999 | Hash: 0x174B26D0 | Rollbacks:  0 (Resim:   0) | Stalls:  0
[HEARTBEAT] Node: 0 | Tick: 264061 | Conf: 264059 | Hash: 0xB35B6FC0 | Rollbacks:  7 (Resim:   7) | Stalls:  0
[HEARTBEAT] Node: 0 | Tick: 264121 | Conf: 264119 | Hash: 0xE56269AF | Rollbacks: 18 (Resim:  18) | Stalls:  0
[HEARTBEAT] Node: 0 | Tick: 264181 | Conf: 264179 | Hash: 0x068B5800 | Rollbacks:  0 (Resim:   0) | Stalls:  0
[BOT:50006] Heartbeat - Sparse Mods Tracked: 2048
[HEARTBEAT] Node: 0 | Tick: 264241 | Conf: 264239 | Hash: 0x433EDFC7 | Rollbacks: 16 (Resim:  16) | Stalls:  0
[HEARTBEAT] Node: 0 | Tick: 264301 | Conf: 264299 | Hash: 0xC7D4D4C4 | Rollbacks: 14 (Resim:  14) | Stalls:  0
[HEARTBEAT] Node: 0 | Tick: 264361 | Conf: 264359 | Hash: 0x825C0C7B | Rollbacks:  4 (Resim:   4) | Stalls:  0
[HEARTBEAT] Node: 0 | Tick: 264421 | Conf: 264419 | Hash: 0x292C32F6 | Rollbacks: 19 (Resim:  19) | Stalls:  0
[HEARTBEAT] Node: 0 | Tick: 264481 | Conf: 264479 | Hash: 0x574C2AE0 | Rollbacks: 16 (Resim:  16) | Stalls:  0
[HEARTBEAT] Node: 0 | Tick: 264541 | Conf: 264539 | Hash: 0x6DDFFC47 | Rollbacks:  5 (Resim:   5) | Stalls:  0
[HEARTBEAT] Node: 0 | Tick: 264601 | Conf: 264599 | Hash: 0xF0F4C137 | Rollbacks: 16 (Resim:  16) | Stalls:  0
[HEARTBEAT] Node: 0 | Tick: 264661 | Conf: 264659 | Hash: 0x6578289C | Rollbacks: 12 (Resim:  12) | Stalls:  0
[HEARTBEAT] Node: 0 | Tick: 264721 | Conf: 264719 | Hash: 0xEE9C909B | Rollbacks:  0 (Resim:   0) | Stalls:  0
[HEARTBEAT] Node: 0 | Tick: 264781 | Conf: 264779 | Hash: 0xF077A2DD | Rollbacks: 12 (Resim:  12) | Stalls:  0
[BOT:50006] Heartbeat - Sparse Mods Tracked: 2048
[HEARTBEAT] Node: 0 | Tick: 264841 | Conf: 264839 | Hash: 0x10E72DF7 | Rollbacks:  9 (Resim:   9) | Stalls:  0
[HEARTBEAT] Node: 0 | Tick: 264901 | Conf: 264899 | Hash: 0x7032A4B8 | Rollbacks:  0 (Resim:   0) | Stalls:  0
[HEARTBEAT] Node: 0 | Tick: 264961 | Conf: 264959 | Hash: 0xB23489EF | Rollbacks: 17 (Resim:  17) | Stalls:  0
[HEARTBEAT] Node: 0 | Tick: 265021 | Conf: 265019 | Hash: 0x873C799C | Rollbacks:  0 (Resim:   0) | Stalls:  0
[HEARTBEAT] Node: 0 | Tick: 265081 | Conf: 265079 | Hash: 0x579D0767 | Rollbacks: 19 (Resim:  19) | Stalls:  0
[HEARTBEAT] Node: 0 | Tick: 265141 | Conf: 265139 | Hash: 0xB0649988 | Rollbacks: 20 (Resim:  20) | Stalls:  0
[HEARTBEAT] Node: 0 | Tick: 265201 | Conf: 265199 | Hash: 0xD0A169A3 | Rollbacks:  0 (Resim:   0) | Stalls:  0
[HEARTBEAT] Node: 0 | Tick: 265261 | Conf: 265259 | Hash: 0xC5ADB298 | Rollbacks: 12 (Resim:  12) | Stalls:  0
[HEARTBEAT] Node: 0 | Tick: 265321 | Conf: 265319 | Hash: 0xE2205154 | Rollbacks: 13 (Resim:  13) | Stalls:  0
[HEARTBEAT] Node: 0 | Tick: 265381 | Conf: 265379 | Hash: 0x96CE75FF | Rollbacks:  1 (Resim:   1) | Stalls:  0
[BOT:50006] Heartbeat - Sparse Mods Tracked: 2048
[HEARTBEAT] Node: 0 | Tick: 265441 | Conf: 265439 | Hash: 0x744DFB36 | Rollbacks: 17 (Resim:  17) | Stalls:  0
[HEARTBEAT] Node: 0 | Tick: 265501 | Conf: 265499 | Hash: 0x17E40F5A | Rollbacks:  6 (Resim:   6) | Stalls:  0
[HEARTBEAT] Node: 0 | Tick: 265561 | Conf: 265559 | Hash: 0xC0A5B4E1 | Rollbacks:  5 (Resim:   5) | Stalls:  0
[HEARTBEAT] Node: 0 | Tick: 265621 | Conf: 265619 | Hash: 0xD009D47B | Rollbacks:  9 (Resim:   9) | Stalls:  0
[HEARTBEAT] Node: 0 | Tick: 265681 | Conf: 265679 | Hash: 0xAA8B7CE3 | Rollbacks:  7 (Resim:   7) | Stalls:  0
[HEARTBEAT] Node: 0 | Tick: 265741 | Conf: 265739 | Hash: 0xDCF1D371 | Rollbacks:  0 (Resim:   0) | Stalls:  0
[HEARTBEAT] Node: 0 | Tick: 265801 | Conf: 265799 | Hash: 0x9DC268FF | Rollbacks:  6 (Resim:   6) | Stalls:  0
[HEARTBEAT] Node: 0 | Tick: 265861 | Conf: 265859 | Hash: 0x95C572F2 | Rollbacks:  1 (Resim:   1) | Stalls:  0
[HEARTBEAT] Node: 0 | Tick: 265921 | Conf: 265919 | Hash: 0xE818AE53 | Rollbacks:  8 (Resim:   8) | Stalls:  0
[HEARTBEAT] Node: 0 | Tick: 265981 | Conf: 265979 | Hash: 0xF0B4BECD | Rollbacks: 21 (Resim:  21) | Stalls:  0
[BOT:50006] Heartbeat - Sparse Mods Tracked: 2048
[HEARTBEAT] Node: 0 | Tick: 266041 | Conf: 266039 | Hash: 0x45EC8C77 | Rollbacks:  0 (Resim:   0) | Stalls:  0
[HEARTBEAT] Node: 0 | Tick: 266101 | Conf: 266099 | Hash: 0x3CEC131B | Rollbacks:  9 (Resim:   9) | Stalls:  0
[HEARTBEAT] Node: 0 | Tick: 266161 | Conf: 266159 | Hash: 0x2AA78867 | Rollbacks: 20 (Resim:  21) | Stalls:  0
[HEARTBEAT] Node: 0 | Tick: 266221 | Conf: 266219 | Hash: 0x93E0014A | Rollbacks:  0 (Resim:   0) | Stalls:  0
[HEARTBEAT] Node: 0 | Tick: 266281 | Conf: 266279 | Hash: 0xE6DB9B9B | Rollbacks: 12 (Resim:  12) | Stalls:  0
[HEARTBEAT] Node: 0 | Tick: 266341 | Conf: 266339 | Hash: 0x2B455D13 | Rollbacks:  0 (Resim:   0) | Stalls:  0
[HEARTBEAT] Node: 0 | Tick: 266401 | Conf: 266399 | Hash: 0xC0D68F86 | Rollbacks: 17 (Resim:  17) | Stalls:  0
[HEARTBEAT] Node: 0 | Tick: 266461 | Conf: 266459 | Hash: 0x1E2E3A9B | Rollbacks: 16 (Resim:  16) | Stalls:  0
[HEARTBEAT] Node: 0 | Tick: 266521 | Conf: 266519 | Hash: 0x21D03312 | Rollbacks: 14 (Resim:  14) | Stalls:  0
[HEARTBEAT] Node: 0 | Tick: 266581 | Conf: 266579 | Hash: 0xC1ACFE8A | Rollbacks: 22 (Resim:  22) | Stalls:  0
[BOT:50006] Heartbeat - Sparse Mods Tracked: 2048
[HEARTBEAT] Node: 0 | Tick: 266641 | Conf: 266639 | Hash: 0xE1659608 | Rollbacks:  0 (Resim:   0) | Stalls:  0
[HEARTBEAT] Node: 0 | Tick: 266701 | Conf: 266699 | Hash: 0x3AF302E2 | Rollbacks: 13 (Resim:  13) | Stalls:  0
[HEARTBEAT] Node: 0 | Tick: 266761 | Conf: 266759 | Hash: 0x7BF6542E | Rollbacks: 18 (Resim:  18) | Stalls:  0
[HEARTBEAT] Node: 0 | Tick: 266821 | Conf: 266819 | Hash: 0xDAC294E3 | Rollbacks: 15 (Resim:  15) | Stalls:  0
[HEARTBEAT] Node: 0 | Tick: 266881 | Conf: 266879 | Hash: 0x83919D74 | Rollbacks: 11 (Resim:  11) | Stalls:  0
[HEARTBEAT] Node: 0 | Tick: 266941 | Conf: 266939 | Hash: 0x1FC40670 | Rollbacks:  0 (Resim:   0) | Stalls:  0
[HEARTBEAT] Node: 0 | Tick: 267001 | Conf: 266999 | Hash: 0x75EF629E | Rollbacks: 13 (Resim:  13) | Stalls:  0
[HEARTBEAT] Node: 0 | Tick: 267061 | Conf: 267059 | Hash: 0x27F05D4B | Rollbacks:  0 (Resim:   0) | Stalls:  0
[HEARTBEAT] Node: 0 | Tick: 267121 | Conf: 267119 | Hash: 0x74F4948E | Rollbacks: 14 (Resim:  14) | Stalls:  0
[BOT:50006] Heartbeat - Sparse Mods Tracked: 2048
[HEARTBEAT] Node: 0 | Tick: 267181 | Conf: 267179 | Hash: 0x321ED4EB | Rollbacks:  7 (Resim:   7) | Stalls:  0
[HEARTBEAT] Node: 0 | Tick: 267241 | Conf: 267239 | Hash: 0x63AC1C13 | Rollbacks:  0 (Resim:   0) | Stalls:  0
[HEARTBEAT] Node: 0 | Tick: 267301 | Conf: 267299 | Hash: 0xDFE455FB | Rollbacks:  6 (Resim:   6) | Stalls:  0
[HEARTBEAT] Node: 0 | Tick: 267361 | Conf: 267359 | Hash: 0x50A770FD | Rollbacks:  0 (Resim:   0) | Stalls:  0
[HEARTBEAT] Node: 0 | Tick: 267421 | Conf: 267419 | Hash: 0x9F08BB60 | Rollbacks: 20 (Resim:  20) | Stalls:  0
[HEARTBEAT] Node: 0 | Tick: 267481 | Conf: 267479 | Hash: 0xFC21758D | Rollbacks:  8 (Resim:   8) | Stalls:  0
[HEARTBEAT] Node: 0 | Tick: 267541 | Conf: 267539 | Hash: 0x2E17AC83 | Rollbacks:  0 (Resim:   0) | Stalls:  0
[HEARTBEAT] Node: 0 | Tick: 267601 | Conf: 267599 | Hash: 0x63813A18 | Rollbacks:  7 (Resim:   7) | Stalls:  0
[HEARTBEAT] Node: 0 | Tick: 267661 | Conf: 267659 | Hash: 0xDDA9C1DE | Rollbacks: 10 (Resim:  10) | Stalls:  0
[HEARTBEAT] Node: 0 | Tick: 267721 | Conf: 267719 | Hash: 0xC7AFFEFE | Rollbacks:  4 (Resim:   4) | Stalls:  0
[BOT:50006] Heartbeat - Sparse Mods Tracked: 2048
[HEARTBEAT] Node: 0 | Tick: 267781 | Conf: 267779 | Hash: 0x30E0CC02 | Rollbacks: 17 (Resim:  17) | Stalls:  0
[HEARTBEAT] Node: 0 | Tick: 267841 | Conf: 267839 | Hash: 0x7CD74497 | Rollbacks: 23 (Resim:  23) | Stalls:  0
[HEARTBEAT] Node: 0 | Tick: 267901 | Conf: 267899 | Hash: 0xF743FA9C | Rollbacks: 17 (Resim:  17) | Stalls:  0
[HEARTBEAT] Node: 0 | Tick: 267961 | Conf: 267959 | Hash: 0x601E8E45 | Rollbacks: 23 (Resim:  23) | Stalls:  0
[HEARTBEAT] Node: 0 | Tick: 268021 | Conf: 268019 | Hash: 0x836034D9 | Rollbacks: 19 (Resim:  19) | Stalls:  0
[HEARTBEAT] Node: 0 | Tick: 268081 | Conf: 268079 | Hash: 0xDB6D6804 | Rollbacks:  9 (Resim:   9) | Stalls:  0
[HEARTBEAT] Node: 0 | Tick: 268141 | Conf: 268139 | Hash: 0x5CE3D4D4 | Rollbacks:  0 (Resim:   0) | Stalls:  0
[HEARTBEAT] Node: 0 | Tick: 268201 | Conf: 268199 | Hash: 0xF5B654E8 | Rollbacks:  4 (Resim:   4) | Stalls:  0
[HEARTBEAT] Node: 0 | Tick: 268261 | Conf: 268259 | Hash: 0x1A8AB7F3 | Rollbacks: 17 (Resim:  17) | Stalls:  0
[HEARTBEAT] Node: 0 | Tick: 268321 | Conf: 268319 | Hash: 0xE65E4DD3 | Rollbacks:  0 (Resim:   0) | Stalls:  0
[BOT:50006] Heartbeat - Sparse Mods Tracked: 2048
[HEARTBEAT] Node: 0 | Tick: 268381 | Conf: 268379 | Hash: 0x650CDD67 | Rollbacks:  8 (Resim:   8) | Stalls:  0
[HEARTBEAT] Node: 0 | Tick: 268441 | Conf: 268439 | Hash: 0x3FC2CA7B | Rollbacks: 21 (Resim:  21) | Stalls:  0
[HEARTBEAT] Node: 0 | Tick: 268501 | Conf: 268499 | Hash: 0x4FC5CBFF | Rollbacks: 25 (Resim:  25) | Stalls:  0
[HEARTBEAT] Node: 0 | Tick: 268561 | Conf: 268559 | Hash: 0xF6D7293A | Rollbacks:  7 (Resim:   7) | Stalls:  0
[HEARTBEAT] Node: 0 | Tick: 268621 | Conf: 268619 | Hash: 0x1E158788 | Rollbacks:  0 (Resim:   0) | Stalls:  0
[HEARTBEAT] Node: 0 | Tick: 268681 | Conf: 268679 | Hash: 0x8352C253 | Rollbacks: 16 (Resim:  16) | Stalls:  0
[HEARTBEAT] Node: 0 | Tick: 268741 | Conf: 268739 | Hash: 0xF59FA231 | Rollbacks: 14 (Resim:  14) | Stalls:  0
[HEARTBEAT] Node: 0 | Tick: 268801 | Conf: 268799 | Hash: 0x2E0AAF01 | Rollbacks: 16 (Resim:  16) | Stalls:  0
[HEARTBEAT] Node: 0 | Tick: 268861 | Conf: 268859 | Hash: 0x0B11ADBB | Rollbacks:  0 (Resim:   0) | Stalls:  0
[HEARTBEAT] Node: 0 | Tick: 268921 | Conf: 268919 | Hash: 0xC3D0FE19 | Rollbacks:  0 (Resim:   0) | Stalls:  0
[BOT:50006] Heartbeat - Sparse Mods Tracked: 2048
[HEARTBEAT] Node: 0 | Tick: 268981 | Conf: 268979 | Hash: 0x87F503F1 | Rollbacks: 20 (Resim:  20) | Stalls:  0
[HEARTBEAT] Node: 0 | Tick: 269041 | Conf: 269039 | Hash: 0x33B048B2 | Rollbacks: 15 (Resim:  15) | Stalls:  0
[HEARTBEAT] Node: 0 | Tick: 269101 | Conf: 269099 | Hash: 0xFB14ABBE | Rollbacks:  3 (Resim:   3) | Stalls:  0
[HEARTBEAT] Node: 0 | Tick: 269161 | Conf: 269159 | Hash: 0x19641B46 | Rollbacks:  0 (Resim:   0) | Stalls:  0
[HEARTBEAT] Node: 0 | Tick: 269221 | Conf: 269219 | Hash: 0xD53DBDAD | Rollbacks: 27 (Resim:  27) | Stalls:  0
[HEARTBEAT] Node: 0 | Tick: 269281 | Conf: 269279 | Hash: 0x96C19C71 | Rollbacks: 10 (Resim:  10) | Stalls:  0
[HEARTBEAT] Node: 0 | Tick: 269341 | Conf: 269339 | Hash: 0x32C7AACC | Rollbacks:  4 (Resim:   4) | Stalls:  0
[HEARTBEAT] Node: 0 | Tick: 269401 | Conf: 269399 | Hash: 0xB97DD098 | Rollbacks:  6 (Resim:   6) | Stalls:  0
[HEARTBEAT] Node: 0 | Tick: 269461 | Conf: 269459 | Hash: 0xA06954C8 | Rollbacks: 13 (Resim:  13) | Stalls:  0
[BOT:50006] Heartbeat - Sparse Mods Tracked: 2048
[HEARTBEAT] Node: 0 | Tick: 269521 | Conf: 269519 | Hash: 0x99D1DEB6 | Rollbacks:  0 (Resim:   0) | Stalls:  0
[HEARTBEAT] Node: 0 | Tick: 269581 | Conf: 269579 | Hash: 0x8AA6EF93 | Rollbacks:  7 (Resim:   7) | Stalls:  0
[HEARTBEAT] Node: 0 | Tick: 269641 | Conf: 269639 | Hash: 0xA868C5F4 | Rollbacks:  0 (Resim:   0) | Stalls:  0
[HEARTBEAT] Node: 0 | Tick: 269701 | Conf: 269699 | Hash: 0x8CE57A1E | Rollbacks: 18 (Resim:  18) | Stalls:  0
[HEARTBEAT] Node: 0 | Tick: 269761 | Conf: 269759 | Hash: 0x2B75E544 | Rollbacks: 12 (Resim:  12) | Stalls:  0
[HEARTBEAT] Node: 0 | Tick: 269821 | Conf: 269819 | Hash: 0xFBA4E6C4 | Rollbacks:  0 (Resim:   0) | Stalls:  0
[HEARTBEAT] Node: 0 | Tick: 269881 | Conf: 269879 | Hash: 0x5093F22B | Rollbacks: 22 (Resim:  22) | Stalls:  0
[HEARTBEAT] Node: 0 | Tick: 269941 | Conf: 269939 | Hash: 0x421B1887 | Rollbacks:  6 (Resim:   6) | Stalls:  0
[HEARTBEAT] Node: 0 | Tick: 270001 | Conf: 269999 | Hash: 0xF15C3A01 | Rollbacks:  0 (Resim:   0) | Stalls:  0
[HEARTBEAT] Node: 0 | Tick: 270061 | Conf: 270059 | Hash: 0x0A4AFAC0 | Rollbacks:  0 (Resim:   0) | Stalls:  0
[BOT:50006] Heartbeat - Sparse Mods Tracked: 2048
[HEARTBEAT] Node: 0 | Tick: 270121 | Conf: 270119 | Hash: 0x7F2640D8 | Rollbacks: 24 (Resim:  24) | Stalls:  0
[HEARTBEAT] Node: 0 | Tick: 270181 | Conf: 270179 | Hash: 0x90D2C479 | Rollbacks: 14 (Resim:  14) | Stalls:  0
[HEARTBEAT] Node: 0 | Tick: 270241 | Conf: 270239 | Hash: 0x80FCA52F | Rollbacks:  6 (Resim:   6) | Stalls:  0
[HEARTBEAT] Node: 0 | Tick: 270301 | Conf: 270299 | Hash: 0x24B4A3E8 | Rollbacks: 15 (Resim:  15) | Stalls:  0
[HEARTBEAT] Node: 0 | Tick: 270361 | Conf: 270359 | Hash: 0x6905AA0B | Rollbacks:  4 (Resim:   4) | Stalls:  0
[HEARTBEAT] Node: 0 | Tick: 270421 | Conf: 270419 | Hash: 0x786C1C63 | Rollbacks:  5 (Resim:   5) | Stalls:  0
[HEARTBEAT] Node: 0 | Tick: 270481 | Conf: 270479 | Hash: 0xCB9F2B65 | Rollbacks:  4 (Resim:   4) | Stalls:  0
[HEARTBEAT] Node: 0 | Tick: 270541 | Conf: 270539 | Hash: 0x31A3D895 | Rollbacks:  4 (Resim:   4) | Stalls:  0
[HEARTBEAT] Node: 0 | Tick: 270601 | Conf: 270599 | Hash: 0x57FA495A | Rollbacks: 14 (Resim:  14) | Stalls:  0
[HEARTBEAT] Node: 0 | Tick: 270661 | Conf: 270659 | Hash: 0x7D62EABA | Rollbacks:  0 (Resim:   0) | Stalls:  0
[BOT:50006] Heartbeat - Sparse Mods Tracked: 2048
[HEARTBEAT] Node: 0 | Tick: 270721 | Conf: 270719 | Hash: 0xEB69922F | Rollbacks: 22 (Resim:  22) | Stalls:  0
[HEARTBEAT] Node: 0 | Tick: 270781 | Conf: 270779 | Hash: 0x67E7E576 | Rollbacks:  1 (Resim:   1) | Stalls:  0
[HEARTBEAT] Node: 0 | Tick: 270841 | Conf: 270839 | Hash: 0x09454624 | Rollbacks: 23 (Resim:  23) | Stalls:  0
[HEARTBEAT] Node: 0 | Tick: 270901 | Conf: 270899 | Hash: 0xB1076388 | Rollbacks: 22 (Resim:  22) | Stalls:  0
[HEARTBEAT] Node: 0 | Tick: 270961 | Conf: 270959 | Hash: 0x182F5950 | Rollbacks:  0 (Resim:   0) | Stalls:  0
[HEARTBEAT] Node: 0 | Tick: 271021 | Conf: 271019 | Hash: 0x4569F1D8 | Rollbacks:  0 (Resim:   0) | Stalls:  0
[HEARTBEAT] Node: 0 | Tick: 271081 | Conf: 271079 | Hash: 0xA47D130A | Rollbacks: 22 (Resim:  22) | Stalls:  0
[HEARTBEAT] Node: 0 | Tick: 271141 | Conf: 271139 | Hash: 0xF31B2089 | Rollbacks:  0 (Resim:   0) | Stalls:  0
[HEARTBEAT] Node: 0 | Tick: 271201 | Conf: 271199 | Hash: 0xD41E8AD0 | Rollbacks: 13 (Resim:  13) | Stalls:  0
[HEARTBEAT] Node: 0 | Tick: 271261 | Conf: 271259 | Hash: 0x19FE2E52 | Rollbacks: 12 (Resim:  12) | Stalls:  0
[BOT:50006] Heartbeat - Sparse Mods Tracked: 2048
[HEARTBEAT] Node: 0 | Tick: 271321 | Conf: 271319 | Hash: 0x2C67D63A | Rollbacks:  3 (Resim:   3) | Stalls:  0
[HEARTBEAT] Node: 0 | Tick: 271381 | Conf: 271379 | Hash: 0x6AB63412 | Rollbacks:  0 (Resim:   0) | Stalls:  0
[HEARTBEAT] Node: 0 | Tick: 271441 | Conf: 271439 | Hash: 0x2E48D83F | Rollbacks: 10 (Resim:  10) | Stalls:  0
[HEARTBEAT] Node: 0 | Tick: 271501 | Conf: 271499 | Hash: 0x146478DC | Rollbacks:  0 (Resim:   0) | Stalls:  0
[HEARTBEAT] Node: 0 | Tick: 271561 | Conf: 271559 | Hash: 0xBD796D4D | Rollbacks: 17 (Resim:  17) | Stalls:  0
[HEARTBEAT] Node: 0 | Tick: 271621 | Conf: 271619 | Hash: 0x8532CFB9 | Rollbacks: 13 (Resim:  13) | Stalls:  0
[HEARTBEAT] Node: 0 | Tick: 271681 | Conf: 271679 | Hash: 0x8058007F | Rollbacks:  4 (Resim:   4) | Stalls:  0
[HEARTBEAT] Node: 0 | Tick: 271741 | Conf: 271739 | Hash: 0x30CA4FBA | Rollbacks: 19 (Resim:  19) | Stalls:  0
[HEARTBEAT] Node: 0 | Tick: 271801 | Conf: 271799 | Hash: 0xE1FDC85C | Rollbacks: 32 (Resim:  32) | Stalls:  0
[BOT:50006] Heartbeat - Sparse Mods Tracked: 2048
[HEARTBEAT] Node: 0 | Tick: 271861 | Conf: 271859 | Hash: 0x438893EC | Rollbacks:  9 (Resim:   9) | Stalls:  0
[HEARTBEAT] Node: 0 | Tick: 271921 | Conf: 271919 | Hash: 0x1369610C | Rollbacks:  0 (Resim:   0) | Stalls:  0
[HEARTBEAT] Node: 0 | Tick: 271981 | Conf: 271979 | Hash: 0x32FADFF6 | Rollbacks: 16 (Resim:  16) | Stalls:  0
[HEARTBEAT] Node: 0 | Tick: 272041 | Conf: 272039 | Hash: 0xF2D7A1FE | Rollbacks: 10 (Resim:  10) | Stalls:  0
[HEARTBEAT] Node: 0 | Tick: 272101 | Conf: 272099 | Hash: 0x373AE0BA | Rollbacks:  0 (Resim:   0) | Stalls:  0
[HEARTBEAT] Node: 0 | Tick: 272161 | Conf: 272159 | Hash: 0x89C813B5 | Rollbacks: 21 (Resim:  21) | Stalls:  0
[HEARTBEAT] Node: 0 | Tick: 272221 | Conf: 272219 | Hash: 0xDCAACD90 | Rollbacks:  4 (Resim:   4) | Stalls:  0
[HEARTBEAT] Node: 0 | Tick: 272281 | Conf: 272279 | Hash: 0xC9EC3DC5 | Rollbacks:  0 (Resim:   0) | Stalls:  0
[HEARTBEAT] Node: 0 | Tick: 272341 | Conf: 272339 | Hash: 0xBF78BA16 | Rollbacks: 13 (Resim:  13) | Stalls:  0
[HEARTBEAT] Node: 0 | Tick: 272401 | Conf: 272399 | Hash: 0x20320D1F | Rollbacks:  6 (Resim:   6) | Stalls:  0
[BOT:50006] Heartbeat - Sparse Mods Tracked: 2048
[HEARTBEAT] Node: 0 | Tick: 272461 | Conf: 272459 | Hash: 0x3D32B79B | Rollbacks:  0 (Resim:   0) | Stalls:  0
[HEARTBEAT] Node: 0 | Tick: 272521 | Conf: 272519 | Hash: 0x07A5CD63 | Rollbacks:  9 (Resim:   9) | Stalls:  0
[HEARTBEAT] Node: 0 | Tick: 272581 | Conf: 272579 | Hash: 0x6EA0F8C2 | Rollbacks:  0 (Resim:   0) | Stalls:  0
[HEARTBEAT] Node: 0 | Tick: 272641 | Conf: 272639 | Hash: 0xB9C58A84 | Rollbacks: 21 (Resim:  21) | Stalls:  0
[HEARTBEAT] Node: 0 | Tick: 272701 | Conf: 272699 | Hash: 0x3A402F58 | Rollbacks: 16 (Resim:  16) | Stalls:  0
[HEARTBEAT] Node: 0 | Tick: 272761 | Conf: 272759 | Hash: 0x1E1BC117 | Rollbacks: 27 (Resim:  27) | Stalls:  0
[HEARTBEAT] Node: 0 | Tick: 272821 | Conf: 272819 | Hash: 0xA8F30511 | Rollbacks:  9 (Resim:   9) | Stalls:  0
[HEARTBEAT] Node: 0 | Tick: 272881 | Conf: 272879 | Hash: 0xEC3FB3BD | Rollbacks:  2 (Resim:   2) | Stalls:  0
[HEARTBEAT] Node: 0 | Tick: 272941 | Conf: 272939 | Hash: 0x8AA83295 | Rollbacks:  8 (Resim:   8) | Stalls:  0
[HEARTBEAT] Node: 0 | Tick: 273001 | Conf: 272999 | Hash: 0xA339E37D | Rollbacks: 29 (Resim:  29) | Stalls:  0
[BOT:50006] Heartbeat - Sparse Mods Tracked: 2048
[HEARTBEAT] Node: 0 | Tick: 273061 | Conf: 273059 | Hash: 0xBE35BA91 | Rollbacks: 11 (Resim:  11) | Stalls:  0
[HEARTBEAT] Node: 0 | Tick: 273121 | Conf: 273119 | Hash: 0x077149EA | Rollbacks:  5 (Resim:   5) | Stalls:  0
[HEARTBEAT] Node: 0 | Tick: 273181 | Conf: 273179 | Hash: 0x75E1AF75 | Rollbacks:  0 (Resim:   0) | Stalls:  0
[HEARTBEAT] Node: 0 | Tick: 273241 | Conf: 273239 | Hash: 0xE7D829DF | Rollbacks: 11 (Resim:  11) | Stalls:  0
[HEARTBEAT] Node: 0 | Tick: 273301 | Conf: 273299 | Hash: 0x91C02FE7 | Rollbacks:  6 (Resim:   6) | Stalls:  0
[HEARTBEAT] Node: 0 | Tick: 273361 | Conf: 273359 | Hash: 0x61C2E7D1 | Rollbacks:  1 (Resim:   1) | Stalls:  0
[HEARTBEAT] Node: 0 | Tick: 273421 | Conf: 273419 | Hash: 0x80526965 | Rollbacks: 10 (Resim:  10) | Stalls:  0
[HEARTBEAT] Node: 0 | Tick: 273481 | Conf: 273479 | Hash: 0x1D07DEFE | Rollbacks: 16 (Resim:  16) | Stalls:  0
[HEARTBEAT] Node: 0 | Tick: 273541 | Conf: 273539 | Hash: 0xA46ABD66 | Rollbacks: 20 (Resim:  20) | Stalls:  0
[HEARTBEAT] Node: 0 | Tick: 273601 | Conf: 273599 | Hash: 0xFDE421B8 | Rollbacks:  1 (Resim:   1) | Stalls:  0
[BOT:50006] Heartbeat - Sparse Mods Tracked: 2048
[HEARTBEAT] Node: 0 | Tick: 273661 | Conf: 273659 | Hash: 0x90E1FCF3 | Rollbacks:  0 (Resim:   0) | Stalls:  0
[HEARTBEAT] Node: 0 | Tick: 273721 | Conf: 273719 | Hash: 0xDD0CC080 | Rollbacks: 21 (Resim:  21) | Stalls:  0
[HEARTBEAT] Node: 0 | Tick: 273781 | Conf: 273779 | Hash: 0xA3C67878 | Rollbacks: 18 (Resim:  18) | Stalls:  0
[HEARTBEAT] Node: 0 | Tick: 273841 | Conf: 273839 | Hash: 0x69A1E415 | Rollbacks: 24 (Resim:  24) | Stalls:  0
[HEARTBEAT] Node: 0 | Tick: 273901 | Conf: 273899 | Hash: 0x1A56EE85 | Rollbacks:  6 (Resim:   6) | Stalls:  0
[HEARTBEAT] Node: 0 | Tick: 273961 | Conf: 273959 | Hash: 0x797138F7 | Rollbacks:  1 (Resim:   1) | Stalls:  0
[HEARTBEAT] Node: 0 | Tick: 274021 | Conf: 274019 | Hash: 0xBBA26231 | Rollbacks: 10 (Resim:  10) | Stalls:  0
[HEARTBEAT] Node: 0 | Tick: 274081 | Conf: 274079 | Hash: 0x25765A8F | Rollbacks: 18 (Resim:  18) | Stalls:  0
[HEARTBEAT] Node: 0 | Tick: 274141 | Conf: 274139 | Hash: 0x289366DE | Rollbacks: 17 (Resim:  17) | Stalls:  0
[HEARTBEAT] Node: 0 | Tick: 274201 | Conf: 274199 | Hash: 0xB6BDE64C | Rollbacks: 21 (Resim:  21) | Stalls:  0
[BOT:50006] Heartbeat - Sparse Mods Tracked: 2048
[HEARTBEAT] Node: 0 | Tick: 274261 | Conf: 274259 | Hash: 0x1DAABF21 | Rollbacks:  7 (Resim:   7) | Stalls:  0
[HEARTBEAT] Node: 0 | Tick: 274321 | Conf: 274319 | Hash: 0x74DE9113 | Rollbacks:  0 (Resim:   0) | Stalls:  0
[HEARTBEAT] Node: 0 | Tick: 274381 | Conf: 274379 | Hash: 0x1F7E1DA0 | Rollbacks:  2 (Resim:   2) | Stalls:  0
[HEARTBEAT] Node: 0 | Tick: 274441 | Conf: 274439 | Hash: 0x01B16137 | Rollbacks: 17 (Resim:  17) | Stalls:  0
[HEARTBEAT] Node: 0 | Tick: 274501 | Conf: 274499 | Hash: 0x2790C658 | Rollbacks:  0 (Resim:   0) | Stalls:  0
[HEARTBEAT] Node: 0 | Tick: 274561 | Conf: 274559 | Hash: 0x8994BEDB | Rollbacks:  0 (Resim:   0) | Stalls:  0
[HEARTBEAT] Node: 0 | Tick: 274621 | Conf: 274619 | Hash: 0x3F413A80 | Rollbacks: 17 (Resim:  17) | Stalls:  0
[HEARTBEAT] Node: 0 | Tick: 274681 | Conf: 274679 | Hash: 0x7127FB92 | Rollbacks:  9 (Resim:   9) | Stalls:  0
[HEARTBEAT] Node: 0 | Tick: 274741 | Conf: 274739 | Hash: 0xCE1F2410 | Rollbacks:  0 (Resim:   0) | Stalls:  0
[BOT:50006] Heartbeat - Sparse Mods Tracked: 2048
[HEARTBEAT] Node: 0 | Tick: 274801 | Conf: 274799 | Hash: 0x121518EC | Rollbacks: 12 (Resim:  12) | Stalls:  0
[HEARTBEAT] Node: 0 | Tick: 274861 | Conf: 274859 | Hash: 0xCFC66ED4 | Rollbacks:  3 (Resim:   3) | Stalls:  0
[HEARTBEAT] Node: 0 | Tick: 274921 | Conf: 274919 | Hash: 0xC28ECEEB | Rollbacks:  0 (Resim:   0) | Stalls:  0
[HEARTBEAT] Node: 0 | Tick: 274981 | Conf: 274979 | Hash: 0x98B72D69 | Rollbacks: 20 (Resim:  20) | Stalls:  0
[HEARTBEAT] Node: 0 | Tick: 275041 | Conf: 275039 | Hash: 0xB7FFBF82 | Rollbacks: 16 (Resim:  16) | Stalls:  0
[HEARTBEAT] Node: 0 | Tick: 275101 | Conf: 275099 | Hash: 0x8117EDB2 | Rollbacks:  0 (Resim:   0) | Stalls:  0
[HEARTBEAT] Node: 0 | Tick: 275161 | Conf: 275159 | Hash: 0x5A6A9301 | Rollbacks: 18 (Resim:  18) | Stalls:  0
[HEARTBEAT] Node: 0 | Tick: 275221 | Conf: 275219 | Hash: 0x442B01F0 | Rollbacks:  9 (Resim:   9) | Stalls:  0
[HEARTBEAT] Node: 0 | Tick: 275281 | Conf: 275279 | Hash: 0x4B5D2048 | Rollbacks:  0 (Resim:   0) | Stalls:  0
[HEARTBEAT] Node: 0 | Tick: 275341 | Conf: 275339 | Hash: 0xEC230F6A | Rollbacks:  7 (Resim:   7) | Stalls:  0
[BOT:50006] Heartbeat - Sparse Mods Tracked: 2048
[HEARTBEAT] Node: 0 | Tick: 275401 | Conf: 275399 | Hash: 0x729719C2 | Rollbacks: 12 (Resim:  12) | Stalls:  0
[HEARTBEAT] Node: 0 | Tick: 275461 | Conf: 275459 | Hash: 0x21716CDC | Rollbacks:  0 (Resim:   0) | Stalls:  0
[HEARTBEAT] Node: 0 | Tick: 275521 | Conf: 275519 | Hash: 0x665BFADD | Rollbacks:  0 (Resim:   0) | Stalls:  0
[HEARTBEAT] Node: 0 | Tick: 275581 | Conf: 275579 | Hash: 0xC5A18884 | Rollbacks: 24 (Resim:  24) | Stalls:  0
[HEARTBEAT] Node: 0 | Tick: 275641 | Conf: 275639 | Hash: 0x6B76F4F7 | Rollbacks:  0 (Resim:   0) | Stalls:  0
[HEARTBEAT] Node: 0 | Tick: 275701 | Conf: 275699 | Hash: 0x22662E8C | Rollbacks: 15 (Resim:  15) | Stalls:  0
[HEARTBEAT] Node: 0 | Tick: 275761 | Conf: 275759 | Hash: 0x5463B096 | Rollbacks:  9 (Resim:   9) | Stalls:  0
[HEARTBEAT] Node: 0 | Tick: 275821 | Conf: 275819 | Hash: 0x7990B145 | Rollbacks:  0 (Resim:   0) | Stalls:  0
[HEARTBEAT] Node: 0 | Tick: 275881 | Conf: 275879 | Hash: 0xC5A274AB | Rollbacks: 13 (Resim:  13) | Stalls:  0
[HEARTBEAT] Node: 0 | Tick: 275941 | Conf: 275939 | Hash: 0x23E84B98 | Rollbacks:  8 (Resim:   8) | Stalls:  0
[BOT:50006] Heartbeat - Sparse Mods Tracked: 2048
[HEARTBEAT] Node: 0 | Tick: 276001 | Conf: 275999 | Hash: 0x6F2E3929 | Rollbacks:  0 (Resim:   0) | Stalls:  0
[HEARTBEAT] Node: 0 | Tick: 276061 | Conf: 276059 | Hash: 0xFEE8CACA | Rollbacks:  5 (Resim:   5) | Stalls:  0
[HEARTBEAT] Node: 0 | Tick: 276121 | Conf: 276119 | Hash: 0xF40DF445 | Rollbacks:  7 (Resim:   7) | Stalls:  0
[HEARTBEAT] Node: 0 | Tick: 276181 | Conf: 276179 | Hash: 0x7BCC3928 | Rollbacks:  0 (Resim:   0) | Stalls:  0
[HEARTBEAT] Node: 0 | Tick: 276241 | Conf: 276239 | Hash: 0x63DBBA4C | Rollbacks: 15 (Resim:  15) | Stalls:  0
[HEARTBEAT] Node: 0 | Tick: 276301 | Conf: 276299 | Hash: 0x3A535F59 | Rollbacks:  4 (Resim:   4) | Stalls:  0
[HEARTBEAT] Node: 0 | Tick: 276361 | Conf: 276359 | Hash: 0x2DF2E594 | Rollbacks: 12 (Resim:  12) | Stalls:  0
[HEARTBEAT] Node: 0 | Tick: 276421 | Conf: 276419 | Hash: 0x9970B123 | Rollbacks: 21 (Resim:  21) | Stalls:  0
[HEARTBEAT] Node: 0 | Tick: 276481 | Conf: 276479 | Hash: 0x468E7880 | Rollbacks:  6 (Resim:   6) | Stalls:  0
[HEARTBEAT] Node: 0 | Tick: 276541 | Conf: 276539 | Hash: 0x5759FBDA | Rollbacks:  0 (Resim:   0) | Stalls:  0
[BOT:50006] Heartbeat - Sparse Mods Tracked: 2048
[HEARTBEAT] Node: 0 | Tick: 276601 | Conf: 276599 | Hash: 0x5B647F79 | Rollbacks:  9 (Resim:   9) | Stalls:  0
[HEARTBEAT] Node: 0 | Tick: 276661 | Conf: 276659 | Hash: 0x08F1A02D | Rollbacks:  0 (Resim:   0) | Stalls:  0
[HEARTBEAT] Node: 0 | Tick: 276721 | Conf: 276719 | Hash: 0xF56C1FCF | Rollbacks: 16 (Resim:  16) | Stalls:  0
[HEARTBEAT] Node: 0 | Tick: 276781 | Conf: 276779 | Hash: 0xAD55B07D | Rollbacks: 20 (Resim:  20) | Stalls:  0
[HEARTBEAT] Node: 0 | Tick: 276841 | Conf: 276839 | Hash: 0x5EAE9BBC | Rollbacks:  9 (Resim:   9) | Stalls:  0
[HEARTBEAT] Node: 0 | Tick: 276901 | Conf: 276899 | Hash: 0x09934536 | Rollbacks:  3 (Resim:   3) | Stalls:  0
[HEARTBEAT] Node: 0 | Tick: 276961 | Conf: 276959 | Hash: 0xD9607FDC | Rollbacks:  0 (Resim:   0) | Stalls:  0
[HEARTBEAT] Node: 0 | Tick: 277021 | Conf: 277019 | Hash: 0xCA1969D0 | Rollbacks: 10 (Resim:  10) | Stalls:  0
[HEARTBEAT] Node: 0 | Tick: 277081 | Conf: 277079 | Hash: 0xD8955F40 | Rollbacks:  2 (Resim:   2) | Stalls:  0
[BOT:50006] Heartbeat - Sparse Mods Tracked: 2048
[HEARTBEAT] Node: 0 | Tick: 277141 | Conf: 277139 | Hash: 0x38E2E1BD | Rollbacks: 10 (Resim:  10) | Stalls:  0
[HEARTBEAT] Node: 0 | Tick: 277201 | Conf: 277199 | Hash: 0x67C91AE0 | Rollbacks: 11 (Resim:  11) | Stalls:  0
[HEARTBEAT] Node: 0 | Tick: 277261 | Conf: 277259 | Hash: 0x7A10A730 | Rollbacks:  0 (Resim:   0) | Stalls:  0
[HEARTBEAT] Node: 0 | Tick: 277321 | Conf: 277319 | Hash: 0x29DE6D45 | Rollbacks: 25 (Resim:  25) | Stalls:  0
[HEARTBEAT] Node: 0 | Tick: 277381 | Conf: 277379 | Hash: 0xC6758B19 | Rollbacks:  1 (Resim:   1) | Stalls:  0
[HEARTBEAT] Node: 0 | Tick: 277441 | Conf: 277439 | Hash: 0x39E5F5E5 | Rollbacks:  1 (Resim:   1) | Stalls:  0
[HEARTBEAT] Node: 0 | Tick: 277501 | Conf: 277499 | Hash: 0x1760B959 | Rollbacks:  8 (Resim:   8) | Stalls:  0
[HEARTBEAT] Node: 0 | Tick: 277561 | Conf: 277559 | Hash: 0x5EC20796 | Rollbacks: 13 (Resim:  13) | Stalls:  0
[HEARTBEAT] Node: 0 | Tick: 277621 | Conf: 277619 | Hash: 0x727682F8 | Rollbacks:  7 (Resim:   7) | Stalls:  0
[HEARTBEAT] Node: 0 | Tick: 277681 | Conf: 277679 | Hash: 0x9DD00680 | Rollbacks:  0 (Resim:   0) | Stalls:  0
[BOT:50006] Heartbeat - Sparse Mods Tracked: 2048
[HEARTBEAT] Node: 0 | Tick: 277741 | Conf: 277739 | Hash: 0x52DC866B | Rollbacks: 23 (Resim:  23) | Stalls:  0
[HEARTBEAT] Node: 0 | Tick: 277801 | Conf: 277799 | Hash: 0xB1A2C1BB | Rollbacks: 17 (Resim:  17) | Stalls:  0
[HEARTBEAT] Node: 0 | Tick: 277861 | Conf: 277859 | Hash: 0x468488AF | Rollbacks: 24 (Resim:  25) | Stalls:  0
[HEARTBEAT] Node: 0 | Tick: 277921 | Conf: 277919 | Hash: 0x5664D9DB | Rollbacks:  4 (Resim:   4) | Stalls:  0
[HEARTBEAT] Node: 0 | Tick: 277981 | Conf: 277979 | Hash: 0xE007B4C5 | Rollbacks:  8 (Resim:   8) | Stalls:  0
[HEARTBEAT] Node: 0 | Tick: 278041 | Conf: 278039 | Hash: 0x065E8B40 | Rollbacks: 11 (Resim:  11) | Stalls:  0
[HEARTBEAT] Node: 0 | Tick: 278101 | Conf: 278099 | Hash: 0x01550C3A | Rollbacks:  0 (Resim:   0) | Stalls:  0
[HEARTBEAT] Node: 0 | Tick: 278161 | Conf: 278159 | Hash: 0x7DD64B38 | Rollbacks: 17 (Resim:  17) | Stalls:  0
[HEARTBEAT] Node: 0 | Tick: 278221 | Conf: 278219 | Hash: 0xFE9A2B34 | Rollbacks:  0 (Resim:   0) | Stalls:  0
[HEARTBEAT] Node: 0 | Tick: 278281 | Conf: 278279 | Hash: 0x8E3371A2 | Rollbacks:  5 (Resim:   5) | Stalls:  0
[BOT:50006] Heartbeat - Sparse Mods Tracked: 2048
[HEARTBEAT] Node: 0 | Tick: 278341 | Conf: 278339 | Hash: 0x0E5DA37F | Rollbacks: 19 (Resim:  19) | Stalls:  0
[HEARTBEAT] Node: 0 | Tick: 278401 | Conf: 278399 | Hash: 0x66342495 | Rollbacks: 14 (Resim:  14) | Stalls:  0
[HEARTBEAT] Node: 0 | Tick: 278461 | Conf: 278459 | Hash: 0xB26373B4 | Rollbacks:  0 (Resim:   0) | Stalls:  0
[HEARTBEAT] Node: 0 | Tick: 278521 | Conf: 278519 | Hash: 0x50889CA7 | Rollbacks: 14 (Resim:  14) | Stalls:  0
[HEARTBEAT] Node: 0 | Tick: 278581 | Conf: 278579 | Hash: 0xCB6379F9 | Rollbacks:  4 (Resim:   4) | Stalls:  0
[HEARTBEAT] Node: 0 | Tick: 278641 | Conf: 278639 | Hash: 0x32E9E9A6 | Rollbacks:  0 (Resim:   0) | Stalls:  0
[HEARTBEAT] Node: 0 | Tick: 278701 | Conf: 278699 | Hash: 0xC387646A | Rollbacks:  8 (Resim:   8) | Stalls:  0
[HEARTBEAT] Node: 0 | Tick: 278761 | Conf: 278759 | Hash: 0x768AF24E | Rollbacks:  0 (Resim:   0) | Stalls:  0
[HEARTBEAT] Node: 0 | Tick: 278821 | Conf: 278819 | Hash: 0x0AAE6E58 | Rollbacks:  0 (Resim:   0) | Stalls:  0
[HEARTBEAT] Node: 0 | Tick: 278881 | Conf: 278879 | Hash: 0x417743DF | Rollbacks:  3 (Resim:   3) | Stalls:  0
[BOT:50006] Heartbeat - Sparse Mods Tracked: 2048
[HEARTBEAT] Node: 0 | Tick: 278941 | Conf: 278939 | Hash: 0x604A3913 | Rollbacks: 18 (Resim:  18) | Stalls:  0
[HEARTBEAT] Node: 0 | Tick: 279001 | Conf: 278999 | Hash: 0xE567C317 | Rollbacks:  0 (Resim:   0) | Stalls:  0
[HEARTBEAT] Node: 0 | Tick: 279061 | Conf: 279059 | Hash: 0x33801738 | Rollbacks: 24 (Resim:  24) | Stalls:  0
[HEARTBEAT] Node: 0 | Tick: 279121 | Conf: 279119 | Hash: 0x7DE94EF9 | Rollbacks:  8 (Resim:   9) | Stalls:  0
[HEARTBEAT] Node: 0 | Tick: 279181 | Conf: 279179 | Hash: 0x23E22F15 | Rollbacks:  0 (Resim:   0) | Stalls:  0
[HEARTBEAT] Node: 0 | Tick: 279241 | Conf: 279239 | Hash: 0x7E1158C6 | Rollbacks: 13 (Resim:  13) | Stalls:  0
[HEARTBEAT] Node: 0 | Tick: 279301 | Conf: 279299 | Hash: 0xBAB25D0D | Rollbacks: 12 (Resim:  12) | Stalls:  0
[HEARTBEAT] Node: 0 | Tick: 279361 | Conf: 279359 | Hash: 0x58402E68 | Rollbacks:  5 (Resim:   5) | Stalls:  0
[HEARTBEAT] Node: 0 | Tick: 279421 | Conf: 279419 | Hash: 0x5277A291 | Rollbacks:  1 (Resim:   1) | Stalls:  0
[BOT:50006] Heartbeat - Sparse Mods Tracked: 2048
[HEARTBEAT] Node: 0 | Tick: 279481 | Conf: 279479 | Hash: 0x43E5CC62 | Rollbacks: 17 (Resim:  17) | Stalls:  0
[HEARTBEAT] Node: 0 | Tick: 279541 | Conf: 279539 | Hash: 0xC9A7282F | Rollbacks:  0 (Resim:   0) | Stalls:  0
[HEARTBEAT] Node: 0 | Tick: 279601 | Conf: 279599 | Hash: 0x92A9DC50 | Rollbacks:  5 (Resim:   5) | Stalls:  0
[HEARTBEAT] Node: 0 | Tick: 279661 | Conf: 279659 | Hash: 0xC454C674 | Rollbacks:  6 (Resim:   6) | Stalls:  0
[HEARTBEAT] Node: 0 | Tick: 279721 | Conf: 279719 | Hash: 0x9C9375C1 | Rollbacks:  0 (Resim:   0) | Stalls:  0
[HEARTBEAT] Node: 0 | Tick: 279781 | Conf: 279779 | Hash: 0xBAEE690C | Rollbacks: 14 (Resim:  14) | Stalls:  0
[HEARTBEAT] Node: 0 | Tick: 279841 | Conf: 279839 | Hash: 0xC04033F9 | Rollbacks:  3 (Resim:   3) | Stalls:  0
[HEARTBEAT] Node: 0 | Tick: 279901 | Conf: 279899 | Hash: 0xAAFCCFC5 | Rollbacks: 22 (Resim:  22) | Stalls:  0
[HEARTBEAT] Node: 0 | Tick: 279961 | Conf: 279959 | Hash: 0xD02C40FD | Rollbacks:  0 (Resim:   0) | Stalls:  0
[HEARTBEAT] Node: 0 | Tick: 280021 | Conf: 280019 | Hash: 0xD07BA266 | Rollbacks: 15 (Resim:  15) | Stalls:  0
[BOT:50006] Heartbeat - Sparse Mods Tracked: 2048
[HEARTBEAT] Node: 0 | Tick: 280081 | Conf: 280079 | Hash: 0x8B174FB3 | Rollbacks:  2 (Resim:   2) | Stalls:  0
[HEARTBEAT] Node: 0 | Tick: 280141 | Conf: 280139 | Hash: 0xF6A256D3 | Rollbacks: 15 (Resim:  15) | Stalls:  0
[HEARTBEAT] Node: 0 | Tick: 280201 | Conf: 280199 | Hash: 0x6D87C247 | Rollbacks: 16 (Resim:  16) | Stalls:  0
[HEARTBEAT] Node: 0 | Tick: 280261 | Conf: 280259 | Hash: 0x45855DDE | Rollbacks: 13 (Resim:  13) | Stalls:  0
[HEARTBEAT] Node: 0 | Tick: 280321 | Conf: 280319 | Hash: 0xC6D867DB | Rollbacks:  9 (Resim:   9) | Stalls:  0
[HEARTBEAT] Node: 0 | Tick: 280381 | Conf: 280379 | Hash: 0x81612D89 | Rollbacks: 19 (Resim:  20) | Stalls:  0
[HEARTBEAT] Node: 0 | Tick: 280441 | Conf: 280439 | Hash: 0x9642EBD2 | Rollbacks:  0 (Resim:   0) | Stalls:  0
[HEARTBEAT] Node: 0 | Tick: 280501 | Conf: 280499 | Hash: 0x888460B2 | Rollbacks: 14 (Resim:  14) | Stalls:  0
[HEARTBEAT] Node: 0 | Tick: 280561 | Conf: 280559 | Hash: 0x5BED41E9 | Rollbacks: 14 (Resim:  14) | Stalls:  0
[HEARTBEAT] Node: 0 | Tick: 280621 | Conf: 280619 | Hash: 0xF2CAC63A | Rollbacks:  0 (Resim:   0) | Stalls:  0
[BOT:50006] Heartbeat - Sparse Mods Tracked: 2048
[HEARTBEAT] Node: 0 | Tick: 280681 | Conf: 280679 | Hash: 0x00E8BFCC | Rollbacks:  0 (Resim:   0) | Stalls:  0
[HEARTBEAT] Node: 0 | Tick: 280741 | Conf: 280739 | Hash: 0xBC74B4B7 | Rollbacks: 11 (Resim:  11) | Stalls:  0
[HEARTBEAT] Node: 0 | Tick: 280801 | Conf: 280799 | Hash: 0xEE96AF2C | Rollbacks:  8 (Resim:   8) | Stalls:  0
[HEARTBEAT] Node: 0 | Tick: 280861 | Conf: 280859 | Hash: 0x6D0C23AD | Rollbacks:  0 (Resim:   0) | Stalls:  0
[HEARTBEAT] Node: 0 | Tick: 280921 | Conf: 280919 | Hash: 0x03F5DD4E | Rollbacks: 16 (Resim:  16) | Stalls:  0
[HEARTBEAT] Node: 0 | Tick: 280981 | Conf: 280979 | Hash: 0x5F73CBDC | Rollbacks: 11 (Resim:  11) | Stalls:  0
[HEARTBEAT] Node: 0 | Tick: 281041 | Conf: 281039 | Hash: 0xD55D4563 | Rollbacks:  7 (Resim:   7) | Stalls:  0
[HEARTBEAT] Node: 0 | Tick: 281101 | Conf: 281099 | Hash: 0x171816B4 | Rollbacks: 28 (Resim:  28) | Stalls:  0
[HEARTBEAT] Node: 0 | Tick: 281161 | Conf: 281159 | Hash: 0x63904787 | Rollbacks:  4 (Resim:   4) | Stalls:  0
[HEARTBEAT] Node: 0 | Tick: 281221 | Conf: 281219 | Hash: 0x12680694 | Rollbacks:  4 (Resim:   4) | Stalls:  0
[BOT:50006] Heartbeat - Sparse Mods Tracked: 2048
[HEARTBEAT] Node: 0 | Tick: 281281 | Conf: 281279 | Hash: 0x039F0178 | Rollbacks: 17 (Resim:  17) | Stalls:  0
[HEARTBEAT] Node: 0 | Tick: 281341 | Conf: 281339 | Hash: 0x23B547C7 | Rollbacks:  0 (Resim:   0) | Stalls:  0
[HEARTBEAT] Node: 0 | Tick: 281401 | Conf: 281399 | Hash: 0xE6C038B0 | Rollbacks:  9 (Resim:   9) | Stalls:  0
[HEARTBEAT] Node: 0 | Tick: 281461 | Conf: 281459 | Hash: 0xCF13C2E7 | Rollbacks:  1 (Resim:   1) | Stalls:  0
[HEARTBEAT] Node: 0 | Tick: 281521 | Conf: 281519 | Hash: 0xB05934FA | Rollbacks: 24 (Resim:  24) | Stalls:  0
[HEARTBEAT] Node: 0 | Tick: 281581 | Conf: 281579 | Hash: 0xFFA48AE3 | Rollbacks:  0 (Resim:   0) | Stalls:  0
[HEARTBEAT] Node: 0 | Tick: 281641 | Conf: 281639 | Hash: 0x1E783023 | Rollbacks: 19 (Resim:  19) | Stalls:  0
[HEARTBEAT] Node: 0 | Tick: 281701 | Conf: 281699 | Hash: 0x79C3BE72 | Rollbacks:  0 (Resim:   0) | Stalls:  0
[HEARTBEAT] Node: 0 | Tick: 281761 | Conf: 281759 | Hash: 0x426BBDF4 | Rollbacks: 13 (Resim:  13) | Stalls:  0
[HEARTBEAT] Node: 0 | Tick: 281821 | Conf: 281819 | Hash: 0x357D6856 | Rollbacks:  0 (Resim:   0) | Stalls:  0
[BOT:50006] Heartbeat - Sparse Mods Tracked: 2048
[HEARTBEAT] Node: 0 | Tick: 281881 | Conf: 281879 | Hash: 0x09FECD36 | Rollbacks: 15 (Resim:  15) | Stalls:  0
[HEARTBEAT] Node: 0 | Tick: 281941 | Conf: 281939 | Hash: 0x19F65CB9 | Rollbacks: 14 (Resim:  14) | Stalls:  0
[HEARTBEAT] Node: 0 | Tick: 282001 | Conf: 281999 | Hash: 0xF1E7665D | Rollbacks:  6 (Resim:   6) | Stalls:  0
[HEARTBEAT] Node: 0 | Tick: 282061 | Conf: 282059 | Hash: 0x0F0E87A9 | Rollbacks:  0 (Resim:   0) | Stalls:  0
[HEARTBEAT] Node: 0 | Tick: 282121 | Conf: 282119 | Hash: 0x05DEE936 | Rollbacks: 14 (Resim:  14) | Stalls:  0
[HEARTBEAT] Node: 0 | Tick: 282181 | Conf: 282179 | Hash: 0x2B3DFC1A | Rollbacks:  0 (Resim:   0) | Stalls:  0
[HEARTBEAT] Node: 0 | Tick: 282241 | Conf: 282239 | Hash: 0x495B2B7D | Rollbacks:  0 (Resim:   0) | Stalls:  0
[HEARTBEAT] Node: 0 | Tick: 282301 | Conf: 282299 | Hash: 0xAEC1F314 | Rollbacks: 18 (Resim:  18) | Stalls:  0
[HEARTBEAT] Node: 0 | Tick: 282361 | Conf: 282359 | Hash: 0x69D3A96E | Rollbacks:  0 (Resim:   0) | Stalls:  0
[BOT:50006] Heartbeat - Sparse Mods Tracked: 2048
[HEARTBEAT] Node: 0 | Tick: 282421 | Conf: 282419 | Hash: 0x2B321F87 | Rollbacks:  7 (Resim:   7) | Stalls:  0
[HEARTBEAT] Node: 0 | Tick: 282481 | Conf: 282479 | Hash: 0x5B5C7A96 | Rollbacks:  3 (Resim:   3) | Stalls:  0
[HEARTBEAT] Node: 0 | Tick: 282541 | Conf: 282539 | Hash: 0x4511F0EA | Rollbacks: 20 (Resim:  20) | Stalls:  0
[HEARTBEAT] Node: 0 | Tick: 282601 | Conf: 282599 | Hash: 0xE0B8D868 | Rollbacks:  0 (Resim:   0) | Stalls:  0
[HEARTBEAT] Node: 0 | Tick: 282661 | Conf: 282659 | Hash: 0x4FF1D918 | Rollbacks: 24 (Resim:  25) | Stalls:  0
[HEARTBEAT] Node: 0 | Tick: 282721 | Conf: 282719 | Hash: 0x5D01093F | Rollbacks:  6 (Resim:   6) | Stalls:  0
[HEARTBEAT] Node: 0 | Tick: 282781 | Conf: 282779 | Hash: 0x5C5CB051 | Rollbacks: 15 (Resim:  15) | Stalls:  0
[HEARTBEAT] Node: 0 | Tick: 282841 | Conf: 282839 | Hash: 0xF0660C75 | Rollbacks:  0 (Resim:   0) | Stalls:  0
[HEARTBEAT] Node: 0 | Tick: 282901 | Conf: 282899 | Hash: 0x5C2D6374 | Rollbacks:  0 (Resim:   0) | Stalls:  0
[HEARTBEAT] Node: 0 | Tick: 282961 | Conf: 282959 | Hash: 0x0CE92DBF | Rollbacks: 22 (Resim:  22) | Stalls:  0
[BOT:50006] Heartbeat - Sparse Mods Tracked: 2048
[HEARTBEAT] Node: 0 | Tick: 283021 | Conf: 283019 | Hash: 0x07DAA8FB | Rollbacks: 21 (Resim:  21) | Stalls:  0
[HEARTBEAT] Node: 0 | Tick: 283081 | Conf: 283079 | Hash: 0xF8C048FD | Rollbacks:  0 (Resim:   0) | Stalls:  0
[HEARTBEAT] Node: 0 | Tick: 283141 | Conf: 283139 | Hash: 0xF6F27AA0 | Rollbacks:  0 (Resim:   0) | Stalls:  0
[HEARTBEAT] Node: 0 | Tick: 283201 | Conf: 283199 | Hash: 0x43B5A307 | Rollbacks:  0 (Resim:   0) | Stalls:  0
[HEARTBEAT] Node: 0 | Tick: 283261 | Conf: 283259 | Hash: 0x3E40A8F1 | Rollbacks: 15 (Resim:  15) | Stalls:  0
[HEARTBEAT] Node: 0 | Tick: 283321 | Conf: 283319 | Hash: 0x1871FAB4 | Rollbacks: 11 (Resim:  11) | Stalls:  0
[HEARTBEAT] Node: 0 | Tick: 283381 | Conf: 283379 | Hash: 0xFC3718D7 | Rollbacks:  0 (Resim:   0) | Stalls:  0
[HEARTBEAT] Node: 0 | Tick: 283441 | Conf: 283439 | Hash: 0x30610E97 | Rollbacks: 18 (Resim:  18) | Stalls:  0
[HEARTBEAT] Node: 0 | Tick: 283501 | Conf: 283499 | Hash: 0xC753054F | Rollbacks: 11 (Resim:  11) | Stalls:  0
[HEARTBEAT] Node: 0 | Tick: 283561 | Conf: 283559 | Hash: 0xAC6628CA | Rollbacks:  4 (Resim:   4) | Stalls:  0
[BOT:50006] Heartbeat - Sparse Mods Tracked: 2048
[HEARTBEAT] Node: 0 | Tick: 283621 | Conf: 283619 | Hash: 0x1BF5AAEB | Rollbacks:  0 (Resim:   0) | Stalls:  0
[HEARTBEAT] Node: 0 | Tick: 283681 | Conf: 283679 | Hash: 0x74180AD7 | Rollbacks: 10 (Resim:  10) | Stalls:  0
[HEARTBEAT] Node: 0 | Tick: 283741 | Conf: 283739 | Hash: 0x502F0227 | Rollbacks:  0 (Resim:   0) | Stalls:  0
[HEARTBEAT] Node: 0 | Tick: 283801 | Conf: 283799 | Hash: 0x7869689E | Rollbacks: 14 (Resim:  14) | Stalls:  0
[HEARTBEAT] Node: 0 | Tick: 283861 | Conf: 283859 | Hash: 0x47E38AB2 | Rollbacks:  1 (Resim:   1) | Stalls:  0
[HEARTBEAT] Node: 0 | Tick: 283921 | Conf: 283919 | Hash: 0x6DD4656B | Rollbacks: 14 (Resim:  14) | Stalls:  0
[HEARTBEAT] Node: 0 | Tick: 283981 | Conf: 283979 | Hash: 0xA77BBC9D | Rollbacks:  0 (Resim:   0) | Stalls:  0
[HEARTBEAT] Node: 0 | Tick: 284041 | Conf: 284039 | Hash: 0xADC655A8 | Rollbacks: 13 (Resim:  13) | Stalls:  0
[HEARTBEAT] Node: 0 | Tick: 284101 | Conf: 284099 | Hash: 0x25B8AB16 | Rollbacks:  7 (Resim:   7) | Stalls:  0
[HEARTBEAT] Node: 0 | Tick: 284161 | Conf: 284159 | Hash: 0x633E6F0E | Rollbacks:  1 (Resim:   1) | Stalls:  0
[BOT:50006] Heartbeat - Sparse Mods Tracked: 2048
[HEARTBEAT] Node: 0 | Tick: 284221 | Conf: 284219 | Hash: 0xF4E4F6F4 | Rollbacks: 20 (Resim:  20) | Stalls:  0
[HEARTBEAT] Node: 0 | Tick: 284281 | Conf: 284279 | Hash: 0x1E2C91B8 | Rollbacks:  7 (Resim:   8) | Stalls:  0
[HEARTBEAT] Node: 0 | Tick: 284341 | Conf: 284339 | Hash: 0xD03A599B | Rollbacks:  9 (Resim:   9) | Stalls:  0
[HEARTBEAT] Node: 0 | Tick: 284401 | Conf: 284399 | Hash: 0xEB8FDACB | Rollbacks:  6 (Resim:   6) | Stalls:  0
[HEARTBEAT] Node: 0 | Tick: 284461 | Conf: 284459 | Hash: 0xB3802539 | Rollbacks:  0 (Resim:   0) | Stalls:  0
[HEARTBEAT] Node: 0 | Tick: 284521 | Conf: 284519 | Hash: 0xFEDD4CAF | Rollbacks: 12 (Resim:  12) | Stalls:  0
[HEARTBEAT] Node: 0 | Tick: 284581 | Conf: 284579 | Hash: 0x6421154D | Rollbacks:  0 (Resim:   0) | Stalls:  0
[HEARTBEAT] Node: 0 | Tick: 284641 | Conf: 284639 | Hash: 0xA1F967A3 | Rollbacks: 12 (Resim:  12) | Stalls:  0
[HEARTBEAT] Node: 0 | Tick: 284701 | Conf: 284699 | Hash: 0x4688692A | Rollbacks: 15 (Resim:  15) | Stalls:  0
[BOT:50006] Heartbeat - Sparse Mods Tracked: 2048
[HEARTBEAT] Node: 0 | Tick: 284761 | Conf: 284759 | Hash: 0x40DE8F2E | Rollbacks: 12 (Resim:  12) | Stalls:  0
[HEARTBEAT] Node: 0 | Tick: 284821 | Conf: 284819 | Hash: 0x2CBEB91E | Rollbacks:  0 (Resim:   0) | Stalls:  0
[HEARTBEAT] Node: 0 | Tick: 284881 | Conf: 284879 | Hash: 0x3BFFE37D | Rollbacks: 21 (Resim:  21) | Stalls:  0
[HEARTBEAT] Node: 0 | Tick: 284941 | Conf: 284939 | Hash: 0xD40885C0 | Rollbacks: 20 (Resim:  21) | Stalls:  0
[HEARTBEAT] Node: 0 | Tick: 285001 | Conf: 284999 | Hash: 0x07EE4AE2 | Rollbacks: 14 (Resim:  14) | Stalls:  0
[HEARTBEAT] Node: 0 | Tick: 285061 | Conf: 285059 | Hash: 0xE2DF00A8 | Rollbacks:  0 (Resim:   0) | Stalls:  0
[HEARTBEAT] Node: 0 | Tick: 285121 | Conf: 285119 | Hash: 0xCD961FB5 | Rollbacks:  0 (Resim:   0) | Stalls:  0
[HEARTBEAT] Node: 0 | Tick: 285181 | Conf: 285179 | Hash: 0x8726F697 | Rollbacks:  1 (Resim:   1) | Stalls:  0
[HEARTBEAT] Node: 0 | Tick: 285241 | Conf: 285239 | Hash: 0x7B77496F | Rollbacks:  6 (Resim:   7) | Stalls:  0
[HEARTBEAT] Node: 0 | Tick: 285301 | Conf: 285299 | Hash: 0xD60941EB | Rollbacks:  2 (Resim:   2) | Stalls:  0
[BOT:50006] Heartbeat - Sparse Mods Tracked: 2048
[HEARTBEAT] Node: 0 | Tick: 285361 | Conf: 285359 | Hash: 0x4D0A7514 | Rollbacks:  5 (Resim:   5) | Stalls:  0
[HEARTBEAT] Node: 0 | Tick: 285421 | Conf: 285419 | Hash: 0x24E03CE8 | Rollbacks:  0 (Resim:   0) | Stalls:  0
[HEARTBEAT] Node: 0 | Tick: 285481 | Conf: 285479 | Hash: 0x8E814678 | Rollbacks:  8 (Resim:   8) | Stalls:  0
[HEARTBEAT] Node: 0 | Tick: 285541 | Conf: 285539 | Hash: 0x6A8FF972 | Rollbacks: 15 (Resim:  15) | Stalls:  0
[HEARTBEAT] Node: 0 | Tick: 285601 | Conf: 285599 | Hash: 0xC1861CEA | Rollbacks:  0 (Resim:   0) | Stalls:  0
[HEARTBEAT] Node: 0 | Tick: 285661 | Conf: 285659 | Hash: 0x0FB16517 | Rollbacks: 12 (Resim:  12) | Stalls:  0
[HEARTBEAT] Node: 0 | Tick: 285721 | Conf: 285719 | Hash: 0xF911198C | Rollbacks:  1 (Resim:   1) | Stalls:  0
[HEARTBEAT] Node: 0 | Tick: 285781 | Conf: 285779 | Hash: 0x10DB9672 | Rollbacks:  0 (Resim:   0) | Stalls:  0
[HEARTBEAT] Node: 0 | Tick: 285841 | Conf: 285839 | Hash: 0xAF462896 | Rollbacks: 19 (Resim:  19) | Stalls:  0
[HEARTBEAT] Node: 0 | Tick: 285901 | Conf: 285899 | Hash: 0x4EFAA0AC | Rollbacks:  3 (Resim:   3) | Stalls:  0
[BOT:50006] Heartbeat - Sparse Mods Tracked: 2048
[HEARTBEAT] Node: 0 | Tick: 285961 | Conf: 285959 | Hash: 0x091A499B | Rollbacks:  0 (Resim:   0) | Stalls:  0
[HEARTBEAT] Node: 0 | Tick: 286021 | Conf: 286019 | Hash: 0x185CA3FA | Rollbacks: 17 (Resim:  17) | Stalls:  0
[HEARTBEAT] Node: 0 | Tick: 286081 | Conf: 286079 | Hash: 0x4AB8A5B9 | Rollbacks:  0 (Resim:   0) | Stalls:  0
[HEARTBEAT] Node: 0 | Tick: 286141 | Conf: 286139 | Hash: 0x1A785AC6 | Rollbacks: 15 (Resim:  15) | Stalls:  0
[HEARTBEAT] Node: 0 | Tick: 286201 | Conf: 286199 | Hash: 0xB70DECC0 | Rollbacks: 18 (Resim:  18) | Stalls:  0
[HEARTBEAT] Node: 0 | Tick: 286261 | Conf: 286259 | Hash: 0xA76FC99F | Rollbacks: 22 (Resim:  22) | Stalls:  0
[HEARTBEAT] Node: 0 | Tick: 286321 | Conf: 286319 | Hash: 0xDEA786D3 | Rollbacks:  6 (Resim:   6) | Stalls:  0
[HEARTBEAT] Node: 0 | Tick: 286381 | Conf: 286379 | Hash: 0x19F2C539 | Rollbacks:  0 (Resim:   0) | Stalls:  0
[HEARTBEAT] Node: 0 | Tick: 286441 | Conf: 286439 | Hash: 0xA0D07373 | Rollbacks: 16 (Resim:  16) | Stalls:  0
[HEARTBEAT] Node: 0 | Tick: 286501 | Conf: 286499 | Hash: 0x6549BB19 | Rollbacks:  0 (Resim:   0) | Stalls:  0
[BOT:50006] Heartbeat - Sparse Mods Tracked: 2048
[HEARTBEAT] Node: 0 | Tick: 286561 | Conf: 286559 | Hash: 0x44C98F80 | Rollbacks: 11 (Resim:  11) | Stalls:  0
[HEARTBEAT] Node: 0 | Tick: 286621 | Conf: 286619 | Hash: 0xD95F8441 | Rollbacks:  7 (Resim:   7) | Stalls:  0
[HEARTBEAT] Node: 0 | Tick: 286681 | Conf: 286679 | Hash: 0x622BE420 | Rollbacks:  0 (Resim:   0) | Stalls:  0
[HEARTBEAT] Node: 0 | Tick: 286741 | Conf: 286739 | Hash: 0x66BC93EB | Rollbacks:  0 (Resim:   0) | Stalls:  0
[HEARTBEAT] Node: 0 | Tick: 286801 | Conf: 286799 | Hash: 0x86863DE2 | Rollbacks: 12 (Resim:  12) | Stalls:  0
[HEARTBEAT] Node: 0 | Tick: 286861 | Conf: 286859 | Hash: 0xA5E6BB8A | Rollbacks:  0 (Resim:   0) | Stalls:  0
[HEARTBEAT] Node: 0 | Tick: 286921 | Conf: 286919 | Hash: 0x72121009 | Rollbacks: 17 (Resim:  17) | Stalls:  0
[HEARTBEAT] Node: 0 | Tick: 286981 | Conf: 286979 | Hash: 0x202C5CC1 | Rollbacks:  7 (Resim:   7) | Stalls:  0
[HEARTBEAT] Node: 0 | Tick: 287041 | Conf: 287039 | Hash: 0x6A872FDF | Rollbacks:  0 (Resim:   0) | Stalls:  0
[HEARTBEAT] Node: 0 | Tick: 287101 | Conf: 287099 | Hash: 0xC934AAF5 | Rollbacks: 13 (Resim:  13) | Stalls:  0
[BOT:50006] Heartbeat - Sparse Mods Tracked: 2048
[HEARTBEAT] Node: 0 | Tick: 287161 | Conf: 287159 | Hash: 0xF8DFCD83 | Rollbacks: 13 (Resim:  13) | Stalls:  0
[HEARTBEAT] Node: 0 | Tick: 287221 | Conf: 287219 | Hash: 0xB0908580 | Rollbacks:  1 (Resim:   1) | Stalls:  0
[HEARTBEAT] Node: 0 | Tick: 287281 | Conf: 287279 | Hash: 0x5D3B0DD3 | Rollbacks:  0 (Resim:   0) | Stalls:  0
[HEARTBEAT] Node: 0 | Tick: 287341 | Conf: 287339 | Hash: 0x45A5AFF3 | Rollbacks:  9 (Resim:   9) | Stalls:  0
[HEARTBEAT] Node: 0 | Tick: 287401 | Conf: 287399 | Hash: 0xE106656B | Rollbacks:  0 (Resim:   0) | Stalls:  0
[HEARTBEAT] Node: 0 | Tick: 287461 | Conf: 287459 | Hash: 0x0AB6DACD | Rollbacks: 13 (Resim:  13) | Stalls:  0
[HEARTBEAT] Node: 0 | Tick: 287521 | Conf: 287519 | Hash: 0x8FACC0F6 | Rollbacks:  0 (Resim:   0) | Stalls:  0
[HEARTBEAT] Node: 0 | Tick: 287581 | Conf: 287579 | Hash: 0xCE00AFA6 | Rollbacks: 14 (Resim:  14) | Stalls:  0
[HEARTBEAT] Node: 0 | Tick: 287641 | Conf: 287639 | Hash: 0x0E2E5C08 | Rollbacks: 16 (Resim:  16) | Stalls:  0
[BOT:50006] Heartbeat - Sparse Mods Tracked: 2048
[HEARTBEAT] Node: 0 | Tick: 287701 | Conf: 287699 | Hash: 0x0FBBFC7B | Rollbacks:  0 (Resim:   0) | Stalls:  0
[HEARTBEAT] Node: 0 | Tick: 287761 | Conf: 287759 | Hash: 0x0AFDF565 | Rollbacks:  0 (Resim:   0) | Stalls:  0
[HEARTBEAT] Node: 0 | Tick: 287821 | Conf: 287819 | Hash: 0x8AE91E8F | Rollbacks: 14 (Resim:  14) | Stalls:  0
[HEARTBEAT] Node: 0 | Tick: 287881 | Conf: 287879 | Hash: 0x4EA10535 | Rollbacks: 11 (Resim:  11) | Stalls:  0
[HEARTBEAT] Node: 0 | Tick: 287941 | Conf: 287939 | Hash: 0x9D404218 | Rollbacks:  0 (Resim:   0) | Stalls:  0
[HEARTBEAT] Node: 0 | Tick: 288001 | Conf: 287999 | Hash: 0x1DFE6075 | Rollbacks: 14 (Resim:  14) | Stalls:  0
[HEARTBEAT] Node: 0 | Tick: 288061 | Conf: 288059 | Hash: 0x1B08BD04 | Rollbacks: 10 (Resim:  10) | Stalls:  0
[HEARTBEAT] Node: 0 | Tick: 288121 | Conf: 288119 | Hash: 0xE4744B03 | Rollbacks:  0 (Resim:   0) | Stalls:  0
[HEARTBEAT] Node: 0 | Tick: 288181 | Conf: 288179 | Hash: 0xA476B338 | Rollbacks:  9 (Resim:   9) | Stalls:  0
[HEARTBEAT] Node: 0 | Tick: 288241 | Conf: 288239 | Hash: 0x237F3252 | Rollbacks:  0 (Resim:   0) | Stalls:  0
[BOT:50006] Heartbeat - Sparse Mods Tracked: 2048
[HEARTBEAT] Node: 0 | Tick: 288301 | Conf: 288299 | Hash: 0x1C83C51D | Rollbacks: 10 (Resim:  10) | Stalls:  0
[HEARTBEAT] Node: 0 | Tick: 288361 | Conf: 288359 | Hash: 0xE307E6D1 | Rollbacks:  7 (Resim:   7) | Stalls:  0
[HEARTBEAT] Node: 0 | Tick: 288421 | Conf: 288419 | Hash: 0x8E262949 | Rollbacks:  3 (Resim:   3) | Stalls:  0
[HEARTBEAT] Node: 0 | Tick: 288481 | Conf: 288479 | Hash: 0x69B91B80 | Rollbacks:  5 (Resim:   5) | Stalls:  0
[HEARTBEAT] Node: 0 | Tick: 288541 | Conf: 288539 | Hash: 0xA2E2A3F6 | Rollbacks:  5 (Resim:   5) | Stalls:  0
[HEARTBEAT] Node: 0 | Tick: 288601 | Conf: 288599 | Hash: 0x1D79BC91 | Rollbacks:  8 (Resim:   8) | Stalls:  0
[HEARTBEAT] Node: 0 | Tick: 288661 | Conf: 288659 | Hash: 0xFD40B7C6 | Rollbacks:  9 (Resim:   9) | Stalls:  0
[HEARTBEAT] Node: 0 | Tick: 288721 | Conf: 288719 | Hash: 0x132DA6DD | Rollbacks:  0 (Resim:   0) | Stalls:  0
[HEARTBEAT] Node: 0 | Tick: 288781 | Conf: 288779 | Hash: 0x2F8AE845 | Rollbacks: 21 (Resim:  21) | Stalls:  0
[HEARTBEAT] Node: 0 | Tick: 288841 | Conf: 288839 | Hash: 0x5ADD786E | Rollbacks:  0 (Resim:   0) | Stalls:  0
[BOT:50006] Heartbeat - Sparse Mods Tracked: 2048
[HEARTBEAT] Node: 0 | Tick: 288901 | Conf: 288899 | Hash: 0xF8EA0264 | Rollbacks: 16 (Resim:  16) | Stalls:  0
[HEARTBEAT] Node: 0 | Tick: 288961 | Conf: 288959 | Hash: 0x16FF0C05 | Rollbacks: 11 (Resim:  11) | Stalls:  0
[HEARTBEAT] Node: 0 | Tick: 289021 | Conf: 289019 | Hash: 0xA703078A | Rollbacks:  0 (Resim:   0) | Stalls:  0
[HEARTBEAT] Node: 0 | Tick: 289081 | Conf: 289079 | Hash: 0x21069EC2 | Rollbacks: 19 (Resim:  19) | Stalls:  0
[HEARTBEAT] Node: 0 | Tick: 289141 | Conf: 289139 | Hash: 0x8C281D02 | Rollbacks: 11 (Resim:  11) | Stalls:  0
[HEARTBEAT] Node: 0 | Tick: 289201 | Conf: 289199 | Hash: 0xEF1FCDC2 | Rollbacks:  0 (Resim:   0) | Stalls:  0
[HEARTBEAT] Node: 0 | Tick: 289261 | Conf: 289259 | Hash: 0x58B67A8C | Rollbacks: 11 (Resim:  11) | Stalls:  0
[HEARTBEAT] Node: 0 | Tick: 289321 | Conf: 289319 | Hash: 0xBC1689D0 | Rollbacks:  5 (Resim:   5) | Stalls:  0
[HEARTBEAT] Node: 0 | Tick: 289381 | Conf: 289379 | Hash: 0x93A75443 | Rollbacks: 18 (Resim:  18) | Stalls:  0
[HEARTBEAT] Node: 0 | Tick: 289441 | Conf: 289439 | Hash: 0x5E5A44AD | Rollbacks:  5 (Resim:   5) | Stalls:  0
[BOT:50006] Heartbeat - Sparse Mods Tracked: 2048
[HEARTBEAT] Node: 0 | Tick: 289501 | Conf: 289499 | Hash: 0x6EE36C3A | Rollbacks: 15 (Resim:  15) | Stalls:  0
[HEARTBEAT] Node: 0 | Tick: 289561 | Conf: 289559 | Hash: 0xAB87BDB6 | Rollbacks:  6 (Resim:   6) | Stalls:  0
[HEARTBEAT] Node: 0 | Tick: 289621 | Conf: 289619 | Hash: 0x9F553A0E | Rollbacks:  0 (Resim:   0) | Stalls:  0
[HEARTBEAT] Node: 0 | Tick: 289681 | Conf: 289679 | Hash: 0x692CEB05 | Rollbacks: 18 (Resim:  18) | Stalls:  0
[HEARTBEAT] Node: 0 | Tick: 289741 | Conf: 289739 | Hash: 0xC9019915 | Rollbacks:  6 (Resim:   6) | Stalls:  0
[HEARTBEAT] Node: 0 | Tick: 289801 | Conf: 289799 | Hash: 0x68FD6552 | Rollbacks:  0 (Resim:   0) | Stalls:  0
[HEARTBEAT] Node: 0 | Tick: 289861 | Conf: 289859 | Hash: 0x92D1A4DF | Rollbacks:  0 (Resim:   0) | Stalls:  0
[HEARTBEAT] Node: 0 | Tick: 289921 | Conf: 289919 | Hash: 0xF661D207 | Rollbacks:  0 (Resim:   0) | Stalls:  0
[HEARTBEAT] Node: 0 | Tick: 289981 | Conf: 289979 | Hash: 0xE6720998 | Rollbacks: 10 (Resim:  10) | Stalls:  0
[BOT:50006] Heartbeat - Sparse Mods Tracked: 2048
[HEARTBEAT] Node: 0 | Tick: 290041 | Conf: 290039 | Hash: 0x2A77A636 | Rollbacks: 24 (Resim:  24) | Stalls:  0
[HEARTBEAT] Node: 0 | Tick: 290101 | Conf: 290099 | Hash: 0x71CE6140 | Rollbacks: 21 (Resim:  21) | Stalls:  0
[HEARTBEAT] Node: 0 | Tick: 290161 | Conf: 290159 | Hash: 0x63AAD055 | Rollbacks:  0 (Resim:   0) | Stalls:  0
[HEARTBEAT] Node: 0 | Tick: 290221 | Conf: 290219 | Hash: 0x0AB1C502 | Rollbacks:  0 (Resim:   0) | Stalls:  0
[HEARTBEAT] Node: 0 | Tick: 290281 | Conf: 290279 | Hash: 0xE9C22A34 | Rollbacks:  0 (Resim:   0) | Stalls:  0
[HEARTBEAT] Node: 0 | Tick: 290341 | Conf: 290339 | Hash: 0x43978300 | Rollbacks:  0 (Resim:   0) | Stalls:  0
[HEARTBEAT] Node: 0 | Tick: 290401 | Conf: 290399 | Hash: 0x1C2232C9 | Rollbacks:  0 (Resim:   0) | Stalls:  0
[HEARTBEAT] Node: 0 | Tick: 290461 | Conf: 290459 | Hash: 0x96745A71 | Rollbacks: 15 (Resim:  15) | Stalls:  0
[HEARTBEAT] Node: 0 | Tick: 290521 | Conf: 290519 | Hash: 0xAB061BFA | Rollbacks: 24 (Resim:  24) | Stalls:  0
[HEARTBEAT] Node: 0 | Tick: 290581 | Conf: 290579 | Hash: 0xD1D47787 | Rollbacks: 22 (Resim:  22) | Stalls:  0
[BOT:50006] Heartbeat - Sparse Mods Tracked: 2048
[HEARTBEAT] Node: 0 | Tick: 290641 | Conf: 290639 | Hash: 0xF667FF35 | Rollbacks: 23 (Resim:  23) | Stalls:  0
[HEARTBEAT] Node: 0 | Tick: 290701 | Conf: 290699 | Hash: 0x44EB09AC | Rollbacks: 23 (Resim:  23) | Stalls:  0
[HEARTBEAT] Node: 0 | Tick: 290761 | Conf: 290759 | Hash: 0x2CD8EF6F | Rollbacks: 22 (Resim:  22) | Stalls:  0
[HEARTBEAT] Node: 0 | Tick: 290821 | Conf: 290819 | Hash: 0x22EE35A0 | Rollbacks:  2 (Resim:   3) | Stalls:  0
[HEARTBEAT] Node: 0 | Tick: 290881 | Conf: 290879 | Hash: 0x635AD539 | Rollbacks:  0 (Resim:   0) | Stalls:  0
[HEARTBEAT] Node: 0 | Tick: 290941 | Conf: 290939 | Hash: 0xB32C07FB | Rollbacks: 11 (Resim:  11) | Stalls:  0
[HEARTBEAT] Node: 0 | Tick: 291001 | Conf: 290999 | Hash: 0x669EB767 | Rollbacks: 23 (Resim:  23) | Stalls:  0
[HEARTBEAT] Node: 0 | Tick: 291061 | Conf: 291059 | Hash: 0xE93BDA06 | Rollbacks: 22 (Resim:  22) | Stalls:  0
[HEARTBEAT] Node: 0 | Tick: 291121 | Conf: 291119 | Hash: 0x83B49D63 | Rollbacks: 23 (Resim:  23) | Stalls:  0
[HEARTBEAT] Node: 0 | Tick: 291181 | Conf: 291179 | Hash: 0xC9F4C9FB | Rollbacks: 22 (Resim:  22) | Stalls:  0
[BOT:50006] Heartbeat - Sparse Mods Tracked: 2048
[HEARTBEAT] Node: 0 | Tick: 291241 | Conf: 291239 | Hash: 0xCEF0DB3B | Rollbacks: 20 (Resim:  20) | Stalls:  0
[HEARTBEAT] Node: 0 | Tick: 291301 | Conf: 291299 | Hash: 0xA6AE79E8 | Rollbacks: 19 (Resim:  19) | Stalls:  0
[HEARTBEAT] Node: 0 | Tick: 291361 | Conf: 291359 | Hash: 0x32A8A877 | Rollbacks: 18 (Resim:  18) | Stalls:  0
[HEARTBEAT] Node: 0 | Tick: 291421 | Conf: 291419 | Hash: 0x14A9E85B | Rollbacks: 16 (Resim:  16) | Stalls:  0
[HEARTBEAT] Node: 0 | Tick: 291481 | Conf: 291479 | Hash: 0xB31D3A34 | Rollbacks: 14 (Resim:  14) | Stalls:  0
[HEARTBEAT] Node: 0 | Tick: 291541 | Conf: 291539 | Hash: 0xB4F9AC5C | Rollbacks: 10 (Resim:  10) | Stalls:  0
[HEARTBEAT] Node: 0 | Tick: 291601 | Conf: 291599 | Hash: 0xB06D6CF1 | Rollbacks:  2 (Resim:   2) | Stalls:  0
[HEARTBEAT] Node: 0 | Tick: 291661 | Conf: 291659 | Hash: 0x4CFE139E | Rollbacks:  0 (Resim:   0) | Stalls:  0
[HEARTBEAT] Node: 0 | Tick: 291721 | Conf: 291719 | Hash: 0xD282B039 | Rollbacks:  0 (Resim:   0) | Stalls:  0
[BOT:50006] Heartbeat - Sparse Mods Tracked: 2048
[HEARTBEAT] Node: 0 | Tick: 291781 | Conf: 291779 | Hash: 0xAB345966 | Rollbacks:  0 (Resim:   0) | Stalls:  0
[HEARTBEAT] Node: 0 | Tick: 291841 | Conf: 291839 | Hash: 0xBC008637 | Rollbacks:  0 (Resim:   0) | Stalls:  0
[HEARTBEAT] Node: 0 | Tick: 291901 | Conf: 291899 | Hash: 0xA5B9BFB2 | Rollbacks: 11 (Resim:  11) | Stalls:  0
[HEARTBEAT] Node: 0 | Tick: 291961 | Conf: 291959 | Hash: 0x8A5B231B | Rollbacks: 24 (Resim:  24) | Stalls:  0
[HEARTBEAT] Node: 0 | Tick: 292021 | Conf: 292019 | Hash: 0x0E1DB2D5 | Rollbacks: 24 (Resim:  24) | Stalls:  0
[HEARTBEAT] Node: 0 | Tick: 292081 | Conf: 292079 | Hash: 0x82339B87 | Rollbacks: 23 (Resim:  23) | Stalls:  0
[HEARTBEAT] Node: 0 | Tick: 292141 | Conf: 292139 | Hash: 0xE43AAF8B | Rollbacks: 21 (Resim:  21) | Stalls:  0
[HEARTBEAT] Node: 0 | Tick: 292201 | Conf: 292199 | Hash: 0x00A794E1 | Rollbacks: 22 (Resim:  22) | Stalls:  0
[HEARTBEAT] Node: 0 | Tick: 292261 | Conf: 292259 | Hash: 0x4F7AFF80 | Rollbacks: 21 (Resim:  21) | Stalls:  0
[HEARTBEAT] Node: 0 | Tick: 292321 | Conf: 292319 | Hash: 0x20C6FCBF | Rollbacks: 23 (Resim:  23) | Stalls:  0
[BOT:50006] Heartbeat - Sparse Mods Tracked: 2048
[HEARTBEAT] Node: 0 | Tick: 292381 | Conf: 292379 | Hash: 0x3172D1FD | Rollbacks: 21 (Resim:  21) | Stalls:  0
[HEARTBEAT] Node: 0 | Tick: 292441 | Conf: 292439 | Hash: 0xE291DF5A | Rollbacks: 20 (Resim:  20) | Stalls:  0
[HEARTBEAT] Node: 0 | Tick: 292501 | Conf: 292499 | Hash: 0xF19B55E1 | Rollbacks: 18 (Resim:  18) | Stalls:  0
[HEARTBEAT] Node: 0 | Tick: 292561 | Conf: 292559 | Hash: 0x19F211D0 | Rollbacks: 15 (Resim:  15) | Stalls:  0
[HEARTBEAT] Node: 0 | Tick: 292621 | Conf: 292619 | Hash: 0x4BC7C010 | Rollbacks: 11 (Resim:  11) | Stalls:  0
[HEARTBEAT] Node: 0 | Tick: 292681 | Conf: 292679 | Hash: 0x2E1A06AD | Rollbacks:  7 (Resim:   7) | Stalls:  0
[HEARTBEAT] Node: 0 | Tick: 292741 | Conf: 292739 | Hash: 0x702DBF22 | Rollbacks: 22 (Resim:  23) | Stalls:  0
[HEARTBEAT] Node: 0 | Tick: 292801 | Conf: 292799 | Hash: 0x20FDFECD | Rollbacks: 25 (Resim:  25) | Stalls:  0
[HEARTBEAT] Node: 0 | Tick: 292861 | Conf: 292859 | Hash: 0xB541324E | Rollbacks: 22 (Resim:  22) | Stalls:  0
[HEARTBEAT] Node: 0 | Tick: 292921 | Conf: 292919 | Hash: 0xC5E0E522 | Rollbacks: 22 (Resim:  22) | Stalls:  0
[BOT:50006] Heartbeat - Sparse Mods Tracked: 2048
[HEARTBEAT] Node: 0 | Tick: 292981 | Conf: 292979 | Hash: 0x7C4B4083 | Rollbacks: 23 (Resim:  23) | Stalls:  0
[HEARTBEAT] Node: 0 | Tick: 293041 | Conf: 293039 | Hash: 0x5AF79081 | Rollbacks: 22 (Resim:  22) | Stalls:  0
[HEARTBEAT] Node: 0 | Tick: 293101 | Conf: 293099 | Hash: 0xAE16E5A0 | Rollbacks: 22 (Resim:  22) | Stalls:  0
[HEARTBEAT] Node: 0 | Tick: 293161 | Conf: 293159 | Hash: 0x626F5696 | Rollbacks: 20 (Resim:  20) | Stalls:  0
[HEARTBEAT] Node: 0 | Tick: 293221 | Conf: 293219 | Hash: 0xD834CDF2 | Rollbacks: 18 (Resim:  18) | Stalls:  0
[HEARTBEAT] Node: 0 | Tick: 293281 | Conf: 293279 | Hash: 0x232DB520 | Rollbacks: 17 (Resim:  17) | Stalls:  0
[HEARTBEAT] Node: 0 | Tick: 293341 | Conf: 293339 | Hash: 0xD72D92A8 | Rollbacks: 16 (Resim:  16) | Stalls:  0
[HEARTBEAT] Node: 0 | Tick: 293401 | Conf: 293399 | Hash: 0xA5FC3432 | Rollbacks: 11 (Resim:  11) | Stalls:  0
[HEARTBEAT] Node: 0 | Tick: 293461 | Conf: 293459 | Hash: 0x34B5468A | Rollbacks:  9 (Resim:   9) | Stalls:  0
[BOT:50006] Heartbeat - Sparse Mods Tracked: 2048
[HEARTBEAT] Node: 0 | Tick: 293521 | Conf: 293519 | Hash: 0xC011E32F | Rollbacks:  4 (Resim:   4) | Stalls:  0
[HEARTBEAT] Node: 0 | Tick: 293581 | Conf: 293579 | Hash: 0x3CE0E709 | Rollbacks:  0 (Resim:   0) | Stalls:  0
[HEARTBEAT] Node: 0 | Tick: 293641 | Conf: 293639 | Hash: 0xF65A0168 | Rollbacks:  0 (Resim:   0) | Stalls:  0
[HEARTBEAT] Node: 0 | Tick: 293701 | Conf: 293699 | Hash: 0xF7EC59AD | Rollbacks:  0 (Resim:   0) | Stalls:  0
[HEARTBEAT] Node: 0 | Tick: 293761 | Conf: 293759 | Hash: 0xEAE898D3 | Rollbacks:  0 (Resim:   0) | Stalls:  0
[HEARTBEAT] Node: 0 | Tick: 293821 | Conf: 293819 | Hash: 0x3FBC5BC8 | Rollbacks: 19 (Resim:  19) | Stalls:  0
[HEARTBEAT] Node: 0 | Tick: 293881 | Conf: 293879 | Hash: 0x9FDF7EAA | Rollbacks: 23 (Resim:  23) | Stalls:  0
[HEARTBEAT] Node: 0 | Tick: 293941 | Conf: 293939 | Hash: 0x2F2B0BFA | Rollbacks: 23 (Resim:  23) | Stalls:  0
[HEARTBEAT] Node: 0 | Tick: 294001 | Conf: 293999 | Hash: 0x96FADAED | Rollbacks: 23 (Resim:  24) | Stalls:  0
[HEARTBEAT] Node: 0 | Tick: 294061 | Conf: 294059 | Hash: 0x254B7798 | Rollbacks: 22 (Resim:  22) | Stalls:  0
[BOT:50006] Heartbeat - Sparse Mods Tracked: 2048
[HEARTBEAT] Node: 0 | Tick: 294121 | Conf: 294119 | Hash: 0xC0E2C5E4 | Rollbacks: 21 (Resim:  21) | Stalls:  0
[HEARTBEAT] Node: 0 | Tick: 294181 | Conf: 294179 | Hash: 0x40E27F21 | Rollbacks: 18 (Resim:  18) | Stalls:  0
[HEARTBEAT] Node: 0 | Tick: 294241 | Conf: 294239 | Hash: 0xF317AB2D | Rollbacks: 16 (Resim:  16) | Stalls:  0
[HEARTBEAT] Node: 0 | Tick: 294301 | Conf: 294299 | Hash: 0xBBCB6813 | Rollbacks:  2 (Resim:   3) | Stalls:  0
[HEARTBEAT] Node: 0 | Tick: 294361 | Conf: 294359 | Hash: 0x5F842CFB | Rollbacks:  0 (Resim:   0) | Stalls:  0
[HEARTBEAT] Node: 0 | Tick: 294421 | Conf: 294419 | Hash: 0xEE8AF90B | Rollbacks: 13 (Resim:  13) | Stalls:  0
[HEARTBEAT] Node: 0 | Tick: 294481 | Conf: 294479 | Hash: 0xF5A54953 | Rollbacks: 23 (Resim:  23) | Stalls:  0
[HEARTBEAT] Node: 0 | Tick: 294541 | Conf: 294539 | Hash: 0xB6332DE8 | Rollbacks: 18 (Resim:  18) | Stalls:  0
[HEARTBEAT] Node: 0 | Tick: 294601 | Conf: 294599 | Hash: 0x31503F09 | Rollbacks: 14 (Resim:  14) | Stalls:  0
[HEARTBEAT] Node: 0 | Tick: 294661 | Conf: 294659 | Hash: 0x1C58204F | Rollbacks:  0 (Resim:   0) | Stalls:  0
[BOT:50006] Heartbeat - Sparse Mods Tracked: 2048
[HEARTBEAT] Node: 0 | Tick: 294721 | Conf: 294719 | Hash: 0xAADD1576 | Rollbacks: 17 (Resim:  17) | Stalls:  0
[HEARTBEAT] Node: 0 | Tick: 294781 | Conf: 294779 | Hash: 0xD4309C5A | Rollbacks: 21 (Resim:  21) | Stalls:  0
[HEARTBEAT] Node: 0 | Tick: 294841 | Conf: 294839 | Hash: 0x63D0787B | Rollbacks:  1 (Resim:   1) | Stalls:  0
[HEARTBEAT] Node: 0 | Tick: 294901 | Conf: 294899 | Hash: 0x9A62657D | Rollbacks: 11 (Resim:  11) | Stalls:  0
[HEARTBEAT] Node: 0 | Tick: 294961 | Conf: 294959 | Hash: 0x83CB02CE | Rollbacks: 15 (Resim:  15) | Stalls:  0
[HEARTBEAT] Node: 0 | Tick: 295021 | Conf: 295019 | Hash: 0x31458B90 | Rollbacks: 15 (Resim:  15) | Stalls:  0
[HEARTBEAT] Node: 0 | Tick: 295081 | Conf: 295079 | Hash: 0x380FB169 | Rollbacks: 11 (Resim:  11) | Stalls:  0
[HEARTBEAT] Node: 0 | Tick: 295141 | Conf: 295139 | Hash: 0x34E221B9 | Rollbacks:  0 (Resim:   0) | Stalls:  0
[HEARTBEAT] Node: 0 | Tick: 295201 | Conf: 295199 | Hash: 0x306FD69D | Rollbacks: 14 (Resim:  14) | Stalls:  0
[HEARTBEAT] Node: 0 | Tick: 295261 | Conf: 295259 | Hash: 0xF99E1861 | Rollbacks:  9 (Resim:   9) | Stalls:  0
[BOT:50006] Heartbeat - Sparse Mods Tracked: 2048
[HEARTBEAT] Node: 0 | Tick: 295321 | Conf: 295319 | Hash: 0x0471314C | Rollbacks:  0 (Resim:   0) | Stalls:  0
[HEARTBEAT] Node: 0 | Tick: 295381 | Conf: 295379 | Hash: 0x980292C9 | Rollbacks: 18 (Resim:  18) | Stalls:  0
[HEARTBEAT] Node: 0 | Tick: 295441 | Conf: 295439 | Hash: 0x2F37CD19 | Rollbacks: 14 (Resim:  14) | Stalls:  0
[HEARTBEAT] Node: 0 | Tick: 295501 | Conf: 295499 | Hash: 0xF5419A5D | Rollbacks:  9 (Resim:   9) | Stalls:  0
[HEARTBEAT] Node: 0 | Tick: 295561 | Conf: 295559 | Hash: 0xFBCA9983 | Rollbacks:  7 (Resim:   7) | Stalls:  0
[HEARTBEAT] Node: 0 | Tick: 295621 | Conf: 295619 | Hash: 0xDD6AD359 | Rollbacks: 19 (Resim:  19) | Stalls:  0
[HEARTBEAT] Node: 0 | Tick: 295681 | Conf: 295679 | Hash: 0xA87E6B2C | Rollbacks:  3 (Resim:   3) | Stalls:  0
[HEARTBEAT] Node: 0 | Tick: 295741 | Conf: 295739 | Hash: 0x0AA67F3C | Rollbacks:  9 (Resim:   9) | Stalls:  0
[HEARTBEAT] Node: 0 | Tick: 295801 | Conf: 295799 | Hash: 0xD9A24D7F | Rollbacks: 12 (Resim:  12) | Stalls:  0
[BOT:50006] Heartbeat - Sparse Mods Tracked: 2048
[HEARTBEAT] Node: 0 | Tick: 295861 | Conf: 295859 | Hash: 0xD9F62F31 | Rollbacks: 15 (Resim:  15) | Stalls:  0
[HEARTBEAT] Node: 0 | Tick: 295921 | Conf: 295919 | Hash: 0x063DB848 | Rollbacks:  4 (Resim:   4) | Stalls:  0
[HEARTBEAT] Node: 0 | Tick: 295981 | Conf: 295979 | Hash: 0x5B2EC3D9 | Rollbacks: 17 (Resim:  17) | Stalls:  0
[HEARTBEAT] Node: 0 | Tick: 296041 | Conf: 296039 | Hash: 0xFC5D394C | Rollbacks:  6 (Resim:   6) | Stalls:  0
[HEARTBEAT] Node: 0 | Tick: 296101 | Conf: 296099 | Hash: 0x4688BDD6 | Rollbacks:  2 (Resim:   2) | Stalls:  0
[HEARTBEAT] Node: 0 | Tick: 296161 | Conf: 296159 | Hash: 0xA140343A | Rollbacks: 11 (Resim:  11) | Stalls:  0
[HEARTBEAT] Node: 0 | Tick: 296221 | Conf: 296219 | Hash: 0x94EF221C | Rollbacks:  0 (Resim:   0) | Stalls:  0
[HEARTBEAT] Node: 0 | Tick: 296281 | Conf: 296279 | Hash: 0xB28F632A | Rollbacks: 24 (Resim:  24) | Stalls:  0
[HEARTBEAT] Node: 0 | Tick: 296341 | Conf: 296339 | Hash: 0xDF454F97 | Rollbacks: 11 (Resim:  11) | Stalls:  0
[HEARTBEAT] Node: 0 | Tick: 296401 | Conf: 296399 | Hash: 0xE2C834BF | Rollbacks:  3 (Resim:   3) | Stalls:  0
[BOT:50006] Heartbeat - Sparse Mods Tracked: 2048
[HEARTBEAT] Node: 0 | Tick: 296461 | Conf: 296459 | Hash: 0x2267DA88 | Rollbacks:  0 (Resim:   0) | Stalls:  0
[HEARTBEAT] Node: 0 | Tick: 296521 | Conf: 296519 | Hash: 0x16AF8A55 | Rollbacks: 20 (Resim:  20) | Stalls:  0
[HEARTBEAT] Node: 0 | Tick: 296581 | Conf: 296579 | Hash: 0x1FD26DE1 | Rollbacks:  0 (Resim:   0) | Stalls:  0
[HEARTBEAT] Node: 0 | Tick: 296641 | Conf: 296639 | Hash: 0x6A0CC237 | Rollbacks:  0 (Resim:   0) | Stalls:  0
[HEARTBEAT] Node: 0 | Tick: 296701 | Conf: 296699 | Hash: 0xC7F691F4 | Rollbacks:  2 (Resim:   2) | Stalls:  0
[HEARTBEAT] Node: 0 | Tick: 296761 | Conf: 296759 | Hash: 0xE8395BC0 | Rollbacks: 18 (Resim:  18) | Stalls:  0
[HEARTBEAT] Node: 0 | Tick: 296821 | Conf: 296819 | Hash: 0xDD07B950 | Rollbacks:  7 (Resim:   7) | Stalls:  0
[HEARTBEAT] Node: 0 | Tick: 296881 | Conf: 296879 | Hash: 0x22D9F7B3 | Rollbacks:  0 (Resim:   0) | Stalls:  0
[HEARTBEAT] Node: 0 | Tick: 296941 | Conf: 296939 | Hash: 0xD7BEE351 | Rollbacks:  9 (Resim:   9) | Stalls:  0
[HEARTBEAT] Node: 0 | Tick: 297001 | Conf: 296999 | Hash: 0xBA9218E7 | Rollbacks:  0 (Resim:   0) | Stalls:  0
[BOT:50006] Heartbeat - Sparse Mods Tracked: 2048
[HEARTBEAT] Node: 0 | Tick: 297061 | Conf: 297059 | Hash: 0x6DA852DD | Rollbacks: 17 (Resim:  17) | Stalls:  0
[HEARTBEAT] Node: 0 | Tick: 297121 | Conf: 297119 | Hash: 0x1778C12D | Rollbacks: 10 (Resim:  10) | Stalls:  0
[HEARTBEAT] Node: 0 | Tick: 297181 | Conf: 297179 | Hash: 0x4568BF79 | Rollbacks:  4 (Resim:   4) | Stalls:  0
[HEARTBEAT] Node: 0 | Tick: 297241 | Conf: 297239 | Hash: 0xAE3EAAEA | Rollbacks:  4 (Resim:   4) | Stalls:  0
[HEARTBEAT] Node: 0 | Tick: 297301 | Conf: 297299 | Hash: 0x75FC5C8E | Rollbacks:  8 (Resim:   8) | Stalls:  0
[HEARTBEAT] Node: 0 | Tick: 297361 | Conf: 297359 | Hash: 0x54B328EE | Rollbacks:  0 (Resim:   0) | Stalls:  0
[HEARTBEAT] Node: 0 | Tick: 297421 | Conf: 297419 | Hash: 0x4EBC3BA3 | Rollbacks: 12 (Resim:  12) | Stalls:  0
[HEARTBEAT] Node: 0 | Tick: 297481 | Conf: 297479 | Hash: 0xF6E7B29F | Rollbacks:  0 (Resim:   0) | Stalls:  0
[HEARTBEAT] Node: 0 | Tick: 297541 | Conf: 297539 | Hash: 0x4E64779B | Rollbacks: 23 (Resim:  23) | Stalls:  0
[HEARTBEAT] Node: 0 | Tick: 297601 | Conf: 297599 | Hash: 0xABA79222 | Rollbacks: 12 (Resim:  12) | Stalls:  0
[BOT:50006] Heartbeat - Sparse Mods Tracked: 2048
[HEARTBEAT] Node: 0 | Tick: 297661 | Conf: 297659 | Hash: 0x7097BBAF | Rollbacks:  4 (Resim:   4) | Stalls:  0
[HEARTBEAT] Node: 0 | Tick: 297721 | Conf: 297719 | Hash: 0x7F17F83C | Rollbacks:  0 (Resim:   0) | Stalls:  0
[HEARTBEAT] Node: 0 | Tick: 297781 | Conf: 297779 | Hash: 0x9F9FA285 | Rollbacks:  7 (Resim:   7) | Stalls:  0
[HEARTBEAT] Node: 0 | Tick: 297841 | Conf: 297839 | Hash: 0x5DFB688D | Rollbacks:  0 (Resim:   0) | Stalls:  0
[HEARTBEAT] Node: 0 | Tick: 297901 | Conf: 297899 | Hash: 0xCF435520 | Rollbacks: 17 (Resim:  17) | Stalls:  0
[HEARTBEAT] Node: 0 | Tick: 297961 | Conf: 297959 | Hash: 0xBB81929D | Rollbacks:  9 (Resim:   9) | Stalls:  0
[HEARTBEAT] Node: 0 | Tick: 298021 | Conf: 298019 | Hash: 0x753AE72C | Rollbacks:  0 (Resim:   0) | Stalls:  0
[HEARTBEAT] Node: 0 | Tick: 298081 | Conf: 298079 | Hash: 0x0414C5F2 | Rollbacks: 10 (Resim:  10) | Stalls:  0
[HEARTBEAT] Node: 0 | Tick: 298141 | Conf: 298139 | Hash: 0x4074A538 | Rollbacks:  0 (Resim:   0) | Stalls:  0
[HEARTBEAT] Node: 0 | Tick: 298201 | Conf: 298199 | Hash: 0xF9A405EC | Rollbacks: 11 (Resim:  11) | Stalls:  0
[BOT:50006] Heartbeat - Sparse Mods Tracked: 2048
[HEARTBEAT] Node: 0 | Tick: 298261 | Conf: 298259 | Hash: 0x6B0088F9 | Rollbacks:  0 (Resim:   0) | Stalls:  0
[HEARTBEAT] Node: 0 | Tick: 298321 | Conf: 298319 | Hash: 0xE72E7D39 | Rollbacks: 23 (Resim:  23) | Stalls:  0
[HEARTBEAT] Node: 0 | Tick: 298381 | Conf: 298379 | Hash: 0xCE650298 | Rollbacks:  7 (Resim:   7) | Stalls:  0
[HEARTBEAT] Node: 0 | Tick: 298441 | Conf: 298439 | Hash: 0xEE558EC9 | Rollbacks:  0 (Resim:   0) | Stalls:  0
[HEARTBEAT] Node: 0 | Tick: 298501 | Conf: 298499 | Hash: 0x2DDBE9AD | Rollbacks: 22 (Resim:  22) | Stalls:  0
[HEARTBEAT] Node: 0 | Tick: 298561 | Conf: 298559 | Hash: 0x3970C1A3 | Rollbacks: 16 (Resim:  16) | Stalls:  0
[HEARTBEAT] Node: 0 | Tick: 298621 | Conf: 298619 | Hash: 0x9417B880 | Rollbacks:  1 (Resim:   1) | Stalls:  0
[HEARTBEAT] Node: 0 | Tick: 298681 | Conf: 298679 | Hash: 0x29F00FCF | Rollbacks:  0 (Resim:   0) | Stalls:  0
[HEARTBEAT] Node: 0 | Tick: 298741 | Conf: 298739 | Hash: 0xCE9734B6 | Rollbacks: 19 (Resim:  19) | Stalls:  0
[BOT:50006] Heartbeat - Sparse Mods Tracked: 2048
[HEARTBEAT] Node: 0 | Tick: 298801 | Conf: 298799 | Hash: 0x733CB454 | Rollbacks:  5 (Resim:   5) | Stalls:  0
[HEARTBEAT] Node: 0 | Tick: 298861 | Conf: 298859 | Hash: 0x64BC16B7 | Rollbacks:  0 (Resim:   0) | Stalls:  0
[HEARTBEAT] Node: 0 | Tick: 298921 | Conf: 298919 | Hash: 0xB0933730 | Rollbacks:  6 (Resim:   6) | Stalls:  0
[HEARTBEAT] Node: 0 | Tick: 298981 | Conf: 298979 | Hash: 0x62DCE7D3 | Rollbacks:  3 (Resim:   3) | Stalls:  0
[HEARTBEAT] Node: 0 | Tick: 299041 | Conf: 299039 | Hash: 0x0689A9B8 | Rollbacks:  5 (Resim:   5) | Stalls:  0
[HEARTBEAT] Node: 0 | Tick: 299101 | Conf: 299099 | Hash: 0xB41531CE | Rollbacks: 10 (Resim:  10) | Stalls:  0
[HEARTBEAT] Node: 0 | Tick: 299161 | Conf: 299159 | Hash: 0x96A9827F | Rollbacks:  6 (Resim:   6) | Stalls:  0
[HEARTBEAT] Node: 0 | Tick: 299221 | Conf: 299219 | Hash: 0x76F17605 | Rollbacks:  0 (Resim:   0) | Stalls:  0
[HEARTBEAT] Node: 0 | Tick: 299281 | Conf: 299279 | Hash: 0x25D6B2DB | Rollbacks: 13 (Resim:  13) | Stalls:  0
[HEARTBEAT] Node: 0 | Tick: 299341 | Conf: 299339 | Hash: 0x8A54A27E | Rollbacks:  7 (Resim:   7) | Stalls:  0
[BOT:50006] Heartbeat - Sparse Mods Tracked: 2048
[HEARTBEAT] Node: 0 | Tick: 299401 | Conf: 299399 | Hash: 0x8464630B | Rollbacks:  0 (Resim:   0) | Stalls:  0
[HEARTBEAT] Node: 0 | Tick: 299461 | Conf: 299459 | Hash: 0xB0BB15FB | Rollbacks: 10 (Resim:  10) | Stalls:  0
[HEARTBEAT] Node: 0 | Tick: 299521 | Conf: 299519 | Hash: 0x15B65B28 | Rollbacks:  0 (Resim:   0) | Stalls:  0
[HEARTBEAT] Node: 0 | Tick: 299581 | Conf: 299579 | Hash: 0xCD0C1E89 | Rollbacks: 19 (Resim:  19) | Stalls:  0
[HEARTBEAT] Node: 0 | Tick: 299641 | Conf: 299639 | Hash: 0x9C8F6E8B | Rollbacks: 18 (Resim:  18) | Stalls:  0
[HEARTBEAT] Node: 0 | Tick: 299701 | Conf: 299699 | Hash: 0x459DBBAC | Rollbacks:  4 (Resim:   4) | Stalls:  0
[HEARTBEAT] Node: 0 | Tick: 299761 | Conf: 299759 | Hash: 0xF3485BF9 | Rollbacks: 12 (Resim:  12) | Stalls:  0
[HEARTBEAT] Node: 0 | Tick: 299821 | Conf: 299819 | Hash: 0xA2B9C7A8 | Rollbacks:  9 (Resim:   9) | Stalls:  0
[HEARTBEAT] Node: 0 | Tick: 299881 | Conf: 299879 | Hash: 0x7EBC762C | Rollbacks:  6 (Resim:   6) | Stalls:  0
[HEARTBEAT] Node: 0 | Tick: 299941 | Conf: 299939 | Hash: 0x16770160 | Rollbacks: 10 (Resim:  10) | Stalls:  0
[BOT:50006] Heartbeat - Sparse Mods Tracked: 2048
[HEARTBEAT] Node: 0 | Tick: 300001 | Conf: 299999 | Hash: 0x1B077A26 | Rollbacks:  0 (Resim:   0) | Stalls:  0
[HEARTBEAT] Node: 0 | Tick: 300061 | Conf: 300059 | Hash: 0x9F650776 | Rollbacks: 25 (Resim:  25) | Stalls:  0
[HEARTBEAT] Node: 0 | Tick: 300121 | Conf: 300119 | Hash: 0xC74977A0 | Rollbacks:  4 (Resim:   5) | Stalls:  0
[HEARTBEAT] Node: 0 | Tick: 300181 | Conf: 300179 | Hash: 0x6373387F | Rollbacks:  7 (Resim:   7) | Stalls:  0
[HEARTBEAT] Node: 0 | Tick: 300241 | Conf: 300239 | Hash: 0xACEB0783 | Rollbacks:  2 (Resim:   2) | Stalls:  0
[HEARTBEAT] Node: 0 | Tick: 300301 | Conf: 300299 | Hash: 0xEBCA6810 | Rollbacks:  7 (Resim:   7) | Stalls:  0
[HEARTBEAT] Node: 0 | Tick: 300361 | Conf: 300359 | Hash: 0x7005398E | Rollbacks:  0 (Resim:   0) | Stalls:  0
[HEARTBEAT] Node: 0 | Tick: 300421 | Conf: 300419 | Hash: 0xE04B6EC2 | Rollbacks: 14 (Resim:  14) | Stalls:  0
[HEARTBEAT] Node: 0 | Tick: 300481 | Conf: 300479 | Hash: 0x990DE0FB | Rollbacks: 18 (Resim:  18) | Stalls:  0
[HEARTBEAT] Node: 0 | Tick: 300541 | Conf: 300539 | Hash: 0xA06E6EB7 | Rollbacks: 11 (Resim:  11) | Stalls:  0
[BOT:50006] Heartbeat - Sparse Mods Tracked: 2048
[HEARTBEAT] Node: 0 | Tick: 300601 | Conf: 300599 | Hash: 0xA01F42D1 | Rollbacks:  3 (Resim:   3) | Stalls:  0
[HEARTBEAT] Node: 0 | Tick: 300661 | Conf: 300659 | Hash: 0x2E8394F4 | Rollbacks:  4 (Resim:   4) | Stalls:  0
[HEARTBEAT] Node: 0 | Tick: 300721 | Conf: 300719 | Hash: 0xC84369C7 | Rollbacks: 24 (Resim:  24) | Stalls:  0
[HEARTBEAT] Node: 0 | Tick: 300781 | Conf: 300779 | Hash: 0x353C9969 | Rollbacks:  1 (Resim:   1) | Stalls:  0
[HEARTBEAT] Node: 0 | Tick: 300841 | Conf: 300839 | Hash: 0xEF34AD01 | Rollbacks:  0 (Resim:   0) | Stalls:  0
[HEARTBEAT] Node: 0 | Tick: 300901 | Conf: 300899 | Hash: 0x3E568D9B | Rollbacks: 13 (Resim:  13) | Stalls:  0
[HEARTBEAT] Node: 0 | Tick: 300961 | Conf: 300959 | Hash: 0xF58BE40A | Rollbacks:  1 (Resim:   1) | Stalls:  0
[HEARTBEAT] Node: 0 | Tick: 301021 | Conf: 301019 | Hash: 0xFCEF335B | Rollbacks: 20 (Resim:  20) | Stalls:  0
[HEARTBEAT] Node: 0 | Tick: 301081 | Conf: 301079 | Hash: 0x2E860E56 | Rollbacks:  0 (Resim:   0) | Stalls:  0
[BOT:50006] Heartbeat - Sparse Mods Tracked: 2048
[HEARTBEAT] Node: 0 | Tick: 301141 | Conf: 301139 | Hash: 0x34F77504 | Rollbacks: 15 (Resim:  15) | Stalls:  0
[HEARTBEAT] Node: 0 | Tick: 301201 | Conf: 301199 | Hash: 0xCB60742C | Rollbacks: 10 (Resim:  10) | Stalls:  0
[HEARTBEAT] Node: 0 | Tick: 301261 | Conf: 301259 | Hash: 0x528CD90C | Rollbacks:  0 (Resim:   0) | Stalls:  0
[HEARTBEAT] Node: 0 | Tick: 301321 | Conf: 301319 | Hash: 0x9C3DB483 | Rollbacks:  8 (Resim:   8) | Stalls:  0
[HEARTBEAT] Node: 0 | Tick: 301381 | Conf: 301379 | Hash: 0x20B8BBE5 | Rollbacks:  0 (Resim:   0) | Stalls:  0
[HEARTBEAT] Node: 0 | Tick: 301441 | Conf: 301439 | Hash: 0xF7EDDC4E | Rollbacks:  0 (Resim:   0) | Stalls:  0
[HEARTBEAT] Node: 0 | Tick: 301501 | Conf: 301499 | Hash: 0x7AE5A038 | Rollbacks: 12 (Resim:  12) | Stalls:  0
[HEARTBEAT] Node: 0 | Tick: 301561 | Conf: 301559 | Hash: 0x90073251 | Rollbacks: 13 (Resim:  13) | Stalls:  0
[HEARTBEAT] Node: 0 | Tick: 301621 | Conf: 301619 | Hash: 0x35F92F8C | Rollbacks:  0 (Resim:   0) | Stalls:  0
[HEARTBEAT] Node: 0 | Tick: 301681 | Conf: 301679 | Hash: 0x8AD061FD | Rollbacks: 14 (Resim:  14) | Stalls:  0
[BOT:50006] Heartbeat - Sparse Mods Tracked: 2048
[HEARTBEAT] Node: 0 | Tick: 301741 | Conf: 301739 | Hash: 0x02EA1037 | Rollbacks:  1 (Resim:   1) | Stalls:  0
[HEARTBEAT] Node: 0 | Tick: 301801 | Conf: 301799 | Hash: 0x7AB18631 | Rollbacks: 15 (Resim:  15) | Stalls:  0
[HEARTBEAT] Node: 0 | Tick: 301861 | Conf: 301859 | Hash: 0xACCB42C7 | Rollbacks:  7 (Resim:   7) | Stalls:  0
[HEARTBEAT] Node: 0 | Tick: 301921 | Conf: 301919 | Hash: 0x6663100A | Rollbacks:  0 (Resim:   0) | Stalls:  0
[HEARTBEAT] Node: 0 | Tick: 301981 | Conf: 301979 | Hash: 0xA9ED301D | Rollbacks:  8 (Resim:   8) | Stalls:  0
[HEARTBEAT] Node: 0 | Tick: 302041 | Conf: 302039 | Hash: 0xEF77F307 | Rollbacks:  0 (Resim:   0) | Stalls:  0
[HEARTBEAT] Node: 0 | Tick: 302101 | Conf: 302099 | Hash: 0x374A9205 | Rollbacks: 15 (Resim:  15) | Stalls:  0
[HEARTBEAT] Node: 0 | Tick: 302161 | Conf: 302159 | Hash: 0x4FC6048E | Rollbacks: 17 (Resim:  17) | Stalls:  0
[HEARTBEAT] Node: 0 | Tick: 302221 | Conf: 302219 | Hash: 0x84F48D33 | Rollbacks: 15 (Resim:  15) | Stalls:  0
[HEARTBEAT] Node: 0 | Tick: 302281 | Conf: 302279 | Hash: 0xAF79966B | Rollbacks:  6 (Resim:   6) | Stalls:  0
[BOT:50006] Heartbeat - Sparse Mods Tracked: 2048
[HEARTBEAT] Node: 0 | Tick: 302341 | Conf: 302339 | Hash: 0x14E700DA | Rollbacks:  1 (Resim:   1) | Stalls:  0
[HEARTBEAT] Node: 0 | Tick: 302401 | Conf: 302399 | Hash: 0x03ABE3B2 | Rollbacks: 22 (Resim:  22) | Stalls:  0
[HEARTBEAT] Node: 0 | Tick: 302461 | Conf: 302459 | Hash: 0x31F72665 | Rollbacks: 18 (Resim:  18) | Stalls:  0
[HEARTBEAT] Node: 0 | Tick: 302521 | Conf: 302519 | Hash: 0xF9AC2392 | Rollbacks:  0 (Resim:   0) | Stalls:  0
[HEARTBEAT] Node: 0 | Tick: 302581 | Conf: 302579 | Hash: 0x5F7A1663 | Rollbacks: 20 (Resim:  20) | Stalls:  0
[HEARTBEAT] Node: 0 | Tick: 302641 | Conf: 302639 | Hash: 0x0C54D54D | Rollbacks: 12 (Resim:  12) | Stalls:  0
[HEARTBEAT] Node: 0 | Tick: 302701 | Conf: 302699 | Hash: 0xB69FCB28 | Rollbacks:  0 (Resim:   0) | Stalls:  0
[HEARTBEAT] Node: 0 | Tick: 302761 | Conf: 302759 | Hash: 0x88050867 | Rollbacks: 17 (Resim:  17) | Stalls:  0
[HEARTBEAT] Node: 0 | Tick: 302821 | Conf: 302819 | Hash: 0x047B8B1C | Rollbacks:  8 (Resim:   8) | Stalls:  0
[HEARTBEAT] Node: 0 | Tick: 302881 | Conf: 302879 | Hash: 0xC180B5DF | Rollbacks:  0 (Resim:   0) | Stalls:  0
[BOT:50006] Heartbeat - Sparse Mods Tracked: 2048
[HEARTBEAT] Node: 0 | Tick: 302941 | Conf: 302939 | Hash: 0xE6DED5CF | Rollbacks: 20 (Resim:  20) | Stalls:  0
[HEARTBEAT] Node: 0 | Tick: 303001 | Conf: 302999 | Hash: 0xE386B6EA | Rollbacks: 14 (Resim:  14) | Stalls:  0
[HEARTBEAT] Node: 0 | Tick: 303061 | Conf: 303059 | Hash: 0xF06EF4D6 | Rollbacks: 15 (Resim:  15) | Stalls:  0
[HEARTBEAT] Node: 0 | Tick: 303121 | Conf: 303119 | Hash: 0xF649D26C | Rollbacks:  0 (Resim:   0) | Stalls:  0
[HEARTBEAT] Node: 0 | Tick: 303181 | Conf: 303179 | Hash: 0xF64DF1C4 | Rollbacks: 13 (Resim:  13) | Stalls:  0
[HEARTBEAT] Node: 0 | Tick: 303241 | Conf: 303239 | Hash: 0x1D7CFB69 | Rollbacks: 16 (Resim:  16) | Stalls:  0
[HEARTBEAT] Node: 0 | Tick: 303301 | Conf: 303299 | Hash: 0xD8F79E08 | Rollbacks: 24 (Resim:  24) | Stalls:  0
[HEARTBEAT] Node: 0 | Tick: 303361 | Conf: 303359 | Hash: 0x0D86F4A1 | Rollbacks:  2 (Resim:   2) | Stalls:  0
[HEARTBEAT] Node: 0 | Tick: 303421 | Conf: 303419 | Hash: 0x9A8E4294 | Rollbacks: 16 (Resim:  16) | Stalls:  0
[BOT:50006] Heartbeat - Sparse Mods Tracked: 2048
[HEARTBEAT] Node: 0 | Tick: 303481 | Conf: 303479 | Hash: 0xC0C473BB | Rollbacks:  0 (Resim:   0) | Stalls:  0
[HEARTBEAT] Node: 0 | Tick: 303541 | Conf: 303539 | Hash: 0x95F1B071 | Rollbacks: 19 (Resim:  19) | Stalls:  0
[HEARTBEAT] Node: 0 | Tick: 303601 | Conf: 303599 | Hash: 0x51930CBB | Rollbacks:  0 (Resim:   0) | Stalls:  0
[HEARTBEAT] Node: 0 | Tick: 303661 | Conf: 303659 | Hash: 0xE95BC060 | Rollbacks: 19 (Resim:  20) | Stalls:  0
[HEARTBEAT] Node: 0 | Tick: 303721 | Conf: 303719 | Hash: 0x939579F8 | Rollbacks:  0 (Resim:   0) | Stalls:  0
[HEARTBEAT] Node: 0 | Tick: 303781 | Conf: 303779 | Hash: 0xE49408EE | Rollbacks:  0 (Resim:   0) | Stalls:  0
[HEARTBEAT] Node: 0 | Tick: 303841 | Conf: 303839 | Hash: 0xE11EAFA5 | Rollbacks: 22 (Resim:  22) | Stalls:  0
[HEARTBEAT] Node: 0 | Tick: 303901 | Conf: 303899 | Hash: 0x37616BCC | Rollbacks:  0 (Resim:   0) | Stalls:  0
[HEARTBEAT] Node: 0 | Tick: 303961 | Conf: 303959 | Hash: 0x346342F3 | Rollbacks: 10 (Resim:  10) | Stalls:  0
[HEARTBEAT] Node: 0 | Tick: 304021 | Conf: 304019 | Hash: 0x9C0E4B4A | Rollbacks:  0 (Resim:   0) | Stalls:  0
[BOT:50006] Heartbeat - Sparse Mods Tracked: 2048
[HEARTBEAT] Node: 0 | Tick: 304081 | Conf: 304079 | Hash: 0xF94F217D | Rollbacks: 10 (Resim:  10) | Stalls:  0
[HEARTBEAT] Node: 0 | Tick: 304141 | Conf: 304139 | Hash: 0x2B668EED | Rollbacks: 18 (Resim:  18) | Stalls:  0
[HEARTBEAT] Node: 0 | Tick: 304201 | Conf: 304199 | Hash: 0xF985559B | Rollbacks:  0 (Resim:   0) | Stalls:  0
[HEARTBEAT] Node: 0 | Tick: 304261 | Conf: 304259 | Hash: 0xC5CFC57E | Rollbacks:  7 (Resim:   7) | Stalls:  0
[HEARTBEAT] Node: 0 | Tick: 304321 | Conf: 304319 | Hash: 0x7C76FF36 | Rollbacks:  0 (Resim:   0) | Stalls:  0
[HEARTBEAT] Node: 0 | Tick: 304381 | Conf: 304379 | Hash: 0x29BE87A1 | Rollbacks:  5 (Resim:   5) | Stalls:  0
[HEARTBEAT] Node: 0 | Tick: 304441 | Conf: 304439 | Hash: 0x9BB1F277 | Rollbacks:  0 (Resim:   0) | Stalls:  0
[HEARTBEAT] Node: 0 | Tick: 304501 | Conf: 304499 | Hash: 0xFE5C26C6 | Rollbacks:  2 (Resim:   2) | Stalls:  0
[HEARTBEAT] Node: 0 | Tick: 304561 | Conf: 304559 | Hash: 0x0D621418 | Rollbacks:  0 (Resim:   0) | Stalls:  0
[HEARTBEAT] Node: 0 | Tick: 304621 | Conf: 304619 | Hash: 0xAF4C7E62 | Rollbacks:  9 (Resim:   9) | Stalls:  0
[BOT:50006] Heartbeat - Sparse Mods Tracked: 2048
[HEARTBEAT] Node: 0 | Tick: 304681 | Conf: 304679 | Hash: 0xFF7A658F | Rollbacks:  3 (Resim:   3) | Stalls:  0
[HEARTBEAT] Node: 0 | Tick: 304741 | Conf: 304739 | Hash: 0x2E29ECB3 | Rollbacks: 10 (Resim:  10) | Stalls:  0
[HEARTBEAT] Node: 0 | Tick: 304801 | Conf: 304799 | Hash: 0x1F1CDD8B | Rollbacks:  5 (Resim:   5) | Stalls:  0
[HEARTBEAT] Node: 0 | Tick: 304861 | Conf: 304859 | Hash: 0x9D58EFA2 | Rollbacks:  3 (Resim:   3) | Stalls:  0
[HEARTBEAT] Node: 0 | Tick: 304921 | Conf: 304919 | Hash: 0xE9E06EFC | Rollbacks: 17 (Resim:  17) | Stalls:  0
[HEARTBEAT] Node: 0 | Tick: 304981 | Conf: 304979 | Hash: 0xBC4D5291 | Rollbacks:  0 (Resim:   0) | Stalls:  0
[HEARTBEAT] Node: 0 | Tick: 305041 | Conf: 305039 | Hash: 0xF6E0DFB7 | Rollbacks: 20 (Resim:  20) | Stalls:  0
[HEARTBEAT] Node: 0 | Tick: 305101 | Conf: 305099 | Hash: 0x27455D21 | Rollbacks: 22 (Resim:  22) | Stalls:  0
[HEARTBEAT] Node: 0 | Tick: 305161 | Conf: 305159 | Hash: 0x55DD82A8 | Rollbacks: 15 (Resim:  15) | Stalls:  0
[HEARTBEAT] Node: 0 | Tick: 305221 | Conf: 305219 | Hash: 0xE486AF28 | Rollbacks:  0 (Resim:   0) | Stalls:  0
[BOT:50006] Heartbeat - Sparse Mods Tracked: 2048
[HEARTBEAT] Node: 0 | Tick: 305281 | Conf: 305279 | Hash: 0x13972A1A | Rollbacks:  0 (Resim:   0) | Stalls:  0
[HEARTBEAT] Node: 0 | Tick: 305341 | Conf: 305339 | Hash: 0xF70FD864 | Rollbacks: 12 (Resim:  12) | Stalls:  0
[HEARTBEAT] Node: 0 | Tick: 305401 | Conf: 305399 | Hash: 0x9E7AFAC0 | Rollbacks:  7 (Resim:   7) | Stalls:  0
[HEARTBEAT] Node: 0 | Tick: 305461 | Conf: 305459 | Hash: 0x15F2B0D9 | Rollbacks:  0 (Resim:   0) | Stalls:  0
[HEARTBEAT] Node: 0 | Tick: 305521 | Conf: 305519 | Hash: 0xDB8E4376 | Rollbacks:  3 (Resim:   3) | Stalls:  0
[HEARTBEAT] Node: 0 | Tick: 305581 | Conf: 305579 | Hash: 0x99576C77 | Rollbacks: 10 (Resim:  10) | Stalls:  0
[HEARTBEAT] Node: 0 | Tick: 305641 | Conf: 305639 | Hash: 0xB828091F | Rollbacks: 12 (Resim:  12) | Stalls:  0
[HEARTBEAT] Node: 0 | Tick: 305701 | Conf: 305699 | Hash: 0x050480A9 | Rollbacks:  0 (Resim:   0) | Stalls:  0
[HEARTBEAT] Node: 0 | Tick: 305761 | Conf: 305759 | Hash: 0x23E9A7BA | Rollbacks:  2 (Resim:   2) | Stalls:  0
[HEARTBEAT] Node: 0 | Tick: 305821 | Conf: 305819 | Hash: 0xDB12D432 | Rollbacks:  0 (Resim:   0) | Stalls:  0
[BOT:50006] Heartbeat - Sparse Mods Tracked: 2048
[HEARTBEAT] Node: 0 | Tick: 305881 | Conf: 305879 | Hash: 0xEDF71C49 | Rollbacks: 10 (Resim:  10) | Stalls:  0
[HEARTBEAT] Node: 0 | Tick: 305941 | Conf: 305939 | Hash: 0x3EDA5686 | Rollbacks:  0 (Resim:   0) | Stalls:  0
[HEARTBEAT] Node: 0 | Tick: 306001 | Conf: 305999 | Hash: 0x4AA94952 | Rollbacks:  9 (Resim:   9) | Stalls:  0
[HEARTBEAT] Node: 0 | Tick: 306061 | Conf: 306059 | Hash: 0xA34FB292 | Rollbacks: 11 (Resim:  11) | Stalls:  0
[HEARTBEAT] Node: 0 | Tick: 306121 | Conf: 306119 | Hash: 0x007C81E6 | Rollbacks:  0 (Resim:   0) | Stalls:  0
[HEARTBEAT] Node: 0 | Tick: 306181 | Conf: 306179 | Hash: 0x4686F792 | Rollbacks: 19 (Resim:  19) | Stalls:  0
[HEARTBEAT] Node: 0 | Tick: 306241 | Conf: 306239 | Hash: 0x7F449B74 | Rollbacks:  0 (Resim:   0) | Stalls:  0
[HEARTBEAT] Node: 0 | Tick: 306301 | Conf: 306299 | Hash: 0x732A12C5 | Rollbacks: 19 (Resim:  19) | Stalls:  0
[HEARTBEAT] Node: 0 | Tick: 306361 | Conf: 306359 | Hash: 0x63C97F35 | Rollbacks: 12 (Resim:  12) | Stalls:  0
[BOT:50006] Heartbeat - Sparse Mods Tracked: 2048
[HEARTBEAT] Node: 0 | Tick: 306421 | Conf: 306419 | Hash: 0xFD0473D3 | Rollbacks:  4 (Resim:   4) | Stalls:  0
[HEARTBEAT] Node: 0 | Tick: 306481 | Conf: 306479 | Hash: 0x8E7FDB90 | Rollbacks:  0 (Resim:   0) | Stalls:  0
[HEARTBEAT] Node: 0 | Tick: 306541 | Conf: 306539 | Hash: 0xD76A4B4E | Rollbacks: 18 (Resim:  18) | Stalls:  0
[HEARTBEAT] Node: 0 | Tick: 306601 | Conf: 306599 | Hash: 0x7D08ACA0 | Rollbacks:  0 (Resim:   0) | Stalls:  0
[HEARTBEAT] Node: 0 | Tick: 306661 | Conf: 306659 | Hash: 0xE95E82FF | Rollbacks:  5 (Resim:   5) | Stalls:  0
[HEARTBEAT] Node: 0 | Tick: 306721 | Conf: 306719 | Hash: 0x63C9194C | Rollbacks:  0 (Resim:   0) | Stalls:  0
[HEARTBEAT] Node: 0 | Tick: 306781 | Conf: 306779 | Hash: 0x13A96D12 | Rollbacks: 10 (Resim:  10) | Stalls:  0
[HEARTBEAT] Node: 0 | Tick: 306841 | Conf: 306839 | Hash: 0xD2D30DA6 | Rollbacks:  6 (Resim:   6) | Stalls:  0
[HEARTBEAT] Node: 0 | Tick: 306901 | Conf: 306899 | Hash: 0x248FFEA1 | Rollbacks: 12 (Resim:  12) | Stalls:  0
[HEARTBEAT] Node: 0 | Tick: 306961 | Conf: 306959 | Hash: 0x887C1E07 | Rollbacks:  0 (Resim:   0) | Stalls:  0
[BOT:50006] Heartbeat - Sparse Mods Tracked: 2048
[HEARTBEAT] Node: 0 | Tick: 307021 | Conf: 307019 | Hash: 0xF1E0850C | Rollbacks:  6 (Resim:   6) | Stalls:  0
[HEARTBEAT] Node: 0 | Tick: 307081 | Conf: 307079 | Hash: 0x58147ECB | Rollbacks:  0 (Resim:   0) | Stalls:  0
[HEARTBEAT] Node: 0 | Tick: 307141 | Conf: 307139 | Hash: 0xA6C778B5 | Rollbacks:  7 (Resim:   7) | Stalls:  0
[HEARTBEAT] Node: 0 | Tick: 307201 | Conf: 307199 | Hash: 0x42C926D5 | Rollbacks:  0 (Resim:   0) | Stalls:  0
[HEARTBEAT] Node: 0 | Tick: 307261 | Conf: 307259 | Hash: 0x0DFB4883 | Rollbacks: 17 (Resim:  17) | Stalls:  0
[HEARTBEAT] Node: 0 | Tick: 307321 | Conf: 307319 | Hash: 0xBF785FA2 | Rollbacks:  0 (Resim:   0) | Stalls:  0
[HEARTBEAT] Node: 0 | Tick: 307381 | Conf: 307379 | Hash: 0xA74F7A46 | Rollbacks: 14 (Resim:  14) | Stalls:  0
[HEARTBEAT] Node: 0 | Tick: 307441 | Conf: 307439 | Hash: 0x7A077BC1 | Rollbacks: 23 (Resim:  24) | Stalls:  0
[HEARTBEAT] Node: 0 | Tick: 307501 | Conf: 307499 | Hash: 0xB040FF28 | Rollbacks: 10 (Resim:  10) | Stalls:  0
[HEARTBEAT] Node: 0 | Tick: 307561 | Conf: 307559 | Hash: 0xED2D10D6 | Rollbacks:  3 (Resim:   3) | Stalls:  0
[BOT:50006] Heartbeat - Sparse Mods Tracked: 2048
[HEARTBEAT] Node: 0 | Tick: 307621 | Conf: 307619 | Hash: 0xC40776C1 | Rollbacks: 21 (Resim:  21) | Stalls:  0
[HEARTBEAT] Node: 0 | Tick: 307681 | Conf: 307679 | Hash: 0x73857F37 | Rollbacks:  9 (Resim:   9) | Stalls:  0
[HEARTBEAT] Node: 0 | Tick: 307741 | Conf: 307739 | Hash: 0x76FA98D3 | Rollbacks:  0 (Resim:   0) | Stalls:  0
[HEARTBEAT] Node: 0 | Tick: 307801 | Conf: 307799 | Hash: 0x9BFC5419 | Rollbacks: 12 (Resim:  12) | Stalls:  0
[HEARTBEAT] Node: 0 | Tick: 307861 | Conf: 307859 | Hash: 0x5233CD0D | Rollbacks: 18 (Resim:  18) | Stalls:  0
[HEARTBEAT] Node: 0 | Tick: 307921 | Conf: 307919 | Hash: 0xA0A74252 | Rollbacks:  5 (Resim:   5) | Stalls:  0
[HEARTBEAT] Node: 0 | Tick: 307981 | Conf: 307979 | Hash: 0x269F3178 | Rollbacks: 16 (Resim:  16) | Stalls:  0
[HEARTBEAT] Node: 0 | Tick: 308041 | Conf: 308039 | Hash: 0x46A21152 | Rollbacks:  7 (Resim:   7) | Stalls:  0
[HEARTBEAT] Node: 0 | Tick: 308101 | Conf: 308099 | Hash: 0x6C01AC32 | Rollbacks:  0 (Resim:   0) | Stalls:  0
[HEARTBEAT] Node: 0 | Tick: 308161 | Conf: 308159 | Hash: 0x5E63ECE9 | Rollbacks: 15 (Resim:  15) | Stalls:  0
[BOT:50006] Heartbeat - Sparse Mods Tracked: 2048
[HEARTBEAT] Node: 0 | Tick: 308221 | Conf: 308219 | Hash: 0x10066687 | Rollbacks: 14 (Resim:  14) | Stalls:  0
[HEARTBEAT] Node: 0 | Tick: 308281 | Conf: 308279 | Hash: 0xDBAAB29A | Rollbacks:  0 (Resim:   0) | Stalls:  0
[HEARTBEAT] Node: 0 | Tick: 308341 | Conf: 308339 | Hash: 0xAEFD7825 | Rollbacks: 12 (Resim:  12) | Stalls:  0
[HEARTBEAT] Node: 0 | Tick: 308401 | Conf: 308399 | Hash: 0x9F309601 | Rollbacks:  0 (Resim:   0) | Stalls:  0
[HEARTBEAT] Node: 0 | Tick: 308461 | Conf: 308459 | Hash: 0xBCBB9D12 | Rollbacks: 21 (Resim:  21) | Stalls:  0
[HEARTBEAT] Node: 0 | Tick: 308521 | Conf: 308519 | Hash: 0x06C2F6A2 | Rollbacks:  1 (Resim:   1) | Stalls:  0
[HEARTBEAT] Node: 0 | Tick: 308581 | Conf: 308579 | Hash: 0x8454BAD9 | Rollbacks: 10 (Resim:  10) | Stalls:  0
[HEARTBEAT] Node: 0 | Tick: 308641 | Conf: 308639 | Hash: 0x6176419B | Rollbacks:  8 (Resim:   8) | Stalls:  0
[HEARTBEAT] Node: 0 | Tick: 308701 | Conf: 308699 | Hash: 0x3DC7925A | Rollbacks: 12 (Resim:  12) | Stalls:  0
[HEARTBEAT] Node: 0 | Tick: 308761 | Conf: 308759 | Hash: 0x00131A91 | Rollbacks:  0 (Resim:   0) | Stalls:  0
[BOT:50006] Heartbeat - Sparse Mods Tracked: 2048
[HEARTBEAT] Node: 0 | Tick: 308821 | Conf: 308819 | Hash: 0xBD86B52A | Rollbacks: 25 (Resim:  25) | Stalls:  0
[HEARTBEAT] Node: 0 | Tick: 308881 | Conf: 308879 | Hash: 0x9C57038A | Rollbacks: 17 (Resim:  17) | Stalls:  0
[HEARTBEAT] Node: 0 | Tick: 308941 | Conf: 308939 | Hash: 0xE3602F84 | Rollbacks:  0 (Resim:   0) | Stalls:  0
[HEARTBEAT] Node: 0 | Tick: 309001 | Conf: 308999 | Hash: 0x24C8CE85 | Rollbacks:  6 (Resim:   6) | Stalls:  0
[HEARTBEAT] Node: 0 | Tick: 309061 | Conf: 309059 | Hash: 0xA5E101F8 | Rollbacks:  3 (Resim:   3) | Stalls:  0
[HEARTBEAT] Node: 0 | Tick: 309121 | Conf: 309119 | Hash: 0x8F1A7A36 | Rollbacks:  0 (Resim:   0) | Stalls:  0
[HEARTBEAT] Node: 0 | Tick: 309181 | Conf: 309179 | Hash: 0xD512E606 | Rollbacks: 15 (Resim:  15) | Stalls:  0
[HEARTBEAT] Node: 0 | Tick: 309241 | Conf: 309239 | Hash: 0x19AC989B | Rollbacks:  6 (Resim:   6) | Stalls:  0
[HEARTBEAT] Node: 0 | Tick: 309301 | Conf: 309299 | Hash: 0xA1AE01E0 | Rollbacks: 20 (Resim:  20) | Stalls:  0
[BOT:50006] Heartbeat - Sparse Mods Tracked: 2048
[HEARTBEAT] Node: 0 | Tick: 309361 | Conf: 309359 | Hash: 0x311006E7 | Rollbacks:  4 (Resim:   4) | Stalls:  0
[HEARTBEAT] Node: 0 | Tick: 309421 | Conf: 309419 | Hash: 0x234E1C1D | Rollbacks: 24 (Resim:  24) | Stalls:  0
[HEARTBEAT] Node: 0 | Tick: 309481 | Conf: 309479 | Hash: 0x4CB351F9 | Rollbacks:  0 (Resim:   0) | Stalls:  0
[HEARTBEAT] Node: 0 | Tick: 309541 | Conf: 309539 | Hash: 0xD1F0632F | Rollbacks:  0 (Resim:   0) | Stalls:  0
[HEARTBEAT] Node: 0 | Tick: 309601 | Conf: 309599 | Hash: 0x1423B54A | Rollbacks: 19 (Resim:  19) | Stalls:  0
[HEARTBEAT] Node: 0 | Tick: 309661 | Conf: 309659 | Hash: 0xD1105353 | Rollbacks: 17 (Resim:  17) | Stalls:  0
[HEARTBEAT] Node: 0 | Tick: 309721 | Conf: 309719 | Hash: 0x1B2659B7 | Rollbacks:  0 (Resim:   0) | Stalls:  0
[HEARTBEAT] Node: 0 | Tick: 309781 | Conf: 309779 | Hash: 0x309D67F3 | Rollbacks: 13 (Resim:  13) | Stalls:  0
[HEARTBEAT] Node: 0 | Tick: 309841 | Conf: 309839 | Hash: 0x440BA507 | Rollbacks: 10 (Resim:  10) | Stalls:  0
[HEARTBEAT] Node: 0 | Tick: 309901 | Conf: 309899 | Hash: 0x1ABABDDE | Rollbacks: 16 (Resim:  17) | Stalls:  0
[BOT:50006] Heartbeat - Sparse Mods Tracked: 2048
[HEARTBEAT] Node: 0 | Tick: 309961 | Conf: 309959 | Hash: 0x38ED04DB | Rollbacks:  1 (Resim:   1) | Stalls:  0
[HEARTBEAT] Node: 0 | Tick: 310021 | Conf: 310019 | Hash: 0xFFD1A12A | Rollbacks: 26 (Resim:  26) | Stalls:  0
[HEARTBEAT] Node: 0 | Tick: 310081 | Conf: 310079 | Hash: 0x487B7C08 | Rollbacks:  0 (Resim:   0) | Stalls:  0
[HEARTBEAT] Node: 0 | Tick: 310141 | Conf: 310139 | Hash: 0x31D31CBD | Rollbacks:  6 (Resim:   6) | Stalls:  0
[HEARTBEAT] Node: 0 | Tick: 310201 | Conf: 310199 | Hash: 0xBAD09E2D | Rollbacks: 19 (Resim:  20) | Stalls:  0
[HEARTBEAT] Node: 0 | Tick: 310261 | Conf: 310259 | Hash: 0x3C334E2E | Rollbacks: 14 (Resim:  14) | Stalls:  0
[HEARTBEAT] Node: 0 | Tick: 310321 | Conf: 310319 | Hash: 0x931C3A0A | Rollbacks:  0 (Resim:   0) | Stalls:  0
[HEARTBEAT] Node: 0 | Tick: 310381 | Conf: 310379 | Hash: 0xED59DDF0 | Rollbacks: 11 (Resim:  11) | Stalls:  0
[HEARTBEAT] Node: 0 | Tick: 310441 | Conf: 310439 | Hash: 0x3DFF771A | Rollbacks:  0 (Resim:   0) | Stalls:  0
[HEARTBEAT] Node: 0 | Tick: 310501 | Conf: 310499 | Hash: 0x7096AB16 | Rollbacks: 14 (Resim:  14) | Stalls:  0
[BOT:50006] Heartbeat - Sparse Mods Tracked: 2048
[HEARTBEAT] Node: 0 | Tick: 310561 | Conf: 310559 | Hash: 0x02102F71 | Rollbacks:  2 (Resim:   2) | Stalls:  0
[HEARTBEAT] Node: 0 | Tick: 310621 | Conf: 310619 | Hash: 0x3965A615 | Rollbacks: 12 (Resim:  12) | Stalls:  0
[HEARTBEAT] Node: 0 | Tick: 310681 | Conf: 310679 | Hash: 0xD0AEDB50 | Rollbacks:  7 (Resim:   7) | Stalls:  0
[HEARTBEAT] Node: 0 | Tick: 310741 | Conf: 310739 | Hash: 0x533A51F0 | Rollbacks:  0 (Resim:   0) | Stalls:  0
[HEARTBEAT] Node: 0 | Tick: 310801 | Conf: 310799 | Hash: 0x3F38821E | Rollbacks:  5 (Resim:   5) | Stalls:  0
[HEARTBEAT] Node: 0 | Tick: 310861 | Conf: 310859 | Hash: 0xE88FFFD8 | Rollbacks: 21 (Resim:  21) | Stalls:  0
[HEARTBEAT] Node: 0 | Tick: 310921 | Conf: 310919 | Hash: 0x87A997EA | Rollbacks: 16 (Resim:  16) | Stalls:  0
[HEARTBEAT] Node: 0 | Tick: 310981 | Conf: 310979 | Hash: 0xBEF56CE5 | Rollbacks: 13 (Resim:  13) | Stalls:  0
[HEARTBEAT] Node: 0 | Tick: 311041 | Conf: 311039 | Hash: 0x91C357F3 | Rollbacks:  0 (Resim:   0) | Stalls:  0
[HEARTBEAT] Node: 0 | Tick: 311101 | Conf: 311099 | Hash: 0xDD631132 | Rollbacks: 18 (Resim:  18) | Stalls:  0
[BOT:50006] Heartbeat - Sparse Mods Tracked: 2048
[HEARTBEAT] Node: 0 | Tick: 311161 | Conf: 311159 | Hash: 0x6CC2E7D8 | Rollbacks: 25 (Resim:  25) | Stalls:  0
[HEARTBEAT] Node: 0 | Tick: 311221 | Conf: 311219 | Hash: 0x41F87CF4 | Rollbacks:  6 (Resim:   6) | Stalls:  0
[HEARTBEAT] Node: 0 | Tick: 311281 | Conf: 311279 | Hash: 0x2CB007AA | Rollbacks: 14 (Resim:  14) | Stalls:  0
[HEARTBEAT] Node: 0 | Tick: 311341 | Conf: 311339 | Hash: 0x6E0FF4B9 | Rollbacks:  0 (Resim:   0) | Stalls:  0
[HEARTBEAT] Node: 0 | Tick: 311401 | Conf: 311399 | Hash: 0xF3B5B960 | Rollbacks:  0 (Resim:   0) | Stalls:  0
[HEARTBEAT] Node: 0 | Tick: 311461 | Conf: 311459 | Hash: 0x4A00D4E8 | Rollbacks:  0 (Resim:   0) | Stalls:  0
[HEARTBEAT] Node: 0 | Tick: 311521 | Conf: 311519 | Hash: 0xD8563BB7 | Rollbacks:  0 (Resim:   0) | Stalls:  0
[HEARTBEAT] Node: 0 | Tick: 311581 | Conf: 311579 | Hash: 0x5E92217C | Rollbacks: 22 (Resim:  22) | Stalls:  0
[HEARTBEAT] Node: 0 | Tick: 311641 | Conf: 311639 | Hash: 0x4F770ABE | Rollbacks:  6 (Resim:   6) | Stalls:  0
[BOT:50006] Heartbeat - Sparse Mods Tracked: 2048
[HEARTBEAT] Node: 0 | Tick: 311701 | Conf: 311699 | Hash: 0xFAF7FDD3 | Rollbacks:  0 (Resim:   0) | Stalls:  0
[HEARTBEAT] Node: 0 | Tick: 311761 | Conf: 311759 | Hash: 0x31DFD8FB | Rollbacks:  2 (Resim:   2) | Stalls:  0
[HEARTBEAT] Node: 0 | Tick: 311821 | Conf: 311819 | Hash: 0x1384FBA6 | Rollbacks:  9 (Resim:   9) | Stalls:  0
[HEARTBEAT] Node: 0 | Tick: 311881 | Conf: 311879 | Hash: 0x1C30BE01 | Rollbacks: 29 (Resim:  30) | Stalls:  0
[HEARTBEAT] Node: 0 | Tick: 311941 | Conf: 311939 | Hash: 0x3733A299 | Rollbacks:  9 (Resim:   9) | Stalls:  0
[HEARTBEAT] Node: 0 | Tick: 312001 | Conf: 311999 | Hash: 0x0D59061D | Rollbacks:  0 (Resim:   0) | Stalls:  0
[HEARTBEAT] Node: 0 | Tick: 312061 | Conf: 312059 | Hash: 0x05385B08 | Rollbacks: 20 (Resim:  20) | Stalls:  0
[HEARTBEAT] Node: 0 | Tick: 312121 | Conf: 312119 | Hash: 0xC25EF8FE | Rollbacks:  5 (Resim:   5) | Stalls:  0
[HEARTBEAT] Node: 0 | Tick: 312181 | Conf: 312179 | Hash: 0xFB8A0591 | Rollbacks: 11 (Resim:  11) | Stalls:  0
[HEARTBEAT] Node: 0 | Tick: 312241 | Conf: 312239 | Hash: 0x564BB105 | Rollbacks:  0 (Resim:   0) | Stalls:  0
[BOT:50006] Heartbeat - Sparse Mods Tracked: 2048
[HEARTBEAT] Node: 0 | Tick: 312301 | Conf: 312299 | Hash: 0xBCC91D17 | Rollbacks:  2 (Resim:   2) | Stalls:  0
[HEARTBEAT] Node: 0 | Tick: 312361 | Conf: 312359 | Hash: 0x6ED382A4 | Rollbacks:  1 (Resim:   1) | Stalls:  0
[HEARTBEAT] Node: 0 | Tick: 312421 | Conf: 312419 | Hash: 0x8AFACA15 | Rollbacks: 22 (Resim:  22) | Stalls:  0
[HEARTBEAT] Node: 0 | Tick: 312481 | Conf: 312479 | Hash: 0xF13685E6 | Rollbacks: 22 (Resim:  22) | Stalls:  0
[HEARTBEAT] Node: 0 | Tick: 312541 | Conf: 312539 | Hash: 0x2F0BD24C | Rollbacks:  4 (Resim:   4) | Stalls:  0
[HEARTBEAT] Node: 0 | Tick: 312601 | Conf: 312599 | Hash: 0x0D71CD60 | Rollbacks: 15 (Resim:  15) | Stalls:  0
[HEARTBEAT] Node: 0 | Tick: 312661 | Conf: 312659 | Hash: 0x5876ADEB | Rollbacks: 14 (Resim:  14) | Stalls:  0
[HEARTBEAT] Node: 0 | Tick: 312721 | Conf: 312719 | Hash: 0x91DD5CF5 | Rollbacks:  0 (Resim:   0) | Stalls:  0
[HEARTBEAT] Node: 0 | Tick: 312781 | Conf: 312779 | Hash: 0x3D291E34 | Rollbacks:  0 (Resim:   0) | Stalls:  0
[HEARTBEAT] Node: 0 | Tick: 312841 | Conf: 312839 | Hash: 0x6484E5DB | Rollbacks: 19 (Resim:  19) | Stalls:  0
[BOT:50006] Heartbeat - Sparse Mods Tracked: 2048
[HEARTBEAT] Node: 0 | Tick: 312901 | Conf: 312899 | Hash: 0x7407A619 | Rollbacks:  6 (Resim:   6) | Stalls:  0
[HEARTBEAT] Node: 0 | Tick: 312961 | Conf: 312959 | Hash: 0xB5147F0D | Rollbacks: 15 (Resim:  15) | Stalls:  0
[HEARTBEAT] Node: 0 | Tick: 313021 | Conf: 313019 | Hash: 0xD0B23FCC | Rollbacks:  2 (Resim:   2) | Stalls:  0
[HEARTBEAT] Node: 0 | Tick: 313081 | Conf: 313079 | Hash: 0xDF66B44F | Rollbacks: 19 (Resim:  19) | Stalls:  0
[HEARTBEAT] Node: 0 | Tick: 313141 | Conf: 313139 | Hash: 0xCC6B6DF9 | Rollbacks:  9 (Resim:   9) | Stalls:  0
[HEARTBEAT] Node: 0 | Tick: 313201 | Conf: 313199 | Hash: 0x130EFCB3 | Rollbacks:  0 (Resim:   0) | Stalls:  0
[HEARTBEAT] Node: 0 | Tick: 313261 | Conf: 313259 | Hash: 0xAF84E462 | Rollbacks: 16 (Resim:  16) | Stalls:  0
[HEARTBEAT] Node: 0 | Tick: 313321 | Conf: 313319 | Hash: 0xFABD4204 | Rollbacks:  0 (Resim:   0) | Stalls:  0
[HEARTBEAT] Node: 0 | Tick: 313381 | Conf: 313379 | Hash: 0x8BA0FF8E | Rollbacks:  0 (Resim:   0) | Stalls:  0
[HEARTBEAT] Node: 0 | Tick: 313441 | Conf: 313439 | Hash: 0x4C8C6E3F | Rollbacks:  6 (Resim:   6) | Stalls:  0
[BOT:50006] Heartbeat - Sparse Mods Tracked: 2048
[HEARTBEAT] Node: 0 | Tick: 313501 | Conf: 313499 | Hash: 0x5A428E43 | Rollbacks:  0 (Resim:   0) | Stalls:  0
[HEARTBEAT] Node: 0 | Tick: 313561 | Conf: 313559 | Hash: 0xF3EA3A9B | Rollbacks:  7 (Resim:   7) | Stalls:  0
[HEARTBEAT] Node: 0 | Tick: 313621 | Conf: 313619 | Hash: 0x6F5BC9D2 | Rollbacks:  7 (Resim:   7) | Stalls:  0
[HEARTBEAT] Node: 0 | Tick: 313681 | Conf: 313679 | Hash: 0x08E00383 | Rollbacks:  0 (Resim:   0) | Stalls:  0
[HEARTBEAT] Node: 0 | Tick: 313741 | Conf: 313739 | Hash: 0x335AEE3E | Rollbacks: 15 (Resim:  15) | Stalls:  0
[HEARTBEAT] Node: 0 | Tick: 313801 | Conf: 313799 | Hash: 0xF5776994 | Rollbacks:  1 (Resim:   1) | Stalls:  0
[HEARTBEAT] Node: 0 | Tick: 313861 | Conf: 313859 | Hash: 0xAC5F8CB6 | Rollbacks:  0 (Resim:   0) | Stalls:  0
[HEARTBEAT] Node: 0 | Tick: 313921 | Conf: 313919 | Hash: 0xD1EFF997 | Rollbacks: 18 (Resim:  18) | Stalls:  0
[HEARTBEAT] Node: 0 | Tick: 313981 | Conf: 313979 | Hash: 0x4C2B5553 | Rollbacks:  0 (Resim:   0) | Stalls:  0
[HEARTBEAT] Node: 0 | Tick: 314041 | Conf: 314039 | Hash: 0x3F216EED | Rollbacks: 16 (Resim:  16) | Stalls:  0
[BOT:50006] Heartbeat - Sparse Mods Tracked: 2048
[HEARTBEAT] Node: 0 | Tick: 314101 | Conf: 314099 | Hash: 0xBB57FF23 | Rollbacks:  8 (Resim:   8) | Stalls:  0
[HEARTBEAT] Node: 0 | Tick: 314161 | Conf: 314159 | Hash: 0x9E384514 | Rollbacks: 16 (Resim:  16) | Stalls:  0
[HEARTBEAT] Node: 0 | Tick: 314221 | Conf: 314219 | Hash: 0xD45685B5 | Rollbacks:  0 (Resim:   0) | Stalls:  0
[HEARTBEAT] Node: 0 | Tick: 314281 | Conf: 314279 | Hash: 0x8F754F9A | Rollbacks:  7 (Resim:   7) | Stalls:  0
[HEARTBEAT] Node: 0 | Tick: 314341 | Conf: 314339 | Hash: 0xA9141BF9 | Rollbacks:  5 (Resim:   5) | Stalls:  0
[HEARTBEAT] Node: 0 | Tick: 314401 | Conf: 314399 | Hash: 0x2051102A | Rollbacks:  8 (Resim:   8) | Stalls:  0
[HEARTBEAT] Node: 0 | Tick: 314461 | Conf: 314459 | Hash: 0x33562434 | Rollbacks:  0 (Resim:   0) | Stalls:  0
[HEARTBEAT] Node: 0 | Tick: 314521 | Conf: 314519 | Hash: 0x04139A96 | Rollbacks:  0 (Resim:   0) | Stalls:  0
[HEARTBEAT] Node: 0 | Tick: 314581 | Conf: 314579 | Hash: 0x5C46F1AF | Rollbacks:  2 (Resim:   2) | Stalls:  0
[BOT:50006] Heartbeat - Sparse Mods Tracked: 2048
[HEARTBEAT] Node: 0 | Tick: 314641 | Conf: 314639 | Hash: 0x0DFD5210 | Rollbacks:  0 (Resim:   0) | Stalls:  0
[HEARTBEAT] Node: 0 | Tick: 314701 | Conf: 314699 | Hash: 0xDA45C956 | Rollbacks:  6 (Resim:   6) | Stalls:  0
[HEARTBEAT] Node: 0 | Tick: 314761 | Conf: 314759 | Hash: 0x213BE98A | Rollbacks: 17 (Resim:  17) | Stalls:  0
[HEARTBEAT] Node: 0 | Tick: 314821 | Conf: 314819 | Hash: 0xC732F044 | Rollbacks:  0 (Resim:   0) | Stalls:  0
[HEARTBEAT] Node: 0 | Tick: 314881 | Conf: 314879 | Hash: 0x722928CD | Rollbacks: 11 (Resim:  11) | Stalls:  0
[HEARTBEAT] Node: 0 | Tick: 314941 | Conf: 314939 | Hash: 0x9C14A3B3 | Rollbacks:  0 (Resim:   0) | Stalls:  0
[HEARTBEAT] Node: 0 | Tick: 315001 | Conf: 314999 | Hash: 0x7F79B999 | Rollbacks:  4 (Resim:   4) | Stalls:  0
[HEARTBEAT] Node: 0 | Tick: 315061 | Conf: 315059 | Hash: 0x1E9314C7 | Rollbacks:  0 (Resim:   0) | Stalls:  0
[HEARTBEAT] Node: 0 | Tick: 315121 | Conf: 315119 | Hash: 0x4FA363D5 | Rollbacks: 15 (Resim:  15) | Stalls:  0
[HEARTBEAT] Node: 0 | Tick: 315181 | Conf: 315179 | Hash: 0x2484E46F | Rollbacks:  0 (Resim:   0) | Stalls:  0
[BOT:50006] Heartbeat - Sparse Mods Tracked: 2048
[HEARTBEAT] Node: 0 | Tick: 315241 | Conf: 315239 | Hash: 0xB7D5C029 | Rollbacks:  9 (Resim:   9) | Stalls:  0
[HEARTBEAT] Node: 0 | Tick: 315301 | Conf: 315299 | Hash: 0x6215E364 | Rollbacks:  5 (Resim:   5) | Stalls:  0
[HEARTBEAT] Node: 0 | Tick: 315361 | Conf: 315359 | Hash: 0x0083CC92 | Rollbacks: 18 (Resim:  18) | Stalls:  0
[HEARTBEAT] Node: 0 | Tick: 315421 | Conf: 315419 | Hash: 0x4FF455A4 | Rollbacks: 23 (Resim:  23) | Stalls:  0
[HEARTBEAT] Node: 0 | Tick: 315481 | Conf: 315479 | Hash: 0x7CAC7075 | Rollbacks:  2 (Resim:   2) | Stalls:  0
[HEARTBEAT] Node: 0 | Tick: 315541 | Conf: 315539 | Hash: 0x4656C50B | Rollbacks:  0 (Resim:   0) | Stalls:  0
[HEARTBEAT] Node: 0 | Tick: 315601 | Conf: 315599 | Hash: 0x9775E381 | Rollbacks:  7 (Resim:   7) | Stalls:  0
[HEARTBEAT] Node: 0 | Tick: 315661 | Conf: 315659 | Hash: 0x5BAE09C8 | Rollbacks:  0 (Resim:   0) | Stalls:  0
[HEARTBEAT] Node: 0 | Tick: 315721 | Conf: 315719 | Hash: 0x692F1827 | Rollbacks: 20 (Resim:  20) | Stalls:  0
[HEARTBEAT] Node: 0 | Tick: 315781 | Conf: 315779 | Hash: 0x398F6CB3 | Rollbacks:  7 (Resim:   7) | Stalls:  0
[BOT:50006] Heartbeat - Sparse Mods Tracked: 2048
[HEARTBEAT] Node: 0 | Tick: 315841 | Conf: 315839 | Hash: 0xC256D61E | Rollbacks:  0 (Resim:   0) | Stalls:  0
[HEARTBEAT] Node: 0 | Tick: 315901 | Conf: 315899 | Hash: 0x2C8587A3 | Rollbacks: 12 (Resim:  12) | Stalls:  0
[HEARTBEAT] Node: 0 | Tick: 315961 | Conf: 315959 | Hash: 0x5BAE788B | Rollbacks:  8 (Resim:   8) | Stalls:  0
[HEARTBEAT] Node: 0 | Tick: 316021 | Conf: 316019 | Hash: 0xEDD71E86 | Rollbacks:  1 (Resim:   1) | Stalls:  0
[HEARTBEAT] Node: 0 | Tick: 316081 | Conf: 316079 | Hash: 0x4626F083 | Rollbacks: 12 (Resim:  12) | Stalls:  0
[HEARTBEAT] Node: 0 | Tick: 316141 | Conf: 316139 | Hash: 0xF9ECD8C6 | Rollbacks:  4 (Resim:   4) | Stalls:  0
[HEARTBEAT] Node: 0 | Tick: 316201 | Conf: 316199 | Hash: 0x8ED76B66 | Rollbacks:  2 (Resim:   2) | Stalls:  0
[HEARTBEAT] Node: 0 | Tick: 316261 | Conf: 316259 | Hash: 0xC24D73AF | Rollbacks: 14 (Resim:  14) | Stalls:  0
[HEARTBEAT] Node: 0 | Tick: 316321 | Conf: 316319 | Hash: 0xE161607B | Rollbacks: 18 (Resim:  19) | Stalls:  0
[HEARTBEAT] Node: 0 | Tick: 316381 | Conf: 316379 | Hash: 0x746496A8 | Rollbacks:  0 (Resim:   0) | Stalls:  0
[BOT:50006] Heartbeat - Sparse Mods Tracked: 2048
[HEARTBEAT] Node: 0 | Tick: 316441 | Conf: 316439 | Hash: 0x8C8A2677 | Rollbacks: 13 (Resim:  13) | Stalls:  0
[HEARTBEAT] Node: 0 | Tick: 316501 | Conf: 316499 | Hash: 0xF3AF0947 | Rollbacks: 18 (Resim:  18) | Stalls:  0
[HEARTBEAT] Node: 0 | Tick: 316561 | Conf: 316559 | Hash: 0x9E602084 | Rollbacks:  7 (Resim:   7) | Stalls:  0
[HEARTBEAT] Node: 0 | Tick: 316621 | Conf: 316619 | Hash: 0xE13509C3 | Rollbacks:  6 (Resim:   6) | Stalls:  0
[HEARTBEAT] Node: 0 | Tick: 316681 | Conf: 316679 | Hash: 0x45E5731B | Rollbacks: 17 (Resim:  17) | Stalls:  0
[HEARTBEAT] Node: 0 | Tick: 316741 | Conf: 316739 | Hash: 0x91C6F122 | Rollbacks: 15 (Resim:  15) | Stalls:  0
[HEARTBEAT] Node: 0 | Tick: 316801 | Conf: 316799 | Hash: 0x0BF310CE | Rollbacks: 10 (Resim:  10) | Stalls:  0
[HEARTBEAT] Node: 0 | Tick: 316861 | Conf: 316859 | Hash: 0x42553965 | Rollbacks:  0 (Resim:   0) | Stalls:  0
[HEARTBEAT] Node: 0 | Tick: 316921 | Conf: 316919 | Hash: 0xD8921903 | Rollbacks: 23 (Resim:  23) | Stalls:  0
[HEARTBEAT] Node: 0 | Tick: 316981 | Conf: 316979 | Hash: 0xBF9223E3 | Rollbacks: 24 (Resim:  24) | Stalls:  0
[BOT:50006] Heartbeat - Sparse Mods Tracked: 2048
[HEARTBEAT] Node: 0 | Tick: 317041 | Conf: 317039 | Hash: 0x04B4483D | Rollbacks:  0 (Resim:   0) | Stalls:  0
[HEARTBEAT] Node: 0 | Tick: 317101 | Conf: 317099 | Hash: 0x35F46453 | Rollbacks:  4 (Resim:   4) | Stalls:  0
[HEARTBEAT] Node: 0 | Tick: 317161 | Conf: 317159 | Hash: 0x28750FDC | Rollbacks:  3 (Resim:   3) | Stalls:  0
[HEARTBEAT] Node: 0 | Tick: 317221 | Conf: 317219 | Hash: 0x4252B47E | Rollbacks: 10 (Resim:  10) | Stalls:  0
[HEARTBEAT] Node: 0 | Tick: 317281 | Conf: 317279 | Hash: 0x7C3B68A7 | Rollbacks:  2 (Resim:   2) | Stalls:  0
[HEARTBEAT] Node: 0 | Tick: 317341 | Conf: 317339 | Hash: 0x614F27C1 | Rollbacks: 17 (Resim:  17) | Stalls:  0
[HEARTBEAT] Node: 0 | Tick: 317401 | Conf: 317399 | Hash: 0x320D06DE | Rollbacks:  0 (Resim:   0) | Stalls:  0
[HEARTBEAT] Node: 0 | Tick: 317461 | Conf: 317459 | Hash: 0xA90CC0AE | Rollbacks: 13 (Resim:  13) | Stalls:  0
[HEARTBEAT] Node: 0 | Tick: 317521 | Conf: 317519 | Hash: 0x0419443B | Rollbacks: 19 (Resim:  19) | Stalls:  0
[BOT:50006] Heartbeat - Sparse Mods Tracked: 2048
[HEARTBEAT] Node: 0 | Tick: 317581 | Conf: 317579 | Hash: 0xA167499E | Rollbacks:  2 (Resim:   3) | Stalls:  0
[HEARTBEAT] Node: 0 | Tick: 317641 | Conf: 317639 | Hash: 0x8BA03FF5 | Rollbacks: 14 (Resim:  14) | Stalls:  0
[HEARTBEAT] Node: 0 | Tick: 317701 | Conf: 317699 | Hash: 0x76743F99 | Rollbacks: 16 (Resim:  16) | Stalls:  0
[HEARTBEAT] Node: 0 | Tick: 317761 | Conf: 317759 | Hash: 0xC8589F61 | Rollbacks:  8 (Resim:   8) | Stalls:  0
[HEARTBEAT] Node: 0 | Tick: 317821 | Conf: 317819 | Hash: 0xC1ED877F | Rollbacks:  0 (Resim:   0) | Stalls:  0
[HEARTBEAT] Node: 0 | Tick: 317881 | Conf: 317879 | Hash: 0x699C9717 | Rollbacks: 15 (Resim:  15) | Stalls:  0
[HEARTBEAT] Node: 0 | Tick: 317941 | Conf: 317939 | Hash: 0x4B76D54A | Rollbacks: 19 (Resim:  19) | Stalls:  0
[HEARTBEAT] Node: 0 | Tick: 318001 | Conf: 317999 | Hash: 0xD491D769 | Rollbacks:  3 (Resim:   3) | Stalls:  0
[HEARTBEAT] Node: 0 | Tick: 318061 | Conf: 318059 | Hash: 0xC0985AAE | Rollbacks:  0 (Resim:   0) | Stalls:  0
[HEARTBEAT] Node: 0 | Tick: 318121 | Conf: 318119 | Hash: 0xF4BC4837 | Rollbacks: 12 (Resim:  12) | Stalls:  0
[BOT:50006] Heartbeat - Sparse Mods Tracked: 2048
[HEARTBEAT] Node: 0 | Tick: 318181 | Conf: 318179 | Hash: 0x05435F0B | Rollbacks:  0 (Resim:   0) | Stalls:  0
[HEARTBEAT] Node: 0 | Tick: 318241 | Conf: 318239 | Hash: 0xD607EA67 | Rollbacks: 12 (Resim:  12) | Stalls:  0
[HEARTBEAT] Node: 0 | Tick: 318301 | Conf: 318299 | Hash: 0xEB2AE868 | Rollbacks:  0 (Resim:   0) | Stalls:  0
[HEARTBEAT] Node: 0 | Tick: 318361 | Conf: 318359 | Hash: 0x6D0A4FE0 | Rollbacks: 18 (Resim:  18) | Stalls:  0
[HEARTBEAT] Node: 0 | Tick: 318421 | Conf: 318419 | Hash: 0x580294E3 | Rollbacks:  4 (Resim:   4) | Stalls:  0
[HEARTBEAT] Node: 0 | Tick: 318481 | Conf: 318479 | Hash: 0x8A3FDAAC | Rollbacks: 11 (Resim:  11) | Stalls:  0
[HEARTBEAT] Node: 0 | Tick: 318541 | Conf: 318539 | Hash: 0x036B3569 | Rollbacks:  2 (Resim:   2) | Stalls:  0
[HEARTBEAT] Node: 0 | Tick: 318601 | Conf: 318599 | Hash: 0x3DAA2CED | Rollbacks: 17 (Resim:  17) | Stalls:  0
[HEARTBEAT] Node: 0 | Tick: 318661 | Conf: 318659 | Hash: 0x58FAE4E7 | Rollbacks:  0 (Resim:   0) | Stalls:  0
[HEARTBEAT] Node: 0 | Tick: 318721 | Conf: 318719 | Hash: 0x203E011E | Rollbacks: 19 (Resim:  19) | Stalls:  0
[BOT:50006] Heartbeat - Sparse Mods Tracked: 2048
[HEARTBEAT] Node: 0 | Tick: 318781 | Conf: 318779 | Hash: 0xD941FC3D | Rollbacks:  0 (Resim:   0) | Stalls:  0
[HEARTBEAT] Node: 0 | Tick: 318841 | Conf: 318839 | Hash: 0x3F688EAD | Rollbacks:  7 (Resim:   7) | Stalls:  0
[HEARTBEAT] Node: 0 | Tick: 318901 | Conf: 318899 | Hash: 0xB64FEA09 | Rollbacks:  0 (Resim:   0) | Stalls:  0
[HEARTBEAT] Node: 0 | Tick: 318961 | Conf: 318959 | Hash: 0xF0118357 | Rollbacks:  0 (Resim:   0) | Stalls:  0
[HEARTBEAT] Node: 0 | Tick: 319021 | Conf: 319019 | Hash: 0xED355FE7 | Rollbacks:  0 (Resim:   0) | Stalls:  0
[HEARTBEAT] Node: 0 | Tick: 319081 | Conf: 319079 | Hash: 0x85043EDB | Rollbacks:  1 (Resim:   1) | Stalls:  0
[HEARTBEAT] Node: 0 | Tick: 319141 | Conf: 319139 | Hash: 0x12684FF5 | Rollbacks: 24 (Resim:  24) | Stalls:  0
[HEARTBEAT] Node: 0 | Tick: 319201 | Conf: 319199 | Hash: 0x3403A2CA | Rollbacks: 22 (Resim:  22) | Stalls:  0
[HEARTBEAT] Node: 0 | Tick: 319261 | Conf: 319259 | Hash: 0x0DFBCDEE | Rollbacks: 11 (Resim:  11) | Stalls:  0
[HEARTBEAT] Node: 0 | Tick: 319321 | Conf: 319319 | Hash: 0x00DEF93C | Rollbacks:  0 (Resim:   0) | Stalls:  0
[BOT:50006] Heartbeat - Sparse Mods Tracked: 2048
[HEARTBEAT] Node: 0 | Tick: 319381 | Conf: 319379 | Hash: 0x3FF89A90 | Rollbacks: 21 (Resim:  21) | Stalls:  0
[HEARTBEAT] Node: 0 | Tick: 319441 | Conf: 319439 | Hash: 0xA601C2B2 | Rollbacks:  0 (Resim:   0) | Stalls:  0
[HEARTBEAT] Node: 0 | Tick: 319501 | Conf: 319499 | Hash: 0x3C411EC3 | Rollbacks: 10 (Resim:  10) | Stalls:  0
[HEARTBEAT] Node: 0 | Tick: 319561 | Conf: 319559 | Hash: 0x3099A3B0 | Rollbacks:  1 (Resim:   1) | Stalls:  0
[HEARTBEAT] Node: 0 | Tick: 319621 | Conf: 319619 | Hash: 0xC3A91324 | Rollbacks:  0 (Resim:   0) | Stalls:  0
[HEARTBEAT] Node: 0 | Tick: 319681 | Conf: 319679 | Hash: 0xB89DA219 | Rollbacks: 10 (Resim:  10) | Stalls:  0
[HEARTBEAT] Node: 0 | Tick: 319741 | Conf: 319739 | Hash: 0x55470350 | Rollbacks:  1 (Resim:   1) | Stalls:  0
[HEARTBEAT] Node: 0 | Tick: 319801 | Conf: 319799 | Hash: 0x79F6DF92 | Rollbacks:  0 (Resim:   0) | Stalls:  0
[HEARTBEAT] Node: 0 | Tick: 319861 | Conf: 319859 | Hash: 0x19C885A0 | Rollbacks:  5 (Resim:   5) | Stalls:  0
[BOT:50006] Heartbeat - Sparse Mods Tracked: 2048
[HEARTBEAT] Node: 0 | Tick: 319921 | Conf: 319919 | Hash: 0xFB7D3A37 | Rollbacks:  7 (Resim:   7) | Stalls:  0
[HEARTBEAT] Node: 0 | Tick: 319981 | Conf: 319979 | Hash: 0x8F036E24 | Rollbacks: 10 (Resim:  10) | Stalls:  0
[HEARTBEAT] Node: 0 | Tick: 320041 | Conf: 320039 | Hash: 0xC3ECB54A | Rollbacks: 18 (Resim:  18) | Stalls:  0
[HEARTBEAT] Node: 0 | Tick: 320101 | Conf: 320099 | Hash: 0x88A6B58B | Rollbacks:  5 (Resim:   5) | Stalls:  0
[HEARTBEAT] Node: 0 | Tick: 320161 | Conf: 320159 | Hash: 0xEF870B48 | Rollbacks:  0 (Resim:   0) | Stalls:  0
[HEARTBEAT] Node: 0 | Tick: 320221 | Conf: 320219 | Hash: 0x2E391E5A | Rollbacks: 17 (Resim:  17) | Stalls:  0
[HEARTBEAT] Node: 0 | Tick: 320281 | Conf: 320279 | Hash: 0x0B625FAF | Rollbacks:  0 (Resim:   0) | Stalls:  0
[HEARTBEAT] Node: 0 | Tick: 320341 | Conf: 320339 | Hash: 0x5198D475 | Rollbacks: 19 (Resim:  19) | Stalls:  0
[HEARTBEAT] Node: 0 | Tick: 320401 | Conf: 320399 | Hash: 0x65834E67 | Rollbacks: 19 (Resim:  19) | Stalls:  0
[HEARTBEAT] Node: 0 | Tick: 320461 | Conf: 320459 | Hash: 0x9ED96CDB | Rollbacks: 12 (Resim:  12) | Stalls:  0
[BOT:50006] Heartbeat - Sparse Mods Tracked: 2048
[HEARTBEAT] Node: 0 | Tick: 320521 | Conf: 320519 | Hash: 0x075EEAFD | Rollbacks:  0 (Resim:   0) | Stalls:  0
[HEARTBEAT] Node: 0 | Tick: 320581 | Conf: 320579 | Hash: 0xE721D858 | Rollbacks: 13 (Resim:  13) | Stalls:  0
[HEARTBEAT] Node: 0 | Tick: 320641 | Conf: 320639 | Hash: 0x28153C4A | Rollbacks:  7 (Resim:   7) | Stalls:  0
[HEARTBEAT] Node: 0 | Tick: 320701 | Conf: 320699 | Hash: 0xC2587831 | Rollbacks: 18 (Resim:  18) | Stalls:  0
[HEARTBEAT] Node: 0 | Tick: 320761 | Conf: 320759 | Hash: 0xDB6D4BB7 | Rollbacks:  0 (Resim:   0) | Stalls:  0
[HEARTBEAT] Node: 0 | Tick: 320821 | Conf: 320819 | Hash: 0xE1C86F46 | Rollbacks:  4 (Resim:   4) | Stalls:  0
[HEARTBEAT] Node: 0 | Tick: 320881 | Conf: 320879 | Hash: 0x923BC0F5 | Rollbacks: 17 (Resim:  17) | Stalls:  0
[HEARTBEAT] Node: 0 | Tick: 320941 | Conf: 320939 | Hash: 0x17299435 | Rollbacks:  0 (Resim:   0) | Stalls:  0
[HEARTBEAT] Node: 0 | Tick: 321001 | Conf: 320999 | Hash: 0x46550CAD | Rollbacks:  9 (Resim:   9) | Stalls:  0
[HEARTBEAT] Node: 0 | Tick: 321061 | Conf: 321059 | Hash: 0x247DE701 | Rollbacks: 18 (Resim:  18) | Stalls:  0
[BOT:50006] Heartbeat - Sparse Mods Tracked: 2048
[HEARTBEAT] Node: 0 | Tick: 321121 | Conf: 321119 | Hash: 0x831AE46D | Rollbacks: 15 (Resim:  15) | Stalls:  0
[HEARTBEAT] Node: 0 | Tick: 321181 | Conf: 321179 | Hash: 0x6B099A78 | Rollbacks: 17 (Resim:  17) | Stalls:  0
[HEARTBEAT] Node: 0 | Tick: 321241 | Conf: 321239 | Hash: 0xBAFE7945 | Rollbacks: 14 (Resim:  14) | Stalls:  0
[HEARTBEAT] Node: 0 | Tick: 321301 | Conf: 321299 | Hash: 0x1D4D72E4 | Rollbacks:  0 (Resim:   0) | Stalls:  0
[HEARTBEAT] Node: 0 | Tick: 321361 | Conf: 321359 | Hash: 0x4418252C | Rollbacks:  7 (Resim:   7) | Stalls:  0
[HEARTBEAT] Node: 0 | Tick: 321421 | Conf: 321419 | Hash: 0xFAFA2395 | Rollbacks:  7 (Resim:   7) | Stalls:  0
[HEARTBEAT] Node: 0 | Tick: 321481 | Conf: 321479 | Hash: 0xF8B862FA | Rollbacks: 18 (Resim:  18) | Stalls:  0
[HEARTBEAT] Node: 0 | Tick: 321541 | Conf: 321539 | Hash: 0xB73F00F7 | Rollbacks:  4 (Resim:   4) | Stalls:  0
[HEARTBEAT] Node: 0 | Tick: 321601 | Conf: 321599 | Hash: 0x3EBFF3ED | Rollbacks: 19 (Resim:  19) | Stalls:  0
[HEARTBEAT] Node: 0 | Tick: 321661 | Conf: 321659 | Hash: 0x46A5BC6E | Rollbacks:  5 (Resim:   5) | Stalls:  0
[BOT:50006] Heartbeat - Sparse Mods Tracked: 2048
[HEARTBEAT] Node: 0 | Tick: 321721 | Conf: 321719 | Hash: 0x60E7740C | Rollbacks:  0 (Resim:   0) | Stalls:  0
[HEARTBEAT] Node: 0 | Tick: 321781 | Conf: 321779 | Hash: 0x3A05B367 | Rollbacks: 15 (Resim:  15) | Stalls:  0
[HEARTBEAT] Node: 0 | Tick: 321841 | Conf: 321839 | Hash: 0x634C429D | Rollbacks:  6 (Resim:   6) | Stalls:  0
[HEARTBEAT] Node: 0 | Tick: 321901 | Conf: 321899 | Hash: 0x41BB7A2C | Rollbacks:  0 (Resim:   0) | Stalls:  0
[HEARTBEAT] Node: 0 | Tick: 321961 | Conf: 321959 | Hash: 0x582C310B | Rollbacks: 18 (Resim:  18) | Stalls:  0
[HEARTBEAT] Node: 0 | Tick: 322021 | Conf: 322019 | Hash: 0x92AF789A | Rollbacks: 22 (Resim:  22) | Stalls:  0
[HEARTBEAT] Node: 0 | Tick: 322081 | Conf: 322079 | Hash: 0x7829090E | Rollbacks:  1 (Resim:   1) | Stalls:  0
[HEARTBEAT] Node: 0 | Tick: 322141 | Conf: 322139 | Hash: 0x0E5BB1BE | Rollbacks:  0 (Resim:   0) | Stalls:  0
[HEARTBEAT] Node: 0 | Tick: 322201 | Conf: 322199 | Hash: 0x498B2A46 | Rollbacks:  0 (Resim:   0) | Stalls:  0
[BOT:50006] Heartbeat - Sparse Mods Tracked: 2048
[HEARTBEAT] Node: 0 | Tick: 322261 | Conf: 322259 | Hash: 0xADC22DE1 | Rollbacks:  0 (Resim:   0) | Stalls:  0
[HEARTBEAT] Node: 0 | Tick: 322321 | Conf: 322319 | Hash: 0xCEDACB75 | Rollbacks:  0 (Resim:   0) | Stalls:  0
[HEARTBEAT] Node: 0 | Tick: 322381 | Conf: 322379 | Hash: 0xCB3A628C | Rollbacks: 23 (Resim:  23) | Stalls:  0
[HEARTBEAT] Node: 0 | Tick: 322441 | Conf: 322439 | Hash: 0x9BBE2291 | Rollbacks: 22 (Resim:  22) | Stalls:  0
[HEARTBEAT] Node: 0 | Tick: 322501 | Conf: 322499 | Hash: 0xA466C334 | Rollbacks: 22 (Resim:  22) | Stalls:  0
[HEARTBEAT] Node: 0 | Tick: 322561 | Conf: 322559 | Hash: 0x87F4522F | Rollbacks: 12 (Resim:  12) | Stalls:  0
[HEARTBEAT] Node: 0 | Tick: 322621 | Conf: 322619 | Hash: 0x55049E8F | Rollbacks:  0 (Resim:   0) | Stalls:  0
[HEARTBEAT] Node: 0 | Tick: 322681 | Conf: 322679 | Hash: 0xE128DDDE | Rollbacks: 10 (Resim:  10) | Stalls:  0
[HEARTBEAT] Node: 0 | Tick: 322741 | Conf: 322739 | Hash: 0x150467A1 | Rollbacks: 18 (Resim:  18) | Stalls:  0
[HEARTBEAT] Node: 0 | Tick: 322801 | Conf: 322799 | Hash: 0x582E5DEF | Rollbacks: 18 (Resim:  18) | Stalls:  0
[BOT:50006] Heartbeat - Sparse Mods Tracked: 2048
[HEARTBEAT] Node: 0 | Tick: 322861 | Conf: 322859 | Hash: 0x36E5E8AF | Rollbacks:  0 (Resim:   0) | Stalls:  0
[HEARTBEAT] Node: 0 | Tick: 322921 | Conf: 322919 | Hash: 0xA33C7558 | Rollbacks: 15 (Resim:  15) | Stalls:  0
[HEARTBEAT] Node: 0 | Tick: 322981 | Conf: 322979 | Hash: 0x40021D5A | Rollbacks: 12 (Resim:  12) | Stalls:  0
[HEARTBEAT] Node: 0 | Tick: 323041 | Conf: 323039 | Hash: 0x6F9E42CC | Rollbacks:  0 (Resim:   0) | Stalls:  0
[HEARTBEAT] Node: 0 | Tick: 323101 | Conf: 323099 | Hash: 0xAF20B01B | Rollbacks: 24 (Resim:  24) | Stalls:  0
[HEARTBEAT] Node: 0 | Tick: 323161 | Conf: 323159 | Hash: 0xF09136E6 | Rollbacks:  6 (Resim:   6) | Stalls:  0
[HEARTBEAT] Node: 0 | Tick: 323221 | Conf: 323219 | Hash: 0xBDCDD695 | Rollbacks:  0 (Resim:   0) | Stalls:  0
[HEARTBEAT] Node: 0 | Tick: 323281 | Conf: 323279 | Hash: 0xAEF34EE8 | Rollbacks: 21 (Resim:  21) | Stalls:  0
[HEARTBEAT] Node: 0 | Tick: 323341 | Conf: 323339 | Hash: 0xAA4E14AC | Rollbacks: 15 (Resim:  15) | Stalls:  0
[HEARTBEAT] Node: 0 | Tick: 323401 | Conf: 323399 | Hash: 0x04A571C6 | Rollbacks: 11 (Resim:  11) | Stalls:  0
[BOT:50006] Heartbeat - Sparse Mods Tracked: 2048
[HEARTBEAT] Node: 0 | Tick: 323461 | Conf: 323459 | Hash: 0x1136339F | Rollbacks:  0 (Resim:   0) | Stalls:  0
[HEARTBEAT] Node: 0 | Tick: 323521 | Conf: 323519 | Hash: 0x4CCA0723 | Rollbacks:  9 (Resim:   9) | Stalls:  0
[HEARTBEAT] Node: 0 | Tick: 323581 | Conf: 323579 | Hash: 0x7C14351E | Rollbacks: 18 (Resim:  18) | Stalls:  0
[HEARTBEAT] Node: 0 | Tick: 323641 | Conf: 323639 | Hash: 0x6BD4DCCB | Rollbacks:  4 (Resim:   4) | Stalls:  0
[HEARTBEAT] Node: 0 | Tick: 323701 | Conf: 323699 | Hash: 0xC3C427C2 | Rollbacks:  0 (Resim:   0) | Stalls:  0
[HEARTBEAT] Node: 0 | Tick: 323761 | Conf: 323759 | Hash: 0x5C9FEAAB | Rollbacks: 13 (Resim:  13) | Stalls:  0
[HEARTBEAT] Node: 0 | Tick: 323821 | Conf: 323819 | Hash: 0x28DCC5D1 | Rollbacks:  9 (Resim:   9) | Stalls:  0
[HEARTBEAT] Node: 0 | Tick: 323881 | Conf: 323879 | Hash: 0x2E006E06 | Rollbacks:  1 (Resim:   1) | Stalls:  0
[HEARTBEAT] Node: 0 | Tick: 323941 | Conf: 323939 | Hash: 0x50071B87 | Rollbacks:  5 (Resim:   5) | Stalls:  0
[HEARTBEAT] Node: 0 | Tick: 324001 | Conf: 323999 | Hash: 0xAB651662 | Rollbacks: 22 (Resim:  22) | Stalls:  0
[BOT:50006] Heartbeat - Sparse Mods Tracked: 2048
[HEARTBEAT] Node: 0 | Tick: 324061 | Conf: 324059 | Hash: 0x4A5E3EDC | Rollbacks: 14 (Resim:  15) | Stalls:  0
[HEARTBEAT] Node: 0 | Tick: 324121 | Conf: 324119 | Hash: 0xE6DD9A03 | Rollbacks: 19 (Resim:  19) | Stalls:  0
[HEARTBEAT] Node: 0 | Tick: 324181 | Conf: 324179 | Hash: 0xFCE2D218 | Rollbacks: 19 (Resim:  19) | Stalls:  0
[HEARTBEAT] Node: 0 | Tick: 324241 | Conf: 324239 | Hash: 0x0E9F40A8 | Rollbacks:  0 (Resim:   0) | Stalls:  0
[HEARTBEAT] Node: 0 | Tick: 324301 | Conf: 324299 | Hash: 0x169218A9 | Rollbacks: 14 (Resim:  14) | Stalls:  0
[HEARTBEAT] Node: 0 | Tick: 324361 | Conf: 324359 | Hash: 0x3DFCF7E9 | Rollbacks: 14 (Resim:  14) | Stalls:  0
[HEARTBEAT] Node: 0 | Tick: 324421 | Conf: 324419 | Hash: 0xF4C39897 | Rollbacks: 13 (Resim:  13) | Stalls:  0
[HEARTBEAT] Node: 0 | Tick: 324481 | Conf: 324479 | Hash: 0x8BC13E4C | Rollbacks: 13 (Resim:  13) | Stalls:  0
[HEARTBEAT] Node: 0 | Tick: 324541 | Conf: 324539 | Hash: 0x310A4E67 | Rollbacks:  2 (Resim:   2) | Stalls:  0
[HEARTBEAT] Node: 0 | Tick: 324601 | Conf: 324599 | Hash: 0x872605C9 | Rollbacks: 20 (Resim:  20) | Stalls:  0
[BOT:50006] Heartbeat - Sparse Mods Tracked: 2048
[HEARTBEAT] Node: 0 | Tick: 324661 | Conf: 324659 | Hash: 0x6E39923E | Rollbacks:  5 (Resim:   5) | Stalls:  0
[HEARTBEAT] Node: 0 | Tick: 324721 | Conf: 324719 | Hash: 0x274FE2AD | Rollbacks:  0 (Resim:   0) | Stalls:  0
[HEARTBEAT] Node: 0 | Tick: 324781 | Conf: 324779 | Hash: 0xE3985DE7 | Rollbacks: 11 (Resim:  11) | Stalls:  0
[HEARTBEAT] Node: 0 | Tick: 324841 | Conf: 324839 | Hash: 0x895B02E8 | Rollbacks: 24 (Resim:  24) | Stalls:  0
[HEARTBEAT] Node: 0 | Tick: 324901 | Conf: 324899 | Hash: 0x373DAAE1 | Rollbacks: 10 (Resim:  10) | Stalls:  0
[HEARTBEAT] Node: 0 | Tick: 324961 | Conf: 324959 | Hash: 0x4AC84A15 | Rollbacks:  0 (Resim:   0) | Stalls:  0
[HEARTBEAT] Node: 0 | Tick: 325021 | Conf: 325019 | Hash: 0x33D4D509 | Rollbacks: 15 (Resim:  15) | Stalls:  0
[HEARTBEAT] Node: 0 | Tick: 325081 | Conf: 325079 | Hash: 0x2874C7E8 | Rollbacks:  6 (Resim:   6) | Stalls:  0
[HEARTBEAT] Node: 0 | Tick: 325141 | Conf: 325139 | Hash: 0x91689333 | Rollbacks: 19 (Resim:  19) | Stalls:  0
[BOT:50006] Heartbeat - Sparse Mods Tracked: 2048
[HEARTBEAT] Node: 0 | Tick: 325201 | Conf: 325199 | Hash: 0xECDECAC7 | Rollbacks:  0 (Resim:   0) | Stalls:  0
[HEARTBEAT] Node: 0 | Tick: 325261 | Conf: 325259 | Hash: 0x402B7A33 | Rollbacks:  9 (Resim:   9) | Stalls:  0
[HEARTBEAT] Node: 0 | Tick: 325321 | Conf: 325319 | Hash: 0xC7CC63D5 | Rollbacks:  0 (Resim:   0) | Stalls:  0
[HEARTBEAT] Node: 0 | Tick: 325381 | Conf: 325379 | Hash: 0xA3DB3296 | Rollbacks: 25 (Resim:  25) | Stalls:  0
[HEARTBEAT] Node: 0 | Tick: 325441 | Conf: 325439 | Hash: 0x477C9BD7 | Rollbacks:  0 (Resim:   0) | Stalls:  0
[HEARTBEAT] Node: 0 | Tick: 325501 | Conf: 325499 | Hash: 0x1F37517D | Rollbacks: 18 (Resim:  18) | Stalls:  0
[HEARTBEAT] Node: 0 | Tick: 325561 | Conf: 325559 | Hash: 0xC90C9C4A | Rollbacks: 10 (Resim:  10) | Stalls:  0
[HEARTBEAT] Node: 0 | Tick: 325621 | Conf: 325619 | Hash: 0xDEDA9BE7 | Rollbacks:  0 (Resim:   0) | Stalls:  0
[HEARTBEAT] Node: 0 | Tick: 325681 | Conf: 325679 | Hash: 0x680FC577 | Rollbacks: 16 (Resim:  16) | Stalls:  0
[HEARTBEAT] Node: 0 | Tick: 325741 | Conf: 325739 | Hash: 0x9F357C4F | Rollbacks:  0 (Resim:   0) | Stalls:  0
[BOT:50006] Heartbeat - Sparse Mods Tracked: 2048
[HEARTBEAT] Node: 0 | Tick: 325801 | Conf: 325799 | Hash: 0xC4D4B7DC | Rollbacks:  7 (Resim:   7) | Stalls:  0
[HEARTBEAT] Node: 0 | Tick: 325861 | Conf: 325859 | Hash: 0x58DFEE26 | Rollbacks: 15 (Resim:  15) | Stalls:  0
[HEARTBEAT] Node: 0 | Tick: 325921 | Conf: 325919 | Hash: 0x9FE8BB95 | Rollbacks: 22 (Resim:  22) | Stalls:  0
[HEARTBEAT] Node: 0 | Tick: 325981 | Conf: 325979 | Hash: 0xBE4EC2F6 | Rollbacks:  7 (Resim:   7) | Stalls:  0
[HEARTBEAT] Node: 0 | Tick: 326041 | Conf: 326039 | Hash: 0x45DA03CA | Rollbacks:  0 (Resim:   0) | Stalls:  0
[HEARTBEAT] Node: 0 | Tick: 326101 | Conf: 326099 | Hash: 0x79BE4638 | Rollbacks:  9 (Resim:   9) | Stalls:  0
[HEARTBEAT] Node: 0 | Tick: 326161 | Conf: 326159 | Hash: 0xAD49B14E | Rollbacks: 17 (Resim:  17) | Stalls:  0
[HEARTBEAT] Node: 0 | Tick: 326221 | Conf: 326219 | Hash: 0x7E20A8D5 | Rollbacks:  0 (Resim:   0) | Stalls:  0
[HEARTBEAT] Node: 0 | Tick: 326281 | Conf: 326279 | Hash: 0x5B407E80 | Rollbacks: 19 (Resim:  19) | Stalls:  0
[HEARTBEAT] Node: 0 | Tick: 326341 | Conf: 326339 | Hash: 0x49294B38 | Rollbacks:  3 (Resim:   3) | Stalls:  0
[BOT:50006] Heartbeat - Sparse Mods Tracked: 2048
[HEARTBEAT] Node: 0 | Tick: 326401 | Conf: 326399 | Hash: 0xDD3CE37A | Rollbacks: 14 (Resim:  14) | Stalls:  0
[HEARTBEAT] Node: 0 | Tick: 326461 | Conf: 326459 | Hash: 0x367F0930 | Rollbacks:  8 (Resim:   8) | Stalls:  0
[HEARTBEAT] Node: 0 | Tick: 326521 | Conf: 326519 | Hash: 0xBF63B0E0 | Rollbacks:  9 (Resim:   9) | Stalls:  0
[HEARTBEAT] Node: 0 | Tick: 326581 | Conf: 326579 | Hash: 0x44E34BCD | Rollbacks: 17 (Resim:  17) | Stalls:  0
[HEARTBEAT] Node: 0 | Tick: 326641 | Conf: 326639 | Hash: 0x7FDE71FB | Rollbacks: 24 (Resim:  25) | Stalls:  0
[HEARTBEAT] Node: 0 | Tick: 326701 | Conf: 326699 | Hash: 0xFC9BD731 | Rollbacks:  4 (Resim:   4) | Stalls:  0
[HEARTBEAT] Node: 0 | Tick: 326761 | Conf: 326759 | Hash: 0x64498CEC | Rollbacks:  7 (Resim:   7) | Stalls:  0
[HEARTBEAT] Node: 0 | Tick: 326821 | Conf: 326819 | Hash: 0x1A5EB02B | Rollbacks:  4 (Resim:   4) | Stalls:  0
[HEARTBEAT] Node: 0 | Tick: 326881 | Conf: 326879 | Hash: 0x8514D00C | Rollbacks:  6 (Resim:   6) | Stalls:  0
[HEARTBEAT] Node: 0 | Tick: 326941 | Conf: 326939 | Hash: 0x4CBB907B | Rollbacks: 18 (Resim:  19) | Stalls:  0
[BOT:50006] Heartbeat - Sparse Mods Tracked: 2048
[HEARTBEAT] Node: 0 | Tick: 327001 | Conf: 326999 | Hash: 0xF262F335 | Rollbacks: 12 (Resim:  12) | Stalls:  0
[HEARTBEAT] Node: 0 | Tick: 327061 | Conf: 327059 | Hash: 0x9C975B5F | Rollbacks:  3 (Resim:   3) | Stalls:  0
[HEARTBEAT] Node: 0 | Tick: 327121 | Conf: 327119 | Hash: 0x797C6771 | Rollbacks:  4 (Resim:   4) | Stalls:  0
[HEARTBEAT] Node: 0 | Tick: 327181 | Conf: 327179 | Hash: 0xE8A4CCC4 | Rollbacks: 18 (Resim:  18) | Stalls:  0
[HEARTBEAT] Node: 0 | Tick: 327241 | Conf: 327239 | Hash: 0x2DE75209 | Rollbacks:  0 (Resim:   0) | Stalls:  0
[HEARTBEAT] Node: 0 | Tick: 327301 | Conf: 327299 | Hash: 0x80AA6CAE | Rollbacks:  8 (Resim:   8) | Stalls:  0
[HEARTBEAT] Node: 0 | Tick: 327361 | Conf: 327359 | Hash: 0x59CA5255 | Rollbacks:  0 (Resim:   0) | Stalls:  0
[HEARTBEAT] Node: 0 | Tick: 327421 | Conf: 327419 | Hash: 0x4D15A077 | Rollbacks: 16 (Resim:  16) | Stalls:  0
[HEARTBEAT] Node: 0 | Tick: 327481 | Conf: 327479 | Hash: 0x195EF929 | Rollbacks:  7 (Resim:   7) | Stalls:  0
[BOT:50006] Heartbeat - Sparse Mods Tracked: 2048
[HEARTBEAT] Node: 0 | Tick: 327541 | Conf: 327539 | Hash: 0x34925508 | Rollbacks:  7 (Resim:   7) | Stalls:  0
[HEARTBEAT] Node: 0 | Tick: 327601 | Conf: 327599 | Hash: 0x808AC916 | Rollbacks:  6 (Resim:   6) | Stalls:  0
[HEARTBEAT] Node: 0 | Tick: 327661 | Conf: 327659 | Hash: 0x4B297811 | Rollbacks:  0 (Resim:   0) | Stalls:  0
[HEARTBEAT] Node: 0 | Tick: 327721 | Conf: 327719 | Hash: 0x0B7B2915 | Rollbacks:  8 (Resim:   8) | Stalls:  0
[HEARTBEAT] Node: 0 | Tick: 327781 | Conf: 327779 | Hash: 0x2F070175 | Rollbacks:  0 (Resim:   0) | Stalls:  0
[HEARTBEAT] Node: 0 | Tick: 327841 | Conf: 327839 | Hash: 0x97450C3D | Rollbacks:  6 (Resim:   6) | Stalls:  0
[HEARTBEAT] Node: 0 | Tick: 327901 | Conf: 327899 | Hash: 0x3B1086CD | Rollbacks: 16 (Resim:  16) | Stalls:  0
[HEARTBEAT] Node: 0 | Tick: 327961 | Conf: 327959 | Hash: 0xC67DD854 | Rollbacks:  5 (Resim:   5) | Stalls:  0
[HEARTBEAT] Node: 0 | Tick: 328021 | Conf: 328019 | Hash: 0x2AEC705C | Rollbacks:  0 (Resim:   0) | Stalls:  0
[HEARTBEAT] Node: 0 | Tick: 328081 | Conf: 328079 | Hash: 0x321C5276 | Rollbacks: 16 (Resim:  16) | Stalls:  0
[BOT:50006] Heartbeat - Sparse Mods Tracked: 2048
[HEARTBEAT] Node: 0 | Tick: 328141 | Conf: 328139 | Hash: 0x1742FA30 | Rollbacks:  5 (Resim:   5) | Stalls:  0
[HEARTBEAT] Node: 0 | Tick: 328201 | Conf: 328199 | Hash: 0xADD638D1 | Rollbacks:  0 (Resim:   0) | Stalls:  0
[HEARTBEAT] Node: 0 | Tick: 328261 | Conf: 328259 | Hash: 0xB3FD6238 | Rollbacks: 22 (Resim:  22) | Stalls:  0
[HEARTBEAT] Node: 0 | Tick: 328321 | Conf: 328319 | Hash: 0xD8FE373E | Rollbacks:  5 (Resim:   5) | Stalls:  0
[HEARTBEAT] Node: 0 | Tick: 328381 | Conf: 328379 | Hash: 0x500B00C5 | Rollbacks:  1 (Resim:   1) | Stalls:  0
[HEARTBEAT] Node: 0 | Tick: 328441 | Conf: 328439 | Hash: 0xEC5C6779 | Rollbacks: 10 (Resim:  10) | Stalls:  0
[HEARTBEAT] Node: 0 | Tick: 328501 | Conf: 328499 | Hash: 0x60439B57 | Rollbacks:  3 (Resim:   3) | Stalls:  0
[HEARTBEAT] Node: 0 | Tick: 328561 | Conf: 328559 | Hash: 0xB437D95B | Rollbacks: 17 (Resim:  17) | Stalls:  0
[HEARTBEAT] Node: 0 | Tick: 328621 | Conf: 328619 | Hash: 0xFC508320 | Rollbacks: 18 (Resim:  18) | Stalls:  0
[HEARTBEAT] Node: 0 | Tick: 328681 | Conf: 328679 | Hash: 0x386D4BE3 | Rollbacks: 19 (Resim:  20) | Stalls:  0
[BOT:50006] Heartbeat - Sparse Mods Tracked: 2048
[HEARTBEAT] Node: 0 | Tick: 328741 | Conf: 328739 | Hash: 0x88CAED9F | Rollbacks:  3 (Resim:   3) | Stalls:  0
[HEARTBEAT] Node: 0 | Tick: 328801 | Conf: 328799 | Hash: 0x27585203 | Rollbacks: 23 (Resim:  23) | Stalls:  0
[HEARTBEAT] Node: 0 | Tick: 328861 | Conf: 328859 | Hash: 0xC7633849 | Rollbacks:  2 (Resim:   2) | Stalls:  0
[HEARTBEAT] Node: 0 | Tick: 328921 | Conf: 328919 | Hash: 0xB4EC771C | Rollbacks: 16 (Resim:  16) | Stalls:  0
[HEARTBEAT] Node: 0 | Tick: 328981 | Conf: 328979 | Hash: 0x6FA57952 | Rollbacks:  4 (Resim:   4) | Stalls:  0
[HEARTBEAT] Node: 0 | Tick: 329041 | Conf: 329039 | Hash: 0xB9815862 | Rollbacks:  6 (Resim:   6) | Stalls:  0
[HEARTBEAT] Node: 0 | Tick: 329101 | Conf: 329099 | Hash: 0xF760295E | Rollbacks:  4 (Resim:   4) | Stalls:  0
[HEARTBEAT] Node: 0 | Tick: 329161 | Conf: 329159 | Hash: 0xBDE4797C | Rollbacks: 10 (Resim:  10) | Stalls:  0
[HEARTBEAT] Node: 0 | Tick: 329221 | Conf: 329219 | Hash: 0xF4D8B797 | Rollbacks: 16 (Resim:  16) | Stalls:  0
[HEARTBEAT] Node: 0 | Tick: 329281 | Conf: 329279 | Hash: 0x26DCDDDA | Rollbacks:  0 (Resim:   0) | Stalls:  0
[BOT:50006] Heartbeat - Sparse Mods Tracked: 2048
[HEARTBEAT] Node: 0 | Tick: 329341 | Conf: 329339 | Hash: 0x8380A46F | Rollbacks: 20 (Resim:  20) | Stalls:  0
[HEARTBEAT] Node: 0 | Tick: 329401 | Conf: 329399 | Hash: 0x70ACFB7E | Rollbacks:  6 (Resim:   6) | Stalls:  0
[HEARTBEAT] Node: 0 | Tick: 329461 | Conf: 329459 | Hash: 0x158537CC | Rollbacks:  0 (Resim:   0) | Stalls:  0
[HEARTBEAT] Node: 0 | Tick: 329521 | Conf: 329519 | Hash: 0x245D0682 | Rollbacks: 12 (Resim:  12) | Stalls:  0
[HEARTBEAT] Node: 0 | Tick: 329581 | Conf: 329579 | Hash: 0x56CB8057 | Rollbacks:  1 (Resim:   1) | Stalls:  0
[HEARTBEAT] Node: 0 | Tick: 329641 | Conf: 329639 | Hash: 0x5C1C6A78 | Rollbacks:  1 (Resim:   1) | Stalls:  0
[HEARTBEAT] Node: 0 | Tick: 329701 | Conf: 329699 | Hash: 0x9DEA40C4 | Rollbacks:  6 (Resim:   6) | Stalls:  0
[HEARTBEAT] Node: 0 | Tick: 329761 | Conf: 329759 | Hash: 0xF223EC9A | Rollbacks:  2 (Resim:   2) | Stalls:  0
[HEARTBEAT] Node: 0 | Tick: 329821 | Conf: 329819 | Hash: 0x19760023 | Rollbacks:  0 (Resim:   0) | Stalls:  0
[HEARTBEAT] Node: 0 | Tick: 329881 | Conf: 329879 | Hash: 0x10EEDA0B | Rollbacks: 20 (Resim:  20) | Stalls:  0
[BOT:50006] Heartbeat - Sparse Mods Tracked: 2048
[HEARTBEAT] Node: 0 | Tick: 329941 | Conf: 329939 | Hash: 0xD985E605 | Rollbacks:  2 (Resim:   2) | Stalls:  0
[HEARTBEAT] Node: 0 | Tick: 330001 | Conf: 329999 | Hash: 0x7372C920 | Rollbacks:  0 (Resim:   0) | Stalls:  0
[HEARTBEAT] Node: 0 | Tick: 330061 | Conf: 330059 | Hash: 0x6284AA74 | Rollbacks: 12 (Resim:  12) | Stalls:  0
[HEARTBEAT] Node: 0 | Tick: 330121 | Conf: 330119 | Hash: 0xFD9CF0EE | Rollbacks:  0 (Resim:   0) | Stalls:  0
[HEARTBEAT] Node: 0 | Tick: 330181 | Conf: 330179 | Hash: 0xC9477A0B | Rollbacks: 11 (Resim:  11) | Stalls:  0
[HEARTBEAT] Node: 0 | Tick: 330241 | Conf: 330239 | Hash: 0x4EBCD6A8 | Rollbacks: 20 (Resim:  20) | Stalls:  0
[HEARTBEAT] Node: 0 | Tick: 330301 | Conf: 330299 | Hash: 0x6C44381D | Rollbacks:  9 (Resim:   9) | Stalls:  0
[HEARTBEAT] Node: 0 | Tick: 330361 | Conf: 330359 | Hash: 0xA8FB7E44 | Rollbacks:  1 (Resim:   1) | Stalls:  0
[HEARTBEAT] Node: 0 | Tick: 330421 | Conf: 330419 | Hash: 0xAF48C66E | Rollbacks:  8 (Resim:   8) | Stalls:  0
[BOT:50006] Heartbeat - Sparse Mods Tracked: 2048
[HEARTBEAT] Node: 0 | Tick: 330481 | Conf: 330479 | Hash: 0xDE9136A1 | Rollbacks:  0 (Resim:   0) | Stalls:  0
[HEARTBEAT] Node: 0 | Tick: 330541 | Conf: 330539 | Hash: 0xF6CC8AC7 | Rollbacks: 21 (Resim:  21) | Stalls:  0
[HEARTBEAT] Node: 0 | Tick: 330601 | Conf: 330599 | Hash: 0x57A247AA | Rollbacks:  0 (Resim:   0) | Stalls:  0
[HEARTBEAT] Node: 0 | Tick: 330661 | Conf: 330659 | Hash: 0x908ADF5E | Rollbacks: 10 (Resim:  10) | Stalls:  0
[HEARTBEAT] Node: 0 | Tick: 330721 | Conf: 330719 | Hash: 0xF2CCA735 | Rollbacks:  0 (Resim:   0) | Stalls:  0
[HEARTBEAT] Node: 0 | Tick: 330781 | Conf: 330779 | Hash: 0x8DE50ECD | Rollbacks: 13 (Resim:  13) | Stalls:  0
[HEARTBEAT] Node: 0 | Tick: 330841 | Conf: 330839 | Hash: 0x47BEEF0B | Rollbacks:  0 (Resim:   0) | Stalls:  0
[HEARTBEAT] Node: 0 | Tick: 330901 | Conf: 330899 | Hash: 0xB8409B2B | Rollbacks: 22 (Resim:  22) | Stalls:  0
[HEARTBEAT] Node: 0 | Tick: 330961 | Conf: 330959 | Hash: 0x2EA54135 | Rollbacks: 10 (Resim:  10) | Stalls:  0
[HEARTBEAT] Node: 0 | Tick: 331021 | Conf: 331019 | Hash: 0x36D12763 | Rollbacks:  2 (Resim:   2) | Stalls:  0
[BOT:50006] Heartbeat - Sparse Mods Tracked: 2048
[HEARTBEAT] Node: 0 | Tick: 331081 | Conf: 331079 | Hash: 0xAD237C3D | Rollbacks:  0 (Resim:   0) | Stalls:  0
[HEARTBEAT] Node: 0 | Tick: 331141 | Conf: 331139 | Hash: 0x53837B34 | Rollbacks: 21 (Resim:  21) | Stalls:  0
[HEARTBEAT] Node: 0 | Tick: 331201 | Conf: 331199 | Hash: 0x3969CBAC | Rollbacks: 20 (Resim:  21) | Stalls:  0
[HEARTBEAT] Node: 0 | Tick: 331261 | Conf: 331259 | Hash: 0x59A5DB81 | Rollbacks:  9 (Resim:   9) | Stalls:  0
[HEARTBEAT] Node: 0 | Tick: 331321 | Conf: 331319 | Hash: 0xEA544C24 | Rollbacks:  0 (Resim:   0) | Stalls:  0
[HEARTBEAT] Node: 0 | Tick: 331381 | Conf: 331379 | Hash: 0x2BB10283 | Rollbacks: 11 (Resim:  11) | Stalls:  0
[HEARTBEAT] Node: 0 | Tick: 331441 | Conf: 331439 | Hash: 0xBF79532D | Rollbacks:  6 (Resim:   6) | Stalls:  0
[HEARTBEAT] Node: 0 | Tick: 331501 | Conf: 331499 | Hash: 0x39995073 | Rollbacks:  0 (Resim:   0) | Stalls:  0
[HEARTBEAT] Node: 0 | Tick: 331561 | Conf: 331559 | Hash: 0x17983048 | Rollbacks: 11 (Resim:  11) | Stalls:  0
[HEARTBEAT] Node: 0 | Tick: 331621 | Conf: 331619 | Hash: 0x2BF25641 | Rollbacks:  2 (Resim:   2) | Stalls:  0
[BOT:50006] Heartbeat - Sparse Mods Tracked: 2048
[HEARTBEAT] Node: 0 | Tick: 331681 | Conf: 331679 | Hash: 0xE9837460 | Rollbacks:  9 (Resim:   9) | Stalls:  0
[HEARTBEAT] Node: 0 | Tick: 331741 | Conf: 331739 | Hash: 0xDAC07765 | Rollbacks:  6 (Resim:   6) | Stalls:  0
[HEARTBEAT] Node: 0 | Tick: 331801 | Conf: 331799 | Hash: 0x5A51AC27 | Rollbacks:  0 (Resim:   0) | Stalls:  0
[HEARTBEAT] Node: 0 | Tick: 331861 | Conf: 331859 | Hash: 0x5D065EB1 | Rollbacks:  7 (Resim:   7) | Stalls:  0
[HEARTBEAT] Node: 0 | Tick: 331921 | Conf: 331919 | Hash: 0xABD067DE | Rollbacks: 16 (Resim:  16) | Stalls:  0
[HEARTBEAT] Node: 0 | Tick: 331981 | Conf: 331979 | Hash: 0x3AA0221D | Rollbacks: 11 (Resim:  11) | Stalls:  0
[HEARTBEAT] Node: 0 | Tick: 332041 | Conf: 332039 | Hash: 0x7F9053DA | Rollbacks:  0 (Resim:   0) | Stalls:  0
[HEARTBEAT] Node: 0 | Tick: 332101 | Conf: 332099 | Hash: 0x69041476 | Rollbacks: 30 (Resim:  30) | Stalls:  0
[HEARTBEAT] Node: 0 | Tick: 332161 | Conf: 332159 | Hash: 0xA2A33EFF | Rollbacks:  8 (Resim:   8) | Stalls:  0
[HEARTBEAT] Node: 0 | Tick: 332221 | Conf: 332219 | Hash: 0xC6197C24 | Rollbacks:  3 (Resim:   3) | Stalls:  0
[BOT:50006] Heartbeat - Sparse Mods Tracked: 2048
[HEARTBEAT] Node: 0 | Tick: 332281 | Conf: 332279 | Hash: 0xC5827DD7 | Rollbacks:  0 (Resim:   0) | Stalls:  0
[HEARTBEAT] Node: 0 | Tick: 332341 | Conf: 332339 | Hash: 0xC7DD6F9E | Rollbacks: 17 (Resim:  17) | Stalls:  0
[HEARTBEAT] Node: 0 | Tick: 332401 | Conf: 332399 | Hash: 0x77D775BE | Rollbacks: 15 (Resim:  15) | Stalls:  0
[HEARTBEAT] Node: 0 | Tick: 332461 | Conf: 332459 | Hash: 0x1750CAA0 | Rollbacks:  3 (Resim:   3) | Stalls:  0
[HEARTBEAT] Node: 0 | Tick: 332521 | Conf: 332519 | Hash: 0x07B975F0 | Rollbacks:  0 (Resim:   0) | Stalls:  0
[HEARTBEAT] Node: 0 | Tick: 332581 | Conf: 332579 | Hash: 0xF19E5693 | Rollbacks:  2 (Resim:   2) | Stalls:  0
[HEARTBEAT] Node: 0 | Tick: 332641 | Conf: 332639 | Hash: 0xFBC72C5A | Rollbacks: 26 (Resim:  26) | Stalls:  0
[HEARTBEAT] Node: 0 | Tick: 332701 | Conf: 332699 | Hash: 0x8017BCCA | Rollbacks:  0 (Resim:   0) | Stalls:  0
[HEARTBEAT] Node: 0 | Tick: 332761 | Conf: 332759 | Hash: 0xA9DF3D2A | Rollbacks:  7 (Resim:   7) | Stalls:  0
[BOT:50006] Heartbeat - Sparse Mods Tracked: 2048
[HEARTBEAT] Node: 0 | Tick: 332821 | Conf: 332819 | Hash: 0x39D57291 | Rollbacks: 23 (Resim:  23) | Stalls:  0
[HEARTBEAT] Node: 0 | Tick: 332881 | Conf: 332879 | Hash: 0xE9AB6E3B | Rollbacks:  2 (Resim:   2) | Stalls:  0
[HEARTBEAT] Node: 0 | Tick: 332941 | Conf: 332939 | Hash: 0xED3D0B55 | Rollbacks:  8 (Resim:   8) | Stalls:  0
[HEARTBEAT] Node: 0 | Tick: 333001 | Conf: 332999 | Hash: 0x9C7BF392 | Rollbacks: 15 (Resim:  15) | Stalls:  0
[HEARTBEAT] Node: 0 | Tick: 333061 | Conf: 333059 | Hash: 0x4FC73EF5 | Rollbacks: 23 (Resim:  23) | Stalls:  0
[HEARTBEAT] Node: 0 | Tick: 333121 | Conf: 333119 | Hash: 0xE0F093FA | Rollbacks:  5 (Resim:   5) | Stalls:  0
[HEARTBEAT] Node: 0 | Tick: 333181 | Conf: 333179 | Hash: 0x31988C96 | Rollbacks:  0 (Resim:   0) | Stalls:  0
[HEARTBEAT] Node: 0 | Tick: 333241 | Conf: 333239 | Hash: 0x8673A9BA | Rollbacks: 11 (Resim:  11) | Stalls:  0
[HEARTBEAT] Node: 0 | Tick: 333301 | Conf: 333299 | Hash: 0x1DA85138 | Rollbacks: 12 (Resim:  12) | Stalls:  0
[HEARTBEAT] Node: 0 | Tick: 333361 | Conf: 333359 | Hash: 0xF985E64A | Rollbacks:  2 (Resim:   2) | Stalls:  0
[BOT:50006] Heartbeat - Sparse Mods Tracked: 2048
[HEARTBEAT] Node: 0 | Tick: 333421 | Conf: 333419 | Hash: 0x7362872A | Rollbacks:  0 (Resim:   0) | Stalls:  0
[HEARTBEAT] Node: 0 | Tick: 333481 | Conf: 333479 | Hash: 0x67D22FE8 | Rollbacks: 25 (Resim:  25) | Stalls:  0
[HEARTBEAT] Node: 0 | Tick: 333541 | Conf: 333539 | Hash: 0x533DD9D1 | Rollbacks: 21 (Resim:  21) | Stalls:  0
[HEARTBEAT] Node: 0 | Tick: 333601 | Conf: 333599 | Hash: 0xA7389D69 | Rollbacks:  6 (Resim:   6) | Stalls:  0
[HEARTBEAT] Node: 0 | Tick: 333661 | Conf: 333659 | Hash: 0x8FFDEA24 | Rollbacks:  0 (Resim:   0) | Stalls:  0
[HEARTBEAT] Node: 0 | Tick: 333721 | Conf: 333719 | Hash: 0x173218E7 | Rollbacks: 17 (Resim:  17) | Stalls:  0
[HEARTBEAT] Node: 0 | Tick: 333781 | Conf: 333779 | Hash: 0xD679BC0F | Rollbacks: 10 (Resim:  10) | Stalls:  0
[HEARTBEAT] Node: 0 | Tick: 333841 | Conf: 333839 | Hash: 0x5B072AFB | Rollbacks:  3 (Resim:   3) | Stalls:  0
[HEARTBEAT] Node: 0 | Tick: 333901 | Conf: 333899 | Hash: 0x420E678E | Rollbacks: 11 (Resim:  11) | Stalls:  0
[HEARTBEAT] Node: 0 | Tick: 333961 | Conf: 333959 | Hash: 0x00AC943F | Rollbacks: 24 (Resim:  24) | Stalls:  0
[BOT:50006] Heartbeat - Sparse Mods Tracked: 2048
[HEARTBEAT] Node: 0 | Tick: 334021 | Conf: 334019 | Hash: 0xE844C297 | Rollbacks:  8 (Resim:   8) | Stalls:  0
[HEARTBEAT] Node: 0 | Tick: 334081 | Conf: 334079 | Hash: 0xCBAFB7A0 | Rollbacks:  0 (Resim:   0) | Stalls:  0
[HEARTBEAT] Node: 0 | Tick: 334141 | Conf: 334139 | Hash: 0x8B1F1C56 | Rollbacks: 16 (Resim:  16) | Stalls:  0
[HEARTBEAT] Node: 0 | Tick: 334201 | Conf: 334199 | Hash: 0x32C6C2E1 | Rollbacks: 10 (Resim:  10) | Stalls:  0
[HEARTBEAT] Node: 0 | Tick: 334261 | Conf: 334259 | Hash: 0x5BBFE6D4 | Rollbacks:  1 (Resim:   1) | Stalls:  0
[HEARTBEAT] Node: 0 | Tick: 334321 | Conf: 334319 | Hash: 0xCEB3285E | Rollbacks: 18 (Resim:  18) | Stalls:  0
[HEARTBEAT] Node: 0 | Tick: 334381 | Conf: 334379 | Hash: 0xACCFC212 | Rollbacks:  0 (Resim:   0) | Stalls:  0
[HEARTBEAT] Node: 0 | Tick: 334441 | Conf: 334439 | Hash: 0x7A2FAE70 | Rollbacks: 15 (Resim:  15) | Stalls:  0
[HEARTBEAT] Node: 0 | Tick: 334501 | Conf: 334499 | Hash: 0x2C5341C2 | Rollbacks:  5 (Resim:   5) | Stalls:  0
[HEARTBEAT] Node: 0 | Tick: 334561 | Conf: 334559 | Hash: 0xFE097ECA | Rollbacks:  0 (Resim:   0) | Stalls:  0
[BOT:50006] Heartbeat - Sparse Mods Tracked: 2048
[HEARTBEAT] Node: 0 | Tick: 334621 | Conf: 334619 | Hash: 0x81218312 | Rollbacks: 13 (Resim:  13) | Stalls:  0
[HEARTBEAT] Node: 0 | Tick: 334681 | Conf: 334679 | Hash: 0x7E6AF024 | Rollbacks:  3 (Resim:   3) | Stalls:  0
[HEARTBEAT] Node: 0 | Tick: 334741 | Conf: 334739 | Hash: 0xC90E3F35 | Rollbacks:  5 (Resim:   5) | Stalls:  0
[HEARTBEAT] Node: 0 | Tick: 334801 | Conf: 334799 | Hash: 0x576E8C90 | Rollbacks: 18 (Resim:  18) | Stalls:  0
[HEARTBEAT] Node: 0 | Tick: 334861 | Conf: 334859 | Hash: 0xE0A683E9 | Rollbacks: 10 (Resim:  10) | Stalls:  0
[HEARTBEAT] Node: 0 | Tick: 334921 | Conf: 334919 | Hash: 0xD0F36007 | Rollbacks:  3 (Resim:   3) | Stalls:  0
[HEARTBEAT] Node: 0 | Tick: 334981 | Conf: 334979 | Hash: 0x732E0166 | Rollbacks: 22 (Resim:  23) | Stalls:  0
[HEARTBEAT] Node: 0 | Tick: 335041 | Conf: 335039 | Hash: 0x52DE2CDC | Rollbacks:  0 (Resim:   0) | Stalls:  0
[HEARTBEAT] Node: 0 | Tick: 335101 | Conf: 335099 | Hash: 0x5B14924E | Rollbacks: 10 (Resim:  10) | Stalls:  0
[BOT:50006] Heartbeat - Sparse Mods Tracked: 2048
[HEARTBEAT] Node: 0 | Tick: 335161 | Conf: 335159 | Hash: 0x3FDC7919 | Rollbacks: 18 (Resim:  18) | Stalls:  0
[HEARTBEAT] Node: 0 | Tick: 335221 | Conf: 335219 | Hash: 0xAA15F6A3 | Rollbacks:  0 (Resim:   0) | Stalls:  0
[HEARTBEAT] Node: 0 | Tick: 335281 | Conf: 335279 | Hash: 0xCB44EB0B | Rollbacks: 13 (Resim:  13) | Stalls:  0
[HEARTBEAT] Node: 0 | Tick: 335341 | Conf: 335339 | Hash: 0xC0E6200D | Rollbacks:  3 (Resim:   3) | Stalls:  0
[HEARTBEAT] Node: 0 | Tick: 335401 | Conf: 335399 | Hash: 0xB13D47FE | Rollbacks:  0 (Resim:   0) | Stalls:  0
[HEARTBEAT] Node: 0 | Tick: 335461 | Conf: 335459 | Hash: 0x34B98B09 | Rollbacks: 14 (Resim:  14) | Stalls:  0
[HEARTBEAT] Node: 0 | Tick: 335521 | Conf: 335519 | Hash: 0x235D55F1 | Rollbacks:  9 (Resim:   9) | Stalls:  0
[HEARTBEAT] Node: 0 | Tick: 335581 | Conf: 335579 | Hash: 0xC2C71209 | Rollbacks:  0 (Resim:   0) | Stalls:  0
[HEARTBEAT] Node: 0 | Tick: 335641 | Conf: 335639 | Hash: 0xF23DE84E | Rollbacks: 20 (Resim:  20) | Stalls:  0
[HEARTBEAT] Node: 0 | Tick: 335701 | Conf: 335699 | Hash: 0xC815881C | Rollbacks:  6 (Resim:   6) | Stalls:  0
[BOT:50006] Heartbeat - Sparse Mods Tracked: 2048
[HEARTBEAT] Node: 0 | Tick: 335761 | Conf: 335759 | Hash: 0xB3756079 | Rollbacks: 10 (Resim:  10) | Stalls:  0
[HEARTBEAT] Node: 0 | Tick: 335821 | Conf: 335819 | Hash: 0x44E7D30C | Rollbacks: 11 (Resim:  11) | Stalls:  0
[HEARTBEAT] Node: 0 | Tick: 335881 | Conf: 335879 | Hash: 0x9B81C1AC | Rollbacks:  5 (Resim:   5) | Stalls:  0
[HEARTBEAT] Node: 0 | Tick: 335941 | Conf: 335939 | Hash: 0xC66DE0D6 | Rollbacks:  4 (Resim:   4) | Stalls:  0
[HEARTBEAT] Node: 0 | Tick: 336001 | Conf: 335999 | Hash: 0xF72EE51E | Rollbacks: 24 (Resim:  25) | Stalls:  0
[HEARTBEAT] Node: 0 | Tick: 336061 | Conf: 336059 | Hash: 0x3B26FF1C | Rollbacks:  1 (Resim:   1) | Stalls:  0
[HEARTBEAT] Node: 0 | Tick: 336121 | Conf: 336119 | Hash: 0xBDB6B989 | Rollbacks: 13 (Resim:  13) | Stalls:  0
[HEARTBEAT] Node: 0 | Tick: 336181 | Conf: 336179 | Hash: 0x46B4FB30 | Rollbacks: 15 (Resim:  15) | Stalls:  0
[HEARTBEAT] Node: 0 | Tick: 336241 | Conf: 336239 | Hash: 0x7D499917 | Rollbacks:  7 (Resim:   7) | Stalls:  0
[HEARTBEAT] Node: 0 | Tick: 336301 | Conf: 336299 | Hash: 0x6209EDBF | Rollbacks:  0 (Resim:   0) | Stalls:  0
[BOT:50006] Heartbeat - Sparse Mods Tracked: 2048
[HEARTBEAT] Node: 0 | Tick: 336361 | Conf: 336359 | Hash: 0xA6636090 | Rollbacks: 17 (Resim:  17) | Stalls:  0
[HEARTBEAT] Node: 0 | Tick: 336421 | Conf: 336419 | Hash: 0x2277959B | Rollbacks:  8 (Resim:   8) | Stalls:  0
[HEARTBEAT] Node: 0 | Tick: 336481 | Conf: 336479 | Hash: 0x51B977DE | Rollbacks:  0 (Resim:   0) | Stalls:  0
[HEARTBEAT] Node: 0 | Tick: 336541 | Conf: 336539 | Hash: 0x3DC66EA7 | Rollbacks: 16 (Resim:  16) | Stalls:  0
[HEARTBEAT] Node: 0 | Tick: 336601 | Conf: 336599 | Hash: 0x70A233F4 | Rollbacks: 13 (Resim:  13) | Stalls:  0
[HEARTBEAT] Node: 0 | Tick: 336661 | Conf: 336659 | Hash: 0x05E36568 | Rollbacks:  5 (Resim:   5) | Stalls:  0
[HEARTBEAT] Node: 0 | Tick: 336721 | Conf: 336719 | Hash: 0xD1806DA6 | Rollbacks:  6 (Resim:   6) | Stalls:  0
[HEARTBEAT] Node: 0 | Tick: 336781 | Conf: 336779 | Hash: 0x801627AA | Rollbacks: 23 (Resim:  23) | Stalls:  0
[HEARTBEAT] Node: 0 | Tick: 336841 | Conf: 336839 | Hash: 0x36750FE1 | Rollbacks:  7 (Resim:   7) | Stalls:  0
[HEARTBEAT] Node: 0 | Tick: 336901 | Conf: 336899 | Hash: 0x4F8243C0 | Rollbacks:  0 (Resim:   0) | Stalls:  0
[BOT:50006] Heartbeat - Sparse Mods Tracked: 2048
[HEARTBEAT] Node: 0 | Tick: 336961 | Conf: 336959 | Hash: 0x1D253F4B | Rollbacks: 20 (Resim:  20) | Stalls:  0
[HEARTBEAT] Node: 0 | Tick: 337021 | Conf: 337019 | Hash: 0x9133B059 | Rollbacks: 10 (Resim:  10) | Stalls:  0
[HEARTBEAT] Node: 0 | Tick: 337081 | Conf: 337079 | Hash: 0xCB86ACE0 | Rollbacks:  6 (Resim:   6) | Stalls:  0
[HEARTBEAT] Node: 0 | Tick: 337141 | Conf: 337139 | Hash: 0x91328580 | Rollbacks:  9 (Resim:   9) | Stalls:  0
[HEARTBEAT] Node: 0 | Tick: 337201 | Conf: 337199 | Hash: 0x3CC77663 | Rollbacks: 10 (Resim:  10) | Stalls:  0
[HEARTBEAT] Node: 0 | Tick: 337261 | Conf: 337259 | Hash: 0xEDAF6DBC | Rollbacks:  3 (Resim:   3) | Stalls:  0
[HEARTBEAT] Node: 0 | Tick: 337321 | Conf: 337319 | Hash: 0x3723A0B4 | Rollbacks:  0 (Resim:   0) | Stalls:  0
[HEARTBEAT] Node: 0 | Tick: 337381 | Conf: 337379 | Hash: 0x95EA3E21 | Rollbacks: 12 (Resim:  12) | Stalls:  0
[HEARTBEAT] Node: 0 | Tick: 337441 | Conf: 337439 | Hash: 0x0D5EEA88 | Rollbacks: 14 (Resim:  14) | Stalls:  0
[BOT:50006] Heartbeat - Sparse Mods Tracked: 2048
[HEARTBEAT] Node: 0 | Tick: 337501 | Conf: 337499 | Hash: 0x80207936 | Rollbacks:  0 (Resim:   0) | Stalls:  0
[HEARTBEAT] Node: 0 | Tick: 337561 | Conf: 337559 | Hash: 0x27E91DC4 | Rollbacks: 21 (Resim:  21) | Stalls:  0
[HEARTBEAT] Node: 0 | Tick: 337621 | Conf: 337619 | Hash: 0xEED0A67E | Rollbacks: 11 (Resim:  11) | Stalls:  0
[HEARTBEAT] Node: 0 | Tick: 337681 | Conf: 337679 | Hash: 0x31D9CC2D | Rollbacks:  0 (Resim:   0) | Stalls:  0
[HEARTBEAT] Node: 0 | Tick: 337741 | Conf: 337739 | Hash: 0x7F06BEA0 | Rollbacks:  1 (Resim:   1) | Stalls:  0
[HEARTBEAT] Node: 0 | Tick: 337801 | Conf: 337799 | Hash: 0x4E65A797 | Rollbacks:  9 (Resim:   9) | Stalls:  0
[HEARTBEAT] Node: 0 | Tick: 337861 | Conf: 337859 | Hash: 0x03EF425D | Rollbacks:  0 (Resim:   0) | Stalls:  0
[HEARTBEAT] Node: 0 | Tick: 337921 | Conf: 337919 | Hash: 0xD84818D5 | Rollbacks:  8 (Resim:   8) | Stalls:  0
[HEARTBEAT] Node: 0 | Tick: 337981 | Conf: 337979 | Hash: 0x1E659891 | Rollbacks:  0 (Resim:   0) | Stalls:  0
[HEARTBEAT] Node: 0 | Tick: 338041 | Conf: 338039 | Hash: 0xB85408D7 | Rollbacks: 13 (Resim:  13) | Stalls:  0
[BOT:50006] Heartbeat - Sparse Mods Tracked: 2048
[HEARTBEAT] Node: 0 | Tick: 338101 | Conf: 338099 | Hash: 0xE2995AE5 | Rollbacks:  2 (Resim:   2) | Stalls:  0
[HEARTBEAT] Node: 0 | Tick: 338161 | Conf: 338159 | Hash: 0x39E3D0E8 | Rollbacks: 20 (Resim:  20) | Stalls:  0
[HEARTBEAT] Node: 0 | Tick: 338221 | Conf: 338219 | Hash: 0x6245831A | Rollbacks:  9 (Resim:   9) | Stalls:  0
[HEARTBEAT] Node: 0 | Tick: 338281 | Conf: 338279 | Hash: 0xCAFCFD49 | Rollbacks:  0 (Resim:   0) | Stalls:  0
[HEARTBEAT] Node: 0 | Tick: 338341 | Conf: 338339 | Hash: 0x03122A59 | Rollbacks: 11 (Resim:  11) | Stalls:  0
[HEARTBEAT] Node: 0 | Tick: 338401 | Conf: 338399 | Hash: 0x62647CD1 | Rollbacks:  0 (Resim:   0) | Stalls:  0
[HEARTBEAT] Node: 0 | Tick: 338461 | Conf: 338459 | Hash: 0xA903B6AA | Rollbacks:  5 (Resim:   5) | Stalls:  0
[HEARTBEAT] Node: 0 | Tick: 338521 | Conf: 338519 | Hash: 0xDE0035FC | Rollbacks:  0 (Resim:   0) | Stalls:  0
[HEARTBEAT] Node: 0 | Tick: 338581 | Conf: 338579 | Hash: 0xDE904CAB | Rollbacks: 16 (Resim:  16) | Stalls:  0
[HEARTBEAT] Node: 0 | Tick: 338641 | Conf: 338639 | Hash: 0xC09B986E | Rollbacks: 16 (Resim:  16) | Stalls:  0
[BOT:50006] Heartbeat - Sparse Mods Tracked: 2048
[HEARTBEAT] Node: 0 | Tick: 338701 | Conf: 338699 | Hash: 0xDB2D1264 | Rollbacks:  1 (Resim:   1) | Stalls:  0
[HEARTBEAT] Node: 0 | Tick: 338761 | Conf: 338759 | Hash: 0x4DAA6987 | Rollbacks: 24 (Resim:  24) | Stalls:  0
[HEARTBEAT] Node: 0 | Tick: 338821 | Conf: 338819 | Hash: 0xBE26DBFB | Rollbacks:  3 (Resim:   3) | Stalls:  0
[HEARTBEAT] Node: 0 | Tick: 338881 | Conf: 338879 | Hash: 0xB77E8006 | Rollbacks: 10 (Resim:  10) | Stalls:  0
[HEARTBEAT] Node: 0 | Tick: 338941 | Conf: 338939 | Hash: 0x3E8C3FBC | Rollbacks:  0 (Resim:   0) | Stalls:  0
[HEARTBEAT] Node: 0 | Tick: 339001 | Conf: 338999 | Hash: 0x4917847A | Rollbacks: 16 (Resim:  16) | Stalls:  0
[HEARTBEAT] Node: 0 | Tick: 339061 | Conf: 339059 | Hash: 0x6510C6FF | Rollbacks: 13 (Resim:  13) | Stalls:  0
[HEARTBEAT] Node: 0 | Tick: 339121 | Conf: 339119 | Hash: 0xF5948D3C | Rollbacks:  0 (Resim:   0) | Stalls:  0
[HEARTBEAT] Node: 0 | Tick: 339181 | Conf: 339179 | Hash: 0x2DC2F470 | Rollbacks: 14 (Resim:  14) | Stalls:  0
[HEARTBEAT] Node: 0 | Tick: 339241 | Conf: 339239 | Hash: 0x0D91D966 | Rollbacks:  7 (Resim:   7) | Stalls:  0
[BOT:50006] Heartbeat - Sparse Mods Tracked: 2048
[HEARTBEAT] Node: 0 | Tick: 339301 | Conf: 339299 | Hash: 0x05B0C33A | Rollbacks:  0 (Resim:   0) | Stalls:  0
[HEARTBEAT] Node: 0 | Tick: 339361 | Conf: 339359 | Hash: 0xD090047D | Rollbacks: 15 (Resim:  15) | Stalls:  0
[HEARTBEAT] Node: 0 | Tick: 339421 | Conf: 339419 | Hash: 0x89B43117 | Rollbacks:  0 (Resim:   0) | Stalls:  0
[HEARTBEAT] Node: 0 | Tick: 339481 | Conf: 339479 | Hash: 0x9AB02F08 | Rollbacks: 18 (Resim:  18) | Stalls:  0
[HEARTBEAT] Node: 0 | Tick: 339541 | Conf: 339539 | Hash: 0x0D85FD6F | Rollbacks: 16 (Resim:  16) | Stalls:  0
[HEARTBEAT] Node: 0 | Tick: 339601 | Conf: 339599 | Hash: 0x91CB87CF | Rollbacks:  2 (Resim:   2) | Stalls:  0
[HEARTBEAT] Node: 0 | Tick: 339661 | Conf: 339659 | Hash: 0xCE94B36F | Rollbacks: 23 (Resim:  23) | Stalls:  0
[HEARTBEAT] Node: 0 | Tick: 339721 | Conf: 339719 | Hash: 0xAA627FBA | Rollbacks: 10 (Resim:  10) | Stalls:  0
[HEARTBEAT] Node: 0 | Tick: 339781 | Conf: 339779 | Hash: 0x482E737F | Rollbacks:  0 (Resim:   0) | Stalls:  0
[HEARTBEAT] Node: 0 | Tick: 339841 | Conf: 339839 | Hash: 0xAAB6B321 | Rollbacks:  1 (Resim:   1) | Stalls:  0
[BOT:50006] Heartbeat - Sparse Mods Tracked: 2048
[HEARTBEAT] Node: 0 | Tick: 339901 | Conf: 339899 | Hash: 0x1D67A2F6 | Rollbacks: 11 (Resim:  11) | Stalls:  0
[HEARTBEAT] Node: 0 | Tick: 339961 | Conf: 339959 | Hash: 0x70AD4A4C | Rollbacks: 11 (Resim:  11) | Stalls:  0
[HEARTBEAT] Node: 0 | Tick: 340021 | Conf: 340019 | Hash: 0x4CB754E4 | Rollbacks:  1 (Resim:   1) | Stalls:  0
[HEARTBEAT] Node: 0 | Tick: 340081 | Conf: 340079 | Hash: 0x381D7954 | Rollbacks: 23 (Resim:  23) | Stalls:  0
[HEARTBEAT] Node: 0 | Tick: 340141 | Conf: 340139 | Hash: 0x2E40EBCE | Rollbacks:  1 (Resim:   1) | Stalls:  0
[HEARTBEAT] Node: 0 | Tick: 340201 | Conf: 340199 | Hash: 0xAC1E1C94 | Rollbacks:  0 (Resim:   0) | Stalls:  0
[HEARTBEAT] Node: 0 | Tick: 340261 | Conf: 340259 | Hash: 0x1D21087E | Rollbacks:  0 (Resim:   0) | Stalls:  0
[HEARTBEAT] Node: 0 | Tick: 340321 | Conf: 340319 | Hash: 0x7575E2D3 | Rollbacks: 11 (Resim:  11) | Stalls:  0
[HEARTBEAT] Node: 0 | Tick: 340381 | Conf: 340379 | Hash: 0x58B271B1 | Rollbacks:  1 (Resim:   1) | Stalls:  0
[BOT:50006] Heartbeat - Sparse Mods Tracked: 2048
[HEARTBEAT] Node: 0 | Tick: 340441 | Conf: 340439 | Hash: 0x0F6A4512 | Rollbacks: 10 (Resim:  10) | Stalls:  0
[HEARTBEAT] Node: 0 | Tick: 340501 | Conf: 340499 | Hash: 0x82789371 | Rollbacks:  2 (Resim:   2) | Stalls:  0
[HEARTBEAT] Node: 0 | Tick: 340561 | Conf: 340559 | Hash: 0xFEE97026 | Rollbacks:  8 (Resim:   9) | Stalls:  0
[HEARTBEAT] Node: 0 | Tick: 340621 | Conf: 340619 | Hash: 0x97F0D81D | Rollbacks:  3 (Resim:   3) | Stalls:  0
[HEARTBEAT] Node: 0 | Tick: 340681 | Conf: 340679 | Hash: 0x8AFFAFEE | Rollbacks: 23 (Resim:  23) | Stalls:  0
[HEARTBEAT] Node: 0 | Tick: 340741 | Conf: 340739 | Hash: 0x33722B9E | Rollbacks: 18 (Resim:  18) | Stalls:  0
[HEARTBEAT] Node: 0 | Tick: 340801 | Conf: 340799 | Hash: 0xFA7AB180 | Rollbacks: 17 (Resim:  17) | Stalls:  0
[HEARTBEAT] Node: 0 | Tick: 340861 | Conf: 340859 | Hash: 0x8DCCB1FA | Rollbacks:  8 (Resim:   8) | Stalls:  0
[HEARTBEAT] Node: 0 | Tick: 340921 | Conf: 340919 | Hash: 0xFF4CCDF4 | Rollbacks: 15 (Resim:  15) | Stalls:  0
[HEARTBEAT] Node: 0 | Tick: 340981 | Conf: 340979 | Hash: 0xD2DEAC79 | Rollbacks: 13 (Resim:  13) | Stalls:  0
[BOT:50006] Heartbeat - Sparse Mods Tracked: 2048
[HEARTBEAT] Node: 0 | Tick: 341041 | Conf: 341039 | Hash: 0xA480F778 | Rollbacks:  5 (Resim:   5) | Stalls:  0
[HEARTBEAT] Node: 0 | Tick: 341101 | Conf: 341099 | Hash: 0x50EB9F55 | Rollbacks:  0 (Resim:   0) | Stalls:  0
[HEARTBEAT] Node: 0 | Tick: 341161 | Conf: 341159 | Hash: 0xC83A19A1 | Rollbacks: 16 (Resim:  16) | Stalls:  0
[HEARTBEAT] Node: 0 | Tick: 341221 | Conf: 341219 | Hash: 0x2621B5E8 | Rollbacks: 12 (Resim:  12) | Stalls:  0
[HEARTBEAT] Node: 0 | Tick: 341281 | Conf: 341279 | Hash: 0xAC5CF235 | Rollbacks:  4 (Resim:   4) | Stalls:  0
[HEARTBEAT] Node: 0 | Tick: 341341 | Conf: 341339 | Hash: 0x47CC255E | Rollbacks:  0 (Resim:   0) | Stalls:  0
[HEARTBEAT] Node: 0 | Tick: 341401 | Conf: 341399 | Hash: 0x8D4B7B44 | Rollbacks:  0 (Resim:   0) | Stalls:  0
[HEARTBEAT] Node: 0 | Tick: 341461 | Conf: 341459 | Hash: 0x118BC0B7 | Rollbacks: 11 (Resim:  11) | Stalls:  0
[HEARTBEAT] Node: 0 | Tick: 341521 | Conf: 341519 | Hash: 0x95CF0D4B | Rollbacks: 15 (Resim:  15) | Stalls:  0
[HEARTBEAT] Node: 0 | Tick: 341581 | Conf: 341579 | Hash: 0x1350F1DC | Rollbacks: 10 (Resim:  10) | Stalls:  0
[BOT:50006] Heartbeat - Sparse Mods Tracked: 2048
[HEARTBEAT] Node: 0 | Tick: 341641 | Conf: 341639 | Hash: 0xAA4835B0 | Rollbacks:  9 (Resim:   9) | Stalls:  0
[HEARTBEAT] Node: 0 | Tick: 341701 | Conf: 341699 | Hash: 0xEE0FEA99 | Rollbacks:  7 (Resim:   7) | Stalls:  0
[HEARTBEAT] Node: 0 | Tick: 341761 | Conf: 341759 | Hash: 0x42AC01AC | Rollbacks: 14 (Resim:  14) | Stalls:  0
[HEARTBEAT] Node: 0 | Tick: 341821 | Conf: 341819 | Hash: 0xEE211B06 | Rollbacks:  0 (Resim:   0) | Stalls:  0
[HEARTBEAT] Node: 0 | Tick: 341881 | Conf: 341879 | Hash: 0xB8C2E687 | Rollbacks: 14 (Resim:  14) | Stalls:  0
[HEARTBEAT] Node: 0 | Tick: 341941 | Conf: 341939 | Hash: 0x7A845E05 | Rollbacks:  0 (Resim:   0) | Stalls:  0
[HEARTBEAT] Node: 0 | Tick: 342001 | Conf: 341999 | Hash: 0x917957BE | Rollbacks:  4 (Resim:   4) | Stalls:  0
[HEARTBEAT] Node: 0 | Tick: 342061 | Conf: 342059 | Hash: 0x5DE93F7D | Rollbacks: 10 (Resim:  10) | Stalls:  0
[HEARTBEAT] Node: 0 | Tick: 342121 | Conf: 342119 | Hash: 0xDA96F806 | Rollbacks:  0 (Resim:   0) | Stalls:  0
[HEARTBEAT] Node: 0 | Tick: 342181 | Conf: 342179 | Hash: 0x6EF25E5A | Rollbacks: 13 (Resim:  13) | Stalls:  0
[BOT:50006] Heartbeat - Sparse Mods Tracked: 2048
[HEARTBEAT] Node: 0 | Tick: 342241 | Conf: 342239 | Hash: 0x274D2B80 | Rollbacks: 11 (Resim:  11) | Stalls:  0
[HEARTBEAT] Node: 0 | Tick: 342301 | Conf: 342299 | Hash: 0x99FBE8F6 | Rollbacks:  0 (Resim:   0) | Stalls:  0
[HEARTBEAT] Node: 0 | Tick: 342361 | Conf: 342359 | Hash: 0x69163DD0 | Rollbacks: 21 (Resim:  21) | Stalls:  0
[HEARTBEAT] Node: 0 | Tick: 342421 | Conf: 342419 | Hash: 0xCBC3CE9A | Rollbacks:  0 (Resim:   0) | Stalls:  0
[HEARTBEAT] Node: 0 | Tick: 342481 | Conf: 342479 | Hash: 0x2031ECD5 | Rollbacks: 19 (Resim:  19) | Stalls:  0
[HEARTBEAT] Node: 0 | Tick: 342541 | Conf: 342539 | Hash: 0xEB72375E | Rollbacks: 22 (Resim:  22) | Stalls:  0
[HEARTBEAT] Node: 0 | Tick: 342601 | Conf: 342599 | Hash: 0x49CB7AB7 | Rollbacks:  3 (Resim:   3) | Stalls:  0
[HEARTBEAT] Node: 0 | Tick: 342661 | Conf: 342659 | Hash: 0x8AA0DA81 | Rollbacks: 18 (Resim:  18) | Stalls:  0
[HEARTBEAT] Node: 0 | Tick: 342721 | Conf: 342719 | Hash: 0x7C2D20DF | Rollbacks: 24 (Resim:  25) | Stalls:  0
[HEARTBEAT] Node: 0 | Tick: 342781 | Conf: 342779 | Hash: 0x664D508B | Rollbacks: 21 (Resim:  21) | Stalls:  0
[BOT:50006] Heartbeat - Sparse Mods Tracked: 2048
[HEARTBEAT] Node: 0 | Tick: 342841 | Conf: 342839 | Hash: 0x3392D107 | Rollbacks: 17 (Resim:  17) | Stalls:  0
[HEARTBEAT] Node: 0 | Tick: 342901 | Conf: 342899 | Hash: 0x878C7F0D | Rollbacks: 22 (Resim:  22) | Stalls:  0
[HEARTBEAT] Node: 0 | Tick: 342961 | Conf: 342959 | Hash: 0x8C58CB2B | Rollbacks:  2 (Resim:   2) | Stalls:  0
[HEARTBEAT] Node: 0 | Tick: 343021 | Conf: 343019 | Hash: 0xCCE1D4BF | Rollbacks:  0 (Resim:   0) | Stalls:  0
[HEARTBEAT] Node: 0 | Tick: 343081 | Conf: 343079 | Hash: 0x611BAA9B | Rollbacks: 14 (Resim:  14) | Stalls:  0
[HEARTBEAT] Node: 0 | Tick: 343141 | Conf: 343139 | Hash: 0xA3B7E367 | Rollbacks: 27 (Resim:  27) | Stalls:  0
[HEARTBEAT] Node: 0 | Tick: 343201 | Conf: 343199 | Hash: 0x7102EE4E | Rollbacks:  8 (Resim:   8) | Stalls:  0
[HEARTBEAT] Node: 0 | Tick: 343261 | Conf: 343259 | Hash: 0x02984BED | Rollbacks:  0 (Resim:   0) | Stalls:  0
[HEARTBEAT] Node: 0 | Tick: 343321 | Conf: 343319 | Hash: 0xDE4D889F | Rollbacks:  0 (Resim:   0) | Stalls:  0
[BOT:50006] Heartbeat - Sparse Mods Tracked: 2048
[HEARTBEAT] Node: 0 | Tick: 343381 | Conf: 343379 | Hash: 0x0048613E | Rollbacks: 16 (Resim:  16) | Stalls:  0
[HEARTBEAT] Node: 0 | Tick: 343441 | Conf: 343439 | Hash: 0xE938C24C | Rollbacks: 10 (Resim:  10) | Stalls:  0
[HEARTBEAT] Node: 0 | Tick: 343501 | Conf: 343499 | Hash: 0x2984FC43 | Rollbacks:  0 (Resim:   0) | Stalls:  0
[HEARTBEAT] Node: 0 | Tick: 343561 | Conf: 343559 | Hash: 0xE6EFC353 | Rollbacks: 11 (Resim:  11) | Stalls:  0
[HEARTBEAT] Node: 0 | Tick: 343621 | Conf: 343619 | Hash: 0xBFD58A47 | Rollbacks:  7 (Resim:   7) | Stalls:  0
[HEARTBEAT] Node: 0 | Tick: 343681 | Conf: 343679 | Hash: 0x14348E01 | Rollbacks:  3 (Resim:   3) | Stalls:  0
[HEARTBEAT] Node: 0 | Tick: 343741 | Conf: 343739 | Hash: 0xBD676D03 | Rollbacks:  9 (Resim:   9) | Stalls:  0
[HEARTBEAT] Node: 0 | Tick: 343801 | Conf: 343799 | Hash: 0x1C2A5970 | Rollbacks:  0 (Resim:   0) | Stalls:  0
[HEARTBEAT] Node: 0 | Tick: 343861 | Conf: 343859 | Hash: 0x860F8B3B | Rollbacks: 18 (Resim:  18) | Stalls:  0
[HEARTBEAT] Node: 0 | Tick: 343921 | Conf: 343919 | Hash: 0xB01792F7 | Rollbacks:  4 (Resim:   4) | Stalls:  0
[BOT:50006] Heartbeat - Sparse Mods Tracked: 2048
[HEARTBEAT] Node: 0 | Tick: 343981 | Conf: 343979 | Hash: 0x5613D094 | Rollbacks: 17 (Resim:  17) | Stalls:  0
[HEARTBEAT] Node: 0 | Tick: 344041 | Conf: 344039 | Hash: 0xE26ED062 | Rollbacks:  5 (Resim:   5) | Stalls:  0
[HEARTBEAT] Node: 0 | Tick: 344101 | Conf: 344099 | Hash: 0xE4743DCE | Rollbacks:  0 (Resim:   0) | Stalls:  0
[HEARTBEAT] Node: 0 | Tick: 344161 | Conf: 344159 | Hash: 0xE0F8D2E9 | Rollbacks: 13 (Resim:  13) | Stalls:  0
[HEARTBEAT] Node: 0 | Tick: 344221 | Conf: 344219 | Hash: 0x0CC19CDF | Rollbacks: 17 (Resim:  17) | Stalls:  0
[HEARTBEAT] Node: 0 | Tick: 344281 | Conf: 344279 | Hash: 0x6D0D3BFD | Rollbacks: 24 (Resim:  24) | Stalls:  0
[HEARTBEAT] Node: 0 | Tick: 344341 | Conf: 344339 | Hash: 0x4D70D080 | Rollbacks:  7 (Resim:   7) | Stalls:  0
[HEARTBEAT] Node: 0 | Tick: 344401 | Conf: 344399 | Hash: 0x0076CFD0 | Rollbacks:  0 (Resim:   0) | Stalls:  0
[HEARTBEAT] Node: 0 | Tick: 344461 | Conf: 344459 | Hash: 0xB70FD469 | Rollbacks:  7 (Resim:   7) | Stalls:  0
[HEARTBEAT] Node: 0 | Tick: 344521 | Conf: 344519 | Hash: 0x14218AC0 | Rollbacks: 11 (Resim:  11) | Stalls:  0
[BOT:50006] Heartbeat - Sparse Mods Tracked: 2048
[HEARTBEAT] Node: 0 | Tick: 344581 | Conf: 344579 | Hash: 0xF3877554 | Rollbacks: 26 (Resim:  26) | Stalls:  0
[HEARTBEAT] Node: 0 | Tick: 344641 | Conf: 344639 | Hash: 0x012DA8FB | Rollbacks: 14 (Resim:  14) | Stalls:  0
[HEARTBEAT] Node: 0 | Tick: 344701 | Conf: 344699 | Hash: 0x9F41111C | Rollbacks: 13 (Resim:  13) | Stalls:  0
[HEARTBEAT] Node: 0 | Tick: 344761 | Conf: 344759 | Hash: 0x39185D62 | Rollbacks:  4 (Resim:   4) | Stalls:  0
[HEARTBEAT] Node: 0 | Tick: 344821 | Conf: 344819 | Hash: 0xBAE5FB42 | Rollbacks:  0 (Resim:   0) | Stalls:  0
[HEARTBEAT] Node: 0 | Tick: 344881 | Conf: 344879 | Hash: 0x660EBEDA | Rollbacks: 16 (Resim:  16) | Stalls:  0
[HEARTBEAT] Node: 0 | Tick: 344941 | Conf: 344939 | Hash: 0xDE76DA08 | Rollbacks: 19 (Resim:  19) | Stalls:  0
[HEARTBEAT] Node: 0 | Tick: 345001 | Conf: 344999 | Hash: 0xDBDC2578 | Rollbacks: 10 (Resim:  10) | Stalls:  0
[HEARTBEAT] Node: 0 | Tick: 345061 | Conf: 345059 | Hash: 0x007EA56A | Rollbacks:  0 (Resim:   0) | Stalls:  0
[HEARTBEAT] Node: 0 | Tick: 345121 | Conf: 345119 | Hash: 0x27C66497 | Rollbacks: 13 (Resim:  13) | Stalls:  0
[BOT:50006] Heartbeat - Sparse Mods Tracked: 2048
[HEARTBEAT] Node: 0 | Tick: 345181 | Conf: 345179 | Hash: 0x3406DF4F | Rollbacks:  0 (Resim:   0) | Stalls:  0
[HEARTBEAT] Node: 0 | Tick: 345241 | Conf: 345239 | Hash: 0x324033D3 | Rollbacks: 15 (Resim:  15) | Stalls:  0
[HEARTBEAT] Node: 0 | Tick: 345301 | Conf: 345299 | Hash: 0x34D94787 | Rollbacks:  5 (Resim:   5) | Stalls:  0
[HEARTBEAT] Node: 0 | Tick: 345361 | Conf: 345359 | Hash: 0x731D97EF | Rollbacks: 13 (Resim:  13) | Stalls:  0
[HEARTBEAT] Node: 0 | Tick: 345421 | Conf: 345419 | Hash: 0x5A85B16C | Rollbacks:  7 (Resim:   7) | Stalls:  0
[HEARTBEAT] Node: 0 | Tick: 345481 | Conf: 345479 | Hash: 0x05534F3E | Rollbacks:  0 (Resim:   0) | Stalls:  0
[HEARTBEAT] Node: 0 | Tick: 345541 | Conf: 345539 | Hash: 0x48E9C010 | Rollbacks:  7 (Resim:   7) | Stalls:  0
[HEARTBEAT] Node: 0 | Tick: 345601 | Conf: 345599 | Hash: 0xC7B641CE | Rollbacks:  0 (Resim:   0) | Stalls:  0
[HEARTBEAT] Node: 0 | Tick: 345661 | Conf: 345659 | Hash: 0x542D5AB3 | Rollbacks: 22 (Resim:  22) | Stalls:  0
[BOT:50006] Heartbeat - Sparse Mods Tracked: 2048
[HEARTBEAT] Node: 0 | Tick: 345721 | Conf: 345719 | Hash: 0x7E977627 | Rollbacks:  6 (Resim:   6) | Stalls:  0
[HEARTBEAT] Node: 0 | Tick: 345781 | Conf: 345779 | Hash: 0xE255FD7E | Rollbacks:  5 (Resim:   5) | Stalls:  0
[HEARTBEAT] Node: 0 | Tick: 345841 | Conf: 345839 | Hash: 0x0E9E8E71 | Rollbacks: 11 (Resim:  12) | Stalls:  0
[HEARTBEAT] Node: 0 | Tick: 345901 | Conf: 345899 | Hash: 0x4DCD5B58 | Rollbacks:  1 (Resim:   1) | Stalls:  0
[HEARTBEAT] Node: 0 | Tick: 345961 | Conf: 345959 | Hash: 0xBED4AD69 | Rollbacks: 15 (Resim:  15) | Stalls:  0
[HEARTBEAT] Node: 0 | Tick: 346021 | Conf: 346019 | Hash: 0xBE65B88B | Rollbacks: 10 (Resim:  10) | Stalls:  0
[HEARTBEAT] Node: 0 | Tick: 346081 | Conf: 346079 | Hash: 0x518D2B13 | Rollbacks:  0 (Resim:   0) | Stalls:  0
[HEARTBEAT] Node: 0 | Tick: 346141 | Conf: 346139 | Hash: 0x25315632 | Rollbacks: 13 (Resim:  13) | Stalls:  0
[HEARTBEAT] Node: 0 | Tick: 346201 | Conf: 346199 | Hash: 0xDD1BB4E2 | Rollbacks: 10 (Resim:  10) | Stalls:  0
[HEARTBEAT] Node: 0 | Tick: 346261 | Conf: 346259 | Hash: 0xD9130309 | Rollbacks:  0 (Resim:   0) | Stalls:  0
[BOT:50006] Heartbeat - Sparse Mods Tracked: 2048
[HEARTBEAT] Node: 0 | Tick: 346321 | Conf: 346319 | Hash: 0x4424A299 | Rollbacks:  3 (Resim:   3) | Stalls:  0
[HEARTBEAT] Node: 0 | Tick: 346381 | Conf: 346379 | Hash: 0x23199507 | Rollbacks: 14 (Resim:  14) | Stalls:  0
[HEARTBEAT] Node: 0 | Tick: 346441 | Conf: 346439 | Hash: 0x98E81CBE | Rollbacks:  9 (Resim:   9) | Stalls:  0
[HEARTBEAT] Node: 0 | Tick: 346501 | Conf: 346499 | Hash: 0x03797F9B | Rollbacks:  0 (Resim:   0) | Stalls:  0
[HEARTBEAT] Node: 0 | Tick: 346561 | Conf: 346559 | Hash: 0x53F8872C | Rollbacks: 14 (Resim:  14) | Stalls:  0
[HEARTBEAT] Node: 0 | Tick: 346621 | Conf: 346619 | Hash: 0x48592901 | Rollbacks: 14 (Resim:  14) | Stalls:  0
[HEARTBEAT] Node: 0 | Tick: 346681 | Conf: 346679 | Hash: 0x6FCF0FC7 | Rollbacks:  1 (Resim:   1) | Stalls:  0
[HEARTBEAT] Node: 0 | Tick: 346741 | Conf: 346739 | Hash: 0x36825915 | Rollbacks: 10 (Resim:  10) | Stalls:  0
[HEARTBEAT] Node: 0 | Tick: 346801 | Conf: 346799 | Hash: 0x10AFAC01 | Rollbacks:  0 (Resim:   0) | Stalls:  0
[HEARTBEAT] Node: 0 | Tick: 346861 | Conf: 346859 | Hash: 0xF3D9DFA3 | Rollbacks:  8 (Resim:   8) | Stalls:  0
[BOT:50006] Heartbeat - Sparse Mods Tracked: 2048
[HEARTBEAT] Node: 0 | Tick: 346921 | Conf: 346919 | Hash: 0x6F5DB3E6 | Rollbacks: 15 (Resim:  15) | Stalls:  0
[HEARTBEAT] Node: 0 | Tick: 346981 | Conf: 346979 | Hash: 0x4064D996 | Rollbacks:  0 (Resim:   0) | Stalls:  0
[HEARTBEAT] Node: 0 | Tick: 347041 | Conf: 347039 | Hash: 0xE3B6D2DF | Rollbacks: 17 (Resim:  17) | Stalls:  0
[HEARTBEAT] Node: 0 | Tick: 347101 | Conf: 347099 | Hash: 0xB8B148E3 | Rollbacks:  1 (Resim:   1) | Stalls:  0
[HEARTBEAT] Node: 0 | Tick: 347161 | Conf: 347159 | Hash: 0xA8B1B7CD | Rollbacks: 21 (Resim:  21) | Stalls:  0
[HEARTBEAT] Node: 0 | Tick: 347221 | Conf: 347219 | Hash: 0xE35577F8 | Rollbacks:  0 (Resim:   0) | Stalls:  0
[HEARTBEAT] Node: 0 | Tick: 347281 | Conf: 347279 | Hash: 0x375E04D0 | Rollbacks: 14 (Resim:  14) | Stalls:  0
[HEARTBEAT] Node: 0 | Tick: 347341 | Conf: 347339 | Hash: 0x2337CAF7 | Rollbacks: 23 (Resim:  23) | Stalls:  0
[HEARTBEAT] Node: 0 | Tick: 347401 | Conf: 347399 | Hash: 0x879A9272 | Rollbacks: 14 (Resim:  14) | Stalls:  0
[HEARTBEAT] Node: 0 | Tick: 347461 | Conf: 347459 | Hash: 0x442A2C6B | Rollbacks:  8 (Resim:   8) | Stalls:  0
[BOT:50006] Heartbeat - Sparse Mods Tracked: 2048
[HEARTBEAT] Node: 0 | Tick: 347521 | Conf: 347519 | Hash: 0xCC10BDF1 | Rollbacks:  0 (Resim:   0) | Stalls:  0
[HEARTBEAT] Node: 0 | Tick: 347581 | Conf: 347579 | Hash: 0xE92B1D16 | Rollbacks:  0 (Resim:   0) | Stalls:  0
[HEARTBEAT] Node: 0 | Tick: 347641 | Conf: 347639 | Hash: 0x03697CB7 | Rollbacks: 10 (Resim:  10) | Stalls:  0
[HEARTBEAT] Node: 0 | Tick: 347701 | Conf: 347699 | Hash: 0x436516D3 | Rollbacks: 13 (Resim:  13) | Stalls:  0
[HEARTBEAT] Node: 0 | Tick: 347761 | Conf: 347759 | Hash: 0xB98A8812 | Rollbacks: 13 (Resim:  13) | Stalls:  0
[HEARTBEAT] Node: 0 | Tick: 347821 | Conf: 347819 | Hash: 0xC6F6EC9C | Rollbacks:  5 (Resim:   5) | Stalls:  0
[HEARTBEAT] Node: 0 | Tick: 347881 | Conf: 347879 | Hash: 0x2BC11F98 | Rollbacks:  3 (Resim:   3) | Stalls:  0
[HEARTBEAT] Node: 0 | Tick: 347941 | Conf: 347939 | Hash: 0x926E2BC1 | Rollbacks:  0 (Resim:   0) | Stalls:  0
[HEARTBEAT] Node: 0 | Tick: 348001 | Conf: 347999 | Hash: 0xB5A70FD5 | Rollbacks: 10 (Resim:  10) | Stalls:  0
[HEARTBEAT] Node: 0 | Tick: 348061 | Conf: 348059 | Hash: 0xF2A24AB6 | Rollbacks:  5 (Resim:   6) | Stalls:  0
[BOT:50006] Heartbeat - Sparse Mods Tracked: 2048
[HEARTBEAT] Node: 0 | Tick: 348121 | Conf: 348119 | Hash: 0x8CC0B33E | Rollbacks: 12 (Resim:  12) | Stalls:  0
[HEARTBEAT] Node: 0 | Tick: 348181 | Conf: 348179 | Hash: 0x8182B7E1 | Rollbacks: 18 (Resim:  18) | Stalls:  0
[HEARTBEAT] Node: 0 | Tick: 348241 | Conf: 348239 | Hash: 0xC5F0B0C5 | Rollbacks:  0 (Resim:   0) | Stalls:  0
[HEARTBEAT] Node: 0 | Tick: 348301 | Conf: 348299 | Hash: 0x190D5E10 | Rollbacks: 14 (Resim:  14) | Stalls:  0
[HEARTBEAT] Node: 0 | Tick: 348361 | Conf: 348359 | Hash: 0x3E71B063 | Rollbacks:  4 (Resim:   4) | Stalls:  0
[HEARTBEAT] Node: 0 | Tick: 348421 | Conf: 348419 | Hash: 0x35786E35 | Rollbacks:  0 (Resim:   0) | Stalls:  0
[HEARTBEAT] Node: 0 | Tick: 348481 | Conf: 348479 | Hash: 0x8E1C59B9 | Rollbacks:  9 (Resim:   9) | Stalls:  0
[HEARTBEAT] Node: 0 | Tick: 348541 | Conf: 348539 | Hash: 0xC53B17E2 | Rollbacks: 10 (Resim:  10) | Stalls:  0
[HEARTBEAT] Node: 0 | Tick: 348601 | Conf: 348599 | Hash: 0xEF65C9B1 | Rollbacks:  0 (Resim:   0) | Stalls:  0
[BOT:50006] Heartbeat - Sparse Mods Tracked: 2048
[HEARTBEAT] Node: 0 | Tick: 348661 | Conf: 348659 | Hash: 0xE24EE615 | Rollbacks:  8 (Resim:   8) | Stalls:  0
[HEARTBEAT] Node: 0 | Tick: 348721 | Conf: 348719 | Hash: 0xFE1A7908 | Rollbacks: 18 (Resim:  18) | Stalls:  0
[HEARTBEAT] Node: 0 | Tick: 348781 | Conf: 348779 | Hash: 0x9AE168D6 | Rollbacks:  6 (Resim:   6) | Stalls:  0
[HEARTBEAT] Node: 0 | Tick: 348841 | Conf: 348839 | Hash: 0x90F8802F | Rollbacks:  0 (Resim:   0) | Stalls:  0
[HEARTBEAT] Node: 0 | Tick: 348901 | Conf: 348899 | Hash: 0xCEB4962B | Rollbacks: 16 (Resim:  16) | Stalls:  0
[HEARTBEAT] Node: 0 | Tick: 348961 | Conf: 348959 | Hash: 0x9ADB9051 | Rollbacks: 14 (Resim:  14) | Stalls:  0
[HEARTBEAT] Node: 0 | Tick: 349021 | Conf: 349019 | Hash: 0x2B34C7FA | Rollbacks: 16 (Resim:  16) | Stalls:  0
[HEARTBEAT] Node: 0 | Tick: 349081 | Conf: 349079 | Hash: 0x5E704458 | Rollbacks: 17 (Resim:  17) | Stalls:  0
[HEARTBEAT] Node: 0 | Tick: 349141 | Conf: 349139 | Hash: 0xF5906D6D | Rollbacks: 28 (Resim:  28) | Stalls:  0
[HEARTBEAT] Node: 0 | Tick: 349201 | Conf: 349199 | Hash: 0x0FB9BFA9 | Rollbacks:  5 (Resim:   5) | Stalls:  0
[BOT:50006] Heartbeat - Sparse Mods Tracked: 2048
[HEARTBEAT] Node: 0 | Tick: 349261 | Conf: 349259 | Hash: 0xA13273B4 | Rollbacks:  0 (Resim:   0) | Stalls:  0
[HEARTBEAT] Node: 0 | Tick: 349321 | Conf: 349319 | Hash: 0xED40FA7D | Rollbacks: 22 (Resim:  22) | Stalls:  0
[HEARTBEAT] Node: 0 | Tick: 349381 | Conf: 349379 | Hash: 0x4B0F4481 | Rollbacks:  5 (Resim:   5) | Stalls:  0
[HEARTBEAT] Node: 0 | Tick: 349441 | Conf: 349439 | Hash: 0x51BFE006 | Rollbacks:  0 (Resim:   0) | Stalls:  0
[HEARTBEAT] Node: 0 | Tick: 349501 | Conf: 349499 | Hash: 0x7E6A1D7D | Rollbacks: 13 (Resim:  13) | Stalls:  0
[HEARTBEAT] Node: 0 | Tick: 349561 | Conf: 349559 | Hash: 0x2FA3740C | Rollbacks:  7 (Resim:   7) | Stalls:  0
[HEARTBEAT] Node: 0 | Tick: 349621 | Conf: 349619 | Hash: 0x467C7E58 | Rollbacks:  0 (Resim:   0) | Stalls:  0
[HEARTBEAT] Node: 0 | Tick: 349681 | Conf: 349679 | Hash: 0x3D885DD4 | Rollbacks:  0 (Resim:   0) | Stalls:  0
[HEARTBEAT] Node: 0 | Tick: 349741 | Conf: 349739 | Hash: 0x9232B510 | Rollbacks: 21 (Resim:  21) | Stalls:  0
[HEARTBEAT] Node: 0 | Tick: 349801 | Conf: 349799 | Hash: 0x4365A742 | Rollbacks:  0 (Resim:   0) | Stalls:  0
[BOT:50006] Heartbeat - Sparse Mods Tracked: 2048
[HEARTBEAT] Node: 0 | Tick: 349861 | Conf: 349859 | Hash: 0x0E736476 | Rollbacks:  4 (Resim:   4) | Stalls:  0
[HEARTBEAT] Node: 0 | Tick: 349921 | Conf: 349919 | Hash: 0x0B39A1C5 | Rollbacks: 16 (Resim:  16) | Stalls:  0
[HEARTBEAT] Node: 0 | Tick: 349981 | Conf: 349979 | Hash: 0x3C6B09E3 | Rollbacks: 26 (Resim:  27) | Stalls:  0
[HEARTBEAT] Node: 0 | Tick: 350041 | Conf: 350039 | Hash: 0x57DB5D83 | Rollbacks:  5 (Resim:   5) | Stalls:  0
[HEARTBEAT] Node: 0 | Tick: 350101 | Conf: 350099 | Hash: 0x024C0008 | Rollbacks:  0 (Resim:   0) | Stalls:  0
[HEARTBEAT] Node: 0 | Tick: 350161 | Conf: 350159 | Hash: 0xCEF079B8 | Rollbacks: 22 (Resim:  22) | Stalls:  0
[HEARTBEAT] Node: 0 | Tick: 350221 | Conf: 350219 | Hash: 0xE95800F8 | Rollbacks:  8 (Resim:   8) | Stalls:  0
[HEARTBEAT] Node: 0 | Tick: 350281 | Conf: 350279 | Hash: 0xD7263919 | Rollbacks:  0 (Resim:   0) | Stalls:  0
[HEARTBEAT] Node: 0 | Tick: 350341 | Conf: 350339 | Hash: 0x62123AF9 | Rollbacks:  4 (Resim:   4) | Stalls:  0
[HEARTBEAT] Node: 0 | Tick: 350401 | Conf: 350399 | Hash: 0x33540F4B | Rollbacks: 14 (Resim:  14) | Stalls:  0
[BOT:50006] Heartbeat - Sparse Mods Tracked: 2048
[HEARTBEAT] Node: 0 | Tick: 350461 | Conf: 350459 | Hash: 0x51A89978 | Rollbacks: 21 (Resim:  21) | Stalls:  0
[HEARTBEAT] Node: 0 | Tick: 350521 | Conf: 350519 | Hash: 0xD61C6752 | Rollbacks:  0 (Resim:   0) | Stalls:  0
[HEARTBEAT] Node: 0 | Tick: 350581 | Conf: 350579 | Hash: 0x1A0CAC76 | Rollbacks:  0 (Resim:   0) | Stalls:  0
[HEARTBEAT] Node: 0 | Tick: 350641 | Conf: 350639 | Hash: 0x2984F71F | Rollbacks:  7 (Resim:   7) | Stalls:  0
[HEARTBEAT] Node: 0 | Tick: 350701 | Conf: 350699 | Hash: 0x21C0DCB5 | Rollbacks: 13 (Resim:  13) | Stalls:  0
[HEARTBEAT] Node: 0 | Tick: 350761 | Conf: 350759 | Hash: 0x1AB35B71 | Rollbacks: 10 (Resim:  10) | Stalls:  0
[HEARTBEAT] Node: 0 | Tick: 350821 | Conf: 350819 | Hash: 0xF8929F7D | Rollbacks:  1 (Resim:   1) | Stalls:  0
[HEARTBEAT] Node: 0 | Tick: 350881 | Conf: 350879 | Hash: 0xCFB6DD14 | Rollbacks:  1 (Resim:   1) | Stalls:  0
[HEARTBEAT] Node: 0 | Tick: 350941 | Conf: 350939 | Hash: 0x7D2D2C9F | Rollbacks:  8 (Resim:   8) | Stalls:  0
[HEARTBEAT] Node: 0 | Tick: 351001 | Conf: 350999 | Hash: 0x54A28A6F | Rollbacks:  0 (Resim:   0) | Stalls:  0
[BOT:50006] Heartbeat - Sparse Mods Tracked: 2048
[HEARTBEAT] Node: 0 | Tick: 351061 | Conf: 351059 | Hash: 0x4DF60865 | Rollbacks:  6 (Resim:   6) | Stalls:  0
[HEARTBEAT] Node: 0 | Tick: 351121 | Conf: 351119 | Hash: 0xF2DB735F | Rollbacks: 13 (Resim:  13) | Stalls:  0
[HEARTBEAT] Node: 0 | Tick: 351181 | Conf: 351179 | Hash: 0xCF98E90A | Rollbacks:  0 (Resim:   0) | Stalls:  0
[HEARTBEAT] Node: 0 | Tick: 351241 | Conf: 351239 | Hash: 0x6B358A35 | Rollbacks:  9 (Resim:  10) | Stalls:  0
[HEARTBEAT] Node: 0 | Tick: 351301 | Conf: 351299 | Hash: 0x1CAE7560 | Rollbacks:  0 (Resim:   0) | Stalls:  0
[HEARTBEAT] Node: 0 | Tick: 351361 | Conf: 351359 | Hash: 0x1102B612 | Rollbacks: 12 (Resim:  12) | Stalls:  0
[HEARTBEAT] Node: 0 | Tick: 351421 | Conf: 351419 | Hash: 0xD59B887E | Rollbacks:  0 (Resim:   0) | Stalls:  0
[HEARTBEAT] Node: 0 | Tick: 351481 | Conf: 351479 | Hash: 0x64C37E5D | Rollbacks: 14 (Resim:  14) | Stalls:  0
[HEARTBEAT] Node: 0 | Tick: 351541 | Conf: 351539 | Hash: 0x0C7B95DE | Rollbacks:  6 (Resim:   6) | Stalls:  0
[BOT:50006] Heartbeat - Sparse Mods Tracked: 2048
[HEARTBEAT] Node: 0 | Tick: 351601 | Conf: 351599 | Hash: 0x4AFF2A6B | Rollbacks: 18 (Resim:  18) | Stalls:  0
[HEARTBEAT] Node: 0 | Tick: 351661 | Conf: 351659 | Hash: 0x011FD297 | Rollbacks: 12 (Resim:  12) | Stalls:  0
[HEARTBEAT] Node: 0 | Tick: 351721 | Conf: 351719 | Hash: 0xEFA95B65 | Rollbacks: 10 (Resim:  10) | Stalls:  0
[HEARTBEAT] Node: 0 | Tick: 351781 | Conf: 351779 | Hash: 0x701F7A68 | Rollbacks: 10 (Resim:  10) | Stalls:  0
[HEARTBEAT] Node: 0 | Tick: 351841 | Conf: 351839 | Hash: 0x6EDA1DA8 | Rollbacks:  1 (Resim:   1) | Stalls:  0
[HEARTBEAT] Node: 0 | Tick: 351901 | Conf: 351899 | Hash: 0xDC930CE4 | Rollbacks:  7 (Resim:   7) | Stalls:  0
[HEARTBEAT] Node: 0 | Tick: 351961 | Conf: 351959 | Hash: 0xBB328890 | Rollbacks: 13 (Resim:  13) | Stalls:  0
[HEARTBEAT] Node: 0 | Tick: 352021 | Conf: 352019 | Hash: 0xC3AA09D1 | Rollbacks:  8 (Resim:   8) | Stalls:  0
[HEARTBEAT] Node: 0 | Tick: 352081 | Conf: 352079 | Hash: 0xED051401 | Rollbacks:  0 (Resim:   0) | Stalls:  0
[HEARTBEAT] Node: 0 | Tick: 352141 | Conf: 352139 | Hash: 0x3EF517D5 | Rollbacks: 13 (Resim:  13) | Stalls:  0
[BOT:50006] Heartbeat - Sparse Mods Tracked: 2048
[HEARTBEAT] Node: 0 | Tick: 352201 | Conf: 352199 | Hash: 0xC6EEA68B | Rollbacks:  4 (Resim:   4) | Stalls:  0
[HEARTBEAT] Node: 0 | Tick: 352261 | Conf: 352259 | Hash: 0xF110E2C3 | Rollbacks:  7 (Resim:   7) | Stalls:  0
[HEARTBEAT] Node: 0 | Tick: 352321 | Conf: 352319 | Hash: 0x2F8E8CA2 | Rollbacks:  0 (Resim:   0) | Stalls:  0
[HEARTBEAT] Node: 0 | Tick: 352381 | Conf: 352379 | Hash: 0x30B69C4B | Rollbacks: 14 (Resim:  14) | Stalls:  0
[HEARTBEAT] Node: 0 | Tick: 352441 | Conf: 352439 | Hash: 0x5CF68FCA | Rollbacks: 14 (Resim:  14) | Stalls:  0
[HEARTBEAT] Node: 0 | Tick: 352501 | Conf: 352499 | Hash: 0x1A0EFF37 | Rollbacks:  0 (Resim:   0) | Stalls:  0
[HEARTBEAT] Node: 0 | Tick: 352561 | Conf: 352559 | Hash: 0x1B46E1D9 | Rollbacks:  9 (Resim:   9) | Stalls:  0
[HEARTBEAT] Node: 0 | Tick: 352621 | Conf: 352619 | Hash: 0xDC8986A7 | Rollbacks:  0 (Resim:   0) | Stalls:  0
[HEARTBEAT] Node: 0 | Tick: 352681 | Conf: 352679 | Hash: 0xE9EE855E | Rollbacks: 13 (Resim:  13) | Stalls:  0
[HEARTBEAT] Node: 0 | Tick: 352741 | Conf: 352739 | Hash: 0x59093ABE | Rollbacks:  6 (Resim:   6) | Stalls:  0
[BOT:50006] Heartbeat - Sparse Mods Tracked: 2048
[HEARTBEAT] Node: 0 | Tick: 352801 | Conf: 352799 | Hash: 0x02E733B5 | Rollbacks:  0 (Resim:   0) | Stalls:  0
[HEARTBEAT] Node: 0 | Tick: 352861 | Conf: 352859 | Hash: 0x5D98C9AC | Rollbacks: 10 (Resim:  10) | Stalls:  0
[HEARTBEAT] Node: 0 | Tick: 352921 | Conf: 352919 | Hash: 0x9991DFE2 | Rollbacks:  0 (Resim:   0) | Stalls:  0
[HEARTBEAT] Node: 0 | Tick: 352981 | Conf: 352979 | Hash: 0xF8C3BF32 | Rollbacks:  1 (Resim:   1) | Stalls:  0
[HEARTBEAT] Node: 0 | Tick: 353041 | Conf: 353039 | Hash: 0x187C808B | Rollbacks: 14 (Resim:  14) | Stalls:  0
[HEARTBEAT] Node: 0 | Tick: 353101 | Conf: 353099 | Hash: 0xC1A38FA2 | Rollbacks:  4 (Resim:   4) | Stalls:  0
[HEARTBEAT] Node: 0 | Tick: 353161 | Conf: 353159 | Hash: 0xC925569E | Rollbacks: 20 (Resim:  20) | Stalls:  0
[HEARTBEAT] Node: 0 | Tick: 353221 | Conf: 353219 | Hash: 0x79A97C47 | Rollbacks:  7 (Resim:   7) | Stalls:  0
[HEARTBEAT] Node: 0 | Tick: 353281 | Conf: 353279 | Hash: 0xDEBC5C9D | Rollbacks:  2 (Resim:   2) | Stalls:  0
[HEARTBEAT] Node: 0 | Tick: 353341 | Conf: 353339 | Hash: 0x9932229F | Rollbacks:  6 (Resim:   6) | Stalls:  0
[BOT:50006] Heartbeat - Sparse Mods Tracked: 2048
[HEARTBEAT] Node: 0 | Tick: 353401 | Conf: 353399 | Hash: 0x2853D25C | Rollbacks: 13 (Resim:  13) | Stalls:  0
[HEARTBEAT] Node: 0 | Tick: 353461 | Conf: 353459 | Hash: 0xD67F8F91 | Rollbacks:  8 (Resim:   8) | Stalls:  0
[HEARTBEAT] Node: 0 | Tick: 353521 | Conf: 353519 | Hash: 0x927C7CE1 | Rollbacks:  9 (Resim:   9) | Stalls:  0
[HEARTBEAT] Node: 0 | Tick: 353581 | Conf: 353579 | Hash: 0x1CB59776 | Rollbacks:  4 (Resim:   4) | Stalls:  0
[HEARTBEAT] Node: 0 | Tick: 353641 | Conf: 353639 | Hash: 0x969FF8A4 | Rollbacks:  0 (Resim:   0) | Stalls:  0
[HEARTBEAT] Node: 0 | Tick: 353701 | Conf: 353699 | Hash: 0x8BE031B0 | Rollbacks:  0 (Resim:   0) | Stalls:  0
[HEARTBEAT] Node: 0 | Tick: 353761 | Conf: 353759 | Hash: 0xA8420B69 | Rollbacks: 21 (Resim:  22) | Stalls:  0
[HEARTBEAT] Node: 0 | Tick: 353821 | Conf: 353819 | Hash: 0xA12CC38A | Rollbacks: 17 (Resim:  17) | Stalls:  0
[HEARTBEAT] Node: 0 | Tick: 353881 | Conf: 353879 | Hash: 0xB622DF49 | Rollbacks: 23 (Resim:  23) | Stalls:  0
[BOT:50006] Heartbeat - Sparse Mods Tracked: 2048
[HEARTBEAT] Node: 0 | Tick: 353941 | Conf: 353939 | Hash: 0x6E86A57D | Rollbacks: 20 (Resim:  20) | Stalls:  0
[HEARTBEAT] Node: 0 | Tick: 354001 | Conf: 353999 | Hash: 0xD9FD4339 | Rollbacks: 19 (Resim:  19) | Stalls:  0
[HEARTBEAT] Node: 0 | Tick: 354061 | Conf: 354059 | Hash: 0x0AB7519A | Rollbacks: 16 (Resim:  16) | Stalls:  0
[HEARTBEAT] Node: 0 | Tick: 354121 | Conf: 354119 | Hash: 0x954658C6 | Rollbacks: 28 (Resim:  28) | Stalls:  0
[HEARTBEAT] Node: 0 | Tick: 354181 | Conf: 354179 | Hash: 0x03AC85CB | Rollbacks:  0 (Resim:   0) | Stalls:  0
[HEARTBEAT] Node: 0 | Tick: 354241 | Conf: 354239 | Hash: 0x253717B0 | Rollbacks: 14 (Resim:  14) | Stalls:  0
[HEARTBEAT] Node: 0 | Tick: 354301 | Conf: 354299 | Hash: 0x74746E4E | Rollbacks: 22 (Resim:  22) | Stalls:  0
[HEARTBEAT] Node: 0 | Tick: 354361 | Conf: 354359 | Hash: 0x25887CC0 | Rollbacks: 17 (Resim:  17) | Stalls:  0
[HEARTBEAT] Node: 0 | Tick: 354421 | Conf: 354419 | Hash: 0xB6E9D63E | Rollbacks:  8 (Resim:   8) | Stalls:  0
[HEARTBEAT] Node: 0 | Tick: 354481 | Conf: 354479 | Hash: 0x520565B2 | Rollbacks:  0 (Resim:   0) | Stalls:  0
[BOT:50006] Heartbeat - Sparse Mods Tracked: 2048
[HEARTBEAT] Node: 0 | Tick: 354541 | Conf: 354539 | Hash: 0xCEBDB3A4 | Rollbacks: 10 (Resim:  10) | Stalls:  0
[HEARTBEAT] Node: 0 | Tick: 354601 | Conf: 354599 | Hash: 0xDBDF19D0 | Rollbacks:  1 (Resim:   1) | Stalls:  0
[HEARTBEAT] Node: 0 | Tick: 354661 | Conf: 354659 | Hash: 0x4C675E38 | Rollbacks:  0 (Resim:   0) | Stalls:  0
[HEARTBEAT] Node: 0 | Tick: 354721 | Conf: 354719 | Hash: 0x84B4F59C | Rollbacks: 17 (Resim:  17) | Stalls:  0
[HEARTBEAT] Node: 0 | Tick: 354781 | Conf: 354779 | Hash: 0x0FDEC629 | Rollbacks:  7 (Resim:   7) | Stalls:  0
[HEARTBEAT] Node: 0 | Tick: 354841 | Conf: 354839 | Hash: 0x360A425E | Rollbacks:  5 (Resim:   5) | Stalls:  0
[HEARTBEAT] Node: 0 | Tick: 354901 | Conf: 354899 | Hash: 0x491EEB6B | Rollbacks: 21 (Resim:  21) | Stalls:  0
[HEARTBEAT] Node: 0 | Tick: 354961 | Conf: 354959 | Hash: 0xB993F7BE | Rollbacks:  1 (Resim:   1) | Stalls:  0
[HEARTBEAT] Node: 0 | Tick: 355021 | Conf: 355019 | Hash: 0x5E75BCA2 | Rollbacks: 12 (Resim:  12) | Stalls:  0
[HEARTBEAT] Node: 0 | Tick: 355081 | Conf: 355079 | Hash: 0xA439F836 | Rollbacks: 26 (Resim:  26) | Stalls:  0
[BOT:50006] Heartbeat - Sparse Mods Tracked: 2048
[HEARTBEAT] Node: 0 | Tick: 355141 | Conf: 355139 | Hash: 0x4DA615A3 | Rollbacks: 15 (Resim:  15) | Stalls:  0
[HEARTBEAT] Node: 0 | Tick: 355201 | Conf: 355199 | Hash: 0xA83C067F | Rollbacks:  1 (Resim:   1) | Stalls:  0
[HEARTBEAT] Node: 0 | Tick: 355261 | Conf: 355259 | Hash: 0x3AA9A0B0 | Rollbacks: 12 (Resim:  12) | Stalls:  0
[HEARTBEAT] Node: 0 | Tick: 355321 | Conf: 355319 | Hash: 0x70C71501 | Rollbacks:  8 (Resim:   8) | Stalls:  0
[HEARTBEAT] Node: 0 | Tick: 355381 | Conf: 355379 | Hash: 0x74FE08C3 | Rollbacks:  0 (Resim:   0) | Stalls:  0
[HEARTBEAT] Node: 0 | Tick: 355441 | Conf: 355439 | Hash: 0x46AADAAA | Rollbacks: 17 (Resim:  17) | Stalls:  0
[HEARTBEAT] Node: 0 | Tick: 355501 | Conf: 355499 | Hash: 0xEA448C87 | Rollbacks:  4 (Resim:   4) | Stalls:  0
[HEARTBEAT] Node: 0 | Tick: 355561 | Conf: 355559 | Hash: 0x296BE256 | Rollbacks: 15 (Resim:  15) | Stalls:  0
[HEARTBEAT] Node: 0 | Tick: 355621 | Conf: 355619 | Hash: 0x7237F1DD | Rollbacks:  8 (Resim:   8) | Stalls:  0
[HEARTBEAT] Node: 0 | Tick: 355681 | Conf: 355679 | Hash: 0x7B01C6B6 | Rollbacks:  0 (Resim:   0) | Stalls:  0
[BOT:50006] Heartbeat - Sparse Mods Tracked: 2048
[HEARTBEAT] Node: 0 | Tick: 355741 | Conf: 355739 | Hash: 0xA209DDB2 | Rollbacks:  7 (Resim:   7) | Stalls:  0
[HEARTBEAT] Node: 0 | Tick: 355801 | Conf: 355799 | Hash: 0xAB0D3771 | Rollbacks: 13 (Resim:  13) | Stalls:  0
[HEARTBEAT] Node: 0 | Tick: 355861 | Conf: 355859 | Hash: 0x63266C86 | Rollbacks: 12 (Resim:  12) | Stalls:  0
[HEARTBEAT] Node: 0 | Tick: 355921 | Conf: 355919 | Hash: 0xAC62DCCA | Rollbacks:  0 (Resim:   0) | Stalls:  0
[HEARTBEAT] Node: 0 | Tick: 355981 | Conf: 355979 | Hash: 0x3FE2EDA5 | Rollbacks: 10 (Resim:  10) | Stalls:  0
[HEARTBEAT] Node: 0 | Tick: 356041 | Conf: 356039 | Hash: 0x91C659A0 | Rollbacks:  0 (Resim:   0) | Stalls:  0
[HEARTBEAT] Node: 0 | Tick: 356101 | Conf: 356099 | Hash: 0xC1AAE4C5 | Rollbacks:  8 (Resim:   8) | Stalls:  0
[HEARTBEAT] Node: 0 | Tick: 356161 | Conf: 356159 | Hash: 0xF22FDDAB | Rollbacks:  8 (Resim:   8) | Stalls:  0
[HEARTBEAT] Node: 0 | Tick: 356221 | Conf: 356219 | Hash: 0xF706AD80 | Rollbacks:  0 (Resim:   0) | Stalls:  0
[BOT:50006] Heartbeat - Sparse Mods Tracked: 2048
[HEARTBEAT] Node: 0 | Tick: 356281 | Conf: 356279 | Hash: 0x049686D4 | Rollbacks:  7 (Resim:   7) | Stalls:  0
[HEARTBEAT] Node: 0 | Tick: 356341 | Conf: 356339 | Hash: 0xC1C78A41 | Rollbacks:  0 (Resim:   0) | Stalls:  0
[HEARTBEAT] Node: 0 | Tick: 356401 | Conf: 356399 | Hash: 0x86A91785 | Rollbacks:  0 (Resim:   0) | Stalls:  0
[HEARTBEAT] Node: 0 | Tick: 356461 | Conf: 356459 | Hash: 0x9AE4BE33 | Rollbacks:  9 (Resim:   9) | Stalls:  0
[HEARTBEAT] Node: 0 | Tick: 356521 | Conf: 356519 | Hash: 0x8D8347F5 | Rollbacks:  0 (Resim:   0) | Stalls:  0
[HEARTBEAT] Node: 0 | Tick: 356581 | Conf: 356579 | Hash: 0x00210D59 | Rollbacks: 20 (Resim:  20) | Stalls:  0
[HEARTBEAT] Node: 0 | Tick: 356641 | Conf: 356639 | Hash: 0x259B1D6A | Rollbacks: 15 (Resim:  15) | Stalls:  0
[HEARTBEAT] Node: 0 | Tick: 356701 | Conf: 356699 | Hash: 0xB98E0A18 | Rollbacks: 11 (Resim:  11) | Stalls:  0
[HEARTBEAT] Node: 0 | Tick: 356761 | Conf: 356759 | Hash: 0x68D25690 | Rollbacks:  2 (Resim:   2) | Stalls:  0
[HEARTBEAT] Node: 0 | Tick: 356821 | Conf: 356819 | Hash: 0xB6D07D3B | Rollbacks: 16 (Resim:  16) | Stalls:  0
[BOT:50006] Heartbeat - Sparse Mods Tracked: 2048
[HEARTBEAT] Node: 0 | Tick: 356881 | Conf: 356879 | Hash: 0x012C2BC1 | Rollbacks: 11 (Resim:  11) | Stalls:  0
[HEARTBEAT] Node: 0 | Tick: 356941 | Conf: 356939 | Hash: 0x66201515 | Rollbacks:  4 (Resim:   4) | Stalls:  0
[HEARTBEAT] Node: 0 | Tick: 357001 | Conf: 356999 | Hash: 0xB671FEFB | Rollbacks:  0 (Resim:   0) | Stalls:  0
[HEARTBEAT] Node: 0 | Tick: 357061 | Conf: 357059 | Hash: 0xB2B4BE7C | Rollbacks: 17 (Resim:  17) | Stalls:  0
[HEARTBEAT] Node: 0 | Tick: 357121 | Conf: 357119 | Hash: 0x7FF35DC1 | Rollbacks: 21 (Resim:  21) | Stalls:  0
[HEARTBEAT] Node: 0 | Tick: 357181 | Conf: 357179 | Hash: 0xFE14FFBA | Rollbacks:  5 (Resim:   5) | Stalls:  0
[HEARTBEAT] Node: 0 | Tick: 357241 | Conf: 357239 | Hash: 0x754EA752 | Rollbacks: 11 (Resim:  11) | Stalls:  0
[HEARTBEAT] Node: 0 | Tick: 357301 | Conf: 357299 | Hash: 0xAD92BDB1 | Rollbacks: 20 (Resim:  20) | Stalls:  0
[HEARTBEAT] Node: 0 | Tick: 357361 | Conf: 357359 | Hash: 0x7B9A8093 | Rollbacks: 26 (Resim:  26) | Stalls:  0
[HEARTBEAT] Node: 0 | Tick: 357421 | Conf: 357419 | Hash: 0x6D10D037 | Rollbacks: 12 (Resim:  12) | Stalls:  0
[BOT:50006] Heartbeat - Sparse Mods Tracked: 2048
[HEARTBEAT] Node: 0 | Tick: 357481 | Conf: 357479 | Hash: 0x2F936A0E | Rollbacks:  0 (Resim:   0) | Stalls:  0
[HEARTBEAT] Node: 0 | Tick: 357541 | Conf: 357539 | Hash: 0xA516B65D | Rollbacks:  0 (Resim:   0) | Stalls:  0
[HEARTBEAT] Node: 0 | Tick: 357601 | Conf: 357599 | Hash: 0xBE164B46 | Rollbacks: 30 (Resim:  30) | Stalls:  0
[HEARTBEAT] Node: 0 | Tick: 357661 | Conf: 357659 | Hash: 0x02C59498 | Rollbacks: 20 (Resim:  20) | Stalls:  0
[HEARTBEAT] Node: 0 | Tick: 357721 | Conf: 357719 | Hash: 0xFDBF1EF3 | Rollbacks:  7 (Resim:   7) | Stalls:  0
[HEARTBEAT] Node: 0 | Tick: 357781 | Conf: 357779 | Hash: 0x93A26092 | Rollbacks:  0 (Resim:   0) | Stalls:  0
[HEARTBEAT] Node: 0 | Tick: 357841 | Conf: 357839 | Hash: 0x64AFBB59 | Rollbacks: 23 (Resim:  23) | Stalls:  0
[HEARTBEAT] Node: 0 | Tick: 357901 | Conf: 357899 | Hash: 0xC3761DAA | Rollbacks: 18 (Resim:  18) | Stalls:  0
[HEARTBEAT] Node: 0 | Tick: 357961 | Conf: 357959 | Hash: 0x79108AB7 | Rollbacks:  4 (Resim:   4) | Stalls:  0
[HEARTBEAT] Node: 0 | Tick: 358021 | Conf: 358019 | Hash: 0x6937E896 | Rollbacks: 21 (Resim:  21) | Stalls:  0
[BOT:50006] Heartbeat - Sparse Mods Tracked: 2048
[HEARTBEAT] Node: 0 | Tick: 358081 | Conf: 358079 | Hash: 0x267A96FD | Rollbacks:  3 (Resim:   3) | Stalls:  0
[HEARTBEAT] Node: 0 | Tick: 358141 | Conf: 358139 | Hash: 0x01E1308D | Rollbacks: 17 (Resim:  17) | Stalls:  0
[HEARTBEAT] Node: 0 | Tick: 358201 | Conf: 358199 | Hash: 0xCCC426EC | Rollbacks:  1 (Resim:   1) | Stalls:  0
[HEARTBEAT] Node: 0 | Tick: 358261 | Conf: 358259 | Hash: 0x8EA367FE | Rollbacks: 13 (Resim:  13) | Stalls:  0
[HEARTBEAT] Node: 0 | Tick: 358321 | Conf: 358319 | Hash: 0xDAF5284B | Rollbacks:  8 (Resim:   8) | Stalls:  0
[HEARTBEAT] Node: 0 | Tick: 358381 | Conf: 358379 | Hash: 0xBAE83394 | Rollbacks:  0 (Resim:   0) | Stalls:  0
[HEARTBEAT] Node: 0 | Tick: 358441 | Conf: 358439 | Hash: 0x8DE060B2 | Rollbacks:  0 (Resim:   0) | Stalls:  0
[HEARTBEAT] Node: 0 | Tick: 358501 | Conf: 358499 | Hash: 0xAA420976 | Rollbacks: 23 (Resim:  23) | Stalls:  0
[HEARTBEAT] Node: 0 | Tick: 358561 | Conf: 358559 | Hash: 0xB66DF71E | Rollbacks:  6 (Resim:   6) | Stalls:  0
[HEARTBEAT] Node: 0 | Tick: 358621 | Conf: 358619 | Hash: 0xFA2C539E | Rollbacks:  3 (Resim:   3) | Stalls:  0
[BOT:50006] Heartbeat - Sparse Mods Tracked: 2048
[HEARTBEAT] Node: 0 | Tick: 358681 | Conf: 358679 | Hash: 0xD358A503 | Rollbacks: 12 (Resim:  12) | Stalls:  0
[HEARTBEAT] Node: 0 | Tick: 358741 | Conf: 358739 | Hash: 0xE85B82F6 | Rollbacks:  0 (Resim:   0) | Stalls:  0
[HEARTBEAT] Node: 0 | Tick: 358801 | Conf: 358799 | Hash: 0x919FB5E3 | Rollbacks: 19 (Resim:  19) | Stalls:  0
[HEARTBEAT] Node: 0 | Tick: 358861 | Conf: 358859 | Hash: 0x8C5E0DE9 | Rollbacks: 13 (Resim:  13) | Stalls:  0
[HEARTBEAT] Node: 0 | Tick: 358921 | Conf: 358919 | Hash: 0x8656FDE5 | Rollbacks:  0 (Resim:   0) | Stalls:  0
[HEARTBEAT] Node: 0 | Tick: 358981 | Conf: 358979 | Hash: 0x00828FDA | Rollbacks: 16 (Resim:  16) | Stalls:  0
[HEARTBEAT] Node: 0 | Tick: 359041 | Conf: 359039 | Hash: 0xC0B440C8 | Rollbacks:  0 (Resim:   0) | Stalls:  0
[HEARTBEAT] Node: 0 | Tick: 359101 | Conf: 359099 | Hash: 0xBBD6D9C2 | Rollbacks: 19 (Resim:  19) | Stalls:  0
[HEARTBEAT] Node: 0 | Tick: 359161 | Conf: 359159 | Hash: 0x53213F96 | Rollbacks:  3 (Resim:   3) | Stalls:  0
[BOT:50006] Heartbeat - Sparse Mods Tracked: 2048
[HEARTBEAT] Node: 0 | Tick: 359221 | Conf: 359219 | Hash: 0xBF5A776B | Rollbacks: 24 (Resim:  24) | Stalls:  0
[HEARTBEAT] Node: 0 | Tick: 359281 | Conf: 359279 | Hash: 0x9E68470D | Rollbacks:  2 (Resim:   2) | Stalls:  0
[HEARTBEAT] Node: 0 | Tick: 359341 | Conf: 359339 | Hash: 0x31DE4CDE | Rollbacks:  3 (Resim:   3) | Stalls:  0
[HEARTBEAT] Node: 0 | Tick: 359401 | Conf: 359399 | Hash: 0x1E3DCC30 | Rollbacks: 23 (Resim:  23) | Stalls:  0
[HEARTBEAT] Node: 0 | Tick: 359461 | Conf: 359459 | Hash: 0xB726F9F5 | Rollbacks: 13 (Resim:  13) | Stalls:  0
[HEARTBEAT] Node: 0 | Tick: 359521 | Conf: 359519 | Hash: 0x54A3CF34 | Rollbacks:  0 (Resim:   0) | Stalls:  0
[HEARTBEAT] Node: 0 | Tick: 359581 | Conf: 359579 | Hash: 0x9095027C | Rollbacks: 19 (Resim:  19) | Stalls:  0
[HEARTBEAT] Node: 0 | Tick: 359641 | Conf: 359639 | Hash: 0x9502E941 | Rollbacks:  4 (Resim:   4) | Stalls:  0
[HEARTBEAT] Node: 0 | Tick: 359701 | Conf: 359699 | Hash: 0x81691C96 | Rollbacks: 10 (Resim:  10) | Stalls:  0
[HEARTBEAT] Node: 0 | Tick: 359761 | Conf: 359759 | Hash: 0x84AA273D | Rollbacks:  1 (Resim:   1) | Stalls:  0
[BOT:50006] Heartbeat - Sparse Mods Tracked: 2048
[HEARTBEAT] Node: 0 | Tick: 359821 | Conf: 359819 | Hash: 0x8A42532E | Rollbacks: 21 (Resim:  21) | Stalls:  0
[HEARTBEAT] Node: 0 | Tick: 359881 | Conf: 359879 | Hash: 0x91224E42 | Rollbacks:  8 (Resim:   8) | Stalls:  0
[HEARTBEAT] Node: 0 | Tick: 359941 | Conf: 359939 | Hash: 0xD7E5BFCD | Rollbacks: 25 (Resim:  25) | Stalls:  0
[HEARTBEAT] Node: 0 | Tick: 360001 | Conf: 359999 | Hash: 0x70A1C2B3 | Rollbacks: 17 (Resim:  17) | Stalls:  0
[HEARTBEAT] Node: 0 | Tick: 360061 | Conf: 360059 | Hash: 0x6975FEB2 | Rollbacks:  0 (Resim:   0) | Stalls:  0
[HEARTBEAT] Node: 0 | Tick: 360121 | Conf: 360119 | Hash: 0x1168C245 | Rollbacks:  7 (Resim:   7) | Stalls:  0
[HEARTBEAT] Node: 0 | Tick: 360181 | Conf: 360179 | Hash: 0x8E0CD4EC | Rollbacks: 12 (Resim:  12) | Stalls:  0
[HEARTBEAT] Node: 0 | Tick: 360241 | Conf: 360239 | Hash: 0x8957BED2 | Rollbacks:  3 (Resim:   3) | Stalls:  0
[HEARTBEAT] Node: 0 | Tick: 360301 | Conf: 360299 | Hash: 0x35A4C2C3 | Rollbacks: 19 (Resim:  19) | Stalls:  0
[HEARTBEAT] Node: 0 | Tick: 360361 | Conf: 360359 | Hash: 0x4992EC9A | Rollbacks:  9 (Resim:   9) | Stalls:  0
[BOT:50006] Heartbeat - Sparse Mods Tracked: 2048
[HEARTBEAT] Node: 0 | Tick: 360421 | Conf: 360419 | Hash: 0x38C32C43 | Rollbacks:  0 (Resim:   0) | Stalls:  0
[HEARTBEAT] Node: 0 | Tick: 360481 | Conf: 360479 | Hash: 0xC57A26BD | Rollbacks: 18 (Resim:  18) | Stalls:  0
[HEARTBEAT] Node: 0 | Tick: 360541 | Conf: 360539 | Hash: 0xBC3D4081 | Rollbacks:  0 (Resim:   0) | Stalls:  0
[HEARTBEAT] Node: 0 | Tick: 360601 | Conf: 360599 | Hash: 0xD9C2C728 | Rollbacks: 18 (Resim:  18) | Stalls:  0
[HEARTBEAT] Node: 0 | Tick: 360661 | Conf: 360659 | Hash: 0xC964805A | Rollbacks: 16 (Resim:  16) | Stalls:  0
[HEARTBEAT] Node: 0 | Tick: 360721 | Conf: 360719 | Hash: 0x3B0A68B4 | Rollbacks:  5 (Resim:   5) | Stalls:  0
[HEARTBEAT] Node: 0 | Tick: 360781 | Conf: 360779 | Hash: 0xB9B31A9F | Rollbacks:  0 (Resim:   0) | Stalls:  0
[HEARTBEAT] Node: 0 | Tick: 360841 | Conf: 360839 | Hash: 0xE7E86BB2 | Rollbacks: 18 (Resim:  18) | Stalls:  0
[HEARTBEAT] Node: 0 | Tick: 360901 | Conf: 360899 | Hash: 0xBBAF65C2 | Rollbacks: 12 (Resim:  12) | Stalls:  0
[HEARTBEAT] Node: 0 | Tick: 360961 | Conf: 360959 | Hash: 0xC4A06814 | Rollbacks:  0 (Resim:   0) | Stalls:  0
[BOT:50006] Heartbeat - Sparse Mods Tracked: 2048
[HEARTBEAT] Node: 0 | Tick: 361021 | Conf: 361019 | Hash: 0x6CAF22A7 | Rollbacks:  9 (Resim:   9) | Stalls:  0
[HEARTBEAT] Node: 0 | Tick: 361081 | Conf: 361079 | Hash: 0xA80D4146 | Rollbacks:  0 (Resim:   0) | Stalls:  0
[HEARTBEAT] Node: 0 | Tick: 361141 | Conf: 361139 | Hash: 0x824144B5 | Rollbacks:  8 (Resim:   8) | Stalls:  0
[HEARTBEAT] Node: 0 | Tick: 361201 | Conf: 361199 | Hash: 0x886D5BAD | Rollbacks:  7 (Resim:   7) | Stalls:  0
[HEARTBEAT] Node: 0 | Tick: 361261 | Conf: 361259 | Hash: 0xC72B28F2 | Rollbacks:  0 (Resim:   0) | Stalls:  0
[HEARTBEAT] Node: 0 | Tick: 361321 | Conf: 361319 | Hash: 0xFF8BD9D8 | Rollbacks:  4 (Resim:   4) | Stalls:  0
[HEARTBEAT] Node: 0 | Tick: 361381 | Conf: 361379 | Hash: 0x446C92C3 | Rollbacks: 15 (Resim:  15) | Stalls:  0
[HEARTBEAT] Node: 0 | Tick: 361441 | Conf: 361439 | Hash: 0x81DEA297 | Rollbacks:  0 (Resim:   0) | Stalls:  0
[HEARTBEAT] Node: 0 | Tick: 361501 | Conf: 361499 | Hash: 0x39746B04 | Rollbacks: 10 (Resim:  10) | Stalls:  0
[BOT:50006] Heartbeat - Sparse Mods Tracked: 2048
[HEARTBEAT] Node: 0 | Tick: 361561 | Conf: 361559 | Hash: 0x0B500AFF | Rollbacks:  0 (Resim:   0) | Stalls:  0
[HEARTBEAT] Node: 0 | Tick: 361621 | Conf: 361619 | Hash: 0xA13EBAE4 | Rollbacks: 14 (Resim:  14) | Stalls:  0
[HEARTBEAT] Node: 0 | Tick: 361681 | Conf: 361679 | Hash: 0xEDC493F0 | Rollbacks: 10 (Resim:  10) | Stalls:  0
[HEARTBEAT] Node: 0 | Tick: 361741 | Conf: 361739 | Hash: 0x152351FC | Rollbacks:  0 (Resim:   0) | Stalls:  0
[HEARTBEAT] Node: 0 | Tick: 361801 | Conf: 361799 | Hash: 0xEA3B551D | Rollbacks: 13 (Resim:  13) | Stalls:  0
[HEARTBEAT] Node: 0 | Tick: 361861 | Conf: 361859 | Hash: 0x5B717E7E | Rollbacks:  6 (Resim:   6) | Stalls:  0
[HEARTBEAT] Node: 0 | Tick: 361921 | Conf: 361919 | Hash: 0x6DD78C0A | Rollbacks: 20 (Resim:  20) | Stalls:  0
[HEARTBEAT] Node: 0 | Tick: 361981 | Conf: 361979 | Hash: 0xD397642D | Rollbacks:  9 (Resim:   9) | Stalls:  0
[HEARTBEAT] Node: 0 | Tick: 362041 | Conf: 362039 | Hash: 0xD3B7860F | Rollbacks:  1 (Resim:   1) | Stalls:  0
[HEARTBEAT] Node: 0 | Tick: 362101 | Conf: 362099 | Hash: 0xC7BE7683 | Rollbacks: 12 (Resim:  12) | Stalls:  0
[BOT:50006] Heartbeat - Sparse Mods Tracked: 2048
[HEARTBEAT] Node: 0 | Tick: 362161 | Conf: 362159 | Hash: 0x17AC92DC | Rollbacks: 28 (Resim:  28) | Stalls:  0
[HEARTBEAT] Node: 0 | Tick: 362221 | Conf: 362219 | Hash: 0xA0C0571B | Rollbacks: 14 (Resim:  14) | Stalls:  0
[HEARTBEAT] Node: 0 | Tick: 362281 | Conf: 362279 | Hash: 0x68B01A44 | Rollbacks:  4 (Resim:   4) | Stalls:  0
[HEARTBEAT] Node: 0 | Tick: 362341 | Conf: 362339 | Hash: 0xB4EC0709 | Rollbacks:  9 (Resim:   9) | Stalls:  0
[HEARTBEAT] Node: 0 | Tick: 362401 | Conf: 362399 | Hash: 0x0B424426 | Rollbacks: 10 (Resim:  10) | Stalls:  0
[HEARTBEAT] Node: 0 | Tick: 362461 | Conf: 362459 | Hash: 0x4FB7B3D6 | Rollbacks:  0 (Resim:   0) | Stalls:  0
[HEARTBEAT] Node: 0 | Tick: 362521 | Conf: 362519 | Hash: 0x71657313 | Rollbacks:  8 (Resim:   8) | Stalls:  0
[HEARTBEAT] Node: 0 | Tick: 362581 | Conf: 362579 | Hash: 0xC7D38F03 | Rollbacks: 10 (Resim:  10) | Stalls:  0
[HEARTBEAT] Node: 0 | Tick: 362641 | Conf: 362639 | Hash: 0x24FDA892 | Rollbacks:  0 (Resim:   0) | Stalls:  0
[HEARTBEAT] Node: 0 | Tick: 362701 | Conf: 362699 | Hash: 0x77262690 | Rollbacks: 23 (Resim:  23) | Stalls:  0
[BOT:50006] Heartbeat - Sparse Mods Tracked: 2048
[HEARTBEAT] Node: 0 | Tick: 362761 | Conf: 362759 | Hash: 0xB660ECF4 | Rollbacks: 22 (Resim:  22) | Stalls:  0
[HEARTBEAT] Node: 0 | Tick: 362821 | Conf: 362819 | Hash: 0x511EAB2E | Rollbacks:  7 (Resim:   7) | Stalls:  0
[HEARTBEAT] Node: 0 | Tick: 362881 | Conf: 362879 | Hash: 0xA8F90A1D | Rollbacks:  0 (Resim:   0) | Stalls:  0
[HEARTBEAT] Node: 0 | Tick: 362941 | Conf: 362939 | Hash: 0xC392AC3D | Rollbacks: 18 (Resim:  18) | Stalls:  0
[HEARTBEAT] Node: 0 | Tick: 363001 | Conf: 362999 | Hash: 0x72F3920A | Rollbacks:  7 (Resim:   7) | Stalls:  0
[HEARTBEAT] Node: 0 | Tick: 363061 | Conf: 363059 | Hash: 0xECB166AD | Rollbacks:  0 (Resim:   0) | Stalls:  0
[HEARTBEAT] Node: 0 | Tick: 363121 | Conf: 363119 | Hash: 0x8DFD151A | Rollbacks: 24 (Resim:  24) | Stalls:  0
[HEARTBEAT] Node: 0 | Tick: 363181 | Conf: 363179 | Hash: 0x66A92067 | Rollbacks:  8 (Resim:   8) | Stalls:  0
[HEARTBEAT] Node: 0 | Tick: 363241 | Conf: 363239 | Hash: 0xA88BEC03 | Rollbacks:  0 (Resim:   0) | Stalls:  0
[HEARTBEAT] Node: 0 | Tick: 363301 | Conf: 363299 | Hash: 0xB7BF120E | Rollbacks: 15 (Resim:  15) | Stalls:  0
[BOT:50006] Heartbeat - Sparse Mods Tracked: 2048
[HEARTBEAT] Node: 0 | Tick: 363361 | Conf: 363359 | Hash: 0x58F3C95A | Rollbacks: 15 (Resim:  15) | Stalls:  0
[HEARTBEAT] Node: 0 | Tick: 363421 | Conf: 363419 | Hash: 0xD1AF0A56 | Rollbacks:  4 (Resim:   4) | Stalls:  0
[HEARTBEAT] Node: 0 | Tick: 363481 | Conf: 363479 | Hash: 0x9BEAC7F4 | Rollbacks:  0 (Resim:   0) | Stalls:  0
[HEARTBEAT] Node: 0 | Tick: 363541 | Conf: 363539 | Hash: 0x13E874C2 | Rollbacks: 20 (Resim:  20) | Stalls:  0
[HEARTBEAT] Node: 0 | Tick: 363601 | Conf: 363599 | Hash: 0x9618A8AB | Rollbacks: 12 (Resim:  12) | Stalls:  0
[HEARTBEAT] Node: 0 | Tick: 363661 | Conf: 363659 | Hash: 0x56166CDE | Rollbacks:  6 (Resim:   6) | Stalls:  0
[HEARTBEAT] Node: 0 | Tick: 363721 | Conf: 363719 | Hash: 0x2288075E | Rollbacks: 24 (Resim:  24) | Stalls:  0
[HEARTBEAT] Node: 0 | Tick: 363781 | Conf: 363779 | Hash: 0x0E4B520C | Rollbacks:  0 (Resim:   0) | Stalls:  0
[HEARTBEAT] Node: 0 | Tick: 363841 | Conf: 363839 | Hash: 0x3FA5A42E | Rollbacks: 13 (Resim:  13) | Stalls:  0
[HEARTBEAT] Node: 0 | Tick: 363901 | Conf: 363899 | Hash: 0x3D4C9658 | Rollbacks:  6 (Resim:   6) | Stalls:  0
[BOT:50006] Heartbeat - Sparse Mods Tracked: 2048
[HEARTBEAT] Node: 0 | Tick: 363961 | Conf: 363959 | Hash: 0x38D5CE4A | Rollbacks:  0 (Resim:   0) | Stalls:  0
[HEARTBEAT] Node: 0 | Tick: 364021 | Conf: 364019 | Hash: 0xD58F2A72 | Rollbacks:  1 (Resim:   1) | Stalls:  0
[HEARTBEAT] Node: 0 | Tick: 364081 | Conf: 364079 | Hash: 0xD91B034A | Rollbacks: 21 (Resim:  21) | Stalls:  0
[HEARTBEAT] Node: 0 | Tick: 364141 | Conf: 364139 | Hash: 0x133078FB | Rollbacks:  4 (Resim:   4) | Stalls:  0
[HEARTBEAT] Node: 0 | Tick: 364201 | Conf: 364199 | Hash: 0x3944DC42 | Rollbacks:  0 (Resim:   0) | Stalls:  0
[HEARTBEAT] Node: 0 | Tick: 364261 | Conf: 364259 | Hash: 0xDF98B9D5 | Rollbacks:  5 (Resim:   5) | Stalls:  0
[HEARTBEAT] Node: 0 | Tick: 364321 | Conf: 364319 | Hash: 0x5FA27E23 | Rollbacks: 14 (Resim:  14) | Stalls:  0
[HEARTBEAT] Node: 0 | Tick: 364381 | Conf: 364379 | Hash: 0xD4A4A108 | Rollbacks:  2 (Resim:   2) | Stalls:  0
[HEARTBEAT] Node: 0 | Tick: 364441 | Conf: 364439 | Hash: 0x24FBAB44 | Rollbacks: 23 (Resim:  24) | Stalls:  0
[BOT:50006] Heartbeat - Sparse Mods Tracked: 2048
[HEARTBEAT] Node: 0 | Tick: 364501 | Conf: 364499 | Hash: 0x6313DD2A | Rollbacks: 16 (Resim:  16) | Stalls:  0
[HEARTBEAT] Node: 0 | Tick: 364561 | Conf: 364559 | Hash: 0xF2E0718D | Rollbacks:  0 (Resim:   0) | Stalls:  0
[HEARTBEAT] Node: 0 | Tick: 364621 | Conf: 364619 | Hash: 0x9DC60427 | Rollbacks: 13 (Resim:  13) | Stalls:  0
[HEARTBEAT] Node: 0 | Tick: 364681 | Conf: 364679 | Hash: 0x2BE6449A | Rollbacks:  3 (Resim:   3) | Stalls:  0
[HEARTBEAT] Node: 0 | Tick: 364741 | Conf: 364739 | Hash: 0x2C065440 | Rollbacks: 19 (Resim:  19) | Stalls:  0
[HEARTBEAT] Node: 0 | Tick: 364801 | Conf: 364799 | Hash: 0x569A8A5A | Rollbacks:  1 (Resim:   1) | Stalls:  0
[HEARTBEAT] Node: 0 | Tick: 364861 | Conf: 364859 | Hash: 0x50A970F4 | Rollbacks: 18 (Resim:  18) | Stalls:  0
[HEARTBEAT] Node: 0 | Tick: 364921 | Conf: 364919 | Hash: 0x54D5D4DC | Rollbacks:  4 (Resim:   4) | Stalls:  0
[HEARTBEAT] Node: 0 | Tick: 364981 | Conf: 364979 | Hash: 0x6E4FAC61 | Rollbacks:  7 (Resim:   7) | Stalls:  0
[HEARTBEAT] Node: 0 | Tick: 365041 | Conf: 365039 | Hash: 0x1B39AC8F | Rollbacks:  1 (Resim:   1) | Stalls:  0
[BOT:50006] Heartbeat - Sparse Mods Tracked: 2048
[HEARTBEAT] Node: 0 | Tick: 365101 | Conf: 365099 | Hash: 0xDFADA6D3 | Rollbacks:  0 (Resim:   0) | Stalls:  0
[HEARTBEAT] Node: 0 | Tick: 365161 | Conf: 365159 | Hash: 0x8F549EA0 | Rollbacks:  2 (Resim:   2) | Stalls:  0
[HEARTBEAT] Node: 0 | Tick: 365221 | Conf: 365219 | Hash: 0xEF45781F | Rollbacks: 16 (Resim:  16) | Stalls:  0
[HEARTBEAT] Node: 0 | Tick: 365281 | Conf: 365279 | Hash: 0x2085BB1F | Rollbacks: 11 (Resim:  11) | Stalls:  0
[HEARTBEAT] Node: 0 | Tick: 365341 | Conf: 365339 | Hash: 0xEE0C891D | Rollbacks: 12 (Resim:  12) | Stalls:  0
[HEARTBEAT] Node: 0 | Tick: 365401 | Conf: 365399 | Hash: 0x540875AC | Rollbacks: 14 (Resim:  14) | Stalls:  0
[HEARTBEAT] Node: 0 | Tick: 365461 | Conf: 365459 | Hash: 0xAA8BEC01 | Rollbacks:  0 (Resim:   0) | Stalls:  0
[HEARTBEAT] Node: 0 | Tick: 365521 | Conf: 365519 | Hash: 0xF460016C | Rollbacks: 15 (Resim:  15) | Stalls:  0
[HEARTBEAT] Node: 0 | Tick: 365581 | Conf: 365579 | Hash: 0xDD107FC3 | Rollbacks:  7 (Resim:   7) | Stalls:  0
[HEARTBEAT] Node: 0 | Tick: 365641 | Conf: 365639 | Hash: 0x3F875BB3 | Rollbacks:  0 (Resim:   0) | Stalls:  0
[BOT:50006] Heartbeat - Sparse Mods Tracked: 2048
[HEARTBEAT] Node: 0 | Tick: 365701 | Conf: 365699 | Hash: 0x9D6786CD | Rollbacks: 15 (Resim:  15) | Stalls:  0
[HEARTBEAT] Node: 0 | Tick: 365761 | Conf: 365759 | Hash: 0xAA6D0A2D | Rollbacks: 17 (Resim:  17) | Stalls:  0
[HEARTBEAT] Node: 0 | Tick: 365821 | Conf: 365819 | Hash: 0x9FA5D72D | Rollbacks: 13 (Resim:  13) | Stalls:  0
[HEARTBEAT] Node: 0 | Tick: 365881 | Conf: 365879 | Hash: 0x70C464F2 | Rollbacks:  9 (Resim:   9) | Stalls:  0
[HEARTBEAT] Node: 0 | Tick: 365941 | Conf: 365939 | Hash: 0xA5B7938D | Rollbacks: 19 (Resim:  19) | Stalls:  0
[HEARTBEAT] Node: 0 | Tick: 366001 | Conf: 365999 | Hash: 0xC899122B | Rollbacks: 18 (Resim:  18) | Stalls:  0
[HEARTBEAT] Node: 0 | Tick: 366061 | Conf: 366059 | Hash: 0x1AA46D24 | Rollbacks:  0 (Resim:   0) | Stalls:  0
[HEARTBEAT] Node: 0 | Tick: 366121 | Conf: 366119 | Hash: 0xAE7A7A81 | Rollbacks: 15 (Resim:  15) | Stalls:  0
[HEARTBEAT] Node: 0 | Tick: 366181 | Conf: 366179 | Hash: 0xB24C6185 | Rollbacks:  7 (Resim:   7) | Stalls:  0
[HEARTBEAT] Node: 0 | Tick: 366241 | Conf: 366239 | Hash: 0x0F656E1B | Rollbacks:  0 (Resim:   0) | Stalls:  0
[BOT:50006] Heartbeat - Sparse Mods Tracked: 2048
[HEARTBEAT] Node: 0 | Tick: 366301 | Conf: 366299 | Hash: 0xE9A9A0D4 | Rollbacks: 10 (Resim:  10) | Stalls:  0
[HEARTBEAT] Node: 0 | Tick: 366361 | Conf: 366359 | Hash: 0xCC69FAC0 | Rollbacks:  3 (Resim:   3) | Stalls:  0
[HEARTBEAT] Node: 0 | Tick: 366421 | Conf: 366419 | Hash: 0xE4FC099C | Rollbacks: 12 (Resim:  12) | Stalls:  0
[HEARTBEAT] Node: 0 | Tick: 366481 | Conf: 366479 | Hash: 0xA71FA857 | Rollbacks:  7 (Resim:   7) | Stalls:  0
[HEARTBEAT] Node: 0 | Tick: 366541 | Conf: 366539 | Hash: 0xB294B989 | Rollbacks:  0 (Resim:   0) | Stalls:  0
[HEARTBEAT] Node: 0 | Tick: 366601 | Conf: 366599 | Hash: 0x6AF9D02C | Rollbacks: 19 (Resim:  19) | Stalls:  0
[HEARTBEAT] Node: 0 | Tick: 366661 | Conf: 366659 | Hash: 0xE63914E7 | Rollbacks: 24 (Resim:  24) | Stalls:  0
[HEARTBEAT] Node: 0 | Tick: 366721 | Conf: 366719 | Hash: 0x690C0FA6 | Rollbacks:  0 (Resim:   0) | Stalls:  0
[HEARTBEAT] Node: 0 | Tick: 366781 | Conf: 366779 | Hash: 0x00245B0B | Rollbacks: 14 (Resim:  14) | Stalls:  0
[BOT:50006] Heartbeat - Sparse Mods Tracked: 2048
[HEARTBEAT] Node: 0 | Tick: 366841 | Conf: 366839 | Hash: 0x1422DFA2 | Rollbacks: 24 (Resim:  24) | Stalls:  0
[HEARTBEAT] Node: 0 | Tick: 366901 | Conf: 366899 | Hash: 0x1C777B85 | Rollbacks:  8 (Resim:   8) | Stalls:  0
[HEARTBEAT] Node: 0 | Tick: 366961 | Conf: 366959 | Hash: 0x8643BA3B | Rollbacks: 16 (Resim:  16) | Stalls:  0
[HEARTBEAT] Node: 0 | Tick: 367021 | Conf: 367019 | Hash: 0x9FCD0409 | Rollbacks: 16 (Resim:  16) | Stalls:  0
[HEARTBEAT] Node: 0 | Tick: 367081 | Conf: 367079 | Hash: 0xD6B3EF2A | Rollbacks:  0 (Resim:   0) | Stalls:  0
[HEARTBEAT] Node: 0 | Tick: 367141 | Conf: 367139 | Hash: 0x79844B21 | Rollbacks:  5 (Resim:   5) | Stalls:  0
[HEARTBEAT] Node: 0 | Tick: 367201 | Conf: 367199 | Hash: 0x833DC1A2 | Rollbacks:  0 (Resim:   0) | Stalls:  0
[HEARTBEAT] Node: 0 | Tick: 367261 | Conf: 367259 | Hash: 0xBF28CC02 | Rollbacks:  0 (Resim:   0) | Stalls:  0
[HEARTBEAT] Node: 0 | Tick: 367321 | Conf: 367319 | Hash: 0x35990127 | Rollbacks: 11 (Resim:  11) | Stalls:  0
[HEARTBEAT] Node: 0 | Tick: 367381 | Conf: 367379 | Hash: 0xD13E5C65 | Rollbacks:  0 (Resim:   0) | Stalls:  0
[BOT:50006] Heartbeat - Sparse Mods Tracked: 2048
[HEARTBEAT] Node: 0 | Tick: 367441 | Conf: 367439 | Hash: 0xB2AEAA5F | Rollbacks: 13 (Resim:  13) | Stalls:  0
[HEARTBEAT] Node: 0 | Tick: 367501 | Conf: 367499 | Hash: 0x6E3A826B | Rollbacks:  0 (Resim:   0) | Stalls:  0
[HEARTBEAT] Node: 0 | Tick: 367561 | Conf: 367559 | Hash: 0xD6F0A05F | Rollbacks: 15 (Resim:  15) | Stalls:  0
[HEARTBEAT] Node: 0 | Tick: 367621 | Conf: 367619 | Hash: 0xE8638AE6 | Rollbacks: 12 (Resim:  12) | Stalls:  0
[HEARTBEAT] Node: 0 | Tick: 367681 | Conf: 367679 | Hash: 0x8F6B0276 | Rollbacks:  0 (Resim:   0) | Stalls:  0
[HEARTBEAT] Node: 0 | Tick: 367741 | Conf: 367739 | Hash: 0xE58D131B | Rollbacks: 14 (Resim:  14) | Stalls:  0
[HEARTBEAT] Node: 0 | Tick: 367801 | Conf: 367799 | Hash: 0xC1D6B67A | Rollbacks:  0 (Resim:   0) | Stalls:  0
[HEARTBEAT] Node: 0 | Tick: 367861 | Conf: 367859 | Hash: 0x2472D766 | Rollbacks: 23 (Resim:  23) | Stalls:  0
[HEARTBEAT] Node: 0 | Tick: 367921 | Conf: 367919 | Hash: 0x0B85E9EB | Rollbacks:  5 (Resim:   5) | Stalls:  0
[HEARTBEAT] Node: 0 | Tick: 367981 | Conf: 367979 | Hash: 0xA5003C57 | Rollbacks: 13 (Resim:  13) | Stalls:  0
[BOT:50006] Heartbeat - Sparse Mods Tracked: 2048
[HEARTBEAT] Node: 0 | Tick: 368041 | Conf: 368039 | Hash: 0x82CBAF8D | Rollbacks:  1 (Resim:   1) | Stalls:  0
[HEARTBEAT] Node: 0 | Tick: 368101 | Conf: 368099 | Hash: 0xEDDF2186 | Rollbacks: 22 (Resim:  22) | Stalls:  0
[HEARTBEAT] Node: 0 | Tick: 368161 | Conf: 368159 | Hash: 0x2B358366 | Rollbacks:  2 (Resim:   2) | Stalls:  0
[HEARTBEAT] Node: 0 | Tick: 368221 | Conf: 368219 | Hash: 0x7465B9FB | Rollbacks:  9 (Resim:   9) | Stalls:  0
[HEARTBEAT] Node: 0 | Tick: 368281 | Conf: 368279 | Hash: 0x009D1633 | Rollbacks:  0 (Resim:   0) | Stalls:  0
[HEARTBEAT] Node: 0 | Tick: 368341 | Conf: 368339 | Hash: 0xBEF6B14A | Rollbacks:  0 (Resim:   0) | Stalls:  0
[HEARTBEAT] Node: 0 | Tick: 368401 | Conf: 368399 | Hash: 0x69E6C57F | Rollbacks:  0 (Resim:   0) | Stalls:  0
[HEARTBEAT] Node: 0 | Tick: 368461 | Conf: 368459 | Hash: 0xD8641712 | Rollbacks: 22 (Resim:  22) | Stalls:  0
[HEARTBEAT] Node: 0 | Tick: 368521 | Conf: 368519 | Hash: 0x8820A046 | Rollbacks: 19 (Resim:  19) | Stalls:  0
[HEARTBEAT] Node: 0 | Tick: 368581 | Conf: 368579 | Hash: 0x875EB3DE | Rollbacks: 17 (Resim:  17) | Stalls:  0
[BOT:50006] Heartbeat - Sparse Mods Tracked: 2048
[HEARTBEAT] Node: 0 | Tick: 368641 | Conf: 368639 | Hash: 0xF535E083 | Rollbacks:  9 (Resim:   9) | Stalls:  0
[HEARTBEAT] Node: 0 | Tick: 368701 | Conf: 368699 | Hash: 0x2F461920 | Rollbacks:  3 (Resim:   3) | Stalls:  0
[HEARTBEAT] Node: 0 | Tick: 368761 | Conf: 368759 | Hash: 0x3FDE2BD2 | Rollbacks: 18 (Resim:  18) | Stalls:  0
[HEARTBEAT] Node: 0 | Tick: 368821 | Conf: 368819 | Hash: 0x63B58074 | Rollbacks: 19 (Resim:  20) | Stalls:  0
[HEARTBEAT] Node: 0 | Tick: 368881 | Conf: 368879 | Hash: 0x332E9D6D | Rollbacks:  6 (Resim:   6) | Stalls:  0
[HEARTBEAT] Node: 0 | Tick: 368941 | Conf: 368939 | Hash: 0x98B779BA | Rollbacks:  0 (Resim:   0) | Stalls:  0
[HEARTBEAT] Node: 0 | Tick: 369001 | Conf: 368999 | Hash: 0xAB7640F1 | Rollbacks:  8 (Resim:   8) | Stalls:  0
[HEARTBEAT] Node: 0 | Tick: 369061 | Conf: 369059 | Hash: 0x3D5AB9A5 | Rollbacks: 18 (Resim:  18) | Stalls:  0
[HEARTBEAT] Node: 0 | Tick: 369121 | Conf: 369119 | Hash: 0x794F46BF | Rollbacks:  0 (Resim:   0) | Stalls:  0
[BOT:50006] Heartbeat - Sparse Mods Tracked: 2048
[HEARTBEAT] Node: 0 | Tick: 369181 | Conf: 369179 | Hash: 0x5922CD85 | Rollbacks: 13 (Resim:  13) | Stalls:  0
[HEARTBEAT] Node: 0 | Tick: 369241 | Conf: 369239 | Hash: 0x52D4EDC2 | Rollbacks:  9 (Resim:   9) | Stalls:  0
[HEARTBEAT] Node: 0 | Tick: 369301 | Conf: 369299 | Hash: 0xAE9983A4 | Rollbacks:  3 (Resim:   3) | Stalls:  0
[HEARTBEAT] Node: 0 | Tick: 369361 | Conf: 369359 | Hash: 0x66055BA6 | Rollbacks:  0 (Resim:   0) | Stalls:  0
[HEARTBEAT] Node: 0 | Tick: 369421 | Conf: 369419 | Hash: 0xF87F3E6E | Rollbacks: 13 (Resim:  13) | Stalls:  0
[HEARTBEAT] Node: 0 | Tick: 369481 | Conf: 369479 | Hash: 0x285EDBE1 | Rollbacks:  0 (Resim:   0) | Stalls:  0
[HEARTBEAT] Node: 0 | Tick: 369541 | Conf: 369539 | Hash: 0xD6D2BB26 | Rollbacks: 20 (Resim:  20) | Stalls:  0
[HEARTBEAT] Node: 0 | Tick: 369601 | Conf: 369599 | Hash: 0xF5926669 | Rollbacks:  0 (Resim:   0) | Stalls:  0
[HEARTBEAT] Node: 0 | Tick: 369661 | Conf: 369659 | Hash: 0x700F3791 | Rollbacks: 16 (Resim:  16) | Stalls:  0
[HEARTBEAT] Node: 0 | Tick: 369721 | Conf: 369719 | Hash: 0x767F4601 | Rollbacks: 10 (Resim:  10) | Stalls:  0
[BOT:50006] Heartbeat - Sparse Mods Tracked: 2048
[HEARTBEAT] Node: 0 | Tick: 369781 | Conf: 369779 | Hash: 0xD6B30CA9 | Rollbacks:  2 (Resim:   2) | Stalls:  0
[HEARTBEAT] Node: 0 | Tick: 369841 | Conf: 369839 | Hash: 0x158B7034 | Rollbacks:  7 (Resim:   7) | Stalls:  0
[HEARTBEAT] Node: 0 | Tick: 369901 | Conf: 369899 | Hash: 0x4C2E22DE | Rollbacks: 13 (Resim:  13) | Stalls:  0
[HEARTBEAT] Node: 0 | Tick: 369961 | Conf: 369959 | Hash: 0xAB2A749F | Rollbacks:  0 (Resim:   0) | Stalls:  0
[HEARTBEAT] Node: 0 | Tick: 370021 | Conf: 370019 | Hash: 0xB836D07B | Rollbacks: 15 (Resim:  15) | Stalls:  0
[HEARTBEAT] Node: 0 | Tick: 370081 | Conf: 370079 | Hash: 0x840A0B8B | Rollbacks: 15 (Resim:  15) | Stalls:  0
[HEARTBEAT] Node: 0 | Tick: 370141 | Conf: 370139 | Hash: 0x59D9E6BA | Rollbacks: 14 (Resim:  14) | Stalls:  0
[HEARTBEAT] Node: 0 | Tick: 370201 | Conf: 370199 | Hash: 0x9E6CB79C | Rollbacks:  6 (Resim:   6) | Stalls:  0
[HEARTBEAT] Node: 0 | Tick: 370261 | Conf: 370259 | Hash: 0x2ACE39C4 | Rollbacks: 13 (Resim:  13) | Stalls:  0
[HEARTBEAT] Node: 0 | Tick: 370321 | Conf: 370319 | Hash: 0xB68C2645 | Rollbacks: 10 (Resim:  10) | Stalls:  0
[BOT:50006] Heartbeat - Sparse Mods Tracked: 2048
[HEARTBEAT] Node: 0 | Tick: 370381 | Conf: 370379 | Hash: 0x0DCEE460 | Rollbacks:  0 (Resim:   0) | Stalls:  0
[HEARTBEAT] Node: 0 | Tick: 370441 | Conf: 370439 | Hash: 0x977101DC | Rollbacks: 16 (Resim:  16) | Stalls:  0
[HEARTBEAT] Node: 0 | Tick: 370501 | Conf: 370499 | Hash: 0x95AD538B | Rollbacks: 10 (Resim:  10) | Stalls:  0
[HEARTBEAT] Node: 0 | Tick: 370561 | Conf: 370559 | Hash: 0x296FBC06 | Rollbacks:  0 (Resim:   0) | Stalls:  0
[HEARTBEAT] Node: 0 | Tick: 370621 | Conf: 370619 | Hash: 0x82FDB8DB | Rollbacks: 21 (Resim:  21) | Stalls:  0
[HEARTBEAT] Node: 0 | Tick: 370681 | Conf: 370679 | Hash: 0x08463430 | Rollbacks: 13 (Resim:  13) | Stalls:  0
[HEARTBEAT] Node: 0 | Tick: 370741 | Conf: 370739 | Hash: 0xFE39215B | Rollbacks:  0 (Resim:   0) | Stalls:  0
[HEARTBEAT] Node: 0 | Tick: 370801 | Conf: 370799 | Hash: 0x1FE89321 | Rollbacks: 13 (Resim:  13) | Stalls:  0
[HEARTBEAT] Node: 0 | Tick: 370861 | Conf: 370859 | Hash: 0x707F1874 | Rollbacks:  6 (Resim:   6) | Stalls:  0
[HEARTBEAT] Node: 0 | Tick: 370921 | Conf: 370919 | Hash: 0x7B6591E3 | Rollbacks:  0 (Resim:   0) | Stalls:  0
[BOT:50006] Heartbeat - Sparse Mods Tracked: 2048
[HEARTBEAT] Node: 0 | Tick: 370981 | Conf: 370979 | Hash: 0xB0F6D2C9 | Rollbacks: 17 (Resim:  17) | Stalls:  0
[HEARTBEAT] Node: 0 | Tick: 371041 | Conf: 371039 | Hash: 0x2A027397 | Rollbacks: 16 (Resim:  16) | Stalls:  0
[HEARTBEAT] Node: 0 | Tick: 371101 | Conf: 371099 | Hash: 0x0ABE4FA8 | Rollbacks:  0 (Resim:   0) | Stalls:  0
[HEARTBEAT] Node: 0 | Tick: 371161 | Conf: 371159 | Hash: 0x06EA106B | Rollbacks: 16 (Resim:  16) | Stalls:  0
[HEARTBEAT] Node: 0 | Tick: 371221 | Conf: 371219 | Hash: 0xF0F39C44 | Rollbacks:  9 (Resim:   9) | Stalls:  0
[HEARTBEAT] Node: 0 | Tick: 371281 | Conf: 371279 | Hash: 0x8072EFF7 | Rollbacks:  0 (Resim:   0) | Stalls:  0
[HEARTBEAT] Node: 0 | Tick: 371341 | Conf: 371339 | Hash: 0x9CD90A8F | Rollbacks: 17 (Resim:  17) | Stalls:  0
[HEARTBEAT] Node: 0 | Tick: 371401 | Conf: 371399 | Hash: 0xA828860F | Rollbacks: 10 (Resim:  10) | Stalls:  0
[HEARTBEAT] Node: 0 | Tick: 371461 | Conf: 371459 | Hash: 0x776491F2 | Rollbacks:  2 (Resim:   2) | Stalls:  0
[BOT:50006] Heartbeat - Sparse Mods Tracked: 2048
[HEARTBEAT] Node: 0 | Tick: 371521 | Conf: 371519 | Hash: 0xEDB1D814 | Rollbacks: 13 (Resim:  13) | Stalls:  0
[HEARTBEAT] Node: 0 | Tick: 371581 | Conf: 371579 | Hash: 0x82DAAA64 | Rollbacks:  2 (Resim:   2) | Stalls:  0
[HEARTBEAT] Node: 0 | Tick: 371641 | Conf: 371639 | Hash: 0xAC5DC32D | Rollbacks: 18 (Resim:  18) | Stalls:  0
[HEARTBEAT] Node: 0 | Tick: 371701 | Conf: 371699 | Hash: 0x16D4E9A4 | Rollbacks:  8 (Resim:   8) | Stalls:  0
[HEARTBEAT] Node: 0 | Tick: 371761 | Conf: 371759 | Hash: 0x5035453A | Rollbacks:  0 (Resim:   0) | Stalls:  0
[HEARTBEAT] Node: 0 | Tick: 371821 | Conf: 371819 | Hash: 0xF3CE7948 | Rollbacks:  9 (Resim:   9) | Stalls:  0
[HEARTBEAT] Node: 0 | Tick: 371881 | Conf: 371879 | Hash: 0x3546511A | Rollbacks:  0 (Resim:   0) | Stalls:  0
[HEARTBEAT] Node: 0 | Tick: 371941 | Conf: 371939 | Hash: 0xE1CA69FF | Rollbacks: 21 (Resim:  21) | Stalls:  0
[HEARTBEAT] Node: 0 | Tick: 372001 | Conf: 371999 | Hash: 0x9101D063 | Rollbacks:  9 (Resim:   9) | Stalls:  0
[HEARTBEAT] Node: 0 | Tick: 372061 | Conf: 372059 | Hash: 0xC511A32A | Rollbacks:  0 (Resim:   0) | Stalls:  0
[BOT:50006] Heartbeat - Sparse Mods Tracked: 2048
[HEARTBEAT] Node: 0 | Tick: 372121 | Conf: 372119 | Hash: 0xB3750655 | Rollbacks: 16 (Resim:  16) | Stalls:  0
[HEARTBEAT] Node: 0 | Tick: 372181 | Conf: 372179 | Hash: 0x4B8B11E6 | Rollbacks:  7 (Resim:   7) | Stalls:  0
[HEARTBEAT] Node: 0 | Tick: 372241 | Conf: 372239 | Hash: 0x59D972B1 | Rollbacks:  6 (Resim:   6) | Stalls:  0
[HEARTBEAT] Node: 0 | Tick: 372301 | Conf: 372299 | Hash: 0x51EC3E8A | Rollbacks: 19 (Resim:  19) | Stalls:  0
[HEARTBEAT] Node: 0 | Tick: 372361 | Conf: 372359 | Hash: 0xC5649FD6 | Rollbacks:  0 (Resim:   0) | Stalls:  0
[HEARTBEAT] Node: 0 | Tick: 372421 | Conf: 372419 | Hash: 0x1BAB5C5B | Rollbacks: 17 (Resim:  17) | Stalls:  0
[HEARTBEAT] Node: 0 | Tick: 372481 | Conf: 372479 | Hash: 0x0B7A5FAB | Rollbacks:  7 (Resim:   7) | Stalls:  0
[HEARTBEAT] Node: 0 | Tick: 372541 | Conf: 372539 | Hash: 0xF791C115 | Rollbacks:  0 (Resim:   0) | Stalls:  0
[HEARTBEAT] Node: 0 | Tick: 372601 | Conf: 372599 | Hash: 0x5EB1827C | Rollbacks: 18 (Resim:  18) | Stalls:  0
[HEARTBEAT] Node: 0 | Tick: 372661 | Conf: 372659 | Hash: 0xD965ED04 | Rollbacks: 10 (Resim:  10) | Stalls:  0
[BOT:50006] Heartbeat - Sparse Mods Tracked: 2048
[HEARTBEAT] Node: 0 | Tick: 372721 | Conf: 372719 | Hash: 0x2DA04C5A | Rollbacks:  0 (Resim:   0) | Stalls:  0
[HEARTBEAT] Node: 0 | Tick: 372781 | Conf: 372779 | Hash: 0xB7B933CA | Rollbacks:  5 (Resim:   5) | Stalls:  0
[HEARTBEAT] Node: 0 | Tick: 372841 | Conf: 372839 | Hash: 0xF92287BA | Rollbacks:  4 (Resim:   4) | Stalls:  0
[HEARTBEAT] Node: 0 | Tick: 372901 | Conf: 372899 | Hash: 0x62979265 | Rollbacks:  9 (Resim:   9) | Stalls:  0
[HEARTBEAT] Node: 0 | Tick: 372961 | Conf: 372959 | Hash: 0x713A250D | Rollbacks: 17 (Resim:  17) | Stalls:  0
[HEARTBEAT] Node: 0 | Tick: 373021 | Conf: 373019 | Hash: 0x95CA1677 | Rollbacks:  1 (Resim:   1) | Stalls:  0
[HEARTBEAT] Node: 0 | Tick: 373081 | Conf: 373079 | Hash: 0x9E43EC11 | Rollbacks: 13 (Resim:  13) | Stalls:  0
[HEARTBEAT] Node: 0 | Tick: 373141 | Conf: 373139 | Hash: 0xC178F16E | Rollbacks:  9 (Resim:   9) | Stalls:  0
[HEARTBEAT] Node: 0 | Tick: 373201 | Conf: 373199 | Hash: 0xDCAE9A6F | Rollbacks:  0 (Resim:   0) | Stalls:  0
[HEARTBEAT] Node: 0 | Tick: 373261 | Conf: 373259 | Hash: 0x83AC8709 | Rollbacks: 20 (Resim:  20) | Stalls:  0
[BOT:50006] Heartbeat - Sparse Mods Tracked: 2048
[HEARTBEAT] Node: 0 | Tick: 373321 | Conf: 373319 | Hash: 0xBCC5D2A9 | Rollbacks:  8 (Resim:   8) | Stalls:  0
[HEARTBEAT] Node: 0 | Tick: 373381 | Conf: 373379 | Hash: 0xFD426ED2 | Rollbacks:  0 (Resim:   0) | Stalls:  0
[HEARTBEAT] Node: 0 | Tick: 373441 | Conf: 373439 | Hash: 0x8C309072 | Rollbacks: 22 (Resim:  22) | Stalls:  0
[HEARTBEAT] Node: 0 | Tick: 373501 | Conf: 373499 | Hash: 0xA8F5AA1F | Rollbacks:  0 (Resim:   0) | Stalls:  0
[HEARTBEAT] Node: 0 | Tick: 373561 | Conf: 373559 | Hash: 0xD00DA788 | Rollbacks: 13 (Resim:  13) | Stalls:  0
[HEARTBEAT] Node: 0 | Tick: 373621 | Conf: 373619 | Hash: 0x4234D7C3 | Rollbacks:  1 (Resim:   1) | Stalls:  0
[HEARTBEAT] Node: 0 | Tick: 373681 | Conf: 373679 | Hash: 0x48C11FE5 | Rollbacks: 19 (Resim:  19) | Stalls:  0
[HEARTBEAT] Node: 0 | Tick: 373741 | Conf: 373739 | Hash: 0xD475632D | Rollbacks: 14 (Resim:  14) | Stalls:  0
[HEARTBEAT] Node: 0 | Tick: 373801 | Conf: 373799 | Hash: 0x82AAE4A0 | Rollbacks:  2 (Resim:   2) | Stalls:  0
[HEARTBEAT] Node: 0 | Tick: 373861 | Conf: 373859 | Hash: 0x599A1B37 | Rollbacks:  0 (Resim:   0) | Stalls:  0
[BOT:50006] Heartbeat - Sparse Mods Tracked: 2048
[HEARTBEAT] Node: 0 | Tick: 373921 | Conf: 373919 | Hash: 0x107E5E3B | Rollbacks: 15 (Resim:  15) | Stalls:  0
[HEARTBEAT] Node: 0 | Tick: 373981 | Conf: 373979 | Hash: 0xF9315604 | Rollbacks:  0 (Resim:   0) | Stalls:  0
[HEARTBEAT] Node: 0 | Tick: 374041 | Conf: 374039 | Hash: 0x88AC9646 | Rollbacks: 17 (Resim:  17) | Stalls:  0
[HEARTBEAT] Node: 0 | Tick: 374101 | Conf: 374099 | Hash: 0x3A2DD586 | Rollbacks: 10 (Resim:  10) | Stalls:  0
[HEARTBEAT] Node: 0 | Tick: 374161 | Conf: 374159 | Hash: 0x9B55E158 | Rollbacks:  0 (Resim:   0) | Stalls:  0
[HEARTBEAT] Node: 0 | Tick: 374221 | Conf: 374219 | Hash: 0x16D3C38A | Rollbacks: 17 (Resim:  17) | Stalls:  0
[HEARTBEAT] Node: 0 | Tick: 374281 | Conf: 374279 | Hash: 0x51DEDFCA | Rollbacks:  9 (Resim:   9) | Stalls:  0
[HEARTBEAT] Node: 0 | Tick: 374341 | Conf: 374339 | Hash: 0x6FBB67B2 | Rollbacks:  0 (Resim:   0) | Stalls:  0
[HEARTBEAT] Node: 0 | Tick: 374401 | Conf: 374399 | Hash: 0xC1C04B5C | Rollbacks: 22 (Resim:  22) | Stalls:  0
[BOT:50006] Heartbeat - Sparse Mods Tracked: 2048
[HEARTBEAT] Node: 0 | Tick: 374461 | Conf: 374459 | Hash: 0xF9A7758A | Rollbacks: 11 (Resim:  11) | Stalls:  0
[HEARTBEAT] Node: 0 | Tick: 374521 | Conf: 374519 | Hash: 0xC96CF2EE | Rollbacks:  0 (Resim:   0) | Stalls:  0
[HEARTBEAT] Node: 0 | Tick: 374581 | Conf: 374579 | Hash: 0x181539F6 | Rollbacks: 13 (Resim:  13) | Stalls:  0
[HEARTBEAT] Node: 0 | Tick: 374641 | Conf: 374639 | Hash: 0xD706D426 | Rollbacks:  4 (Resim:   4) | Stalls:  0
[HEARTBEAT] Node: 0 | Tick: 374701 | Conf: 374699 | Hash: 0xFDF10DE7 | Rollbacks:  0 (Resim:   0) | Stalls:  0
[HEARTBEAT] Node: 0 | Tick: 374761 | Conf: 374759 | Hash: 0xBE1E6B22 | Rollbacks: 20 (Resim:  20) | Stalls:  0
[HEARTBEAT] Node: 0 | Tick: 374821 | Conf: 374819 | Hash: 0x32BF0290 | Rollbacks: 16 (Resim:  16) | Stalls:  0
[HEARTBEAT] Node: 0 | Tick: 374881 | Conf: 374879 | Hash: 0xA26558C8 | Rollbacks:  3 (Resim:   3) | Stalls:  0
[HEARTBEAT] Node: 0 | Tick: 374941 | Conf: 374939 | Hash: 0xF5C3DF35 | Rollbacks:  9 (Resim:   9) | Stalls:  0
[HEARTBEAT] Node: 0 | Tick: 375001 | Conf: 374999 | Hash: 0x3B610DB9 | Rollbacks:  5 (Resim:   5) | Stalls:  0
[BOT:50006] Heartbeat - Sparse Mods Tracked: 2048
[HEARTBEAT] Node: 0 | Tick: 375061 | Conf: 375059 | Hash: 0xF683AF54 | Rollbacks:  6 (Resim:   6) | Stalls:  0
[HEARTBEAT] Node: 0 | Tick: 375121 | Conf: 375119 | Hash: 0x022A6FCF | Rollbacks: 12 (Resim:  12) | Stalls:  0
[HEARTBEAT] Node: 0 | Tick: 375181 | Conf: 375179 | Hash: 0x4C420541 | Rollbacks:  3 (Resim:   3) | Stalls:  0
[HEARTBEAT] Node: 0 | Tick: 375241 | Conf: 375239 | Hash: 0x46C58252 | Rollbacks: 13 (Resim:  13) | Stalls:  0
[HEARTBEAT] Node: 0 | Tick: 375301 | Conf: 375299 | Hash: 0xADBD9666 | Rollbacks: 12 (Resim:  12) | Stalls:  0
[HEARTBEAT] Node: 0 | Tick: 375361 | Conf: 375359 | Hash: 0xE52986DC | Rollbacks:  7 (Resim:   7) | Stalls:  0
[HEARTBEAT] Node: 0 | Tick: 375421 | Conf: 375419 | Hash: 0x4BE17EEF | Rollbacks:  4 (Resim:   4) | Stalls:  0
[HEARTBEAT] Node: 0 | Tick: 375481 | Conf: 375479 | Hash: 0x88721C6F | Rollbacks: 21 (Resim:  21) | Stalls:  0
[HEARTBEAT] Node: 0 | Tick: 375541 | Conf: 375539 | Hash: 0xB7822BB7 | Rollbacks:  0 (Resim:   0) | Stalls:  0
[HEARTBEAT] Node: 0 | Tick: 375601 | Conf: 375599 | Hash: 0xD5D04DE7 | Rollbacks: 15 (Resim:  15) | Stalls:  0
[BOT:50006] Heartbeat - Sparse Mods Tracked: 2048
[HEARTBEAT] Node: 0 | Tick: 375661 | Conf: 375659 | Hash: 0x254E38DE | Rollbacks:  6 (Resim:   6) | Stalls:  0
[HEARTBEAT] Node: 0 | Tick: 375721 | Conf: 375719 | Hash: 0xE5184216 | Rollbacks:  0 (Resim:   0) | Stalls:  0
[HEARTBEAT] Node: 0 | Tick: 375781 | Conf: 375779 | Hash: 0x356A106D | Rollbacks:  0 (Resim:   0) | Stalls:  0
[HEARTBEAT] Node: 0 | Tick: 375841 | Conf: 375839 | Hash: 0xCF4E376A | Rollbacks:  2 (Resim:   2) | Stalls:  0
[HEARTBEAT] Node: 0 | Tick: 375901 | Conf: 375899 | Hash: 0xBA847FB5 | Rollbacks: 10 (Resim:  10) | Stalls:  0
[HEARTBEAT] Node: 0 | Tick: 375961 | Conf: 375959 | Hash: 0xC9CD52BE | Rollbacks:  0 (Resim:   0) | Stalls:  0
[HEARTBEAT] Node: 0 | Tick: 376021 | Conf: 376019 | Hash: 0x9AE62058 | Rollbacks: 14 (Resim:  14) | Stalls:  0
[HEARTBEAT] Node: 0 | Tick: 376081 | Conf: 376079 | Hash: 0xC9039E0D | Rollbacks: 15 (Resim:  15) | Stalls:  0
[HEARTBEAT] Node: 0 | Tick: 376141 | Conf: 376139 | Hash: 0xF1450A8A | Rollbacks:  0 (Resim:   0) | Stalls:  0
[HEARTBEAT] Node: 0 | Tick: 376201 | Conf: 376199 | Hash: 0x9E839FB1 | Rollbacks: 18 (Resim:  18) | Stalls:  0
[BOT:50006] Heartbeat - Sparse Mods Tracked: 2048
[HEARTBEAT] Node: 0 | Tick: 376261 | Conf: 376259 | Hash: 0xA3DB760C | Rollbacks: 11 (Resim:  11) | Stalls:  0
[HEARTBEAT] Node: 0 | Tick: 376321 | Conf: 376319 | Hash: 0x0FE146B0 | Rollbacks:  6 (Resim:   6) | Stalls:  0
[HEARTBEAT] Node: 0 | Tick: 376381 | Conf: 376379 | Hash: 0x3E5D8DC9 | Rollbacks:  0 (Resim:   0) | Stalls:  0
[HEARTBEAT] Node: 0 | Tick: 376441 | Conf: 376439 | Hash: 0xDC17F9E8 | Rollbacks: 13 (Resim:  13) | Stalls:  0
[HEARTBEAT] Node: 0 | Tick: 376501 | Conf: 376499 | Hash: 0x1D24626B | Rollbacks:  2 (Resim:   2) | Stalls:  0
[HEARTBEAT] Node: 0 | Tick: 376561 | Conf: 376559 | Hash: 0x0BA50606 | Rollbacks: 22 (Resim:  22) | Stalls:  0
[HEARTBEAT] Node: 0 | Tick: 376621 | Conf: 376619 | Hash: 0x9954A551 | Rollbacks: 19 (Resim:  19) | Stalls:  0
[HEARTBEAT] Node: 0 | Tick: 376681 | Conf: 376679 | Hash: 0xBC1C97B3 | Rollbacks: 17 (Resim:  17) | Stalls:  0
[HEARTBEAT] Node: 0 | Tick: 376741 | Conf: 376739 | Hash: 0x407DB938 | Rollbacks: 13 (Resim:  13) | Stalls:  0
[BOT:50006] Heartbeat - Sparse Mods Tracked: 2048
[HEARTBEAT] Node: 0 | Tick: 376801 | Conf: 376799 | Hash: 0xB4174DCE | Rollbacks:  0 (Resim:   0) | Stalls:  0
[HEARTBEAT] Node: 0 | Tick: 376861 | Conf: 376859 | Hash: 0x46527111 | Rollbacks: 16 (Resim:  16) | Stalls:  0
[HEARTBEAT] Node: 0 | Tick: 376921 | Conf: 376919 | Hash: 0x00A7A7B1 | Rollbacks:  4 (Resim:   4) | Stalls:  0
[HEARTBEAT] Node: 0 | Tick: 376981 | Conf: 376979 | Hash: 0xE81B24BA | Rollbacks:  0 (Resim:   0) | Stalls:  0
[HEARTBEAT] Node: 0 | Tick: 377041 | Conf: 377039 | Hash: 0x23F75D36 | Rollbacks: 10 (Resim:  10) | Stalls:  0
[HEARTBEAT] Node: 0 | Tick: 377101 | Conf: 377099 | Hash: 0xB5ED5818 | Rollbacks:  4 (Resim:   4) | Stalls:  0
[HEARTBEAT] Node: 0 | Tick: 377161 | Conf: 377159 | Hash: 0x456DA62F | Rollbacks:  3 (Resim:   3) | Stalls:  0
[HEARTBEAT] Node: 0 | Tick: 377221 | Conf: 377219 | Hash: 0xCE564B54 | Rollbacks:  5 (Resim:   5) | Stalls:  0
[HEARTBEAT] Node: 0 | Tick: 377281 | Conf: 377279 | Hash: 0x6843CB69 | Rollbacks:  0 (Resim:   0) | Stalls:  0
[HEARTBEAT] Node: 0 | Tick: 377341 | Conf: 377339 | Hash: 0x31598E34 | Rollbacks: 21 (Resim:  21) | Stalls:  0
[BOT:50006] Heartbeat - Sparse Mods Tracked: 2048
[HEARTBEAT] Node: 0 | Tick: 377401 | Conf: 377399 | Hash: 0x761449B4 | Rollbacks:  0 (Resim:   0) | Stalls:  0
[HEARTBEAT] Node: 0 | Tick: 377461 | Conf: 377459 | Hash: 0xCF2F2631 | Rollbacks:  0 (Resim:   0) | Stalls:  0
[HEARTBEAT] Node: 0 | Tick: 377521 | Conf: 377519 | Hash: 0x859C5465 | Rollbacks: 16 (Resim:  16) | Stalls:  0
[HEARTBEAT] Node: 0 | Tick: 377581 | Conf: 377579 | Hash: 0xE771ADEE | Rollbacks: 18 (Resim:  18) | Stalls:  0
[HEARTBEAT] Node: 0 | Tick: 377641 | Conf: 377639 | Hash: 0xA58DC492 | Rollbacks:  0 (Resim:   0) | Stalls:  0
[HEARTBEAT] Node: 0 | Tick: 377701 | Conf: 377699 | Hash: 0x2599A7B2 | Rollbacks:  0 (Resim:   0) | Stalls:  0
[HEARTBEAT] Node: 0 | Tick: 377761 | Conf: 377759 | Hash: 0xDD947B2F | Rollbacks: 22 (Resim:  22) | Stalls:  0
[HEARTBEAT] Node: 0 | Tick: 377821 | Conf: 377819 | Hash: 0xDEFBDFFE | Rollbacks: 25 (Resim:  25) | Stalls:  0
[HEARTBEAT] Node: 0 | Tick: 377881 | Conf: 377879 | Hash: 0x41ED19BF | Rollbacks: 12 (Resim:  12) | Stalls:  0
[HEARTBEAT] Node: 0 | Tick: 377941 | Conf: 377939 | Hash: 0x1DD80356 | Rollbacks:  1 (Resim:   1) | Stalls:  0
[BOT:50006] Heartbeat - Sparse Mods Tracked: 2048
[HEARTBEAT] Node: 0 | Tick: 378001 | Conf: 377999 | Hash: 0xA14B2737 | Rollbacks: 11 (Resim:  11) | Stalls:  0
[HEARTBEAT] Node: 0 | Tick: 378061 | Conf: 378059 | Hash: 0x06A7286E | Rollbacks: 25 (Resim:  25) | Stalls:  0
[HEARTBEAT] Node: 0 | Tick: 378121 | Conf: 378119 | Hash: 0xEC53A973 | Rollbacks: 16 (Resim:  16) | Stalls:  0
[HEARTBEAT] Node: 0 | Tick: 378181 | Conf: 378179 | Hash: 0x02FB16E8 | Rollbacks:  1 (Resim:   1) | Stalls:  0
[HEARTBEAT] Node: 0 | Tick: 378241 | Conf: 378239 | Hash: 0xF24AA812 | Rollbacks:  0 (Resim:   0) | Stalls:  0
[HEARTBEAT] Node: 0 | Tick: 378301 | Conf: 378299 | Hash: 0x555CB28A | Rollbacks: 11 (Resim:  11) | Stalls:  0
[HEARTBEAT] Node: 0 | Tick: 378361 | Conf: 378359 | Hash: 0x4405698C | Rollbacks:  6 (Resim:   6) | Stalls:  0
[HEARTBEAT] Node: 0 | Tick: 378421 | Conf: 378419 | Hash: 0x95DF9A1A | Rollbacks:  0 (Resim:   0) | Stalls:  0
[HEARTBEAT] Node: 0 | Tick: 378481 | Conf: 378479 | Hash: 0x5394F8D1 | Rollbacks: 18 (Resim:  18) | Stalls:  0
[HEARTBEAT] Node: 0 | Tick: 378541 | Conf: 378539 | Hash: 0x10978805 | Rollbacks:  9 (Resim:   9) | Stalls:  0
[BOT:50006] Heartbeat - Sparse Mods Tracked: 2048
[HEARTBEAT] Node: 0 | Tick: 378601 | Conf: 378599 | Hash: 0x5A4DA608 | Rollbacks:  0 (Resim:   0) | Stalls:  0
[HEARTBEAT] Node: 0 | Tick: 378661 | Conf: 378659 | Hash: 0xE6D0CBD3 | Rollbacks: 13 (Resim:  13) | Stalls:  0
[HEARTBEAT] Node: 0 | Tick: 378721 | Conf: 378719 | Hash: 0xF53A5772 | Rollbacks:  4 (Resim:   4) | Stalls:  0
[HEARTBEAT] Node: 0 | Tick: 378781 | Conf: 378779 | Hash: 0x0BFE1578 | Rollbacks:  0 (Resim:   0) | Stalls:  0
[HEARTBEAT] Node: 0 | Tick: 378841 | Conf: 378839 | Hash: 0x681717A7 | Rollbacks: 19 (Resim:  19) | Stalls:  0
[HEARTBEAT] Node: 0 | Tick: 378901 | Conf: 378899 | Hash: 0x1071503D | Rollbacks: 15 (Resim:  15) | Stalls:  0
[HEARTBEAT] Node: 0 | Tick: 378961 | Conf: 378959 | Hash: 0xC648259F | Rollbacks:  0 (Resim:   0) | Stalls:  0
[HEARTBEAT] Node: 0 | Tick: 379021 | Conf: 379019 | Hash: 0x106EA033 | Rollbacks:  9 (Resim:   9) | Stalls:  0
[HEARTBEAT] Node: 0 | Tick: 379081 | Conf: 379079 | Hash: 0x23A18B55 | Rollbacks: 16 (Resim:  16) | Stalls:  0
[BOT:50006] Heartbeat - Sparse Mods Tracked: 2048
[HEARTBEAT] Node: 0 | Tick: 379141 | Conf: 379139 | Hash: 0x1E9F6E56 | Rollbacks:  0 (Resim:   0) | Stalls:  0
[HEARTBEAT] Node: 0 | Tick: 379201 | Conf: 379199 | Hash: 0x9BC09BEE | Rollbacks: 10 (Resim:  10) | Stalls:  0
[HEARTBEAT] Node: 0 | Tick: 379261 | Conf: 379259 | Hash: 0x8F2ED57D | Rollbacks: 22 (Resim:  22) | Stalls:  0
[HEARTBEAT] Node: 0 | Tick: 379321 | Conf: 379319 | Hash: 0xE85DCA0C | Rollbacks: 17 (Resim:  17) | Stalls:  0
[HEARTBEAT] Node: 0 | Tick: 379381 | Conf: 379379 | Hash: 0x1F9E184D | Rollbacks: 15 (Resim:  15) | Stalls:  0
[HEARTBEAT] Node: 0 | Tick: 379441 | Conf: 379439 | Hash: 0x1BAA3423 | Rollbacks:  3 (Resim:   3) | Stalls:  0
[HEARTBEAT] Node: 0 | Tick: 379501 | Conf: 379499 | Hash: 0xA1407BA1 | Rollbacks:  0 (Resim:   0) | Stalls:  0
[HEARTBEAT] Node: 0 | Tick: 379561 | Conf: 379559 | Hash: 0x4278D160 | Rollbacks: 14 (Resim:  14) | Stalls:  0
[HEARTBEAT] Node: 0 | Tick: 379621 | Conf: 379619 | Hash: 0xDCB734B9 | Rollbacks: 13 (Resim:  13) | Stalls:  0
[HEARTBEAT] Node: 0 | Tick: 379681 | Conf: 379679 | Hash: 0x607F5690 | Rollbacks:  0 (Resim:   0) | Stalls:  0
[BOT:50006] Heartbeat - Sparse Mods Tracked: 2048
[HEARTBEAT] Node: 0 | Tick: 379741 | Conf: 379739 | Hash: 0x14C7DD94 | Rollbacks:  0 (Resim:   0) | Stalls:  0
[HEARTBEAT] Node: 0 | Tick: 379801 | Conf: 379799 | Hash: 0x2F18DA8A | Rollbacks: 15 (Resim:  15) | Stalls:  0
[HEARTBEAT] Node: 0 | Tick: 379861 | Conf: 379859 | Hash: 0x531062AC | Rollbacks:  8 (Resim:   8) | Stalls:  0
[HEARTBEAT] Node: 0 | Tick: 379921 | Conf: 379919 | Hash: 0xF5EBC1D5 | Rollbacks:  0 (Resim:   0) | Stalls:  0
[HEARTBEAT] Node: 0 | Tick: 379981 | Conf: 379979 | Hash: 0x918EBC09 | Rollbacks: 20 (Resim:  20) | Stalls:  0
[HEARTBEAT] Node: 0 | Tick: 380041 | Conf: 380039 | Hash: 0x94BAA6D6 | Rollbacks: 23 (Resim:  23) | Stalls:  0
[HEARTBEAT] Node: 0 | Tick: 380101 | Conf: 380099 | Hash: 0x8081467C | Rollbacks: 10 (Resim:  10) | Stalls:  0
[HEARTBEAT] Node: 0 | Tick: 380161 | Conf: 380159 | Hash: 0x5402907D | Rollbacks:  3 (Resim:   3) | Stalls:  0
[HEARTBEAT] Node: 0 | Tick: 380221 | Conf: 380219 | Hash: 0x84C2ED22 | Rollbacks:  0 (Resim:   0) | Stalls:  0
[HEARTBEAT] Node: 0 | Tick: 380281 | Conf: 380279 | Hash: 0x48C960E4 | Rollbacks: 14 (Resim:  14) | Stalls:  0
[BOT:50006] Heartbeat - Sparse Mods Tracked: 2048
[HEARTBEAT] Node: 0 | Tick: 380341 | Conf: 380339 | Hash: 0x451A084B | Rollbacks: 12 (Resim:  12) | Stalls:  0
[HEARTBEAT] Node: 0 | Tick: 380401 | Conf: 380399 | Hash: 0x171BDE8A | Rollbacks:  0 (Resim:   0) | Stalls:  0
[HEARTBEAT] Node: 0 | Tick: 380461 | Conf: 380459 | Hash: 0x5D546CA1 | Rollbacks: 15 (Resim:  15) | Stalls:  0
[HEARTBEAT] Node: 0 | Tick: 380521 | Conf: 380519 | Hash: 0xEC47F031 | Rollbacks: 14 (Resim:  14) | Stalls:  0
[HEARTBEAT] Node: 0 | Tick: 380581 | Conf: 380579 | Hash: 0x6E7BA69D | Rollbacks:  7 (Resim:   7) | Stalls:  0
[HEARTBEAT] Node: 0 | Tick: 380641 | Conf: 380639 | Hash: 0x89AFFCE1 | Rollbacks:  0 (Resim:   0) | Stalls:  0
[HEARTBEAT] Node: 0 | Tick: 380701 | Conf: 380699 | Hash: 0xD444F64F | Rollbacks: 20 (Resim:  20) | Stalls:  0
[HEARTBEAT] Node: 0 | Tick: 380761 | Conf: 380759 | Hash: 0xD16B2015 | Rollbacks: 15 (Resim:  15) | Stalls:  0
[HEARTBEAT] Node: 0 | Tick: 380821 | Conf: 380819 | Hash: 0x419979E7 | Rollbacks:  0 (Resim:   0) | Stalls:  0
[HEARTBEAT] Node: 0 | Tick: 380881 | Conf: 380879 | Hash: 0xC31D1245 | Rollbacks: 20 (Resim:  20) | Stalls:  0
[BOT:50006] Heartbeat - Sparse Mods Tracked: 2048
[HEARTBEAT] Node: 0 | Tick: 380941 | Conf: 380939 | Hash: 0x8344C9C4 | Rollbacks: 12 (Resim:  12) | Stalls:  0
[HEARTBEAT] Node: 0 | Tick: 381001 | Conf: 380999 | Hash: 0xD7EE7336 | Rollbacks:  3 (Resim:   3) | Stalls:  0
[HEARTBEAT] Node: 0 | Tick: 381061 | Conf: 381059 | Hash: 0xE4D32A69 | Rollbacks:  1 (Resim:   1) | Stalls:  0
[HEARTBEAT] Node: 0 | Tick: 381121 | Conf: 381119 | Hash: 0xEC3E75E8 | Rollbacks: 24 (Resim:  24) | Stalls:  0
[HEARTBEAT] Node: 0 | Tick: 381181 | Conf: 381179 | Hash: 0xD5278F85 | Rollbacks:  3 (Resim:   3) | Stalls:  0
[HEARTBEAT] Node: 0 | Tick: 381241 | Conf: 381239 | Hash: 0x925D68E5 | Rollbacks:  0 (Resim:   0) | Stalls:  0
[HEARTBEAT] Node: 0 | Tick: 381301 | Conf: 381299 | Hash: 0x57D03BA7 | Rollbacks: 16 (Resim:  16) | Stalls:  0
[HEARTBEAT] Node: 0 | Tick: 381361 | Conf: 381359 | Hash: 0xC4B4455B | Rollbacks: 16 (Resim:  16) | Stalls:  0
[HEARTBEAT] Node: 0 | Tick: 381421 | Conf: 381419 | Hash: 0xF53ADFB6 | Rollbacks:  0 (Resim:   0) | Stalls:  0
[BOT:50006] Heartbeat - Sparse Mods Tracked: 2048
[HEARTBEAT] Node: 0 | Tick: 381481 | Conf: 381479 | Hash: 0x3F072AB2 | Rollbacks: 16 (Resim:  16) | Stalls:  0
[HEARTBEAT] Node: 0 | Tick: 381541 | Conf: 381539 | Hash: 0x54B196E2 | Rollbacks: 12 (Resim:  12) | Stalls:  0
[HEARTBEAT] Node: 0 | Tick: 381601 | Conf: 381599 | Hash: 0x9A8EA43F | Rollbacks:  5 (Resim:   5) | Stalls:  0
[HEARTBEAT] Node: 0 | Tick: 381661 | Conf: 381659 | Hash: 0xEA130539 | Rollbacks:  5 (Resim:   5) | Stalls:  0
[HEARTBEAT] Node: 0 | Tick: 381721 | Conf: 381719 | Hash: 0x2BB94AE8 | Rollbacks: 16 (Resim:  16) | Stalls:  0
[HEARTBEAT] Node: 0 | Tick: 381781 | Conf: 381779 | Hash: 0xB55A3883 | Rollbacks:  2 (Resim:   2) | Stalls:  0
[HEARTBEAT] Node: 0 | Tick: 381841 | Conf: 381839 | Hash: 0xBFB63C79 | Rollbacks:  0 (Resim:   0) | Stalls:  0
[HEARTBEAT] Node: 0 | Tick: 381901 | Conf: 381899 | Hash: 0xD9B490CA | Rollbacks: 10 (Resim:  10) | Stalls:  0
[HEARTBEAT] Node: 0 | Tick: 381961 | Conf: 381959 | Hash: 0x2BEF8018 | Rollbacks:  1 (Resim:   1) | Stalls:  0
[HEARTBEAT] Node: 0 | Tick: 382021 | Conf: 382019 | Hash: 0x683EC0D3 | Rollbacks: 25 (Resim:  25) | Stalls:  0
[BOT:50006] Heartbeat - Sparse Mods Tracked: 2048
[HEARTBEAT] Node: 0 | Tick: 382081 | Conf: 382079 | Hash: 0x543DD500 | Rollbacks:  3 (Resim:   3) | Stalls:  0
[HEARTBEAT] Node: 0 | Tick: 382141 | Conf: 382139 | Hash: 0xCA92D862 | Rollbacks:  0 (Resim:   0) | Stalls:  0
[HEARTBEAT] Node: 0 | Tick: 382201 | Conf: 382199 | Hash: 0x6DFAEE18 | Rollbacks: 14 (Resim:  14) | Stalls:  0
[HEARTBEAT] Node: 0 | Tick: 382261 | Conf: 382259 | Hash: 0xD86D7F56 | Rollbacks:  9 (Resim:   9) | Stalls:  0
[HEARTBEAT] Node: 0 | Tick: 382321 | Conf: 382319 | Hash: 0x47125496 | Rollbacks:  0 (Resim:   0) | Stalls:  0
[HEARTBEAT] Node: 0 | Tick: 382381 | Conf: 382379 | Hash: 0xBCC7BC84 | Rollbacks: 28 (Resim:  28) | Stalls:  0
[HEARTBEAT] Node: 0 | Tick: 382441 | Conf: 382439 | Hash: 0x7CCCF7FB | Rollbacks: 12 (Resim:  12) | Stalls:  0
[HEARTBEAT] Node: 0 | Tick: 382501 | Conf: 382499 | Hash: 0x4DE6B8A3 | Rollbacks:  4 (Resim:   4) | Stalls:  0
[HEARTBEAT] Node: 0 | Tick: 382561 | Conf: 382559 | Hash: 0x0EA2C6CD | Rollbacks: 16 (Resim:  16) | Stalls:  0
[HEARTBEAT] Node: 0 | Tick: 382621 | Conf: 382619 | Hash: 0xEF45A0F2 | Rollbacks:  8 (Resim:   8) | Stalls:  0
[BOT:50006] Heartbeat - Sparse Mods Tracked: 2048
[HEARTBEAT] Node: 0 | Tick: 382681 | Conf: 382679 | Hash: 0x661068A9 | Rollbacks:  0 (Resim:   0) | Stalls:  0
[HEARTBEAT] Node: 0 | Tick: 382741 | Conf: 382739 | Hash: 0x3CE7E917 | Rollbacks: 18 (Resim:  18) | Stalls:  0
[HEARTBEAT] Node: 0 | Tick: 382801 | Conf: 382799 | Hash: 0x4E210C6D | Rollbacks:  9 (Resim:   9) | Stalls:  0
[HEARTBEAT] Node: 0 | Tick: 382861 | Conf: 382859 | Hash: 0x8E7D51C3 | Rollbacks:  1 (Resim:   1) | Stalls:  0
[HEARTBEAT] Node: 0 | Tick: 382921 | Conf: 382919 | Hash: 0x6695B166 | Rollbacks:  8 (Resim:   8) | Stalls:  0
[HEARTBEAT] Node: 0 | Tick: 382981 | Conf: 382979 | Hash: 0xFF577A0C | Rollbacks: 10 (Resim:  10) | Stalls:  0
[HEARTBEAT] Node: 0 | Tick: 383041 | Conf: 383039 | Hash: 0xD4EFB165 | Rollbacks:  0 (Resim:   0) | Stalls:  0
[HEARTBEAT] Node: 0 | Tick: 383101 | Conf: 383099 | Hash: 0x137E250A | Rollbacks: 17 (Resim:  17) | Stalls:  0
[HEARTBEAT] Node: 0 | Tick: 383161 | Conf: 383159 | Hash: 0x11268E08 | Rollbacks:  8 (Resim:   8) | Stalls:  0
[HEARTBEAT] Node: 0 | Tick: 383221 | Conf: 383219 | Hash: 0x66E914B2 | Rollbacks: 14 (Resim:  14) | Stalls:  0
[BOT:50006] Heartbeat - Sparse Mods Tracked: 2048
[HEARTBEAT] Node: 0 | Tick: 383281 | Conf: 383279 | Hash: 0xAAC6951B | Rollbacks:  0 (Resim:   0) | Stalls:  0
[HEARTBEAT] Node: 0 | Tick: 383341 | Conf: 383339 | Hash: 0xD7F3E3F7 | Rollbacks: 16 (Resim:  16) | Stalls:  0
[HEARTBEAT] Node: 0 | Tick: 383401 | Conf: 383399 | Hash: 0x8609AA15 | Rollbacks:  8 (Resim:   8) | Stalls:  0
[HEARTBEAT] Node: 0 | Tick: 383461 | Conf: 383459 | Hash: 0xF7F8A2ED | Rollbacks:  0 (Resim:   0) | Stalls:  0
[HEARTBEAT] Node: 0 | Tick: 383521 | Conf: 383519 | Hash: 0x28FBE3F9 | Rollbacks: 16 (Resim:  16) | Stalls:  0
[HEARTBEAT] Node: 0 | Tick: 383581 | Conf: 383579 | Hash: 0xDF98B679 | Rollbacks: 11 (Resim:  11) | Stalls:  0
[HEARTBEAT] Node: 0 | Tick: 383641 | Conf: 383639 | Hash: 0xC8980D96 | Rollbacks: 12 (Resim:  12) | Stalls:  0
[HEARTBEAT] Node: 0 | Tick: 383701 | Conf: 383699 | Hash: 0x3332B362 | Rollbacks:  0 (Resim:   0) | Stalls:  0
[HEARTBEAT] Node: 0 | Tick: 383761 | Conf: 383759 | Hash: 0x86918C18 | Rollbacks: 17 (Resim:  17) | Stalls:  0
[BOT:50006] Heartbeat - Sparse Mods Tracked: 2048
[HEARTBEAT] Node: 0 | Tick: 383821 | Conf: 383819 | Hash: 0xA756A754 | Rollbacks: 10 (Resim:  10) | Stalls:  0
[HEARTBEAT] Node: 0 | Tick: 383881 | Conf: 383879 | Hash: 0xF473B51E | Rollbacks:  0 (Resim:   0) | Stalls:  0
[HEARTBEAT] Node: 0 | Tick: 383941 | Conf: 383939 | Hash: 0x5399E22B | Rollbacks: 21 (Resim:  21) | Stalls:  0
[HEARTBEAT] Node: 0 | Tick: 384001 | Conf: 383999 | Hash: 0x00717278 | Rollbacks:  8 (Resim:   8) | Stalls:  0
[HEARTBEAT] Node: 0 | Tick: 384061 | Conf: 384059 | Hash: 0xD6EE2D27 | Rollbacks:  0 (Resim:   0) | Stalls:  0
[HEARTBEAT] Node: 0 | Tick: 384121 | Conf: 384119 | Hash: 0xD7833B01 | Rollbacks: 18 (Resim:  18) | Stalls:  0
[HEARTBEAT] Node: 0 | Tick: 384181 | Conf: 384179 | Hash: 0x3E68B697 | Rollbacks: 10 (Resim:  10) | Stalls:  0
[HEARTBEAT] Node: 0 | Tick: 384241 | Conf: 384239 | Hash: 0xEC24CDC9 | Rollbacks:  0 (Resim:   0) | Stalls:  0
[HEARTBEAT] Node: 0 | Tick: 384301 | Conf: 384299 | Hash: 0x5A663ACD | Rollbacks: 17 (Resim:  17) | Stalls:  0
[HEARTBEAT] Node: 0 | Tick: 384361 | Conf: 384359 | Hash: 0x3187B6BF | Rollbacks: 20 (Resim:  20) | Stalls:  0
[BOT:50006] Heartbeat - Sparse Mods Tracked: 2048
[HEARTBEAT] Node: 0 | Tick: 384421 | Conf: 384419 | Hash: 0xA5CBF6CA | Rollbacks: 19 (Resim:  20) | Stalls:  0
[HEARTBEAT] Node: 0 | Tick: 384481 | Conf: 384479 | Hash: 0x41BE36B4 | Rollbacks: 21 (Resim:  21) | Stalls:  0
[HEARTBEAT] Node: 0 | Tick: 384541 | Conf: 384539 | Hash: 0x3D1EA076 | Rollbacks:  0 (Resim:   0) | Stalls:  0
[HEARTBEAT] Node: 0 | Tick: 384601 | Conf: 384599 | Hash: 0x289BD9D7 | Rollbacks:  9 (Resim:   9) | Stalls:  0
[HEARTBEAT] Node: 0 | Tick: 384661 | Conf: 384659 | Hash: 0x9F669B1A | Rollbacks:  0 (Resim:   0) | Stalls:  0
[HEARTBEAT] Node: 0 | Tick: 384721 | Conf: 384719 | Hash: 0x6550EDC8 | Rollbacks: 12 (Resim:  12) | Stalls:  0
[HEARTBEAT] Node: 0 | Tick: 384781 | Conf: 384779 | Hash: 0x715B9524 | Rollbacks: 11 (Resim:  11) | Stalls:  0
[HEARTBEAT] Node: 0 | Tick: 384841 | Conf: 384839 | Hash: 0x83B21173 | Rollbacks:  1 (Resim:   1) | Stalls:  0
[HEARTBEAT] Node: 0 | Tick: 384901 | Conf: 384899 | Hash: 0x2BEC77FE | Rollbacks: 14 (Resim:  14) | Stalls:  0
[HEARTBEAT] Node: 0 | Tick: 384961 | Conf: 384959 | Hash: 0xA5EC5349 | Rollbacks:  3 (Resim:   3) | Stalls:  0
[BOT:50006] Heartbeat - Sparse Mods Tracked: 2048
[HEARTBEAT] Node: 0 | Tick: 385021 | Conf: 385019 | Hash: 0x6F538217 | Rollbacks:  0 (Resim:   0) | Stalls:  0
[HEARTBEAT] Node: 0 | Tick: 385081 | Conf: 385079 | Hash: 0x559892E2 | Rollbacks:  6 (Resim:   6) | Stalls:  0
[HEARTBEAT] Node: 0 | Tick: 385141 | Conf: 385139 | Hash: 0xC72A30D0 | Rollbacks:  1 (Resim:   1) | Stalls:  0
[HEARTBEAT] Node: 0 | Tick: 385201 | Conf: 385199 | Hash: 0x06C1A32D | Rollbacks: 25 (Resim:  25) | Stalls:  0
[HEARTBEAT] Node: 0 | Tick: 385261 | Conf: 385259 | Hash: 0x4A38DD83 | Rollbacks:  4 (Resim:   4) | Stalls:  0
[HEARTBEAT] Node: 0 | Tick: 385321 | Conf: 385319 | Hash: 0x57A24FB1 | Rollbacks:  0 (Resim:   0) | Stalls:  0
[HEARTBEAT] Node: 0 | Tick: 385381 | Conf: 385379 | Hash: 0x7309FC59 | Rollbacks: 16 (Resim:  16) | Stalls:  0
[HEARTBEAT] Node: 0 | Tick: 385441 | Conf: 385439 | Hash: 0x32A9D683 | Rollbacks: 10 (Resim:  10) | Stalls:  0
[HEARTBEAT] Node: 0 | Tick: 385501 | Conf: 385499 | Hash: 0x9FBAF8E0 | Rollbacks:  0 (Resim:   0) | Stalls:  0
[HEARTBEAT] Node: 0 | Tick: 385561 | Conf: 385559 | Hash: 0x907A8818 | Rollbacks: 15 (Resim:  15) | Stalls:  0
[BOT:50006] Heartbeat - Sparse Mods Tracked: 2048
[HEARTBEAT] Node: 0 | Tick: 385621 | Conf: 385619 | Hash: 0x26089302 | Rollbacks:  6 (Resim:   6) | Stalls:  0
[HEARTBEAT] Node: 0 | Tick: 385681 | Conf: 385679 | Hash: 0x489881C8 | Rollbacks:  0 (Resim:   0) | Stalls:  0
[HEARTBEAT] Node: 0 | Tick: 385741 | Conf: 385739 | Hash: 0x493DC0B5 | Rollbacks: 14 (Resim:  14) | Stalls:  0
[HEARTBEAT] Node: 0 | Tick: 385801 | Conf: 385799 | Hash: 0x07AA0749 | Rollbacks: 12 (Resim:  12) | Stalls:  0
[HEARTBEAT] Node: 0 | Tick: 385861 | Conf: 385859 | Hash: 0x910D129E | Rollbacks:  0 (Resim:   0) | Stalls:  0
[HEARTBEAT] Node: 0 | Tick: 385921 | Conf: 385919 | Hash: 0x7A2B5B29 | Rollbacks:  8 (Resim:   8) | Stalls:  0
[HEARTBEAT] Node: 0 | Tick: 385981 | Conf: 385979 | Hash: 0x97E22978 | Rollbacks:  0 (Resim:   0) | Stalls:  0
[HEARTBEAT] Node: 0 | Tick: 386041 | Conf: 386039 | Hash: 0x7A008B45 | Rollbacks: 20 (Resim:  20) | Stalls:  0
[HEARTBEAT] Node: 0 | Tick: 386101 | Conf: 386099 | Hash: 0x413E610A | Rollbacks:  9 (Resim:   9) | Stalls:  0
[BOT:50006] Heartbeat - Sparse Mods Tracked: 2048
[HEARTBEAT] Node: 0 | Tick: 386161 | Conf: 386159 | Hash: 0xAA9EE5C2 | Rollbacks:  0 (Resim:   0) | Stalls:  0
[HEARTBEAT] Node: 0 | Tick: 386221 | Conf: 386219 | Hash: 0xD40C6BB7 | Rollbacks:  7 (Resim:   7) | Stalls:  0
[HEARTBEAT] Node: 0 | Tick: 386281 | Conf: 386279 | Hash: 0x694E7069 | Rollbacks:  0 (Resim:   0) | Stalls:  0
[HEARTBEAT] Node: 0 | Tick: 386341 | Conf: 386339 | Hash: 0xBE145E00 | Rollbacks: 16 (Resim:  16) | Stalls:  0
[HEARTBEAT] Node: 0 | Tick: 386401 | Conf: 386399 | Hash: 0x07019DD9 | Rollbacks:  1 (Resim:   1) | Stalls:  0
[HEARTBEAT] Node: 0 | Tick: 386461 | Conf: 386459 | Hash: 0xA3C09D0E | Rollbacks: 24 (Resim:  24) | Stalls:  0
[HEARTBEAT] Node: 0 | Tick: 386521 | Conf: 386519 | Hash: 0x178B6C9B | Rollbacks: 20 (Resim:  20) | Stalls:  0
[HEARTBEAT] Node: 0 | Tick: 386581 | Conf: 386579 | Hash: 0xCE70DE05 | Rollbacks:  2 (Resim:   2) | Stalls:  0
[HEARTBEAT] Node: 0 | Tick: 386641 | Conf: 386639 | Hash: 0x986B2539 | Rollbacks:  0 (Resim:   0) | Stalls:  0
[HEARTBEAT] Node: 0 | Tick: 386701 | Conf: 386699 | Hash: 0x0C28ED20 | Rollbacks: 11 (Resim:  11) | Stalls:  0
[BOT:50006] Heartbeat - Sparse Mods Tracked: 2048
[HEARTBEAT] Node: 0 | Tick: 386761 | Conf: 386759 | Hash: 0x7DEC5FBC | Rollbacks:  3 (Resim:   3) | Stalls:  0
[HEARTBEAT] Node: 0 | Tick: 386821 | Conf: 386819 | Hash: 0xAA5CC507 | Rollbacks:  0 (Resim:   0) | Stalls:  0
[HEARTBEAT] Node: 0 | Tick: 386881 | Conf: 386879 | Hash: 0x3A23DED6 | Rollbacks: 15 (Resim:  15) | Stalls:  0
[HEARTBEAT] Node: 0 | Tick: 386941 | Conf: 386939 | Hash: 0x1420B4A2 | Rollbacks:  7 (Resim:   7) | Stalls:  0
[HEARTBEAT] Node: 0 | Tick: 387001 | Conf: 386999 | Hash: 0x26BEA669 | Rollbacks:  2 (Resim:   2) | Stalls:  0
[HEARTBEAT] Node: 0 | Tick: 387061 | Conf: 387059 | Hash: 0xB19F35A6 | Rollbacks: 20 (Resim:  20) | Stalls:  0
[HEARTBEAT] Node: 0 | Tick: 387121 | Conf: 387119 | Hash: 0x75E4127E | Rollbacks:  0 (Resim:   0) | Stalls:  0
[HEARTBEAT] Node: 0 | Tick: 387181 | Conf: 387179 | Hash: 0xD5C330D4 | Rollbacks: 11 (Resim:  11) | Stalls:  0
[HEARTBEAT] Node: 0 | Tick: 387241 | Conf: 387239 | Hash: 0xAAD2EA99 | Rollbacks:  6 (Resim:   6) | Stalls:  0
[HEARTBEAT] Node: 0 | Tick: 387301 | Conf: 387299 | Hash: 0x645A6615 | Rollbacks:  0 (Resim:   0) | Stalls:  0
[BOT:50006] Heartbeat - Sparse Mods Tracked: 2048
[HEARTBEAT] Node: 0 | Tick: 387361 | Conf: 387359 | Hash: 0x07987745 | Rollbacks: 15 (Resim:  15) | Stalls:  0
[HEARTBEAT] Node: 0 | Tick: 387421 | Conf: 387419 | Hash: 0xB5CB3450 | Rollbacks: 29 (Resim:  29) | Stalls:  0
[HEARTBEAT] Node: 0 | Tick: 387481 | Conf: 387479 | Hash: 0xA4C41AC6 | Rollbacks:  6 (Resim:   6) | Stalls:  0
[HEARTBEAT] Node: 0 | Tick: 387541 | Conf: 387539 | Hash: 0xA5389E05 | Rollbacks:  0 (Resim:   0) | Stalls:  0
[HEARTBEAT] Node: 0 | Tick: 387601 | Conf: 387599 | Hash: 0x4AB150B6 | Rollbacks:  0 (Resim:   0) | Stalls:  0
[HEARTBEAT] Node: 0 | Tick: 387661 | Conf: 387659 | Hash: 0x153C8543 | Rollbacks:  6 (Resim:   6) | Stalls:  0
[HEARTBEAT] Node: 0 | Tick: 387721 | Conf: 387719 | Hash: 0x3B30F190 | Rollbacks:  0 (Resim:   0) | Stalls:  0
[HEARTBEAT] Node: 0 | Tick: 387781 | Conf: 387779 | Hash: 0x53931E70 | Rollbacks:  7 (Resim:   7) | Stalls:  0
[HEARTBEAT] Node: 0 | Tick: 387841 | Conf: 387839 | Hash: 0xD47F476C | Rollbacks:  0 (Resim:   0) | Stalls:  0
[HEARTBEAT] Node: 0 | Tick: 387901 | Conf: 387899 | Hash: 0x33E52ED2 | Rollbacks: 22 (Resim:  22) | Stalls:  0
[BOT:50006] Heartbeat - Sparse Mods Tracked: 2048
[HEARTBEAT] Node: 0 | Tick: 387961 | Conf: 387959 | Hash: 0x47D5E7FE | Rollbacks:  5 (Resim:   5) | Stalls:  0
[HEARTBEAT] Node: 0 | Tick: 388021 | Conf: 388019 | Hash: 0x96ED5679 | Rollbacks: 19 (Resim:  20) | Stalls:  0
[HEARTBEAT] Node: 0 | Tick: 388081 | Conf: 388079 | Hash: 0x851A713F | Rollbacks: 10 (Resim:  10) | Stalls:  0
[HEARTBEAT] Node: 0 | Tick: 388141 | Conf: 388139 | Hash: 0xA6612B35 | Rollbacks:  0 (Resim:   0) | Stalls:  0
[HEARTBEAT] Node: 0 | Tick: 388201 | Conf: 388199 | Hash: 0xC657B37A | Rollbacks: 11 (Resim:  11) | Stalls:  0
[HEARTBEAT] Node: 0 | Tick: 388261 | Conf: 388259 | Hash: 0x323474EA | Rollbacks:  3 (Resim:   3) | Stalls:  0
[HEARTBEAT] Node: 0 | Tick: 388321 | Conf: 388319 | Hash: 0x14F68D87 | Rollbacks:  0 (Resim:   0) | Stalls:  0
[HEARTBEAT] Node: 0 | Tick: 388381 | Conf: 388379 | Hash: 0x42113766 | Rollbacks:  8 (Resim:   8) | Stalls:  0
[HEARTBEAT] Node: 0 | Tick: 388441 | Conf: 388439 | Hash: 0xF0458C54 | Rollbacks:  1 (Resim:   1) | Stalls:  0
[BOT:50006] Heartbeat - Sparse Mods Tracked: 2048
[HEARTBEAT] Node: 0 | Tick: 388501 | Conf: 388499 | Hash: 0x75E8F22C | Rollbacks: 19 (Resim:  19) | Stalls:  0
[HEARTBEAT] Node: 0 | Tick: 388561 | Conf: 388559 | Hash: 0x0CC348F7 | Rollbacks:  0 (Resim:   0) | Stalls:  0
[HEARTBEAT] Node: 0 | Tick: 388621 | Conf: 388619 | Hash: 0x7B4B37EE | Rollbacks:  0 (Resim:   0) | Stalls:  0
[HEARTBEAT] Node: 0 | Tick: 388681 | Conf: 388679 | Hash: 0x5DD8192A | Rollbacks: 10 (Resim:  10) | Stalls:  0
[HEARTBEAT] Node: 0 | Tick: 388741 | Conf: 388739 | Hash: 0x0F8C723C | Rollbacks:  2 (Resim:   2) | Stalls:  0
[HEARTBEAT] Node: 0 | Tick: 388801 | Conf: 388799 | Hash: 0x125B539C | Rollbacks:  5 (Resim:   5) | Stalls:  0
[HEARTBEAT] Node: 0 | Tick: 388861 | Conf: 388859 | Hash: 0xEB9A4A02 | Rollbacks: 20 (Resim:  20) | Stalls:  0
[HEARTBEAT] Node: 0 | Tick: 388921 | Conf: 388919 | Hash: 0x1A34271C | Rollbacks:  7 (Resim:   7) | Stalls:  0
[HEARTBEAT] Node: 0 | Tick: 388981 | Conf: 388979 | Hash: 0x0A5EE5DC | Rollbacks:  0 (Resim:   0) | Stalls:  0
[HEARTBEAT] Node: 0 | Tick: 389041 | Conf: 389039 | Hash: 0x0BBFF957 | Rollbacks:  0 (Resim:   0) | Stalls:  0
[BOT:50006] Heartbeat - Sparse Mods Tracked: 2048
[HEARTBEAT] Node: 0 | Tick: 389101 | Conf: 389099 | Hash: 0x714A7356 | Rollbacks: 16 (Resim:  16) | Stalls:  0
[HEARTBEAT] Node: 0 | Tick: 389161 | Conf: 389159 | Hash: 0xF78523AD | Rollbacks:  3 (Resim:   3) | Stalls:  0
[HEARTBEAT] Node: 0 | Tick: 389221 | Conf: 389219 | Hash: 0x52E2F3D6 | Rollbacks:  6 (Resim:   6) | Stalls:  0
[HEARTBEAT] Node: 0 | Tick: 389281 | Conf: 389279 | Hash: 0xEDB7B0DF | Rollbacks:  4 (Resim:   4) | Stalls:  0
[HEARTBEAT] Node: 0 | Tick: 389341 | Conf: 389339 | Hash: 0x5B1B59E2 | Rollbacks:  9 (Resim:   9) | Stalls:  0
[HEARTBEAT] Node: 0 | Tick: 389401 | Conf: 389399 | Hash: 0xB32BC0CD | Rollbacks: 19 (Resim:  20) | Stalls:  0
[HEARTBEAT] Node: 0 | Tick: 389461 | Conf: 389459 | Hash: 0xC2452C90 | Rollbacks: 10 (Resim:  10) | Stalls:  0
[HEARTBEAT] Node: 0 | Tick: 389521 | Conf: 389519 | Hash: 0xC4D6762C | Rollbacks:  0 (Resim:   0) | Stalls:  0
[HEARTBEAT] Node: 0 | Tick: 389581 | Conf: 389579 | Hash: 0x0150D3BE | Rollbacks:  6 (Resim:   6) | Stalls:  0
[HEARTBEAT] Node: 0 | Tick: 389641 | Conf: 389639 | Hash: 0xD947513C | Rollbacks: 24 (Resim:  24) | Stalls:  0
[BOT:50006] Heartbeat - Sparse Mods Tracked: 2048
[HEARTBEAT] Node: 0 | Tick: 389701 | Conf: 389699 | Hash: 0x05C57167 | Rollbacks:  3 (Resim:   3) | Stalls:  0
[HEARTBEAT] Node: 0 | Tick: 389761 | Conf: 389759 | Hash: 0xA1402FB7 | Rollbacks:  0 (Resim:   0) | Stalls:  0
[HEARTBEAT] Node: 0 | Tick: 389821 | Conf: 389819 | Hash: 0x4145FDC1 | Rollbacks: 15 (Resim:  15) | Stalls:  0
[HEARTBEAT] Node: 0 | Tick: 389881 | Conf: 389879 | Hash: 0x82BD1E56 | Rollbacks: 15 (Resim:  15) | Stalls:  0
[HEARTBEAT] Node: 0 | Tick: 389941 | Conf: 389939 | Hash: 0xDB2A29CD | Rollbacks: 22 (Resim:  22) | Stalls:  0
[HEARTBEAT] Node: 0 | Tick: 390001 | Conf: 389999 | Hash: 0x94ADA3E2 | Rollbacks:  9 (Resim:   9) | Stalls:  0
[HEARTBEAT] Node: 0 | Tick: 390061 | Conf: 390059 | Hash: 0x7B2437AF | Rollbacks:  0 (Resim:   0) | Stalls:  0
[HEARTBEAT] Node: 0 | Tick: 390121 | Conf: 390119 | Hash: 0x718A6146 | Rollbacks: 19 (Resim:  19) | Stalls:  0
[HEARTBEAT] Node: 0 | Tick: 390181 | Conf: 390179 | Hash: 0x6A10B632 | Rollbacks:  7 (Resim:   7) | Stalls:  0
[HEARTBEAT] Node: 0 | Tick: 390241 | Conf: 390239 | Hash: 0x294854D8 | Rollbacks:  0 (Resim:   0) | Stalls:  0
[BOT:50006] Heartbeat - Sparse Mods Tracked: 2048
[HEARTBEAT] Node: 0 | Tick: 390301 | Conf: 390299 | Hash: 0xF2BC2693 | Rollbacks: 22 (Resim:  22) | Stalls:  0
[HEARTBEAT] Node: 0 | Tick: 390361 | Conf: 390359 | Hash: 0x064BF49C | Rollbacks: 12 (Resim:  12) | Stalls:  0
[HEARTBEAT] Node: 0 | Tick: 390421 | Conf: 390419 | Hash: 0x55862988 | Rollbacks:  3 (Resim:   3) | Stalls:  0
[HEARTBEAT] Node: 0 | Tick: 390481 | Conf: 390479 | Hash: 0x77B0EF2B | Rollbacks:  6 (Resim:   6) | Stalls:  0
[HEARTBEAT] Node: 0 | Tick: 390541 | Conf: 390539 | Hash: 0x748742C4 | Rollbacks: 22 (Resim:  22) | Stalls:  0
[HEARTBEAT] Node: 0 | Tick: 390601 | Conf: 390599 | Hash: 0xEC698933 | Rollbacks:  5 (Resim:   5) | Stalls:  0
[HEARTBEAT] Node: 0 | Tick: 390661 | Conf: 390659 | Hash: 0x32E089D7 | Rollbacks:  0 (Resim:   0) | Stalls:  0
[HEARTBEAT] Node: 0 | Tick: 390721 | Conf: 390719 | Hash: 0x0E21AF60 | Rollbacks: 18 (Resim:  18) | Stalls:  0
[HEARTBEAT] Node: 0 | Tick: 390781 | Conf: 390779 | Hash: 0x2455A729 | Rollbacks: 14 (Resim:  14) | Stalls:  0
[HEARTBEAT] Node: 0 | Tick: 390841 | Conf: 390839 | Hash: 0xCCEDC403 | Rollbacks:  4 (Resim:   4) | Stalls:  0
[BOT:50006] Heartbeat - Sparse Mods Tracked: 2048
[HEARTBEAT] Node: 0 | Tick: 390901 | Conf: 390899 | Hash: 0xB7B1A7D6 | Rollbacks:  0 (Resim:   0) | Stalls:  0
[HEARTBEAT] Node: 0 | Tick: 390961 | Conf: 390959 | Hash: 0xA6CE6616 | Rollbacks: 10 (Resim:  10) | Stalls:  0
[HEARTBEAT] Node: 0 | Tick: 391021 | Conf: 391019 | Hash: 0x56C26DFF | Rollbacks:  1 (Resim:   1) | Stalls:  0
[HEARTBEAT] Node: 0 | Tick: 391081 | Conf: 391079 | Hash: 0xC73CCE65 | Rollbacks: 11 (Resim:  11) | Stalls:  0
[HEARTBEAT] Node: 0 | Tick: 391141 | Conf: 391139 | Hash: 0x95D900F2 | Rollbacks: 12 (Resim:  12) | Stalls:  0
[HEARTBEAT] Node: 0 | Tick: 391201 | Conf: 391199 | Hash: 0x4843E980 | Rollbacks:  1 (Resim:   1) | Stalls:  0
[HEARTBEAT] Node: 0 | Tick: 391261 | Conf: 391259 | Hash: 0xFB1448D7 | Rollbacks: 18 (Resim:  18) | Stalls:  0
[HEARTBEAT] Node: 0 | Tick: 391321 | Conf: 391319 | Hash: 0x1F830095 | Rollbacks: 13 (Resim:  13) | Stalls:  0
[HEARTBEAT] Node: 0 | Tick: 391381 | Conf: 391379 | Hash: 0x7EA72DEB | Rollbacks:  0 (Resim:   0) | Stalls:  0
[BOT:50006] Heartbeat - Sparse Mods Tracked: 2048
[HEARTBEAT] Node: 0 | Tick: 391441 | Conf: 391439 | Hash: 0xB7427EBA | Rollbacks:  2 (Resim:   2) | Stalls:  0
[HEARTBEAT] Node: 0 | Tick: 391501 | Conf: 391499 | Hash: 0x589427E1 | Rollbacks: 30 (Resim:  30) | Stalls:  0
[HEARTBEAT] Node: 0 | Tick: 391561 | Conf: 391559 | Hash: 0xD1757B88 | Rollbacks: 10 (Resim:  10) | Stalls:  0
[HEARTBEAT] Node: 0 | Tick: 391621 | Conf: 391619 | Hash: 0x9AA11B0C | Rollbacks:  2 (Resim:   2) | Stalls:  0
[HEARTBEAT] Node: 0 | Tick: 391681 | Conf: 391679 | Hash: 0x36433AAE | Rollbacks:  1 (Resim:   1) | Stalls:  0
[HEARTBEAT] Node: 0 | Tick: 391741 | Conf: 391739 | Hash: 0x5F4E68DE | Rollbacks: 22 (Resim:  22) | Stalls:  0
[HEARTBEAT] Node: 0 | Tick: 391801 | Conf: 391799 | Hash: 0x1F4D1956 | Rollbacks:  1 (Resim:   1) | Stalls:  0
[HEARTBEAT] Node: 0 | Tick: 391861 | Conf: 391859 | Hash: 0x61BB906A | Rollbacks:  0 (Resim:   0) | Stalls:  0
[HEARTBEAT] Node: 0 | Tick: 391921 | Conf: 391919 | Hash: 0x4BE847F3 | Rollbacks: 30 (Resim:  30) | Stalls:  0
[HEARTBEAT] Node: 0 | Tick: 391981 | Conf: 391979 | Hash: 0xE831639E | Rollbacks: 13 (Resim:  13) | Stalls:  0
[BOT:50006] Heartbeat - Sparse Mods Tracked: 2048
[HEARTBEAT] Node: 0 | Tick: 392041 | Conf: 392039 | Hash: 0x58BC4200 | Rollbacks:  3 (Resim:   3) | Stalls:  0
[HEARTBEAT] Node: 0 | Tick: 392101 | Conf: 392099 | Hash: 0x11478A74 | Rollbacks:  1 (Resim:   1) | Stalls:  0
[HEARTBEAT] Node: 0 | Tick: 392161 | Conf: 392159 | Hash: 0xB99A2E38 | Rollbacks: 16 (Resim:  16) | Stalls:  0
[HEARTBEAT] Node: 0 | Tick: 392221 | Conf: 392219 | Hash: 0x169BD1B9 | Rollbacks: 11 (Resim:  11) | Stalls:  0
[HEARTBEAT] Node: 0 | Tick: 392281 | Conf: 392279 | Hash: 0x4366E5D8 | Rollbacks:  0 (Resim:   0) | Stalls:  0
[HEARTBEAT] Node: 0 | Tick: 392341 | Conf: 392339 | Hash: 0x018919B3 | Rollbacks: 14 (Resim:  14) | Stalls:  0
[HEARTBEAT] Node: 0 | Tick: 392401 | Conf: 392399 | Hash: 0x5214BAE7 | Rollbacks: 13 (Resim:  13) | Stalls:  0
[HEARTBEAT] Node: 0 | Tick: 392461 | Conf: 392459 | Hash: 0x2C805D73 | Rollbacks:  0 (Resim:   0) | Stalls:  0
[HEARTBEAT] Node: 0 | Tick: 392521 | Conf: 392519 | Hash: 0x699F6E00 | Rollbacks: 24 (Resim:  24) | Stalls:  0
[HEARTBEAT] Node: 0 | Tick: 392581 | Conf: 392579 | Hash: 0x4AD6EB75 | Rollbacks:  8 (Resim:   8) | Stalls:  0
[BOT:50006] Heartbeat - Sparse Mods Tracked: 2048
[HEARTBEAT] Node: 0 | Tick: 392641 | Conf: 392639 | Hash: 0x8BE32B44 | Rollbacks:  0 (Resim:   0) | Stalls:  0
[HEARTBEAT] Node: 0 | Tick: 392701 | Conf: 392699 | Hash: 0xF98110BC | Rollbacks:  2 (Resim:   2) | Stalls:  0
[HEARTBEAT] Node: 0 | Tick: 392761 | Conf: 392759 | Hash: 0xDE8B57C4 | Rollbacks: 13 (Resim:  13) | Stalls:  0
[HEARTBEAT] Node: 0 | Tick: 392821 | Conf: 392819 | Hash: 0xFB365E98 | Rollbacks:  0 (Resim:   0) | Stalls:  0
[HEARTBEAT] Node: 0 | Tick: 392881 | Conf: 392879 | Hash: 0x305CA0F2 | Rollbacks: 19 (Resim:  19) | Stalls:  0
[HEARTBEAT] Node: 0 | Tick: 392941 | Conf: 392939 | Hash: 0xD0D68AA6 | Rollbacks: 11 (Resim:  11) | Stalls:  0
[HEARTBEAT] Node: 0 | Tick: 393001 | Conf: 392999 | Hash: 0x2AC7F4A1 | Rollbacks:  1 (Resim:   1) | Stalls:  0
[HEARTBEAT] Node: 0 | Tick: 393061 | Conf: 393059 | Hash: 0xA8BDA986 | Rollbacks:  6 (Resim:   6) | Stalls:  0
[HEARTBEAT] Node: 0 | Tick: 393121 | Conf: 393119 | Hash: 0xEB9EEBB1 | Rollbacks:  5 (Resim:   5) | Stalls:  0
[HEARTBEAT] Node: 0 | Tick: 393181 | Conf: 393179 | Hash: 0x2DCEB051 | Rollbacks: 14 (Resim:  14) | Stalls:  0
[BOT:50006] Heartbeat - Sparse Mods Tracked: 2048
[HEARTBEAT] Node: 0 | Tick: 393241 | Conf: 393239 | Hash: 0x4C12A896 | Rollbacks: 10 (Resim:  10) | Stalls:  0
[HEARTBEAT] Node: 0 | Tick: 393301 | Conf: 393299 | Hash: 0x57F5F8BE | Rollbacks:  1 (Resim:   1) | Stalls:  0
[HEARTBEAT] Node: 0 | Tick: 393361 | Conf: 393359 | Hash: 0xFEDD63F0 | Rollbacks: 22 (Resim:  22) | Stalls:  0
[HEARTBEAT] Node: 0 | Tick: 393421 | Conf: 393419 | Hash: 0x36C85514 | Rollbacks: 14 (Resim:  14) | Stalls:  0
[HEARTBEAT] Node: 0 | Tick: 393481 | Conf: 393479 | Hash: 0xA7AC8704 | Rollbacks:  4 (Resim:   4) | Stalls:  0
[HEARTBEAT] Node: 0 | Tick: 393541 | Conf: 393539 | Hash: 0x4E6DD475 | Rollbacks:  8 (Resim:   8) | Stalls:  0
[HEARTBEAT] Node: 0 | Tick: 393601 | Conf: 393599 | Hash: 0x0A447C31 | Rollbacks:  5 (Resim:   5) | Stalls:  0
[HEARTBEAT] Node: 0 | Tick: 393661 | Conf: 393659 | Hash: 0xF304DD6F | Rollbacks: 14 (Resim:  14) | Stalls:  0
[HEARTBEAT] Node: 0 | Tick: 393721 | Conf: 393719 | Hash: 0xA04CFDA9 | Rollbacks: 16 (Resim:  16) | Stalls:  0
[BOT:50006] Heartbeat - Sparse Mods Tracked: 2048
[HEARTBEAT] Node: 0 | Tick: 393781 | Conf: 393779 | Hash: 0xE1754964 | Rollbacks:  0 (Resim:   0) | Stalls:  0
[HEARTBEAT] Node: 0 | Tick: 393841 | Conf: 393839 | Hash: 0x92B21A26 | Rollbacks: 20 (Resim:  20) | Stalls:  0
[HEARTBEAT] Node: 0 | Tick: 393901 | Conf: 393899 | Hash: 0x41741578 | Rollbacks:  7 (Resim:   7) | Stalls:  0
[HEARTBEAT] Node: 0 | Tick: 393961 | Conf: 393959 | Hash: 0xE11B73DC | Rollbacks:  0 (Resim:   0) | Stalls:  0
[HEARTBEAT] Node: 0 | Tick: 394021 | Conf: 394019 | Hash: 0xA48E556E | Rollbacks: 16 (Resim:  16) | Stalls:  0
[HEARTBEAT] Node: 0 | Tick: 394081 | Conf: 394079 | Hash: 0xEDBE9EF8 | Rollbacks: 18 (Resim:  18) | Stalls:  0
[HEARTBEAT] Node: 0 | Tick: 394141 | Conf: 394139 | Hash: 0x07B7B998 | Rollbacks:  0 (Resim:   0) | Stalls:  0
[HEARTBEAT] Node: 0 | Tick: 394201 | Conf: 394199 | Hash: 0x9B0720F4 | Rollbacks: 22 (Resim:  22) | Stalls:  0
[HEARTBEAT] Node: 0 | Tick: 394261 | Conf: 394259 | Hash: 0x7D847030 | Rollbacks:  9 (Resim:   9) | Stalls:  0
[HEARTBEAT] Node: 0 | Tick: 394321 | Conf: 394319 | Hash: 0x12D84E36 | Rollbacks:  0 (Resim:   0) | Stalls:  0
[BOT:50006] Heartbeat - Sparse Mods Tracked: 2048
[HEARTBEAT] Node: 0 | Tick: 394381 | Conf: 394379 | Hash: 0x9EC5EE01 | Rollbacks: 18 (Resim:  18) | Stalls:  0
[HEARTBEAT] Node: 0 | Tick: 394441 | Conf: 394439 | Hash: 0xA999C658 | Rollbacks: 10 (Resim:  10) | Stalls:  0
[HEARTBEAT] Node: 0 | Tick: 394501 | Conf: 394499 | Hash: 0xA51603D0 | Rollbacks:  0 (Resim:   0) | Stalls:  0
[HEARTBEAT] Node: 0 | Tick: 394561 | Conf: 394559 | Hash: 0x8D88C426 | Rollbacks: 10 (Resim:  10) | Stalls:  0
[HEARTBEAT] Node: 0 | Tick: 394621 | Conf: 394619 | Hash: 0xF7DCD1B5 | Rollbacks:  1 (Resim:   1) | Stalls:  0
[HEARTBEAT] Node: 0 | Tick: 394681 | Conf: 394679 | Hash: 0x5EF3C341 | Rollbacks:  6 (Resim:   6) | Stalls:  0
[HEARTBEAT] Node: 0 | Tick: 394741 | Conf: 394739 | Hash: 0x5B9C82E6 | Rollbacks: 14 (Resim:  14) | Stalls:  0
[HEARTBEAT] Node: 0 | Tick: 394801 | Conf: 394799 | Hash: 0xC79B8B78 | Rollbacks:  0 (Resim:   0) | Stalls:  0
[HEARTBEAT] Node: 0 | Tick: 394861 | Conf: 394859 | Hash: 0xF25AAD57 | Rollbacks: 11 (Resim:  11) | Stalls:  0
[HEARTBEAT] Node: 0 | Tick: 394921 | Conf: 394919 | Hash: 0xEE1823FA | Rollbacks:  6 (Resim:   6) | Stalls:  0
[BOT:50006] Heartbeat - Sparse Mods Tracked: 2048
[HEARTBEAT] Node: 0 | Tick: 394981 | Conf: 394979 | Hash: 0x9C19D112 | Rollbacks:  0 (Resim:   0) | Stalls:  0
[HEARTBEAT] Node: 0 | Tick: 395041 | Conf: 395039 | Hash: 0x067D606F | Rollbacks: 14 (Resim:  14) | Stalls:  0
[HEARTBEAT] Node: 0 | Tick: 395101 | Conf: 395099 | Hash: 0xA462AB01 | Rollbacks:  8 (Resim:   8) | Stalls:  0
[HEARTBEAT] Node: 0 | Tick: 395161 | Conf: 395159 | Hash: 0x42CDAC46 | Rollbacks:  9 (Resim:   9) | Stalls:  0
[HEARTBEAT] Node: 0 | Tick: 395221 | Conf: 395219 | Hash: 0xAE8FD352 | Rollbacks:  2 (Resim:   2) | Stalls:  0
[HEARTBEAT] Node: 0 | Tick: 395281 | Conf: 395279 | Hash: 0xB16E50A0 | Rollbacks: 18 (Resim:  18) | Stalls:  0
[HEARTBEAT] Node: 0 | Tick: 395341 | Conf: 395339 | Hash: 0x802FD59A | Rollbacks:  5 (Resim:   5) | Stalls:  0
[HEARTBEAT] Node: 0 | Tick: 395401 | Conf: 395399 | Hash: 0xC8F2FD3E | Rollbacks:  0 (Resim:   0) | Stalls:  0
[HEARTBEAT] Node: 0 | Tick: 395461 | Conf: 395459 | Hash: 0x307B7B7D | Rollbacks:  7 (Resim:   7) | Stalls:  0
[HEARTBEAT] Node: 0 | Tick: 395521 | Conf: 395519 | Hash: 0xDEDBEE8E | Rollbacks:  0 (Resim:   0) | Stalls:  0
[BOT:50006] Heartbeat - Sparse Mods Tracked: 2048
[HEARTBEAT] Node: 0 | Tick: 395581 | Conf: 395579 | Hash: 0x696381CF | Rollbacks: 28 (Resim:  28) | Stalls:  0
[HEARTBEAT] Node: 0 | Tick: 395641 | Conf: 395639 | Hash: 0x3DD9C842 | Rollbacks: 13 (Resim:  13) | Stalls:  0
[HEARTBEAT] Node: 0 | Tick: 395701 | Conf: 395699 | Hash: 0xD9DAD279 | Rollbacks:  0 (Resim:   0) | Stalls:  0
[HEARTBEAT] Node: 0 | Tick: 395761 | Conf: 395759 | Hash: 0x523A8AED | Rollbacks: 15 (Resim:  15) | Stalls:  0
[HEARTBEAT] Node: 0 | Tick: 395821 | Conf: 395819 | Hash: 0x3FDB10C1 | Rollbacks:  9 (Resim:   9) | Stalls:  0
[HEARTBEAT] Node: 0 | Tick: 395881 | Conf: 395879 | Hash: 0x9CBB7ACD | Rollbacks:  0 (Resim:   0) | Stalls:  0
[HEARTBEAT] Node: 0 | Tick: 395941 | Conf: 395939 | Hash: 0x11E6F1AF | Rollbacks: 16 (Resim:  16) | Stalls:  0
[HEARTBEAT] Node: 0 | Tick: 396001 | Conf: 395999 | Hash: 0x90197E1D | Rollbacks:  0 (Resim:   0) | Stalls:  0
[HEARTBEAT] Node: 0 | Tick: 396061 | Conf: 396059 | Hash: 0x6D2B0FBE | Rollbacks: 17 (Resim:  17) | Stalls:  0
[BOT:50006] Heartbeat - Sparse Mods Tracked: 2048
[HEARTBEAT] Node: 0 | Tick: 396121 | Conf: 396119 | Hash: 0xD0813AC7 | Rollbacks: 13 (Resim:  14) | Stalls:  0
[HEARTBEAT] Node: 0 | Tick: 396181 | Conf: 396179 | Hash: 0x6587BD1B | Rollbacks:  0 (Resim:   0) | Stalls:  0
[HEARTBEAT] Node: 0 | Tick: 396241 | Conf: 396239 | Hash: 0xF96DDB38 | Rollbacks: 15 (Resim:  15) | Stalls:  0
[HEARTBEAT] Node: 0 | Tick: 396301 | Conf: 396299 | Hash: 0x2DB228B3 | Rollbacks:  5 (Resim:   5) | Stalls:  0
[HEARTBEAT] Node: 0 | Tick: 396361 | Conf: 396359 | Hash: 0x1545E98A | Rollbacks:  2 (Resim:   2) | Stalls:  0
[HEARTBEAT] Node: 0 | Tick: 396421 | Conf: 396419 | Hash: 0xF1913843 | Rollbacks: 12 (Resim:  12) | Stalls:  0
[HEARTBEAT] Node: 0 | Tick: 396481 | Conf: 396479 | Hash: 0x83D24C95 | Rollbacks:  0 (Resim:   0) | Stalls:  0
[HEARTBEAT] Node: 0 | Tick: 396541 | Conf: 396539 | Hash: 0x9063746C | Rollbacks: 16 (Resim:  16) | Stalls:  0
[HEARTBEAT] Node: 0 | Tick: 396601 | Conf: 396599 | Hash: 0x0CFFD25A | Rollbacks:  0 (Resim:   0) | Stalls:  0
[HEARTBEAT] Node: 0 | Tick: 396661 | Conf: 396659 | Hash: 0x6CD39DDB | Rollbacks: 16 (Resim:  16) | Stalls:  0
[BOT:50006] Heartbeat - Sparse Mods Tracked: 2048
[HEARTBEAT] Node: 0 | Tick: 396721 | Conf: 396719 | Hash: 0xCD2A91EB | Rollbacks:  6 (Resim:   6) | Stalls:  0
[HEARTBEAT] Node: 0 | Tick: 396781 | Conf: 396779 | Hash: 0x66B27D0E | Rollbacks:  0 (Resim:   0) | Stalls:  0
[HEARTBEAT] Node: 0 | Tick: 396841 | Conf: 396839 | Hash: 0xB2431674 | Rollbacks:  4 (Resim:   4) | Stalls:  0
[HEARTBEAT] Node: 0 | Tick: 396901 | Conf: 396899 | Hash: 0xD4BA0584 | Rollbacks:  5 (Resim:   5) | Stalls:  0
[HEARTBEAT] Node: 0 | Tick: 396961 | Conf: 396959 | Hash: 0x577643C4 | Rollbacks: 18 (Resim:  18) | Stalls:  0
[HEARTBEAT] Node: 0 | Tick: 397021 | Conf: 397019 | Hash: 0x7C75F7A5 | Rollbacks:  0 (Resim:   0) | Stalls:  0
[HEARTBEAT] Node: 0 | Tick: 397081 | Conf: 397079 | Hash: 0xDD988A26 | Rollbacks:  0 (Resim:   0) | Stalls:  0
[HEARTBEAT] Node: 0 | Tick: 397141 | Conf: 397139 | Hash: 0xFF91476A | Rollbacks: 17 (Resim:  17) | Stalls:  0
[HEARTBEAT] Node: 0 | Tick: 397201 | Conf: 397199 | Hash: 0xA5E09939 | Rollbacks: 10 (Resim:  10) | Stalls:  0
[HEARTBEAT] Node: 0 | Tick: 397261 | Conf: 397259 | Hash: 0x54D13ADA | Rollbacks:  2 (Resim:   2) | Stalls:  0
[BOT:50006] Heartbeat - Sparse Mods Tracked: 2048
[HEARTBEAT] Node: 0 | Tick: 397321 | Conf: 397319 | Hash: 0x6EC9FCEE | Rollbacks:  0 (Resim:   0) | Stalls:  0
[HEARTBEAT] Node: 0 | Tick: 397381 | Conf: 397379 | Hash: 0xAAD38515 | Rollbacks: 12 (Resim:  12) | Stalls:  0
[HEARTBEAT] Node: 0 | Tick: 397441 | Conf: 397439 | Hash: 0x2DBD85E8 | Rollbacks:  0 (Resim:   0) | Stalls:  0
[HEARTBEAT] Node: 0 | Tick: 397501 | Conf: 397499 | Hash: 0x32BFFAC9 | Rollbacks:  7 (Resim:   7) | Stalls:  0
[HEARTBEAT] Node: 0 | Tick: 397561 | Conf: 397559 | Hash: 0x756D46AB | Rollbacks:  4 (Resim:   4) | Stalls:  0
[HEARTBEAT] Node: 0 | Tick: 397621 | Conf: 397619 | Hash: 0xDD25C470 | Rollbacks: 13 (Resim:  13) | Stalls:  0
[HEARTBEAT] Node: 0 | Tick: 397681 | Conf: 397679 | Hash: 0x5EC2A625 | Rollbacks: 16 (Resim:  16) | Stalls:  0
[HEARTBEAT] Node: 0 | Tick: 397741 | Conf: 397739 | Hash: 0x6447DB01 | Rollbacks:  0 (Resim:   0) | Stalls:  0
[HEARTBEAT] Node: 0 | Tick: 397801 | Conf: 397799 | Hash: 0x9A5F9C45 | Rollbacks: 20 (Resim:  20) | Stalls:  0
[HEARTBEAT] Node: 0 | Tick: 397861 | Conf: 397859 | Hash: 0xB378AB13 | Rollbacks:  9 (Resim:   9) | Stalls:  0
[BOT:50006] Heartbeat - Sparse Mods Tracked: 2048
[HEARTBEAT] Node: 0 | Tick: 397921 | Conf: 397919 | Hash: 0x3E21A940 | Rollbacks:  1 (Resim:   1) | Stalls:  0
[HEARTBEAT] Node: 0 | Tick: 397981 | Conf: 397979 | Hash: 0xE3965674 | Rollbacks: 18 (Resim:  18) | Stalls:  0
[HEARTBEAT] Node: 0 | Tick: 398041 | Conf: 398039 | Hash: 0xCF552319 | Rollbacks:  7 (Resim:   7) | Stalls:  0
[HEARTBEAT] Node: 0 | Tick: 398101 | Conf: 398099 | Hash: 0xFCA37315 | Rollbacks:  2 (Resim:   2) | Stalls:  0
[HEARTBEAT] Node: 0 | Tick: 398161 | Conf: 398159 | Hash: 0x18CC2380 | Rollbacks: 19 (Resim:  19) | Stalls:  0
[HEARTBEAT] Node: 0 | Tick: 398221 | Conf: 398219 | Hash: 0x1C173C3E | Rollbacks:  1 (Resim:   1) | Stalls:  0
[HEARTBEAT] Node: 0 | Tick: 398281 | Conf: 398279 | Hash: 0x7DDC78AC | Rollbacks: 15 (Resim:  15) | Stalls:  0
[HEARTBEAT] Node: 0 | Tick: 398341 | Conf: 398339 | Hash: 0x2E918FD6 | Rollbacks:  6 (Resim:   6) | Stalls:  0
[HEARTBEAT] Node: 0 | Tick: 398401 | Conf: 398399 | Hash: 0x6C1B69E6 | Rollbacks:  4 (Resim:   4) | Stalls:  0
[BOT:50006] Heartbeat - Sparse Mods Tracked: 2048
[HEARTBEAT] Node: 0 | Tick: 398461 | Conf: 398459 | Hash: 0x1B1C99BA | Rollbacks:  0 (Resim:   0) | Stalls:  0
[HEARTBEAT] Node: 0 | Tick: 398521 | Conf: 398519 | Hash: 0x948AE26E | Rollbacks: 16 (Resim:  16) | Stalls:  0
[HEARTBEAT] Node: 0 | Tick: 398581 | Conf: 398579 | Hash: 0x4781B74A | Rollbacks: 13 (Resim:  13) | Stalls:  0
[HEARTBEAT] Node: 0 | Tick: 398641 | Conf: 398639 | Hash: 0x4054543E | Rollbacks:  0 (Resim:   0) | Stalls:  0
[HEARTBEAT] Node: 0 | Tick: 398701 | Conf: 398699 | Hash: 0x007E150F | Rollbacks: 21 (Resim:  21) | Stalls:  0
[HEARTBEAT] Node: 0 | Tick: 398761 | Conf: 398759 | Hash: 0x6AB17A42 | Rollbacks:  0 (Resim:   0) | Stalls:  0
[HEARTBEAT] Node: 0 | Tick: 398821 | Conf: 398819 | Hash: 0xFCEB90C9 | Rollbacks:  0 (Resim:   0) | Stalls:  0
[HEARTBEAT] Node: 0 | Tick: 398881 | Conf: 398879 | Hash: 0x1ADDD369 | Rollbacks: 14 (Resim:  14) | Stalls:  0
[HEARTBEAT] Node: 0 | Tick: 398941 | Conf: 398939 | Hash: 0xCA7F35C7 | Rollbacks:  6 (Resim:   6) | Stalls:  0
[HEARTBEAT] Node: 0 | Tick: 399001 | Conf: 398999 | Hash: 0x094C995D | Rollbacks:  7 (Resim:   7) | Stalls:  0
[BOT:50006] Heartbeat - Sparse Mods Tracked: 2048
[HEARTBEAT] Node: 0 | Tick: 399061 | Conf: 399059 | Hash: 0xAE443AF1 | Rollbacks: 15 (Resim:  15) | Stalls:  0
[HEARTBEAT] Node: 0 | Tick: 399121 | Conf: 399119 | Hash: 0x5DDD866F | Rollbacks:  0 (Resim:   0) | Stalls:  0
[HEARTBEAT] Node: 0 | Tick: 399181 | Conf: 399179 | Hash: 0xA30C636A | Rollbacks:  0 (Resim:   0) | Stalls:  0
[HEARTBEAT] Node: 0 | Tick: 399241 | Conf: 399239 | Hash: 0x7714C12A | Rollbacks: 19 (Resim:  19) | Stalls:  0
[HEARTBEAT] Node: 0 | Tick: 399301 | Conf: 399299 | Hash: 0x09446DC9 | Rollbacks:  6 (Resim:   6) | Stalls:  0
[HEARTBEAT] Node: 0 | Tick: 399361 | Conf: 399359 | Hash: 0x4C52E181 | Rollbacks:  0 (Resim:   0) | Stalls:  0
[HEARTBEAT] Node: 0 | Tick: 399421 | Conf: 399419 | Hash: 0x5A683E36 | Rollbacks: 20 (Resim:  20) | Stalls:  0
[HEARTBEAT] Node: 0 | Tick: 399481 | Conf: 399479 | Hash: 0xCA523E01 | Rollbacks: 17 (Resim:  17) | Stalls:  0
[HEARTBEAT] Node: 0 | Tick: 399541 | Conf: 399539 | Hash: 0x7032FE32 | Rollbacks:  1 (Resim:   1) | Stalls:  0
[HEARTBEAT] Node: 0 | Tick: 399601 | Conf: 399599 | Hash: 0x0DFD3E1D | Rollbacks:  3 (Resim:   3) | Stalls:  0
[BOT:50006] Heartbeat - Sparse Mods Tracked: 2048
[HEARTBEAT] Node: 0 | Tick: 399661 | Conf: 399659 | Hash: 0xB5CE8C4E | Rollbacks: 20 (Resim:  20) | Stalls:  0
[HEARTBEAT] Node: 0 | Tick: 399721 | Conf: 399719 | Hash: 0x29BB5949 | Rollbacks:  0 (Resim:   0) | Stalls:  0
[HEARTBEAT] Node: 0 | Tick: 399781 | Conf: 399779 | Hash: 0xA1573974 | Rollbacks:  0 (Resim:   0) | Stalls:  0
[HEARTBEAT] Node: 0 | Tick: 399841 | Conf: 399839 | Hash: 0xE83A8F6F | Rollbacks: 22 (Resim:  22) | Stalls:  0
[HEARTBEAT] Node: 0 | Tick: 399901 | Conf: 399899 | Hash: 0x8B9839E6 | Rollbacks:  6 (Resim:   6) | Stalls:  0
[HEARTBEAT] Node: 0 | Tick: 399961 | Conf: 399959 | Hash: 0x9D1A2C79 | Rollbacks:  0 (Resim:   0) | Stalls:  0
[HEARTBEAT] Node: 0 | Tick: 400021 | Conf: 400019 | Hash: 0x0D88CA43 | Rollbacks:  9 (Resim:   9) | Stalls:  0
[HEARTBEAT] Node: 0 | Tick: 400081 | Conf: 400079 | Hash: 0x09EE0092 | Rollbacks: 14 (Resim:  14) | Stalls:  0
[HEARTBEAT] Node: 0 | Tick: 400141 | Conf: 400139 | Hash: 0x86F9F1D1 | Rollbacks:  6 (Resim:   6) | Stalls:  0
[HEARTBEAT] Node: 0 | Tick: 400201 | Conf: 400199 | Hash: 0x5469EAAD | Rollbacks:  0 (Resim:   0) | Stalls:  0
[BOT:50006] Heartbeat - Sparse Mods Tracked: 2048
[HEARTBEAT] Node: 0 | Tick: 400261 | Conf: 400259 | Hash: 0x93B5B5F7 | Rollbacks: 19 (Resim:  19) | Stalls:  0
[HEARTBEAT] Node: 0 | Tick: 400321 | Conf: 400319 | Hash: 0x80DDE465 | Rollbacks:  9 (Resim:   9) | Stalls:  0
[HEARTBEAT] Node: 0 | Tick: 400381 | Conf: 400379 | Hash: 0x7B990322 | Rollbacks:  0 (Resim:   0) | Stalls:  0
[HEARTBEAT] Node: 0 | Tick: 400441 | Conf: 400439 | Hash: 0xA1C431D4 | Rollbacks:  7 (Resim:   7) | Stalls:  0
[HEARTBEAT] Node: 0 | Tick: 400501 | Conf: 400499 | Hash: 0x11FB5D14 | Rollbacks: 13 (Resim:  13) | Stalls:  0
[HEARTBEAT] Node: 0 | Tick: 400561 | Conf: 400559 | Hash: 0xB08724DE | Rollbacks:  0 (Resim:   0) | Stalls:  0
[HEARTBEAT] Node: 0 | Tick: 400621 | Conf: 400619 | Hash: 0xB0F9923F | Rollbacks: 21 (Resim:  21) | Stalls:  0
[HEARTBEAT] Node: 0 | Tick: 400681 | Conf: 400679 | Hash: 0x9CCFEE3E | Rollbacks:  1 (Resim:   1) | Stalls:  0
[HEARTBEAT] Node: 0 | Tick: 400741 | Conf: 400739 | Hash: 0x62FCAF70 | Rollbacks: 10 (Resim:  10) | Stalls:  0
[BOT:50006] Heartbeat - Sparse Mods Tracked: 2048
[HEARTBEAT] Node: 0 | Tick: 400801 | Conf: 400799 | Hash: 0x1AA992D8 | Rollbacks: 14 (Resim:  14) | Stalls:  0
[HEARTBEAT] Node: 0 | Tick: 400861 | Conf: 400859 | Hash: 0x752BB9EF | Rollbacks: 12 (Resim:  12) | Stalls:  0
[HEARTBEAT] Node: 0 | Tick: 400921 | Conf: 400919 | Hash: 0x469635CE | Rollbacks:  0 (Resim:   0) | Stalls:  0
[HEARTBEAT] Node: 0 | Tick: 400981 | Conf: 400979 | Hash: 0x720C2066 | Rollbacks:  9 (Resim:   9) | Stalls:  0
[HEARTBEAT] Node: 0 | Tick: 401041 | Conf: 401039 | Hash: 0xA7DB8D19 | Rollbacks:  0 (Resim:   0) | Stalls:  0
[HEARTBEAT] Node: 0 | Tick: 401101 | Conf: 401099 | Hash: 0x3B17EE5B | Rollbacks: 19 (Resim:  19) | Stalls:  0
[HEARTBEAT] Node: 0 | Tick: 401161 | Conf: 401159 | Hash: 0x6251B02C | Rollbacks:  2 (Resim:   2) | Stalls:  0
[HEARTBEAT] Node: 0 | Tick: 401221 | Conf: 401219 | Hash: 0x3815A9B7 | Rollbacks:  0 (Resim:   0) | Stalls:  0
[HEARTBEAT] Node: 0 | Tick: 401281 | Conf: 401279 | Hash: 0xFD45D834 | Rollbacks: 11 (Resim:  11) | Stalls:  0
[HEARTBEAT] Node: 0 | Tick: 401341 | Conf: 401339 | Hash: 0x4E40B8F7 | Rollbacks:  6 (Resim:   6) | Stalls:  0
[BOT:50006] Heartbeat - Sparse Mods Tracked: 2048
[HEARTBEAT] Node: 0 | Tick: 401401 | Conf: 401399 | Hash: 0x2439678D | Rollbacks:  0 (Resim:   0) | Stalls:  0
[HEARTBEAT] Node: 0 | Tick: 401461 | Conf: 401459 | Hash: 0xA6B53710 | Rollbacks: 21 (Resim:  21) | Stalls:  0
[HEARTBEAT] Node: 0 | Tick: 401521 | Conf: 401519 | Hash: 0xB0298AAF | Rollbacks:  3 (Resim:   3) | Stalls:  0
[HEARTBEAT] Node: 0 | Tick: 401581 | Conf: 401579 | Hash: 0xD7B3803F | Rollbacks: 13 (Resim:  13) | Stalls:  0
[HEARTBEAT] Node: 0 | Tick: 401641 | Conf: 401639 | Hash: 0x91EA71BE | Rollbacks:  7 (Resim:   7) | Stalls:  0
[HEARTBEAT] Node: 0 | Tick: 401701 | Conf: 401699 | Hash: 0x903901A5 | Rollbacks:  0 (Resim:   0) | Stalls:  0
[HEARTBEAT] Node: 0 | Tick: 401761 | Conf: 401759 | Hash: 0x161497B0 | Rollbacks: 10 (Resim:  10) | Stalls:  0
[HEARTBEAT] Node: 0 | Tick: 401821 | Conf: 401819 | Hash: 0x8C9B5A8B | Rollbacks: 12 (Resim:  12) | Stalls:  0
[HEARTBEAT] Node: 0 | Tick: 401881 | Conf: 401879 | Hash: 0x5F97D252 | Rollbacks:  0 (Resim:   0) | Stalls:  0
[HEARTBEAT] Node: 0 | Tick: 401941 | Conf: 401939 | Hash: 0x5C74CF72 | Rollbacks: 18 (Resim:  18) | Stalls:  0
[BOT:50006] Heartbeat - Sparse Mods Tracked: 2048
[HEARTBEAT] Node: 0 | Tick: 402001 | Conf: 401999 | Hash: 0x14FFE33E | Rollbacks:  9 (Resim:   9) | Stalls:  0
[HEARTBEAT] Node: 0 | Tick: 402061 | Conf: 402059 | Hash: 0xF497B0FA | Rollbacks:  2 (Resim:   2) | Stalls:  0
[HEARTBEAT] Node: 0 | Tick: 402121 | Conf: 402119 | Hash: 0x6AFF76E6 | Rollbacks:  5 (Resim:   5) | Stalls:  0
[HEARTBEAT] Node: 0 | Tick: 402181 | Conf: 402179 | Hash: 0x9FDE997B | Rollbacks:  9 (Resim:   9) | Stalls:  0
[HEARTBEAT] Node: 0 | Tick: 402241 | Conf: 402239 | Hash: 0x7D3E95A3 | Rollbacks:  0 (Resim:   0) | Stalls:  0
[HEARTBEAT] Node: 0 | Tick: 402301 | Conf: 402299 | Hash: 0x2CBF9364 | Rollbacks: 13 (Resim:  13) | Stalls:  0
[HEARTBEAT] Node: 0 | Tick: 402361 | Conf: 402359 | Hash: 0x86B7760B | Rollbacks:  8 (Resim:   8) | Stalls:  0
[HEARTBEAT] Node: 0 | Tick: 402421 | Conf: 402419 | Hash: 0xD1496B2B | Rollbacks:  0 (Resim:   0) | Stalls:  0
[HEARTBEAT] Node: 0 | Tick: 402481 | Conf: 402479 | Hash: 0x044CCDA0 | Rollbacks: 15 (Resim:  15) | Stalls:  0
[HEARTBEAT] Node: 0 | Tick: 402541 | Conf: 402539 | Hash: 0xBBC1B307 | Rollbacks:  6 (Resim:   6) | Stalls:  0
[BOT:50006] Heartbeat - Sparse Mods Tracked: 2048
[HEARTBEAT] Node: 0 | Tick: 402601 | Conf: 402599 | Hash: 0xD61A4F4F | Rollbacks:  0 (Resim:   0) | Stalls:  0
[HEARTBEAT] Node: 0 | Tick: 402661 | Conf: 402659 | Hash: 0x85D4D183 | Rollbacks: 17 (Resim:  17) | Stalls:  0
[HEARTBEAT] Node: 0 | Tick: 402721 | Conf: 402719 | Hash: 0x689AAAB6 | Rollbacks:  0 (Resim:   0) | Stalls:  0
[HEARTBEAT] Node: 0 | Tick: 402781 | Conf: 402779 | Hash: 0xAED363F0 | Rollbacks: 13 (Resim:  13) | Stalls:  0
[HEARTBEAT] Node: 0 | Tick: 402841 | Conf: 402839 | Hash: 0x46FE4E33 | Rollbacks:  2 (Resim:   2) | Stalls:  0
[HEARTBEAT] Node: 0 | Tick: 402901 | Conf: 402899 | Hash: 0x74D73CE4 | Rollbacks: 20 (Resim:  20) | Stalls:  0
[HEARTBEAT] Node: 0 | Tick: 402961 | Conf: 402959 | Hash: 0xCD5D0EC3 | Rollbacks:  9 (Resim:   9) | Stalls:  0
[HEARTBEAT] Node: 0 | Tick: 403021 | Conf: 403019 | Hash: 0x82ECEF1E | Rollbacks:  0 (Resim:   0) | Stalls:  0
[HEARTBEAT] Node: 0 | Tick: 403081 | Conf: 403079 | Hash: 0x7329C72B | Rollbacks: 18 (Resim:  18) | Stalls:  0
[BOT:50006] Heartbeat - Sparse Mods Tracked: 2048
[HEARTBEAT] Node: 0 | Tick: 403141 | Conf: 403139 | Hash: 0xCF87441E | Rollbacks:  9 (Resim:   9) | Stalls:  0
[HEARTBEAT] Node: 0 | Tick: 403201 | Conf: 403199 | Hash: 0x674FD0A5 | Rollbacks:  0 (Resim:   0) | Stalls:  0
[HEARTBEAT] Node: 0 | Tick: 403261 | Conf: 403259 | Hash: 0xD68BBF81 | Rollbacks: 19 (Resim:  19) | Stalls:  0
[HEARTBEAT] Node: 0 | Tick: 403321 | Conf: 403319 | Hash: 0xBD318889 | Rollbacks:  6 (Resim:   6) | Stalls:  0
[HEARTBEAT] Node: 0 | Tick: 403381 | Conf: 403379 | Hash: 0xC4A09572 | Rollbacks: 14 (Resim:  14) | Stalls:  0
[HEARTBEAT] Node: 0 | Tick: 403441 | Conf: 403439 | Hash: 0x2DF7B6D5 | Rollbacks: 11 (Resim:  11) | Stalls:  0
[HEARTBEAT] Node: 0 | Tick: 403501 | Conf: 403499 | Hash: 0xB0B7F3EE | Rollbacks:  0 (Resim:   0) | Stalls:  0
[HEARTBEAT] Node: 0 | Tick: 403561 | Conf: 403559 | Hash: 0xDEE0A730 | Rollbacks: 19 (Resim:  19) | Stalls:  0
[HEARTBEAT] Node: 0 | Tick: 403621 | Conf: 403619 | Hash: 0xC7FAC3F0 | Rollbacks: 10 (Resim:  10) | Stalls:  0
[HEARTBEAT] Node: 0 | Tick: 403681 | Conf: 403679 | Hash: 0x750FFF85 | Rollbacks:  5 (Resim:   5) | Stalls:  0
[BOT:50006] Heartbeat - Sparse Mods Tracked: 2048
[HEARTBEAT] Node: 0 | Tick: 403741 | Conf: 403739 | Hash: 0xC495730C | Rollbacks:  8 (Resim:   8) | Stalls:  0
[HEARTBEAT] Node: 0 | Tick: 403801 | Conf: 403799 | Hash: 0xB6B2434D | Rollbacks: 18 (Resim:  18) | Stalls:  0
[HEARTBEAT] Node: 0 | Tick: 403861 | Conf: 403859 | Hash: 0xCB6B3F16 | Rollbacks:  0 (Resim:   0) | Stalls:  0
[HEARTBEAT] Node: 0 | Tick: 403921 | Conf: 403919 | Hash: 0xFF38C6DB | Rollbacks: 20 (Resim:  20) | Stalls:  0
[HEARTBEAT] Node: 0 | Tick: 403981 | Conf: 403979 | Hash: 0x56581B45 | Rollbacks:  8 (Resim:   8) | Stalls:  0
[HEARTBEAT] Node: 0 | Tick: 404041 | Conf: 404039 | Hash: 0x32C93CC8 | Rollbacks:  0 (Resim:   0) | Stalls:  0
[HEARTBEAT] Node: 0 | Tick: 404101 | Conf: 404099 | Hash: 0x58EE9F42 | Rollbacks: 15 (Resim:  15) | Stalls:  0
[HEARTBEAT] Node: 0 | Tick: 404161 | Conf: 404159 | Hash: 0x443A09B0 | Rollbacks:  8 (Resim:   8) | Stalls:  0
[HEARTBEAT] Node: 0 | Tick: 404221 | Conf: 404219 | Hash: 0x4049179B | Rollbacks:  0 (Resim:   0) | Stalls:  0
[HEARTBEAT] Node: 0 | Tick: 404281 | Conf: 404279 | Hash: 0x2ADC8115 | Rollbacks: 18 (Resim:  18) | Stalls:  0
[BOT:50006] Heartbeat - Sparse Mods Tracked: 2048
[HEARTBEAT] Node: 0 | Tick: 404341 | Conf: 404339 | Hash: 0x9D46C537 | Rollbacks: 18 (Resim:  18) | Stalls:  0
[HEARTBEAT] Node: 0 | Tick: 404401 | Conf: 404399 | Hash: 0xCB50C2C0 | Rollbacks:  0 (Resim:   0) | Stalls:  0
[HEARTBEAT] Node: 0 | Tick: 404461 | Conf: 404459 | Hash: 0xE0056349 | Rollbacks:  0 (Resim:   0) | Stalls:  0
[HEARTBEAT] Node: 0 | Tick: 404521 | Conf: 404519 | Hash: 0xE814491E | Rollbacks: 13 (Resim:  13) | Stalls:  0
[HEARTBEAT] Node: 0 | Tick: 404581 | Conf: 404579 | Hash: 0x3D2DCE7C | Rollbacks:  1 (Resim:   1) | Stalls:  0
[HEARTBEAT] Node: 0 | Tick: 404641 | Conf: 404639 | Hash: 0xB64F96FD | Rollbacks: 18 (Resim:  18) | Stalls:  0
[HEARTBEAT] Node: 0 | Tick: 404701 | Conf: 404699 | Hash: 0xC8DA1735 | Rollbacks: 10 (Resim:  10) | Stalls:  0
[HEARTBEAT] Node: 0 | Tick: 404761 | Conf: 404759 | Hash: 0xBCB31A8B | Rollbacks:  6 (Resim:   6) | Stalls:  0
[HEARTBEAT] Node: 0 | Tick: 404821 | Conf: 404819 | Hash: 0x5543D3ED | Rollbacks:  0 (Resim:   0) | Stalls:  0
[HEARTBEAT] Node: 0 | Tick: 404881 | Conf: 404879 | Hash: 0x9FB2843F | Rollbacks: 13 (Resim:  13) | Stalls:  0
[BOT:50006] Heartbeat - Sparse Mods Tracked: 2048
[HEARTBEAT] Node: 0 | Tick: 404941 | Conf: 404939 | Hash: 0xD206060C | Rollbacks: 16 (Resim:  16) | Stalls:  0
[HEARTBEAT] Node: 0 | Tick: 405001 | Conf: 404999 | Hash: 0x6560207B | Rollbacks:  0 (Resim:   0) | Stalls:  0
[HEARTBEAT] Node: 0 | Tick: 405061 | Conf: 405059 | Hash: 0xE94ABC61 | Rollbacks: 11 (Resim:  11) | Stalls:  0
[HEARTBEAT] Node: 0 | Tick: 405121 | Conf: 405119 | Hash: 0xCCE4B533 | Rollbacks:  0 (Resim:   0) | Stalls:  0
[HEARTBEAT] Node: 0 | Tick: 405181 | Conf: 405179 | Hash: 0x376E35DE | Rollbacks:  7 (Resim:   7) | Stalls:  0
[HEARTBEAT] Node: 0 | Tick: 405241 | Conf: 405239 | Hash: 0x5C3FF161 | Rollbacks:  9 (Resim:   9) | Stalls:  0
[HEARTBEAT] Node: 0 | Tick: 405301 | Conf: 405299 | Hash: 0xAD4FB2CC | Rollbacks:  3 (Resim:   3) | Stalls:  0
[HEARTBEAT] Node: 0 | Tick: 405361 | Conf: 405359 | Hash: 0x52A1F9E5 | Rollbacks:  0 (Resim:   0) | Stalls:  0
[HEARTBEAT] Node: 0 | Tick: 405421 | Conf: 405419 | Hash: 0x448A6155 | Rollbacks: 10 (Resim:  10) | Stalls:  0
[BOT:50006] Heartbeat - Sparse Mods Tracked: 2048
[HEARTBEAT] Node: 0 | Tick: 405481 | Conf: 405479 | Hash: 0x4401B473 | Rollbacks:  1 (Resim:   1) | Stalls:  0
[HEARTBEAT] Node: 0 | Tick: 405541 | Conf: 405539 | Hash: 0x052749C5 | Rollbacks: 23 (Resim:  23) | Stalls:  0
[HEARTBEAT] Node: 0 | Tick: 405601 | Conf: 405599 | Hash: 0x38B21936 | Rollbacks:  0 (Resim:   0) | Stalls:  0
[HEARTBEAT] Node: 0 | Tick: 405661 | Conf: 405659 | Hash: 0x408543C4 | Rollbacks: 26 (Resim:  27) | Stalls:  0
[HEARTBEAT] Node: 0 | Tick: 405721 | Conf: 405719 | Hash: 0x32BF6DFF | Rollbacks: 24 (Resim:  24) | Stalls:  0
[HEARTBEAT] Node: 0 | Tick: 405781 | Conf: 405779 | Hash: 0xF255F1F8 | Rollbacks:  5 (Resim:   5) | Stalls:  0
[HEARTBEAT] Node: 0 | Tick: 405841 | Conf: 405839 | Hash: 0x7A7CAC88 | Rollbacks:  0 (Resim:   0) | Stalls:  0
[HEARTBEAT] Node: 0 | Tick: 405901 | Conf: 405899 | Hash: 0xE7B82BC8 | Rollbacks:  2 (Resim:   2) | Stalls:  0
[HEARTBEAT] Node: 0 | Tick: 405961 | Conf: 405959 | Hash: 0xA10FF9F9 | Rollbacks: 19 (Resim:  19) | Stalls:  0
[HEARTBEAT] Node: 0 | Tick: 406021 | Conf: 406019 | Hash: 0x6285899D | Rollbacks:  6 (Resim:   6) | Stalls:  0
[BOT:50006] Heartbeat - Sparse Mods Tracked: 2048
[HEARTBEAT] Node: 0 | Tick: 406081 | Conf: 406079 | Hash: 0xC29B942C | Rollbacks:  0 (Resim:   0) | Stalls:  0
[HEARTBEAT] Node: 0 | Tick: 406141 | Conf: 406139 | Hash: 0x96A8971F | Rollbacks: 14 (Resim:  14) | Stalls:  0
[HEARTBEAT] Node: 0 | Tick: 406201 | Conf: 406199 | Hash: 0x5556B7FE | Rollbacks: 17 (Resim:  17) | Stalls:  0
[HEARTBEAT] Node: 0 | Tick: 406261 | Conf: 406259 | Hash: 0xF2AD95FE | Rollbacks:  0 (Resim:   0) | Stalls:  0
[HEARTBEAT] Node: 0 | Tick: 406321 | Conf: 406319 | Hash: 0x32C032DD | Rollbacks: 14 (Resim:  14) | Stalls:  0
[HEARTBEAT] Node: 0 | Tick: 406381 | Conf: 406379 | Hash: 0x94D515D8 | Rollbacks: 10 (Resim:  10) | Stalls:  0
[HEARTBEAT] Node: 0 | Tick: 406441 | Conf: 406439 | Hash: 0xBE61A87E | Rollbacks:  0 (Resim:   0) | Stalls:  0
[HEARTBEAT] Node: 0 | Tick: 406501 | Conf: 406499 | Hash: 0xA9036302 | Rollbacks: 21 (Resim:  21) | Stalls:  0
[HEARTBEAT] Node: 0 | Tick: 406561 | Conf: 406559 | Hash: 0x5CAE214C | Rollbacks:  3 (Resim:   3) | Stalls:  0
[HEARTBEAT] Node: 0 | Tick: 406621 | Conf: 406619 | Hash: 0x402C06F8 | Rollbacks:  0 (Resim:   0) | Stalls:  0
[BOT:50006] Heartbeat - Sparse Mods Tracked: 2048
[HEARTBEAT] Node: 0 | Tick: 406681 | Conf: 406679 | Hash: 0x176236AF | Rollbacks:  8 (Resim:   8) | Stalls:  0
[HEARTBEAT] Node: 0 | Tick: 406741 | Conf: 406739 | Hash: 0x51B549E8 | Rollbacks:  0 (Resim:   0) | Stalls:  0
[HEARTBEAT] Node: 0 | Tick: 406801 | Conf: 406799 | Hash: 0xBAC2DECD | Rollbacks: 11 (Resim:  11) | Stalls:  0
[HEARTBEAT] Node: 0 | Tick: 406861 | Conf: 406859 | Hash: 0x9A21F3A2 | Rollbacks:  3 (Resim:   3) | Stalls:  0
[HEARTBEAT] Node: 0 | Tick: 406921 | Conf: 406919 | Hash: 0x531F90CE | Rollbacks:  0 (Resim:   0) | Stalls:  0
[HEARTBEAT] Node: 0 | Tick: 406981 | Conf: 406979 | Hash: 0x4A662CD7 | Rollbacks: 15 (Resim:  15) | Stalls:  0
[HEARTBEAT] Node: 0 | Tick: 407041 | Conf: 407039 | Hash: 0x277CEC47 | Rollbacks: 10 (Resim:  10) | Stalls:  0
[HEARTBEAT] Node: 0 | Tick: 407101 | Conf: 407099 | Hash: 0x04CDABFC | Rollbacks:  0 (Resim:   0) | Stalls:  0
[HEARTBEAT] Node: 0 | Tick: 407161 | Conf: 407159 | Hash: 0x1A8E32BA | Rollbacks: 21 (Resim:  21) | Stalls:  0
[HEARTBEAT] Node: 0 | Tick: 407221 | Conf: 407219 | Hash: 0x97DD401E | Rollbacks:  4 (Resim:   4) | Stalls:  0
[BOT:50006] Heartbeat - Sparse Mods Tracked: 2048
[HEARTBEAT] Node: 0 | Tick: 407281 | Conf: 407279 | Hash: 0x399B9A10 | Rollbacks: 12 (Resim:  12) | Stalls:  0
[HEARTBEAT] Node: 0 | Tick: 407341 | Conf: 407339 | Hash: 0xA549BD42 | Rollbacks: 18 (Resim:  18) | Stalls:  0
[HEARTBEAT] Node: 0 | Tick: 407401 | Conf: 407399 | Hash: 0x22FA5944 | Rollbacks:  0 (Resim:   0) | Stalls:  0
[HEARTBEAT] Node: 0 | Tick: 407461 | Conf: 407459 | Hash: 0x289A0A12 | Rollbacks: 10 (Resim:  10) | Stalls:  0
[HEARTBEAT] Node: 0 | Tick: 407521 | Conf: 407519 | Hash: 0x0A21D1DD | Rollbacks:  0 (Resim:   0) | Stalls:  0
[HEARTBEAT] Node: 0 | Tick: 407581 | Conf: 407579 | Hash: 0xBD9242C4 | Rollbacks: 20 (Resim:  20) | Stalls:  0
[HEARTBEAT] Node: 0 | Tick: 407641 | Conf: 407639 | Hash: 0x7D1C57E6 | Rollbacks:  6 (Resim:   6) | Stalls:  0
[HEARTBEAT] Node: 0 | Tick: 407701 | Conf: 407699 | Hash: 0xD805077D | Rollbacks:  0 (Resim:   0) | Stalls:  0
[HEARTBEAT] Node: 0 | Tick: 407761 | Conf: 407759 | Hash: 0x6D330E89 | Rollbacks: 21 (Resim:  21) | Stalls:  0
[HEARTBEAT] Node: 0 | Tick: 407821 | Conf: 407819 | Hash: 0xE4F865D2 | Rollbacks: 18 (Resim:  18) | Stalls:  0
[BOT:50006] Heartbeat - Sparse Mods Tracked: 2048
[HEARTBEAT] Node: 0 | Tick: 407881 | Conf: 407879 | Hash: 0xDB4A6271 | Rollbacks: 14 (Resim:  14) | Stalls:  0
[HEARTBEAT] Node: 0 | Tick: 407941 | Conf: 407939 | Hash: 0x2DA8E94A | Rollbacks: 12 (Resim:  12) | Stalls:  0
[HEARTBEAT] Node: 0 | Tick: 408001 | Conf: 407999 | Hash: 0x05CFA8F6 | Rollbacks: 10 (Resim:  10) | Stalls:  0
[HEARTBEAT] Node: 0 | Tick: 408061 | Conf: 408059 | Hash: 0x73F17EEB | Rollbacks:  0 (Resim:   0) | Stalls:  0
[HEARTBEAT] Node: 0 | Tick: 408121 | Conf: 408119 | Hash: 0x57D1F35A | Rollbacks:  9 (Resim:   9) | Stalls:  0
[HEARTBEAT] Node: 0 | Tick: 408181 | Conf: 408179 | Hash: 0x9E161DDA | Rollbacks:  0 (Resim:   0) | Stalls:  0
[HEARTBEAT] Node: 0 | Tick: 408241 | Conf: 408239 | Hash: 0xF0EAE01D | Rollbacks: 21 (Resim:  21) | Stalls:  0
[HEARTBEAT] Node: 0 | Tick: 408301 | Conf: 408299 | Hash: 0x1CDB3C60 | Rollbacks:  3 (Resim:   3) | Stalls:  0
[HEARTBEAT] Node: 0 | Tick: 408361 | Conf: 408359 | Hash: 0x82BE94F8 | Rollbacks: 10 (Resim:  10) | Stalls:  0
[BOT:50006] Heartbeat - Sparse Mods Tracked: 2048
[HEARTBEAT] Node: 0 | Tick: 408421 | Conf: 408419 | Hash: 0x5C0EB1B1 | Rollbacks:  8 (Resim:   8) | Stalls:  0
[HEARTBEAT] Node: 0 | Tick: 408481 | Conf: 408479 | Hash: 0x92E4EC21 | Rollbacks:  9 (Resim:   9) | Stalls:  0
[HEARTBEAT] Node: 0 | Tick: 408541 | Conf: 408539 | Hash: 0x7E8A3343 | Rollbacks:  6 (Resim:   6) | Stalls:  0
[HEARTBEAT] Node: 0 | Tick: 408601 | Conf: 408599 | Hash: 0xDA24EBDA | Rollbacks: 12 (Resim:  12) | Stalls:  0
[HEARTBEAT] Node: 0 | Tick: 408661 | Conf: 408659 | Hash: 0xB952714F | Rollbacks: 15 (Resim:  15) | Stalls:  0
[HEARTBEAT] Node: 0 | Tick: 408721 | Conf: 408719 | Hash: 0xAB413F87 | Rollbacks:  0 (Resim:   0) | Stalls:  0
[HEARTBEAT] Node: 0 | Tick: 408781 | Conf: 408779 | Hash: 0x79C105F4 | Rollbacks: 15 (Resim:  15) | Stalls:  0
[HEARTBEAT] Node: 0 | Tick: 408841 | Conf: 408839 | Hash: 0x6B7242D4 | Rollbacks:  8 (Resim:   8) | Stalls:  0
[HEARTBEAT] Node: 0 | Tick: 408901 | Conf: 408899 | Hash: 0x9894557D | Rollbacks:  0 (Resim:   0) | Stalls:  0
[HEARTBEAT] Node: 0 | Tick: 408961 | Conf: 408959 | Hash: 0xB6AFBD1B | Rollbacks:  0 (Resim:   0) | Stalls:  0
[BOT:50006] Heartbeat - Sparse Mods Tracked: 2048
[HEARTBEAT] Node: 0 | Tick: 409021 | Conf: 409019 | Hash: 0xA134646B | Rollbacks:  8 (Resim:   8) | Stalls:  0
[HEARTBEAT] Node: 0 | Tick: 409081 | Conf: 409079 | Hash: 0x070E7E65 | Rollbacks:  6 (Resim:   6) | Stalls:  0
[HEARTBEAT] Node: 0 | Tick: 409141 | Conf: 409139 | Hash: 0xEAD67A6A | Rollbacks:  4 (Resim:   4) | Stalls:  0
[HEARTBEAT] Node: 0 | Tick: 409201 | Conf: 409199 | Hash: 0xAAA6AABD | Rollbacks:  1 (Resim:   1) | Stalls:  0
[HEARTBEAT] Node: 0 | Tick: 409261 | Conf: 409259 | Hash: 0xE08C3B61 | Rollbacks: 17 (Resim:  17) | Stalls:  0
[HEARTBEAT] Node: 0 | Tick: 409321 | Conf: 409319 | Hash: 0xDB303481 | Rollbacks:  0 (Resim:   0) | Stalls:  0
[HEARTBEAT] Node: 0 | Tick: 409381 | Conf: 409379 | Hash: 0xAA37F05B | Rollbacks: 19 (Resim:  19) | Stalls:  0
[HEARTBEAT] Node: 0 | Tick: 409441 | Conf: 409439 | Hash: 0x5F7B884E | Rollbacks:  8 (Resim:   8) | Stalls:  0
[HEARTBEAT] Node: 0 | Tick: 409501 | Conf: 409499 | Hash: 0xF2DB0909 | Rollbacks:  1 (Resim:   1) | Stalls:  0
[HEARTBEAT] Node: 0 | Tick: 409561 | Conf: 409559 | Hash: 0x981344AA | Rollbacks:  7 (Resim:   7) | Stalls:  0
[BOT:50006] Heartbeat - Sparse Mods Tracked: 2048
[HEARTBEAT] Node: 0 | Tick: 409621 | Conf: 409619 | Hash: 0x881F9318 | Rollbacks:  6 (Resim:   6) | Stalls:  0
[HEARTBEAT] Node: 0 | Tick: 409681 | Conf: 409679 | Hash: 0xD3DECD9C | Rollbacks:  7 (Resim:   7) | Stalls:  0
[HEARTBEAT] Node: 0 | Tick: 409741 | Conf: 409739 | Hash: 0x3A0CC6BE | Rollbacks: 26 (Resim:  26) | Stalls:  0
[HEARTBEAT] Node: 0 | Tick: 409801 | Conf: 409799 | Hash: 0x42134CAC | Rollbacks:  8 (Resim:   8) | Stalls:  0
[HEARTBEAT] Node: 0 | Tick: 409861 | Conf: 409859 | Hash: 0x9A880F40 | Rollbacks:  0 (Resim:   0) | Stalls:  0
[HEARTBEAT] Node: 0 | Tick: 409921 | Conf: 409919 | Hash: 0x92114B13 | Rollbacks: 16 (Resim:  16) | Stalls:  0
[HEARTBEAT] Node: 0 | Tick: 409981 | Conf: 409979 | Hash: 0xE95E6142 | Rollbacks:  7 (Resim:   7) | Stalls:  0
[HEARTBEAT] Node: 0 | Tick: 410041 | Conf: 410039 | Hash: 0x85AFE288 | Rollbacks:  0 (Resim:   0) | Stalls:  0
[HEARTBEAT] Node: 0 | Tick: 410101 | Conf: 410099 | Hash: 0x648EB692 | Rollbacks: 23 (Resim:  23) | Stalls:  0
[HEARTBEAT] Node: 0 | Tick: 410161 | Conf: 410159 | Hash: 0x623C8E1C | Rollbacks:  1 (Resim:   1) | Stalls:  0
[BOT:50006] Heartbeat - Sparse Mods Tracked: 2048
[HEARTBEAT] Node: 0 | Tick: 410221 | Conf: 410219 | Hash: 0x0D9C8ECE | Rollbacks: 14 (Resim:  14) | Stalls:  0
[HEARTBEAT] Node: 0 | Tick: 410281 | Conf: 410279 | Hash: 0x8FEB47E9 | Rollbacks:  9 (Resim:   9) | Stalls:  0
[HEARTBEAT] Node: 0 | Tick: 410341 | Conf: 410339 | Hash: 0x3163A2CD | Rollbacks:  0 (Resim:   0) | Stalls:  0
[HEARTBEAT] Node: 0 | Tick: 410401 | Conf: 410399 | Hash: 0x3325F133 | Rollbacks: 11 (Resim:  11) | Stalls:  0
[HEARTBEAT] Node: 0 | Tick: 410461 | Conf: 410459 | Hash: 0x5F31D7F8 | Rollbacks:  2 (Resim:   2) | Stalls:  0
[HEARTBEAT] Node: 0 | Tick: 410521 | Conf: 410519 | Hash: 0x3485E2C1 | Rollbacks:  0 (Resim:   0) | Stalls:  0
[HEARTBEAT] Node: 0 | Tick: 410581 | Conf: 410579 | Hash: 0xC1D486FC | Rollbacks: 11 (Resim:  11) | Stalls:  0
[HEARTBEAT] Node: 0 | Tick: 410641 | Conf: 410639 | Hash: 0x7D4DFD3F | Rollbacks:  0 (Resim:   0) | Stalls:  0
[HEARTBEAT] Node: 0 | Tick: 410701 | Conf: 410699 | Hash: 0x11ADFD21 | Rollbacks: 21 (Resim:  21) | Stalls:  0
[BOT:50006] Heartbeat - Sparse Mods Tracked: 2048
[HEARTBEAT] Node: 0 | Tick: 410761 | Conf: 410759 | Hash: 0xDB2CBFE0 | Rollbacks:  5 (Resim:   5) | Stalls:  0
[HEARTBEAT] Node: 0 | Tick: 410821 | Conf: 410819 | Hash: 0x325778AD | Rollbacks: 23 (Resim:  23) | Stalls:  0
[HEARTBEAT] Node: 0 | Tick: 410881 | Conf: 410879 | Hash: 0x293F267F | Rollbacks: 21 (Resim:  21) | Stalls:  0
[HEARTBEAT] Node: 0 | Tick: 410941 | Conf: 410939 | Hash: 0xF7A42AC3 | Rollbacks:  0 (Resim:   0) | Stalls:  0
[HEARTBEAT] Node: 0 | Tick: 411001 | Conf: 410999 | Hash: 0x3398EC91 | Rollbacks: 13 (Resim:  13) | Stalls:  0
[HEARTBEAT] Node: 0 | Tick: 411061 | Conf: 411059 | Hash: 0xC59015E3 | Rollbacks:  8 (Resim:   8) | Stalls:  0
[HEARTBEAT] Node: 0 | Tick: 411121 | Conf: 411119 | Hash: 0xFD8A2F67 | Rollbacks:  5 (Resim:   5) | Stalls:  0
[HEARTBEAT] Node: 0 | Tick: 411181 | Conf: 411179 | Hash: 0xC4E76879 | Rollbacks:  8 (Resim:   8) | Stalls:  0
[HEARTBEAT] Node: 0 | Tick: 411241 | Conf: 411239 | Hash: 0x6DAC1383 | Rollbacks:  6 (Resim:   6) | Stalls:  0
[HEARTBEAT] Node: 0 | Tick: 411301 | Conf: 411299 | Hash: 0xEF5C8B8E | Rollbacks: 15 (Resim:  15) | Stalls:  0
[BOT:50006] Heartbeat - Sparse Mods Tracked: 2048
[HEARTBEAT] Node: 0 | Tick: 411361 | Conf: 411359 | Hash: 0x78CB73D3 | Rollbacks: 14 (Resim:  14) | Stalls:  0
[HEARTBEAT] Node: 0 | Tick: 411421 | Conf: 411419 | Hash: 0x7928197E | Rollbacks:  0 (Resim:   0) | Stalls:  0
[HEARTBEAT] Node: 0 | Tick: 411481 | Conf: 411479 | Hash: 0x2EB4635E | Rollbacks: 15 (Resim:  15) | Stalls:  0
[HEARTBEAT] Node: 0 | Tick: 411541 | Conf: 411539 | Hash: 0x534A1F97 | Rollbacks:  8 (Resim:   8) | Stalls:  0
[HEARTBEAT] Node: 0 | Tick: 411601 | Conf: 411599 | Hash: 0x6D9C3363 | Rollbacks:  0 (Resim:   0) | Stalls:  0
[HEARTBEAT] Node: 0 | Tick: 411661 | Conf: 411659 | Hash: 0x44C34DC0 | Rollbacks: 20 (Resim:  20) | Stalls:  0
[HEARTBEAT] Node: 0 | Tick: 411721 | Conf: 411719 | Hash: 0xB9B7ED7A | Rollbacks:  7 (Resim:   7) | Stalls:  0
[HEARTBEAT] Node: 0 | Tick: 411781 | Conf: 411779 | Hash: 0x23369832 | Rollbacks: 17 (Resim:  17) | Stalls:  0
[HEARTBEAT] Node: 0 | Tick: 411841 | Conf: 411839 | Hash: 0xC00C8523 | Rollbacks: 16 (Resim:  16) | Stalls:  0
[HEARTBEAT] Node: 0 | Tick: 411901 | Conf: 411899 | Hash: 0x08309B5A | Rollbacks:  4 (Resim:   4) | Stalls:  0
[BOT:50006] Heartbeat - Sparse Mods Tracked: 2048
[HEARTBEAT] Node: 0 | Tick: 411961 | Conf: 411959 | Hash: 0x7CEB45BF | Rollbacks:  7 (Resim:   7) | Stalls:  0
[HEARTBEAT] Node: 0 | Tick: 412021 | Conf: 412019 | Hash: 0xF33A87D6 | Rollbacks: 15 (Resim:  15) | Stalls:  0
[HEARTBEAT] Node: 0 | Tick: 412081 | Conf: 412079 | Hash: 0x76FECBE5 | Rollbacks:  0 (Resim:   0) | Stalls:  0
[HEARTBEAT] Node: 0 | Tick: 412141 | Conf: 412139 | Hash: 0x32FA2485 | Rollbacks: 11 (Resim:  11) | Stalls:  0
[HEARTBEAT] Node: 0 | Tick: 412201 | Conf: 412199 | Hash: 0x720427BC | Rollbacks:  5 (Resim:   5) | Stalls:  0
[HEARTBEAT] Node: 0 | Tick: 412261 | Conf: 412259 | Hash: 0x75E00085 | Rollbacks:  7 (Resim:   7) | Stalls:  0
[HEARTBEAT] Node: 0 | Tick: 412321 | Conf: 412319 | Hash: 0xB4FCA2D5 | Rollbacks: 12 (Resim:  12) | Stalls:  0
[HEARTBEAT] Node: 0 | Tick: 412381 | Conf: 412379 | Hash: 0xB2243C52 | Rollbacks:  0 (Resim:   0) | Stalls:  0
[HEARTBEAT] Node: 0 | Tick: 412441 | Conf: 412439 | Hash: 0xE2E1AB67 | Rollbacks:  6 (Resim:   6) | Stalls:  0
[HEARTBEAT] Node: 0 | Tick: 412501 | Conf: 412499 | Hash: 0x74038164 | Rollbacks:  0 (Resim:   0) | Stalls:  0
[BOT:50006] Heartbeat - Sparse Mods Tracked: 2048
[HEARTBEAT] Node: 0 | Tick: 412561 | Conf: 412559 | Hash: 0x67DA5070 | Rollbacks:  4 (Resim:   4) | Stalls:  0
[HEARTBEAT] Node: 0 | Tick: 412621 | Conf: 412619 | Hash: 0x43668F7A | Rollbacks:  0 (Resim:   0) | Stalls:  0
[HEARTBEAT] Node: 0 | Tick: 412681 | Conf: 412679 | Hash: 0x3D089123 | Rollbacks: 11 (Resim:  11) | Stalls:  0
[HEARTBEAT] Node: 0 | Tick: 412741 | Conf: 412739 | Hash: 0x6CA4D5EE | Rollbacks:  6 (Resim:   6) | Stalls:  0
[HEARTBEAT] Node: 0 | Tick: 412801 | Conf: 412799 | Hash: 0x14A5C704 | Rollbacks: 18 (Resim:  18) | Stalls:  0
[HEARTBEAT] Node: 0 | Tick: 412861 | Conf: 412859 | Hash: 0x1BF48022 | Rollbacks:  9 (Resim:   9) | Stalls:  0
[HEARTBEAT] Node: 0 | Tick: 412921 | Conf: 412919 | Hash: 0x05FF1092 | Rollbacks:  0 (Resim:   0) | Stalls:  0
[HEARTBEAT] Node: 0 | Tick: 412981 | Conf: 412979 | Hash: 0xB6F349FA | Rollbacks: 27 (Resim:  27) | Stalls:  0
[HEARTBEAT] Node: 0 | Tick: 413041 | Conf: 413039 | Hash: 0xE5FDA270 | Rollbacks:  0 (Resim:   0) | Stalls:  0
[BOT:50006] Heartbeat - Sparse Mods Tracked: 2048
[HEARTBEAT] Node: 0 | Tick: 413101 | Conf: 413099 | Hash: 0xA8AFE514 | Rollbacks: 14 (Resim:  14) | Stalls:  0
[HEARTBEAT] Node: 0 | Tick: 413161 | Conf: 413159 | Hash: 0xA85BA3CC | Rollbacks: 12 (Resim:  12) | Stalls:  0
[HEARTBEAT] Node: 0 | Tick: 413221 | Conf: 413219 | Hash: 0x9F321352 | Rollbacks:  0 (Resim:   0) | Stalls:  0
[HEARTBEAT] Node: 0 | Tick: 413281 | Conf: 413279 | Hash: 0xE2D8DDB4 | Rollbacks:  9 (Resim:   9) | Stalls:  0
[HEARTBEAT] Node: 0 | Tick: 413341 | Conf: 413339 | Hash: 0x3051479F | Rollbacks:  0 (Resim:   0) | Stalls:  0
[HEARTBEAT] Node: 0 | Tick: 413401 | Conf: 413399 | Hash: 0xFF4F150F | Rollbacks: 19 (Resim:  19) | Stalls:  0
[HEARTBEAT] Node: 0 | Tick: 413461 | Conf: 413459 | Hash: 0x5D6B4432 | Rollbacks: 10 (Resim:  10) | Stalls:  0
[HEARTBEAT] Node: 0 | Tick: 413521 | Conf: 413519 | Hash: 0xCD76D457 | Rollbacks:  8 (Resim:   8) | Stalls:  0
[HEARTBEAT] Node: 0 | Tick: 413581 | Conf: 413579 | Hash: 0x2D2F1AA3 | Rollbacks:  8 (Resim:   8) | Stalls:  0
[HEARTBEAT] Node: 0 | Tick: 413641 | Conf: 413639 | Hash: 0x10DDE36C | Rollbacks: 16 (Resim:  16) | Stalls:  0
[BOT:50006] Heartbeat - Sparse Mods Tracked: 2048
[HEARTBEAT] Node: 0 | Tick: 413701 | Conf: 413699 | Hash: 0xBE6FE3FA | Rollbacks:  0 (Resim:   0) | Stalls:  0
[HEARTBEAT] Node: 0 | Tick: 413761 | Conf: 413759 | Hash: 0xFF3840A8 | Rollbacks: 18 (Resim:  18) | Stalls:  0
[HEARTBEAT] Node: 0 | Tick: 413821 | Conf: 413819 | Hash: 0x653B808F | Rollbacks:  3 (Resim:   3) | Stalls:  0
[HEARTBEAT] Node: 0 | Tick: 413881 | Conf: 413879 | Hash: 0x5E77E3EF | Rollbacks:  2 (Resim:   2) | Stalls:  0
[HEARTBEAT] Node: 0 | Tick: 413941 | Conf: 413939 | Hash: 0x412EBFA4 | Rollbacks:  6 (Resim:   6) | Stalls:  0
[HEARTBEAT] Node: 0 | Tick: 414001 | Conf: 413999 | Hash: 0x678846E2 | Rollbacks:  0 (Resim:   0) | Stalls:  0
[HEARTBEAT] Node: 0 | Tick: 414061 | Conf: 414059 | Hash: 0x71988757 | Rollbacks: 21 (Resim:  21) | Stalls:  0
[HEARTBEAT] Node: 0 | Tick: 414121 | Conf: 414119 | Hash: 0x13402D7D | Rollbacks:  9 (Resim:   9) | Stalls:  0
[HEARTBEAT] Node: 0 | Tick: 414181 | Conf: 414179 | Hash: 0x402FC82F | Rollbacks:  2 (Resim:   2) | Stalls:  0
[HEARTBEAT] Node: 0 | Tick: 414241 | Conf: 414239 | Hash: 0x348BB251 | Rollbacks: 20 (Resim:  20) | Stalls:  0
[BOT:50006] Heartbeat - Sparse Mods Tracked: 2048
[HEARTBEAT] Node: 0 | Tick: 414301 | Conf: 414299 | Hash: 0x5DB25573 | Rollbacks:  8 (Resim:   8) | Stalls:  0
[HEARTBEAT] Node: 0 | Tick: 414361 | Conf: 414359 | Hash: 0xF228C404 | Rollbacks: 10 (Resim:  10) | Stalls:  0
[HEARTBEAT] Node: 0 | Tick: 414421 | Conf: 414419 | Hash: 0x15005EA0 | Rollbacks: 21 (Resim:  21) | Stalls:  0
[HEARTBEAT] Node: 0 | Tick: 414481 | Conf: 414479 | Hash: 0x126A104E | Rollbacks: 12 (Resim:  12) | Stalls:  0
[HEARTBEAT] Node: 0 | Tick: 414541 | Conf: 414539 | Hash: 0x88E1E1EB | Rollbacks:  4 (Resim:   4) | Stalls:  0
[HEARTBEAT] Node: 0 | Tick: 414601 | Conf: 414599 | Hash: 0xA95BB1E9 | Rollbacks:  0 (Resim:   0) | Stalls:  0
[HEARTBEAT] Node: 0 | Tick: 414661 | Conf: 414659 | Hash: 0x06A7824C | Rollbacks: 13 (Resim:  13) | Stalls:  0
[HEARTBEAT] Node: 0 | Tick: 414721 | Conf: 414719 | Hash: 0x8933D0BC | Rollbacks:  0 (Resim:   0) | Stalls:  0
[HEARTBEAT] Node: 0 | Tick: 414781 | Conf: 414779 | Hash: 0x82FF2F3C | Rollbacks: 14 (Resim:  14) | Stalls:  0
[HEARTBEAT] Node: 0 | Tick: 414841 | Conf: 414839 | Hash: 0x327B8B8F | Rollbacks: 23 (Resim:  23) | Stalls:  0
[BOT:50006] Heartbeat - Sparse Mods Tracked: 2048
[HEARTBEAT] Node: 0 | Tick: 414901 | Conf: 414899 | Hash: 0x48E20480 | Rollbacks: 19 (Resim:  19) | Stalls:  0
[HEARTBEAT] Node: 0 | Tick: 414961 | Conf: 414959 | Hash: 0x71A2541A | Rollbacks: 11 (Resim:  11) | Stalls:  0
[HEARTBEAT] Node: 0 | Tick: 415021 | Conf: 415019 | Hash: 0xF111074F | Rollbacks:  1 (Resim:   1) | Stalls:  0
[HEARTBEAT] Node: 0 | Tick: 415081 | Conf: 415079 | Hash: 0xA9E4D4F0 | Rollbacks: 16 (Resim:  16) | Stalls:  0
[HEARTBEAT] Node: 0 | Tick: 415141 | Conf: 415139 | Hash: 0xEDCF55A0 | Rollbacks:  6 (Resim:   6) | Stalls:  0
[HEARTBEAT] Node: 0 | Tick: 415201 | Conf: 415199 | Hash: 0xC32A22E5 | Rollbacks:  0 (Resim:   0) | Stalls:  0
[HEARTBEAT] Node: 0 | Tick: 415261 | Conf: 415259 | Hash: 0xBB4E7A08 | Rollbacks:  9 (Resim:   9) | Stalls:  0
[HEARTBEAT] Node: 0 | Tick: 415321 | Conf: 415319 | Hash: 0x2A253F09 | Rollbacks:  1 (Resim:   1) | Stalls:  0
[HEARTBEAT] Node: 0 | Tick: 415381 | Conf: 415379 | Hash: 0xCCFDD1F0 | Rollbacks:  0 (Resim:   0) | Stalls:  0
[BOT:50006] Heartbeat - Sparse Mods Tracked: 2048
[HEARTBEAT] Node: 0 | Tick: 415441 | Conf: 415439 | Hash: 0x8C43B2B4 | Rollbacks:  0 (Resim:   0) | Stalls:  0
[HEARTBEAT] Node: 0 | Tick: 415501 | Conf: 415499 | Hash: 0xC7695BDA | Rollbacks:  0 (Resim:   0) | Stalls:  0
[HEARTBEAT] Node: 0 | Tick: 415561 | Conf: 415559 | Hash: 0x3D27883A | Rollbacks:  0 (Resim:   0) | Stalls:  0
[HEARTBEAT] Node: 0 | Tick: 415621 | Conf: 415619 | Hash: 0xEFB4D55E | Rollbacks: 13 (Resim:  13) | Stalls:  0
[HEARTBEAT] Node: 0 | Tick: 415681 | Conf: 415679 | Hash: 0xED97A575 | Rollbacks: 22 (Resim:  22) | Stalls:  0
[HEARTBEAT] Node: 0 | Tick: 415741 | Conf: 415739 | Hash: 0x80F09195 | Rollbacks: 23 (Resim:  23) | Stalls:  0
[HEARTBEAT] Node: 0 | Tick: 415801 | Conf: 415799 | Hash: 0x037A1E5E | Rollbacks: 22 (Resim:  22) | Stalls:  0
[HEARTBEAT] Node: 0 | Tick: 415861 | Conf: 415859 | Hash: 0x412C7C25 | Rollbacks: 21 (Resim:  21) | Stalls:  0
[HEARTBEAT] Node: 0 | Tick: 415921 | Conf: 415919 | Hash: 0x4DF03E0B | Rollbacks: 21 (Resim:  21) | Stalls:  0
[HEARTBEAT] Node: 0 | Tick: 415981 | Conf: 415979 | Hash: 0x0A472BDC | Rollbacks: 21 (Resim:  21) | Stalls:  0
[BOT:50006] Heartbeat - Sparse Mods Tracked: 2048
[HEARTBEAT] Node: 0 | Tick: 416041 | Conf: 416039 | Hash: 0xD396DC41 | Rollbacks: 20 (Resim:  20) | Stalls:  0
[HEARTBEAT] Node: 0 | Tick: 416101 | Conf: 416099 | Hash: 0x9A048D17 | Rollbacks: 18 (Resim:  18) | Stalls:  0
[HEARTBEAT] Node: 0 | Tick: 416161 | Conf: 416159 | Hash: 0xFB1AB942 | Rollbacks: 16 (Resim:  16) | Stalls:  0
[HEARTBEAT] Node: 0 | Tick: 416221 | Conf: 416219 | Hash: 0x5F27B252 | Rollbacks: 14 (Resim:  14) | Stalls:  0
[HEARTBEAT] Node: 0 | Tick: 416281 | Conf: 416279 | Hash: 0xB7D21EE5 | Rollbacks: 10 (Resim:  10) | Stalls:  0
[HEARTBEAT] Node: 0 | Tick: 416341 | Conf: 416339 | Hash: 0x60262862 | Rollbacks:  4 (Resim:   4) | Stalls:  0
[HEARTBEAT] Node: 0 | Tick: 416401 | Conf: 416399 | Hash: 0x7B5ABF0D | Rollbacks:  0 (Resim:   0) | Stalls:  0
[HEARTBEAT] Node: 0 | Tick: 416461 | Conf: 416459 | Hash: 0xEA262E14 | Rollbacks:  0 (Resim:   0) | Stalls:  0
[HEARTBEAT] Node: 0 | Tick: 416521 | Conf: 416519 | Hash: 0x4DD46563 | Rollbacks:  0 (Resim:   0) | Stalls:  0
[HEARTBEAT] Node: 0 | Tick: 416581 | Conf: 416579 | Hash: 0x5F6BDC1A | Rollbacks:  0 (Resim:   0) | Stalls:  0
[BOT:50006] Heartbeat - Sparse Mods Tracked: 2048
[HEARTBEAT] Node: 0 | Tick: 416641 | Conf: 416639 | Hash: 0x1938D362 | Rollbacks:  2 (Resim:   2) | Stalls:  0
[HEARTBEAT] Node: 0 | Tick: 416701 | Conf: 416699 | Hash: 0xF2187917 | Rollbacks: 22 (Resim:  22) | Stalls:  0
[HEARTBEAT] Node: 0 | Tick: 416761 | Conf: 416759 | Hash: 0x75DB4A2A | Rollbacks: 18 (Resim:  18) | Stalls:  0
[HEARTBEAT] Node: 0 | Tick: 416821 | Conf: 416819 | Hash: 0x898267E3 | Rollbacks: 17 (Resim:  17) | Stalls:  0
[HEARTBEAT] Node: 0 | Tick: 416881 | Conf: 416879 | Hash: 0x1171DA91 | Rollbacks: 15 (Resim:  15) | Stalls:  0
[HEARTBEAT] Node: 0 | Tick: 416941 | Conf: 416939 | Hash: 0xCC8BE6EF | Rollbacks: 13 (Resim:  13) | Stalls:  0
[HEARTBEAT] Node: 0 | Tick: 417001 | Conf: 416999 | Hash: 0x101A7A3B | Rollbacks: 10 (Resim:  10) | Stalls:  0
[HEARTBEAT] Node: 0 | Tick: 417061 | Conf: 417059 | Hash: 0x8A5C3770 | Rollbacks:  5 (Resim:   5) | Stalls:  0
[HEARTBEAT] Node: 0 | Tick: 417121 | Conf: 417119 | Hash: 0xD0F5421E | Rollbacks:  1 (Resim:   1) | Stalls:  0
[BOT:50006] Heartbeat - Sparse Mods Tracked: 2048
[HEARTBEAT] Node: 0 | Tick: 417181 | Conf: 417179 | Hash: 0x36E2669D | Rollbacks:  0 (Resim:   0) | Stalls:  0
[HEARTBEAT] Node: 0 | Tick: 417241 | Conf: 417239 | Hash: 0x7B7B8862 | Rollbacks:  0 (Resim:   0) | Stalls:  0
[HEARTBEAT] Node: 0 | Tick: 417301 | Conf: 417299 | Hash: 0x174B63C6 | Rollbacks:  0 (Resim:   0) | Stalls:  0
[HEARTBEAT] Node: 0 | Tick: 417361 | Conf: 417359 | Hash: 0xDD82BD36 | Rollbacks:  0 (Resim:   0) | Stalls:  0
[HEARTBEAT] Node: 0 | Tick: 417421 | Conf: 417419 | Hash: 0x66077118 | Rollbacks: 22 (Resim:  22) | Stalls:  0
[HEARTBEAT] Node: 0 | Tick: 417481 | Conf: 417479 | Hash: 0xA6E8118F | Rollbacks: 21 (Resim:  21) | Stalls:  0
[HEARTBEAT] Node: 0 | Tick: 417541 | Conf: 417539 | Hash: 0x5DDD7E6C | Rollbacks: 20 (Resim:  20) | Stalls:  0
[HEARTBEAT] Node: 0 | Tick: 417601 | Conf: 417599 | Hash: 0x4B4A1902 | Rollbacks: 19 (Resim:  19) | Stalls:  0
[HEARTBEAT] Node: 0 | Tick: 417661 | Conf: 417659 | Hash: 0x510768AC | Rollbacks: 18 (Resim:  18) | Stalls:  0
[HEARTBEAT] Node: 0 | Tick: 417721 | Conf: 417719 | Hash: 0x9EBEF3E5 | Rollbacks: 16 (Resim:  16) | Stalls:  0
[BOT:50006] Heartbeat - Sparse Mods Tracked: 2048
[HEARTBEAT] Node: 0 | Tick: 417781 | Conf: 417779 | Hash: 0x9AFF95B5 | Rollbacks: 13 (Resim:  13) | Stalls:  0
[HEARTBEAT] Node: 0 | Tick: 417841 | Conf: 417839 | Hash: 0x1F5D141F | Rollbacks: 10 (Resim:  10) | Stalls:  0
[HEARTBEAT] Node: 0 | Tick: 417901 | Conf: 417899 | Hash: 0x923A1FB9 | Rollbacks:  7 (Resim:   7) | Stalls:  0
[HEARTBEAT] Node: 0 | Tick: 417961 | Conf: 417959 | Hash: 0xC146F948 | Rollbacks:  5 (Resim:   5) | Stalls:  0
[HEARTBEAT] Node: 0 | Tick: 418021 | Conf: 418019 | Hash: 0xC1601895 | Rollbacks:  1 (Resim:   1) | Stalls:  0
[HEARTBEAT] Node: 0 | Tick: 418081 | Conf: 418079 | Hash: 0xDE799FD0 | Rollbacks:  0 (Resim:   0) | Stalls:  0
[HEARTBEAT] Node: 0 | Tick: 418141 | Conf: 418139 | Hash: 0x1ACF4182 | Rollbacks:  0 (Resim:   0) | Stalls:  0
[HEARTBEAT] Node: 0 | Tick: 418201 | Conf: 418199 | Hash: 0xEA61897A | Rollbacks:  0 (Resim:   0) | Stalls:  0
[HEARTBEAT] Node: 0 | Tick: 418261 | Conf: 418259 | Hash: 0x592B6568 | Rollbacks:  0 (Resim:   0) | Stalls:  0
[HEARTBEAT] Node: 0 | Tick: 418321 | Conf: 418319 | Hash: 0x28525D32 | Rollbacks: 11 (Resim:  11) | Stalls:  0
[BOT:50006] Heartbeat - Sparse Mods Tracked: 2048
[HEARTBEAT] Node: 0 | Tick: 418381 | Conf: 418379 | Hash: 0x4E7DABDC | Rollbacks: 22 (Resim:  22) | Stalls:  0
[HEARTBEAT] Node: 0 | Tick: 418441 | Conf: 418439 | Hash: 0x6E9EC420 | Rollbacks: 20 (Resim:  20) | Stalls:  0
[HEARTBEAT] Node: 0 | Tick: 418501 | Conf: 418499 | Hash: 0x9AAB4514 | Rollbacks: 17 (Resim:  17) | Stalls:  0
[HEARTBEAT] Node: 0 | Tick: 418561 | Conf: 418559 | Hash: 0xEDB2724C | Rollbacks: 13 (Resim:  13) | Stalls:  0
[HEARTBEAT] Node: 0 | Tick: 418621 | Conf: 418619 | Hash: 0x2283BB2E | Rollbacks:  9 (Resim:   9) | Stalls:  0
[HEARTBEAT] Node: 0 | Tick: 418681 | Conf: 418679 | Hash: 0xF3FB2A0C | Rollbacks:  5 (Resim:   5) | Stalls:  0
[HEARTBEAT] Node: 0 | Tick: 418741 | Conf: 418739 | Hash: 0x386A339B | Rollbacks:  0 (Resim:   0) | Stalls:  0
[HEARTBEAT] Node: 0 | Tick: 418801 | Conf: 418799 | Hash: 0x2F926E22 | Rollbacks:  0 (Resim:   0) | Stalls:  0
[HEARTBEAT] Node: 0 | Tick: 418861 | Conf: 418859 | Hash: 0x30111E5C | Rollbacks:  0 (Resim:   0) | Stalls:  0
[BOT:50006] Heartbeat - Sparse Mods Tracked: 2048
[HEARTBEAT] Node: 0 | Tick: 418921 | Conf: 418919 | Hash: 0x1F8F684A | Rollbacks:  0 (Resim:   0) | Stalls:  0
[HEARTBEAT] Node: 0 | Tick: 418981 | Conf: 418979 | Hash: 0x89C23F06 | Rollbacks:  1 (Resim:   1) | Stalls:  0
[HEARTBEAT] Node: 0 | Tick: 419041 | Conf: 419039 | Hash: 0xCABE5E5C | Rollbacks: 19 (Resim:  19) | Stalls:  0
[HEARTBEAT] Node: 0 | Tick: 419101 | Conf: 419099 | Hash: 0x72A0C670 | Rollbacks: 24 (Resim:  24) | Stalls:  0
[HEARTBEAT] Node: 0 | Tick: 419161 | Conf: 419159 | Hash: 0x511CFDF4 | Rollbacks: 23 (Resim:  23) | Stalls:  0
[HEARTBEAT] Node: 0 | Tick: 419221 | Conf: 419219 | Hash: 0x2A504E45 | Rollbacks: 23 (Resim:  23) | Stalls:  0
[HEARTBEAT] Node: 0 | Tick: 419281 | Conf: 419279 | Hash: 0xFEE51DA7 | Rollbacks: 22 (Resim:  22) | Stalls:  0
[HEARTBEAT] Node: 0 | Tick: 419341 | Conf: 419339 | Hash: 0xA5C6B024 | Rollbacks:  2 (Resim:   3) | Stalls:  0
[HEARTBEAT] Node: 0 | Tick: 419401 | Conf: 419399 | Hash: 0x78A41E42 | Rollbacks:  0 (Resim:   0) | Stalls:  0
[HEARTBEAT] Node: 0 | Tick: 419461 | Conf: 419459 | Hash: 0x671AB972 | Rollbacks: 12 (Resim:  12) | Stalls:  0
[BOT:50006] Heartbeat - Sparse Mods Tracked: 2048
[HEARTBEAT] Node: 0 | Tick: 419521 | Conf: 419519 | Hash: 0x367362FC | Rollbacks: 20 (Resim:  20) | Stalls:  0
[HEARTBEAT] Node: 0 | Tick: 419581 | Conf: 419579 | Hash: 0x8BC87264 | Rollbacks: 21 (Resim:  21) | Stalls:  0
[HEARTBEAT] Node: 0 | Tick: 419641 | Conf: 419639 | Hash: 0xA6CA8B60 | Rollbacks: 20 (Resim:  20) | Stalls:  0
[HEARTBEAT] Node: 0 | Tick: 419701 | Conf: 419699 | Hash: 0xE6D8707C | Rollbacks: 19 (Resim:  19) | Stalls:  0
[HEARTBEAT] Node: 0 | Tick: 419761 | Conf: 419759 | Hash: 0x762EA1FC | Rollbacks: 17 (Resim:  17) | Stalls:  0
[HEARTBEAT] Node: 0 | Tick: 419821 | Conf: 419819 | Hash: 0xBD71BBA0 | Rollbacks: 15 (Resim:  15) | Stalls:  0
[HEARTBEAT] Node: 0 | Tick: 419881 | Conf: 419879 | Hash: 0xC17088C5 | Rollbacks: 12 (Resim:  12) | Stalls:  0
[HEARTBEAT] Node: 0 | Tick: 419941 | Conf: 419939 | Hash: 0x5DFC8143 | Rollbacks:  9 (Resim:   9) | Stalls:  0
[HEARTBEAT] Node: 0 | Tick: 420001 | Conf: 419999 | Hash: 0xC4F96BAA | Rollbacks:  4 (Resim:   4) | Stalls:  0
[HEARTBEAT] Node: 0 | Tick: 420061 | Conf: 420059 | Hash: 0x2D1B57E9 | Rollbacks:  2 (Resim:   2) | Stalls:  0
[BOT:50006] Heartbeat - Sparse Mods Tracked: 2048
[HEARTBEAT] Node: 0 | Tick: 420121 | Conf: 420119 | Hash: 0xA7B18D30 | Rollbacks:  0 (Resim:   0) | Stalls:  0
[HEARTBEAT] Node: 0 | Tick: 420181 | Conf: 420179 | Hash: 0x2BAD64C3 | Rollbacks:  0 (Resim:   0) | Stalls:  0
[HEARTBEAT] Node: 0 | Tick: 420241 | Conf: 420239 | Hash: 0x8854F73C | Rollbacks:  0 (Resim:   0) | Stalls:  0
[HEARTBEAT] Node: 0 | Tick: 420301 | Conf: 420299 | Hash: 0x0D7B3D7F | Rollbacks:  0 (Resim:   0) | Stalls:  0
[HEARTBEAT] Node: 0 | Tick: 420361 | Conf: 420359 | Hash: 0x42FA956D | Rollbacks: 22 (Resim:  22) | Stalls:  0
[HEARTBEAT] Node: 0 | Tick: 420421 | Conf: 420419 | Hash: 0x90ADDF58 | Rollbacks: 19 (Resim:  19) | Stalls:  0
[HEARTBEAT] Node: 0 | Tick: 420481 | Conf: 420479 | Hash: 0x6F66E055 | Rollbacks: 18 (Resim:  18) | Stalls:  0
[HEARTBEAT] Node: 0 | Tick: 420541 | Conf: 420539 | Hash: 0x0D70B2B8 | Rollbacks: 15 (Resim:  15) | Stalls:  0
[HEARTBEAT] Node: 0 | Tick: 420601 | Conf: 420599 | Hash: 0x99C9FC68 | Rollbacks: 13 (Resim:  13) | Stalls:  0
[BOT:50006] Heartbeat - Sparse Mods Tracked: 2048
[HEARTBEAT] Node: 0 | Tick: 420661 | Conf: 420659 | Hash: 0x5B23375C | Rollbacks: 10 (Resim:  10) | Stalls:  0
[HEARTBEAT] Node: 0 | Tick: 420721 | Conf: 420719 | Hash: 0x5FA109D4 | Rollbacks:  1 (Resim:   1) | Stalls:  0
[HEARTBEAT] Node: 0 | Tick: 420781 | Conf: 420779 | Hash: 0xD2D443B0 | Rollbacks:  0 (Resim:   0) | Stalls:  0
[HEARTBEAT] Node: 0 | Tick: 420841 | Conf: 420839 | Hash: 0x9F398609 | Rollbacks:  0 (Resim:   0) | Stalls:  0
[HEARTBEAT] Node: 0 | Tick: 420901 | Conf: 420899 | Hash: 0xA0A5A20D | Rollbacks:  0 (Resim:   0) | Stalls:  0
[HEARTBEAT] Node: 0 | Tick: 420961 | Conf: 420959 | Hash: 0xC161FEA8 | Rollbacks:  4 (Resim:   4) | Stalls:  0
[HEARTBEAT] Node: 0 | Tick: 421021 | Conf: 421019 | Hash: 0x41C6BC1E | Rollbacks: 23 (Resim:  23) | Stalls:  0
[HEARTBEAT] Node: 0 | Tick: 421081 | Conf: 421079 | Hash: 0x0DACDF38 | Rollbacks: 21 (Resim:  21) | Stalls:  0
[HEARTBEAT] Node: 0 | Tick: 421141 | Conf: 421139 | Hash: 0x77CDB73F | Rollbacks: 18 (Resim:  18) | Stalls:  0
[HEARTBEAT] Node: 0 | Tick: 421201 | Conf: 421199 | Hash: 0x24E91844 | Rollbacks: 17 (Resim:  17) | Stalls:  0
[BOT:50006] Heartbeat - Sparse Mods Tracked: 2048
[HEARTBEAT] Node: 0 | Tick: 421261 | Conf: 421259 | Hash: 0xB9DA5592 | Rollbacks: 16 (Resim:  16) | Stalls:  0
[HEARTBEAT] Node: 0 | Tick: 421321 | Conf: 421319 | Hash: 0x2DED8BBC | Rollbacks: 13 (Resim:  13) | Stalls:  0
[HEARTBEAT] Node: 0 | Tick: 421381 | Conf: 421379 | Hash: 0x04816A13 | Rollbacks:  8 (Resim:   8) | Stalls:  0
[HEARTBEAT] Node: 0 | Tick: 421441 | Conf: 421439 | Hash: 0x22F3624D | Rollbacks:  6 (Resim:   6) | Stalls:  0
[HEARTBEAT] Node: 0 | Tick: 421501 | Conf: 421499 | Hash: 0xEC41BB09 | Rollbacks:  1 (Resim:   1) | Stalls:  0
[HEARTBEAT] Node: 0 | Tick: 421561 | Conf: 421559 | Hash: 0x660B5305 | Rollbacks:  0 (Resim:   0) | Stalls:  0
[HEARTBEAT] Node: 0 | Tick: 421621 | Conf: 421619 | Hash: 0x1F4788D7 | Rollbacks:  0 (Resim:   0) | Stalls:  0
[HEARTBEAT] Node: 0 | Tick: 421681 | Conf: 421679 | Hash: 0x35454ADB | Rollbacks:  0 (Resim:   0) | Stalls:  0
[HEARTBEAT] Node: 0 | Tick: 421741 | Conf: 421739 | Hash: 0x6C71E7E9 | Rollbacks:  1 (Resim:   1) | Stalls:  0
[HEARTBEAT] Node: 0 | Tick: 421801 | Conf: 421799 | Hash: 0xB7109070 | Rollbacks: 22 (Resim:  22) | Stalls:  0
[BOT:50006] Heartbeat - Sparse Mods Tracked: 2048
[HEARTBEAT] Node: 0 | Tick: 421861 | Conf: 421859 | Hash: 0xDC0C5472 | Rollbacks: 20 (Resim:  20) | Stalls:  0
[HEARTBEAT] Node: 0 | Tick: 421921 | Conf: 421919 | Hash: 0x046A2D2D | Rollbacks: 20 (Resim:  20) | Stalls:  0
[HEARTBEAT] Node: 0 | Tick: 421981 | Conf: 421979 | Hash: 0xA53DF21A | Rollbacks: 18 (Resim:  18) | Stalls:  0
[HEARTBEAT] Node: 0 | Tick: 422041 | Conf: 422039 | Hash: 0x01623AC9 | Rollbacks: 18 (Resim:  18) | Stalls:  0
[HEARTBEAT] Node: 0 | Tick: 422101 | Conf: 422099 | Hash: 0x2FCD9A82 | Rollbacks: 14 (Resim:  14) | Stalls:  0
[HEARTBEAT] Node: 0 | Tick: 422161 | Conf: 422159 | Hash: 0x21CFB9F8 | Rollbacks: 10 (Resim:  10) | Stalls:  0
[HEARTBEAT] Node: 0 | Tick: 422221 | Conf: 422219 | Hash: 0xB0986A1B | Rollbacks:  5 (Resim:   5) | Stalls:  0
[HEARTBEAT] Node: 0 | Tick: 422281 | Conf: 422279 | Hash: 0x5972AF87 | Rollbacks:  1 (Resim:   1) | Stalls:  0
[HEARTBEAT] Node: 0 | Tick: 422341 | Conf: 422339 | Hash: 0xFF4617D4 | Rollbacks:  0 (Resim:   0) | Stalls:  0
[BOT:50006] Heartbeat - Sparse Mods Tracked: 2048
[HEARTBEAT] Node: 0 | Tick: 422401 | Conf: 422399 | Hash: 0x620F277F | Rollbacks:  0 (Resim:   0) | Stalls:  0
[HEARTBEAT] Node: 0 | Tick: 422461 | Conf: 422459 | Hash: 0xD8C15670 | Rollbacks:  0 (Resim:   0) | Stalls:  0
[HEARTBEAT] Node: 0 | Tick: 422521 | Conf: 422519 | Hash: 0x8E152AF4 | Rollbacks:  0 (Resim:   0) | Stalls:  0
[HEARTBEAT] Node: 0 | Tick: 422581 | Conf: 422579 | Hash: 0x5FFC6DCE | Rollbacks: 22 (Resim:  22) | Stalls:  0
[HEARTBEAT] Node: 0 | Tick: 422641 | Conf: 422639 | Hash: 0x624E3BDE | Rollbacks: 23 (Resim:  23) | Stalls:  0
[HEARTBEAT] Node: 0 | Tick: 422701 | Conf: 422699 | Hash: 0x7B90C394 | Rollbacks: 19 (Resim:  19) | Stalls:  0
[HEARTBEAT] Node: 0 | Tick: 422761 | Conf: 422759 | Hash: 0xF70C3C37 | Rollbacks: 18 (Resim:  18) | Stalls:  0
[HEARTBEAT] Node: 0 | Tick: 422821 | Conf: 422819 | Hash: 0x8003034E | Rollbacks: 17 (Resim:  17) | Stalls:  0
[HEARTBEAT] Node: 0 | Tick: 422881 | Conf: 422879 | Hash: 0x278131D4 | Rollbacks: 13 (Resim:  13) | Stalls:  0
[HEARTBEAT] Node: 0 | Tick: 422941 | Conf: 422939 | Hash: 0x37BF16FE | Rollbacks:  9 (Resim:   9) | Stalls:  0
[BOT:50006] Heartbeat - Sparse Mods Tracked: 2048
[HEARTBEAT] Node: 0 | Tick: 423001 | Conf: 422999 | Hash: 0x00815484 | Rollbacks:  1 (Resim:   1) | Stalls:  0
[HEARTBEAT] Node: 0 | Tick: 423061 | Conf: 423059 | Hash: 0x91BAADD6 | Rollbacks:  0 (Resim:   0) | Stalls:  0
[HEARTBEAT] Node: 0 | Tick: 423121 | Conf: 423119 | Hash: 0xF4B3B61D | Rollbacks:  0 (Resim:   0) | Stalls:  0
[HEARTBEAT] Node: 0 | Tick: 423181 | Conf: 423179 | Hash: 0x79E31280 | Rollbacks:  0 (Resim:   0) | Stalls:  0
[HEARTBEAT] Node: 0 | Tick: 423241 | Conf: 423239 | Hash: 0xCD7EAE38 | Rollbacks:  2 (Resim:   2) | Stalls:  0
[HEARTBEAT] Node: 0 | Tick: 423301 | Conf: 423299 | Hash: 0x3803A7FB | Rollbacks: 23 (Resim:  23) | Stalls:  0
[HEARTBEAT] Node: 0 | Tick: 423361 | Conf: 423359 | Hash: 0x7AF55FCC | Rollbacks: 22 (Resim:  22) | Stalls:  0
[HEARTBEAT] Node: 0 | Tick: 423421 | Conf: 423419 | Hash: 0x218F68AA | Rollbacks: 19 (Resim:  19) | Stalls:  0
[HEARTBEAT] Node: 0 | Tick: 423481 | Conf: 423479 | Hash: 0x7A03931C | Rollbacks: 16 (Resim:  16) | Stalls:  0
[HEARTBEAT] Node: 0 | Tick: 423541 | Conf: 423539 | Hash: 0x9ABAE7CB | Rollbacks:  1 (Resim:   1) | Stalls:  0
[BOT:50006] Heartbeat - Sparse Mods Tracked: 2048
[HEARTBEAT] Node: 0 | Tick: 423601 | Conf: 423599 | Hash: 0xC893E728 | Rollbacks:  0 (Resim:   0) | Stalls:  0
[HEARTBEAT] Node: 0 | Tick: 423661 | Conf: 423659 | Hash: 0x3D2E847D | Rollbacks:  0 (Resim:   0) | Stalls:  0
[HEARTBEAT] Node: 0 | Tick: 423721 | Conf: 423719 | Hash: 0x4793879C | Rollbacks:  0 (Resim:   0) | Stalls:  0
[HEARTBEAT] Node: 0 | Tick: 423781 | Conf: 423779 | Hash: 0xD2DBC25A | Rollbacks:  7 (Resim:   7) | Stalls:  0
[HEARTBEAT] Node: 0 | Tick: 423841 | Conf: 423839 | Hash: 0xB857BAB2 | Rollbacks: 22 (Resim:  22) | Stalls:  0
[HEARTBEAT] Node: 0 | Tick: 423901 | Conf: 423899 | Hash: 0xDB636F37 | Rollbacks: 23 (Resim:  23) | Stalls:  0
[HEARTBEAT] Node: 0 | Tick: 423961 | Conf: 423959 | Hash: 0x5CC44C1D | Rollbacks: 23 (Resim:  23) | Stalls:  0
[HEARTBEAT] Node: 0 | Tick: 424021 | Conf: 424019 | Hash: 0xFA8E049C | Rollbacks: 19 (Resim:  19) | Stalls:  0
[HEARTBEAT] Node: 0 | Tick: 424081 | Conf: 424079 | Hash: 0x0B79702C | Rollbacks: 17 (Resim:  17) | Stalls:  0
[BOT:50006] Heartbeat - Sparse Mods Tracked: 2048
[HEARTBEAT] Node: 0 | Tick: 424141 | Conf: 424139 | Hash: 0x4D5BD616 | Rollbacks: 14 (Resim:  14) | Stalls:  0
[HEARTBEAT] Node: 0 | Tick: 424201 | Conf: 424199 | Hash: 0xA8504440 | Rollbacks:  9 (Resim:   9) | Stalls:  0
[HEARTBEAT] Node: 0 | Tick: 424261 | Conf: 424259 | Hash: 0xC028E822 | Rollbacks:  7 (Resim:   7) | Stalls:  0
[HEARTBEAT] Node: 0 | Tick: 424321 | Conf: 424319 | Hash: 0x1E9E1C7D | Rollbacks:  1 (Resim:   1) | Stalls:  0
[HEARTBEAT] Node: 0 | Tick: 424381 | Conf: 424379 | Hash: 0xB628F178 | Rollbacks:  0 (Resim:   0) | Stalls:  0
[HEARTBEAT] Node: 0 | Tick: 424441 | Conf: 424439 | Hash: 0xA7A1C6C3 | Rollbacks:  0 (Resim:   0) | Stalls:  0
[HEARTBEAT] Node: 0 | Tick: 424501 | Conf: 424499 | Hash: 0x2F999ACD | Rollbacks:  0 (Resim:   0) | Stalls:  0
[HEARTBEAT] Node: 0 | Tick: 424561 | Conf: 424559 | Hash: 0x98903909 | Rollbacks:  0 (Resim:   0) | Stalls:  0
[HEARTBEAT] Node: 0 | Tick: 424621 | Conf: 424619 | Hash: 0x1AE746EF | Rollbacks: 12 (Resim:  12) | Stalls:  0
[HEARTBEAT] Node: 0 | Tick: 424681 | Conf: 424679 | Hash: 0x448D8F7A | Rollbacks: 24 (Resim:  24) | Stalls:  0
[BOT:50006] Heartbeat - Sparse Mods Tracked: 2048
[HEARTBEAT] Node: 0 | Tick: 424741 | Conf: 424739 | Hash: 0x407BABEB | Rollbacks: 21 (Resim:  21) | Stalls:  0
[HEARTBEAT] Node: 0 | Tick: 424801 | Conf: 424799 | Hash: 0x63D3099B | Rollbacks: 21 (Resim:  21) | Stalls:  0
[HEARTBEAT] Node: 0 | Tick: 424861 | Conf: 424859 | Hash: 0x6CC4052F | Rollbacks: 19 (Resim:  19) | Stalls:  0
[HEARTBEAT] Node: 0 | Tick: 424921 | Conf: 424919 | Hash: 0xDEEA63D0 | Rollbacks: 15 (Resim:  15) | Stalls:  0
[HEARTBEAT] Node: 0 | Tick: 424981 | Conf: 424979 | Hash: 0x4FB86EB7 | Rollbacks: 13 (Resim:  13) | Stalls:  0
[HEARTBEAT] Node: 0 | Tick: 425041 | Conf: 425039 | Hash: 0xA3790073 | Rollbacks: 11 (Resim:  11) | Stalls:  0
[HEARTBEAT] Node: 0 | Tick: 425101 | Conf: 425099 | Hash: 0x84CA6141 | Rollbacks:  7 (Resim:   7) | Stalls:  0
[HEARTBEAT] Node: 0 | Tick: 425161 | Conf: 425159 | Hash: 0xF0B0C33F | Rollbacks:  3 (Resim:   3) | Stalls:  0
[HEARTBEAT] Node: 0 | Tick: 425221 | Conf: 425219 | Hash: 0xFDBB3EE7 | Rollbacks:  0 (Resim:   0) | Stalls:  0
[HEARTBEAT] Node: 0 | Tick: 425281 | Conf: 425279 | Hash: 0xFB5D3AD1 | Rollbacks:  0 (Resim:   0) | Stalls:  0
[BOT:50006] Heartbeat - Sparse Mods Tracked: 2048
[HEARTBEAT] Node: 0 | Tick: 425341 | Conf: 425339 | Hash: 0xF6355CB5 | Rollbacks:  0 (Resim:   0) | Stalls:  0
[HEARTBEAT] Node: 0 | Tick: 425401 | Conf: 425399 | Hash: 0xDD6EA1B1 | Rollbacks:  0 (Resim:   0) | Stalls:  0
[HEARTBEAT] Node: 0 | Tick: 425461 | Conf: 425459 | Hash: 0xD2D7D288 | Rollbacks: 22 (Resim:  22) | Stalls:  0
[HEARTBEAT] Node: 0 | Tick: 425521 | Conf: 425519 | Hash: 0x8AD406B0 | Rollbacks: 22 (Resim:  22) | Stalls:  0
[HEARTBEAT] Node: 0 | Tick: 425581 | Conf: 425579 | Hash: 0xC1703B0F | Rollbacks: 20 (Resim:  20) | Stalls:  0
[HEARTBEAT] Node: 0 | Tick: 425641 | Conf: 425639 | Hash: 0x7898646E | Rollbacks: 20 (Resim:  20) | Stalls:  0
[HEARTBEAT] Node: 0 | Tick: 425701 | Conf: 425699 | Hash: 0x79A12D37 | Rollbacks: 22 (Resim:  22) | Stalls:  0
[HEARTBEAT] Node: 0 | Tick: 425761 | Conf: 425759 | Hash: 0xD3F84E5C | Rollbacks: 20 (Resim:  20) | Stalls:  0
[HEARTBEAT] Node: 0 | Tick: 425821 | Conf: 425819 | Hash: 0x64FC988D | Rollbacks: 17 (Resim:  17) | Stalls:  0
[HEARTBEAT] Node: 0 | Tick: 425881 | Conf: 425879 | Hash: 0x0CFCDE90 | Rollbacks: 14 (Resim:  14) | Stalls:  0
[BOT:50006] Heartbeat - Sparse Mods Tracked: 2048
[HEARTBEAT] Node: 0 | Tick: 425941 | Conf: 425939 | Hash: 0x89F14B67 | Rollbacks: 12 (Resim:  12) | Stalls:  0
[HEARTBEAT] Node: 0 | Tick: 426001 | Conf: 425999 | Hash: 0x29B83202 | Rollbacks:  7 (Resim:   7) | Stalls:  0
[HEARTBEAT] Node: 0 | Tick: 426061 | Conf: 426059 | Hash: 0xCE4F30F3 | Rollbacks:  3 (Resim:   3) | Stalls:  0
[HEARTBEAT] Node: 0 | Tick: 426121 | Conf: 426119 | Hash: 0x539378BB | Rollbacks:  0 (Resim:   0) | Stalls:  0
[HEARTBEAT] Node: 0 | Tick: 426181 | Conf: 426179 | Hash: 0xDD8D766F | Rollbacks:  0 (Resim:   0) | Stalls:  0
[HEARTBEAT] Node: 0 | Tick: 426241 | Conf: 426239 | Hash: 0xA893A3C9 | Rollbacks:  0 (Resim:   0) | Stalls:  0
[HEARTBEAT] Node: 0 | Tick: 426301 | Conf: 426299 | Hash: 0x6836AFC4 | Rollbacks:  0 (Resim:   0) | Stalls:  0
[HEARTBEAT] Node: 0 | Tick: 426361 | Conf: 426359 | Hash: 0xDBA619CA | Rollbacks:  0 (Resim:   0) | Stalls:  0
[HEARTBEAT] Node: 0 | Tick: 426421 | Conf: 426419 | Hash: 0xBCE2867B | Rollbacks: 22 (Resim:  22) | Stalls:  0
[BOT:50006] Heartbeat - Sparse Mods Tracked: 2048
[HEARTBEAT] Node: 0 | Tick: 426481 | Conf: 426479 | Hash: 0xCF7D7C51 | Rollbacks: 22 (Resim:  22) | Stalls:  0
[HEARTBEAT] Node: 0 | Tick: 426541 | Conf: 426539 | Hash: 0x23D84E33 | Rollbacks: 22 (Resim:  22) | Stalls:  0
[HEARTBEAT] Node: 0 | Tick: 426601 | Conf: 426599 | Hash: 0x602F2134 | Rollbacks: 23 (Resim:  23) | Stalls:  0
[HEARTBEAT] Node: 0 | Tick: 426661 | Conf: 426659 | Hash: 0x8485D763 | Rollbacks: 23 (Resim:  23) | Stalls:  0
[HEARTBEAT] Node: 0 | Tick: 426721 | Conf: 426719 | Hash: 0xD0559AC9 | Rollbacks: 22 (Resim:  22) | Stalls:  0
[HEARTBEAT] Node: 0 | Tick: 426781 | Conf: 426779 | Hash: 0x97F76809 | Rollbacks: 22 (Resim:  22) | Stalls:  0
[HEARTBEAT] Node: 0 | Tick: 426841 | Conf: 426839 | Hash: 0x2840E241 | Rollbacks: 21 (Resim:  21) | Stalls:  0
[HEARTBEAT] Node: 0 | Tick: 426901 | Conf: 426899 | Hash: 0xE88DC6D8 | Rollbacks: 20 (Resim:  20) | Stalls:  0
[HEARTBEAT] Node: 0 | Tick: 426961 | Conf: 426959 | Hash: 0x91785EE1 | Rollbacks: 20 (Resim:  20) | Stalls:  0
[HEARTBEAT] Node: 0 | Tick: 427021 | Conf: 427019 | Hash: 0xDBB32159 | Rollbacks: 18 (Resim:  18) | Stalls:  0
[BOT:50006] Heartbeat - Sparse Mods Tracked: 2048
[HEARTBEAT] Node: 0 | Tick: 427081 | Conf: 427079 | Hash: 0x1BBB8D77 | Rollbacks:  1 (Resim:   1) | Stalls:  0
[HEARTBEAT] Node: 0 | Tick: 427141 | Conf: 427139 | Hash: 0x44B299CB | Rollbacks:  0 (Resim:   0) | Stalls:  0
[HEARTBEAT] Node: 0 | Tick: 427201 | Conf: 427199 | Hash: 0xC0C0368E | Rollbacks:  0 (Resim:   0) | Stalls:  0
[HEARTBEAT] Node: 0 | Tick: 427261 | Conf: 427259 | Hash: 0x3CFB06E8 | Rollbacks:  0 (Resim:   0) | Stalls:  0
[HEARTBEAT] Node: 0 | Tick: 427321 | Conf: 427319 | Hash: 0xFE18E723 | Rollbacks:  0 (Resim:   0) | Stalls:  0
[HEARTBEAT] Node: 0 | Tick: 427381 | Conf: 427379 | Hash: 0x1AF6D119 | Rollbacks: 15 (Resim:  15) | Stalls:  0
[HEARTBEAT] Node: 0 | Tick: 427441 | Conf: 427439 | Hash: 0xC48F5E52 | Rollbacks: 18 (Resim:  18) | Stalls:  0
[HEARTBEAT] Node: 0 | Tick: 427501 | Conf: 427499 | Hash: 0x7FEC3A61 | Rollbacks: 12 (Resim:  12) | Stalls:  0
[HEARTBEAT] Node: 0 | Tick: 427561 | Conf: 427559 | Hash: 0xEB08F558 | Rollbacks: 10 (Resim:  10) | Stalls:  0
[HEARTBEAT] Node: 0 | Tick: 427621 | Conf: 427619 | Hash: 0xEF96AD18 | Rollbacks:  2 (Resim:   2) | Stalls:  0
[BOT:50006] Heartbeat - Sparse Mods Tracked: 2048
[HEARTBEAT] Node: 0 | Tick: 427681 | Conf: 427679 | Hash: 0xDCE8271A | Rollbacks:  3 (Resim:   3) | Stalls:  0
[HEARTBEAT] Node: 0 | Tick: 427741 | Conf: 427739 | Hash: 0x50D95FD5 | Rollbacks: 24 (Resim:  24) | Stalls:  0
[HEARTBEAT] Node: 0 | Tick: 427801 | Conf: 427799 | Hash: 0x8875F358 | Rollbacks:  8 (Resim:   8) | Stalls:  0
[HEARTBEAT] Node: 0 | Tick: 427861 | Conf: 427859 | Hash: 0x777EE585 | Rollbacks:  0 (Resim:   0) | Stalls:  0
[HEARTBEAT] Node: 0 | Tick: 427921 | Conf: 427919 | Hash: 0xDC89C586 | Rollbacks: 19 (Resim:  19) | Stalls:  0
[HEARTBEAT] Node: 0 | Tick: 427981 | Conf: 427979 | Hash: 0xE2DEEF45 | Rollbacks:  8 (Resim:   8) | Stalls:  0
[HEARTBEAT] Node: 0 | Tick: 428041 | Conf: 428039 | Hash: 0xBC1579A1 | Rollbacks:  0 (Resim:   0) | Stalls:  0
[HEARTBEAT] Node: 0 | Tick: 428101 | Conf: 428099 | Hash: 0xB808DAD7 | Rollbacks:  8 (Resim:   8) | Stalls:  0
[HEARTBEAT] Node: 0 | Tick: 428161 | Conf: 428159 | Hash: 0xE46F8359 | Rollbacks: 10 (Resim:  10) | Stalls:  0
[BOT:50006] Heartbeat - Sparse Mods Tracked: 2048
[HEARTBEAT] Node: 0 | Tick: 428221 | Conf: 428219 | Hash: 0x51B3187D | Rollbacks:  1 (Resim:   1) | Stalls:  0
[HEARTBEAT] Node: 0 | Tick: 428281 | Conf: 428279 | Hash: 0x8E40DE10 | Rollbacks: 26 (Resim:  26) | Stalls:  0
[HEARTBEAT] Node: 0 | Tick: 428341 | Conf: 428339 | Hash: 0x9DEFFD1E | Rollbacks:  2 (Resim:   2) | Stalls:  0
[HEARTBEAT] Node: 0 | Tick: 428401 | Conf: 428399 | Hash: 0xEE44CEFF | Rollbacks: 14 (Resim:  14) | Stalls:  0
[HEARTBEAT] Node: 0 | Tick: 428461 | Conf: 428459 | Hash: 0xD99623D2 | Rollbacks: 24 (Resim:  24) | Stalls:  0
[HEARTBEAT] Node: 0 | Tick: 428521 | Conf: 428519 | Hash: 0x786B8FEE | Rollbacks:  0 (Resim:   0) | Stalls:  0
[HEARTBEAT] Node: 0 | Tick: 428581 | Conf: 428579 | Hash: 0xC7BCFE94 | Rollbacks: 14 (Resim:  14) | Stalls:  0
[HEARTBEAT] Node: 0 | Tick: 428641 | Conf: 428639 | Hash: 0xD098C1DD | Rollbacks: 16 (Resim:  16) | Stalls:  0
[HEARTBEAT] Node: 0 | Tick: 428701 | Conf: 428699 | Hash: 0xA28483D0 | Rollbacks:  7 (Resim:   7) | Stalls:  0
[HEARTBEAT] Node: 0 | Tick: 428761 | Conf: 428759 | Hash: 0x96BA6074 | Rollbacks:  0 (Resim:   0) | Stalls:  0
[BOT:50006] Heartbeat - Sparse Mods Tracked: 2048
[HEARTBEAT] Node: 0 | Tick: 428821 | Conf: 428819 | Hash: 0xBFC6CF8D | Rollbacks: 17 (Resim:  17) | Stalls:  0
[HEARTBEAT] Node: 0 | Tick: 428881 | Conf: 428879 | Hash: 0xEBC57B6F | Rollbacks:  8 (Resim:   8) | Stalls:  0
[HEARTBEAT] Node: 0 | Tick: 428941 | Conf: 428939 | Hash: 0x3DC741A9 | Rollbacks:  0 (Resim:   0) | Stalls:  0
[HEARTBEAT] Node: 0 | Tick: 429001 | Conf: 428999 | Hash: 0xB528CD31 | Rollbacks:  0 (Resim:   0) | Stalls:  0
[HEARTBEAT] Node: 0 | Tick: 429061 | Conf: 429059 | Hash: 0x75A7652A | Rollbacks:  0 (Resim:   0) | Stalls:  0
[HEARTBEAT] Node: 0 | Tick: 429121 | Conf: 429119 | Hash: 0xF5393424 | Rollbacks:  8 (Resim:   8) | Stalls:  0
[HEARTBEAT] Node: 0 | Tick: 429181 | Conf: 429179 | Hash: 0x0DB4853D | Rollbacks:  0 (Resim:   0) | Stalls:  0
[HEARTBEAT] Node: 0 | Tick: 429241 | Conf: 429239 | Hash: 0x58C76EE6 | Rollbacks:  9 (Resim:   9) | Stalls:  0
[HEARTBEAT] Node: 0 | Tick: 429301 | Conf: 429299 | Hash: 0xD1012C35 | Rollbacks:  9 (Resim:   9) | Stalls:  0
[HEARTBEAT] Node: 0 | Tick: 429361 | Conf: 429359 | Hash: 0xB1DFB2AD | Rollbacks:  0 (Resim:   0) | Stalls:  0
[BOT:50006] Heartbeat - Sparse Mods Tracked: 2048
[HEARTBEAT] Node: 0 | Tick: 429421 | Conf: 429419 | Hash: 0x77D00DE7 | Rollbacks: 14 (Resim:  14) | Stalls:  0
[HEARTBEAT] Node: 0 | Tick: 429481 | Conf: 429479 | Hash: 0xA1804907 | Rollbacks: 22 (Resim:  22) | Stalls:  0
[HEARTBEAT] Node: 0 | Tick: 429541 | Conf: 429539 | Hash: 0x1FA958B6 | Rollbacks: 12 (Resim:  12) | Stalls:  0
[HEARTBEAT] Node: 0 | Tick: 429601 | Conf: 429599 | Hash: 0xC4704515 | Rollbacks:  6 (Resim:   6) | Stalls:  0
[HEARTBEAT] Node: 0 | Tick: 429661 | Conf: 429659 | Hash: 0x1FF03E3A | Rollbacks:  0 (Resim:   0) | Stalls:  0
[HEARTBEAT] Node: 0 | Tick: 429721 | Conf: 429719 | Hash: 0x6EF7059E | Rollbacks: 10 (Resim:  10) | Stalls:  0
[HEARTBEAT] Node: 0 | Tick: 429781 | Conf: 429779 | Hash: 0xF8C2B099 | Rollbacks:  1 (Resim:   1) | Stalls:  0
[HEARTBEAT] Node: 0 | Tick: 429841 | Conf: 429839 | Hash: 0x3260864E | Rollbacks:  4 (Resim:   4) | Stalls:  0
[HEARTBEAT] Node: 0 | Tick: 429901 | Conf: 429899 | Hash: 0xF4FA9A05 | Rollbacks: 13 (Resim:  13) | Stalls:  0
[HEARTBEAT] Node: 0 | Tick: 429961 | Conf: 429959 | Hash: 0x2C3C7EED | Rollbacks:  0 (Resim:   0) | Stalls:  0
[BOT:50006] Heartbeat - Sparse Mods Tracked: 2048
[HEARTBEAT] Node: 0 | Tick: 430021 | Conf: 430019 | Hash: 0xFC2E9127 | Rollbacks:  9 (Resim:   9) | Stalls:  0
[HEARTBEAT] Node: 0 | Tick: 430081 | Conf: 430079 | Hash: 0x990BEA9D | Rollbacks:  5 (Resim:   5) | Stalls:  0
[HEARTBEAT] Node: 0 | Tick: 430141 | Conf: 430139 | Hash: 0x1846C78D | Rollbacks: 19 (Resim:  19) | Stalls:  0
[HEARTBEAT] Node: 0 | Tick: 430201 | Conf: 430199 | Hash: 0x4D882B0A | Rollbacks:  0 (Resim:   0) | Stalls:  0
[HEARTBEAT] Node: 0 | Tick: 430261 | Conf: 430259 | Hash: 0xAF19528E | Rollbacks: 18 (Resim:  18) | Stalls:  0
[HEARTBEAT] Node: 0 | Tick: 430321 | Conf: 430319 | Hash: 0xFE0CCF5A | Rollbacks:  0 (Resim:   0) | Stalls:  0
[HEARTBEAT] Node: 0 | Tick: 430381 | Conf: 430379 | Hash: 0xCB261747 | Rollbacks: 19 (Resim:  19) | Stalls:  0
[HEARTBEAT] Node: 0 | Tick: 430441 | Conf: 430439 | Hash: 0x86247F7D | Rollbacks:  8 (Resim:   8) | Stalls:  0
[HEARTBEAT] Node: 0 | Tick: 430501 | Conf: 430499 | Hash: 0xD1C6A0E8 | Rollbacks:  0 (Resim:   0) | Stalls:  0
[BOT:50006] Heartbeat - Sparse Mods Tracked: 2048
[HEARTBEAT] Node: 0 | Tick: 430561 | Conf: 430559 | Hash: 0xD5B2547D | Rollbacks: 17 (Resim:  17) | Stalls:  0
[HEARTBEAT] Node: 0 | Tick: 430621 | Conf: 430619 | Hash: 0x25164346 | Rollbacks:  4 (Resim:   4) | Stalls:  0
[HEARTBEAT] Node: 0 | Tick: 430681 | Conf: 430679 | Hash: 0x80DA8744 | Rollbacks: 19 (Resim:  19) | Stalls:  0
[HEARTBEAT] Node: 0 | Tick: 430741 | Conf: 430739 | Hash: 0x46F5B6B0 | Rollbacks:  0 (Resim:   0) | Stalls:  0
[HEARTBEAT] Node: 0 | Tick: 430801 | Conf: 430799 | Hash: 0x717B485B | Rollbacks: 19 (Resim:  19) | Stalls:  0
[HEARTBEAT] Node: 0 | Tick: 430861 | Conf: 430859 | Hash: 0x03005534 | Rollbacks:  9 (Resim:   9) | Stalls:  0
[HEARTBEAT] Node: 0 | Tick: 430921 | Conf: 430919 | Hash: 0x78382877 | Rollbacks:  1 (Resim:   1) | Stalls:  0
[HEARTBEAT] Node: 0 | Tick: 430981 | Conf: 430979 | Hash: 0xA828A694 | Rollbacks: 27 (Resim:  27) | Stalls:  0
[HEARTBEAT] Node: 0 | Tick: 431041 | Conf: 431039 | Hash: 0x8CB42261 | Rollbacks:  2 (Resim:   2) | Stalls:  0
[HEARTBEAT] Node: 0 | Tick: 431101 | Conf: 431099 | Hash: 0x35274351 | Rollbacks:  0 (Resim:   0) | Stalls:  0
[BOT:50006] Heartbeat - Sparse Mods Tracked: 2048
[HEARTBEAT] Node: 0 | Tick: 431161 | Conf: 431159 | Hash: 0xE1AD9E32 | Rollbacks: 10 (Resim:  10) | Stalls:  0
[HEARTBEAT] Node: 0 | Tick: 431221 | Conf: 431219 | Hash: 0x3ED2DE64 | Rollbacks:  0 (Resim:   0) | Stalls:  0
[HEARTBEAT] Node: 0 | Tick: 431281 | Conf: 431279 | Hash: 0x0DB67DF2 | Rollbacks: 13 (Resim:  13) | Stalls:  0
[HEARTBEAT] Node: 0 | Tick: 431341 | Conf: 431339 | Hash: 0x1FCCD22D | Rollbacks:  5 (Resim:   5) | Stalls:  0
[HEARTBEAT] Node: 0 | Tick: 431401 | Conf: 431399 | Hash: 0x1F469D67 | Rollbacks:  0 (Resim:   0) | Stalls:  0
[HEARTBEAT] Node: 0 | Tick: 431461 | Conf: 431459 | Hash: 0x10292CDE | Rollbacks: 17 (Resim:  17) | Stalls:  0
[HEARTBEAT] Node: 0 | Tick: 431521 | Conf: 431519 | Hash: 0x5CAC4E1D | Rollbacks:  0 (Resim:   0) | Stalls:  0
[HEARTBEAT] Node: 0 | Tick: 431581 | Conf: 431579 | Hash: 0x56F77E7A | Rollbacks: 15 (Resim:  15) | Stalls:  0
[HEARTBEAT] Node: 0 | Tick: 431641 | Conf: 431639 | Hash: 0x4F7A065B | Rollbacks:  3 (Resim:   3) | Stalls:  0
[HEARTBEAT] Node: 0 | Tick: 431701 | Conf: 431699 | Hash: 0xD3C494A5 | Rollbacks: 17 (Resim:  17) | Stalls:  0
[BOT:50006] Heartbeat - Sparse Mods Tracked: 2048
[HEARTBEAT] Node: 0 | Tick: 431761 | Conf: 431759 | Hash: 0xE420FA54 | Rollbacks:  8 (Resim:   8) | Stalls:  0
[HEARTBEAT] Node: 0 | Tick: 431821 | Conf: 431819 | Hash: 0xDD6F3ABE | Rollbacks:  0 (Resim:   0) | Stalls:  0
[HEARTBEAT] Node: 0 | Tick: 431881 | Conf: 431879 | Hash: 0xC20FE025 | Rollbacks: 13 (Resim:  13) | Stalls:  0
[HEARTBEAT] Node: 0 | Tick: 431941 | Conf: 431939 | Hash: 0xE628F1C9 | Rollbacks:  4 (Resim:   4) | Stalls:  0
[HEARTBEAT] Node: 0 | Tick: 432001 | Conf: 431999 | Hash: 0x4F3832B0 | Rollbacks:  0 (Resim:   0) | Stalls:  0
[HEARTBEAT] Node: 0 | Tick: 432061 | Conf: 432059 | Hash: 0x28536D94 | Rollbacks:  0 (Resim:   0) | Stalls:  0
[HEARTBEAT] Node: 0 | Tick: 432121 | Conf: 432119 | Hash: 0x39049287 | Rollbacks: 21 (Resim:  21) | Stalls:  0
[HEARTBEAT] Node: 0 | Tick: 432181 | Conf: 432179 | Hash: 0x457C0802 | Rollbacks:  8 (Resim:   8) | Stalls:  0
[HEARTBEAT] Node: 0 | Tick: 432241 | Conf: 432239 | Hash: 0x694B4F24 | Rollbacks:  0 (Resim:   0) | Stalls:  0
[HEARTBEAT] Node: 0 | Tick: 432301 | Conf: 432299 | Hash: 0xCF6D5C19 | Rollbacks: 13 (Resim:  13) | Stalls:  0
[BOT:50006] Heartbeat - Sparse Mods Tracked: 2048
[HEARTBEAT] Node: 0 | Tick: 432361 | Conf: 432359 | Hash: 0x842C821E | Rollbacks: 14 (Resim:  14) | Stalls:  0
[HEARTBEAT] Node: 0 | Tick: 432421 | Conf: 432419 | Hash: 0x1CAAB3CE | Rollbacks:  7 (Resim:   7) | Stalls:  0
[HEARTBEAT] Node: 0 | Tick: 432481 | Conf: 432479 | Hash: 0x12E68DC2 | Rollbacks:  3 (Resim:   3) | Stalls:  0
[HEARTBEAT] Node: 0 | Tick: 432541 | Conf: 432539 | Hash: 0x15E10902 | Rollbacks: 10 (Resim:  10) | Stalls:  0
[HEARTBEAT] Node: 0 | Tick: 432601 | Conf: 432599 | Hash: 0x83011D1B | Rollbacks:  0 (Resim:   0) | Stalls:  0
[HEARTBEAT] Node: 0 | Tick: 432661 | Conf: 432659 | Hash: 0xE1D9E6A0 | Rollbacks:  0 (Resim:   0) | Stalls:  0
[HEARTBEAT] Node: 0 | Tick: 432721 | Conf: 432719 | Hash: 0x2EC6A1E2 | Rollbacks:  9 (Resim:   9) | Stalls:  0
[HEARTBEAT] Node: 0 | Tick: 432781 | Conf: 432779 | Hash: 0xBDEA4749 | Rollbacks:  2 (Resim:   2) | Stalls:  0
[HEARTBEAT] Node: 0 | Tick: 432841 | Conf: 432839 | Hash: 0x37189F8B | Rollbacks: 15 (Resim:  15) | Stalls:  0
[HEARTBEAT] Node: 0 | Tick: 432901 | Conf: 432899 | Hash: 0x5E925143 | Rollbacks: 10 (Resim:  10) | Stalls:  0
[BOT:50006] Heartbeat - Sparse Mods Tracked: 2048
[HEARTBEAT] Node: 0 | Tick: 432961 | Conf: 432959 | Hash: 0x2F33CFE0 | Rollbacks:  0 (Resim:   0) | Stalls:  0
[HEARTBEAT] Node: 0 | Tick: 433021 | Conf: 433019 | Hash: 0xA9DC9A01 | Rollbacks: 17 (Resim:  17) | Stalls:  0
[HEARTBEAT] Node: 0 | Tick: 433081 | Conf: 433079 | Hash: 0xB6312D5F | Rollbacks:  9 (Resim:   9) | Stalls:  0
[HEARTBEAT] Node: 0 | Tick: 433141 | Conf: 433139 | Hash: 0x661BE1F7 | Rollbacks:  0 (Resim:   0) | Stalls:  0
[HEARTBEAT] Node: 0 | Tick: 433201 | Conf: 433199 | Hash: 0x11FCDC40 | Rollbacks: 25 (Resim:  25) | Stalls:  0
[HEARTBEAT] Node: 0 | Tick: 433261 | Conf: 433259 | Hash: 0x80D44DAD | Rollbacks:  2 (Resim:   2) | Stalls:  0
[HEARTBEAT] Node: 0 | Tick: 433321 | Conf: 433319 | Hash: 0xC307B585 | Rollbacks:  8 (Resim:   8) | Stalls:  0
[HEARTBEAT] Node: 0 | Tick: 433381 | Conf: 433379 | Hash: 0xE731B1C9 | Rollbacks: 13 (Resim:  13) | Stalls:  0
[HEARTBEAT] Node: 0 | Tick: 433441 | Conf: 433439 | Hash: 0xB2EC9A12 | Rollbacks:  1 (Resim:   1) | Stalls:  0
[BOT:50006] Heartbeat - Sparse Mods Tracked: 2048
[HEARTBEAT] Node: 0 | Tick: 433501 | Conf: 433499 | Hash: 0xD713B473 | Rollbacks: 18 (Resim:  18) | Stalls:  0
[HEARTBEAT] Node: 0 | Tick: 433561 | Conf: 433559 | Hash: 0x0D7CE8CF | Rollbacks:  8 (Resim:   8) | Stalls:  0
[HEARTBEAT] Node: 0 | Tick: 433621 | Conf: 433619 | Hash: 0x22098D09 | Rollbacks:  0 (Resim:   0) | Stalls:  0
[HEARTBEAT] Node: 0 | Tick: 433681 | Conf: 433679 | Hash: 0x1BDA7CAE | Rollbacks: 19 (Resim:  19) | Stalls:  0
[HEARTBEAT] Node: 0 | Tick: 433741 | Conf: 433739 | Hash: 0x7D9F9D66 | Rollbacks:  0 (Resim:   0) | Stalls:  0
[HEARTBEAT] Node: 0 | Tick: 433801 | Conf: 433799 | Hash: 0x0E863C76 | Rollbacks: 13 (Resim:  13) | Stalls:  0
[HEARTBEAT] Node: 0 | Tick: 433861 | Conf: 433859 | Hash: 0xC9462E11 | Rollbacks: 11 (Resim:  11) | Stalls:  0
[HEARTBEAT] Node: 0 | Tick: 433921 | Conf: 433919 | Hash: 0xC7E2E2B5 | Rollbacks:  0 (Resim:   0) | Stalls:  0
[HEARTBEAT] Node: 0 | Tick: 433981 | Conf: 433979 | Hash: 0x9513A3C7 | Rollbacks: 17 (Resim:  17) | Stalls:  0
[HEARTBEAT] Node: 0 | Tick: 434041 | Conf: 434039 | Hash: 0xE15461A0 | Rollbacks: 10 (Resim:  10) | Stalls:  0
[BOT:50006] Heartbeat - Sparse Mods Tracked: 2048
[HEARTBEAT] Node: 0 | Tick: 434101 | Conf: 434099 | Hash: 0x062AB9C4 | Rollbacks:  0 (Resim:   0) | Stalls:  0
[HEARTBEAT] Node: 0 | Tick: 434161 | Conf: 434159 | Hash: 0x1850412D | Rollbacks: 20 (Resim:  20) | Stalls:  0
[HEARTBEAT] Node: 0 | Tick: 434221 | Conf: 434219 | Hash: 0xEC7A5417 | Rollbacks: 16 (Resim:  16) | Stalls:  0
[HEARTBEAT] Node: 0 | Tick: 434281 | Conf: 434279 | Hash: 0x46847F3D | Rollbacks:  0 (Resim:   0) | Stalls:  0
[HEARTBEAT] Node: 0 | Tick: 434341 | Conf: 434339 | Hash: 0x513E0A1E | Rollbacks:  0 (Resim:   0) | Stalls:  0
[HEARTBEAT] Node: 0 | Tick: 434401 | Conf: 434399 | Hash: 0x31024450 | Rollbacks:  4 (Resim:   4) | Stalls:  0
[HEARTBEAT] Node: 0 | Tick: 434461 | Conf: 434459 | Hash: 0x3194E44E | Rollbacks:  0 (Resim:   0) | Stalls:  0
[HEARTBEAT] Node: 0 | Tick: 434521 | Conf: 434519 | Hash: 0x2DDE9426 | Rollbacks: 13 (Resim:  13) | Stalls:  0
[HEARTBEAT] Node: 0 | Tick: 434581 | Conf: 434579 | Hash: 0x2CFC0127 | Rollbacks: 10 (Resim:  10) | Stalls:  0
[HEARTBEAT] Node: 0 | Tick: 434641 | Conf: 434639 | Hash: 0x316A9443 | Rollbacks:  5 (Resim:   5) | Stalls:  0
[BOT:50006] Heartbeat - Sparse Mods Tracked: 2048
[HEARTBEAT] Node: 0 | Tick: 434701 | Conf: 434699 | Hash: 0xF32C1F1B | Rollbacks:  0 (Resim:   0) | Stalls:  0
[HEARTBEAT] Node: 0 | Tick: 434761 | Conf: 434759 | Hash: 0xCD0C2A49 | Rollbacks: 15 (Resim:  15) | Stalls:  0
[HEARTBEAT] Node: 0 | Tick: 434821 | Conf: 434819 | Hash: 0x6E93C62E | Rollbacks:  2 (Resim:   2) | Stalls:  0
[HEARTBEAT] Node: 0 | Tick: 434881 | Conf: 434879 | Hash: 0x1DBE7928 | Rollbacks: 10 (Resim:  10) | Stalls:  0
[HEARTBEAT] Node: 0 | Tick: 434941 | Conf: 434939 | Hash: 0xF0404274 | Rollbacks: 18 (Resim:  18) | Stalls:  0
[HEARTBEAT] Node: 0 | Tick: 435001 | Conf: 434999 | Hash: 0x877EB76B | Rollbacks:  0 (Resim:   0) | Stalls:  0
[HEARTBEAT] Node: 0 | Tick: 435061 | Conf: 435059 | Hash: 0x6179EBDD | Rollbacks:  9 (Resim:   9) | Stalls:  0
[HEARTBEAT] Node: 0 | Tick: 435121 | Conf: 435119 | Hash: 0x12E05F21 | Rollbacks:  0 (Resim:   0) | Stalls:  0
[HEARTBEAT] Node: 0 | Tick: 435181 | Conf: 435179 | Hash: 0xD843EFAB | Rollbacks: 16 (Resim:  16) | Stalls:  0
[HEARTBEAT] Node: 0 | Tick: 435241 | Conf: 435239 | Hash: 0x98EB745B | Rollbacks:  0 (Resim:   0) | Stalls:  0
[BOT:50006] Heartbeat - Sparse Mods Tracked: 2048
[HEARTBEAT] Node: 0 | Tick: 435301 | Conf: 435299 | Hash: 0x5402353D | Rollbacks:  0 (Resim:   0) | Stalls:  0
[HEARTBEAT] Node: 0 | Tick: 435361 | Conf: 435359 | Hash: 0xA63D81FF | Rollbacks: 13 (Resim:  13) | Stalls:  0
[HEARTBEAT] Node: 0 | Tick: 435421 | Conf: 435419 | Hash: 0xA626D722 | Rollbacks:  4 (Resim:   4) | Stalls:  0
[HEARTBEAT] Node: 0 | Tick: 435481 | Conf: 435479 | Hash: 0x3F182177 | Rollbacks:  0 (Resim:   0) | Stalls:  0
[HEARTBEAT] Node: 0 | Tick: 435541 | Conf: 435539 | Hash: 0x10AC461F | Rollbacks: 12 (Resim:  12) | Stalls:  0
[HEARTBEAT] Node: 0 | Tick: 435601 | Conf: 435599 | Hash: 0x26BD63B9 | Rollbacks:  6 (Resim:   6) | Stalls:  0
[HEARTBEAT] Node: 0 | Tick: 435661 | Conf: 435659 | Hash: 0xFFC3201A | Rollbacks:  6 (Resim:   6) | Stalls:  0
[HEARTBEAT] Node: 0 | Tick: 435721 | Conf: 435719 | Hash: 0x2A776370 | Rollbacks: 17 (Resim:  17) | Stalls:  0
[HEARTBEAT] Node: 0 | Tick: 435781 | Conf: 435779 | Hash: 0x226CF478 | Rollbacks:  1 (Resim:   1) | Stalls:  0
[BOT:50006] Heartbeat - Sparse Mods Tracked: 2048
[HEARTBEAT] Node: 0 | Tick: 435841 | Conf: 435839 | Hash: 0x206601A8 | Rollbacks: 18 (Resim:  18) | Stalls:  0
[HEARTBEAT] Node: 0 | Tick: 435901 | Conf: 435899 | Hash: 0x2D40033E | Rollbacks:  7 (Resim:   7) | Stalls:  0
[HEARTBEAT] Node: 0 | Tick: 435961 | Conf: 435959 | Hash: 0xF3FCB8F7 | Rollbacks:  0 (Resim:   0) | Stalls:  0
[HEARTBEAT] Node: 0 | Tick: 436021 | Conf: 436019 | Hash: 0x4DADA913 | Rollbacks: 13 (Resim:  13) | Stalls:  0
[HEARTBEAT] Node: 0 | Tick: 436081 | Conf: 436079 | Hash: 0xC1E447CE | Rollbacks:  5 (Resim:   5) | Stalls:  0
[HEARTBEAT] Node: 0 | Tick: 436141 | Conf: 436139 | Hash: 0xA8F24651 | Rollbacks:  4 (Resim:   4) | Stalls:  0
[HEARTBEAT] Node: 0 | Tick: 436201 | Conf: 436199 | Hash: 0xA3D3A9D9 | Rollbacks:  6 (Resim:   6) | Stalls:  0
[HEARTBEAT] Node: 0 | Tick: 436261 | Conf: 436259 | Hash: 0xFB4DBA73 | Rollbacks: 12 (Resim:  12) | Stalls:  0
[HEARTBEAT] Node: 0 | Tick: 436321 | Conf: 436319 | Hash: 0x2B76E7C0 | Rollbacks:  3 (Resim:   3) | Stalls:  0
[HEARTBEAT] Node: 0 | Tick: 436381 | Conf: 436379 | Hash: 0x62CBB6CB | Rollbacks:  9 (Resim:   9) | Stalls:  0
[BOT:50006] Heartbeat - Sparse Mods Tracked: 2048
[HEARTBEAT] Node: 0 | Tick: 436441 | Conf: 436439 | Hash: 0x37C71A88 | Rollbacks: 11 (Resim:  11) | Stalls:  0
[HEARTBEAT] Node: 0 | Tick: 436501 | Conf: 436499 | Hash: 0x41A83973 | Rollbacks: 13 (Resim:  13) | Stalls:  0
[HEARTBEAT] Node: 0 | Tick: 436561 | Conf: 436559 | Hash: 0xB27081E6 | Rollbacks: 23 (Resim:  23) | Stalls:  0
[HEARTBEAT] Node: 0 | Tick: 436621 | Conf: 436619 | Hash: 0xDD4B702A | Rollbacks:  5 (Resim:   5) | Stalls:  0
[HEARTBEAT] Node: 0 | Tick: 436681 | Conf: 436679 | Hash: 0x4664DEFD | Rollbacks:  0 (Resim:   0) | Stalls:  0
[HEARTBEAT] Node: 0 | Tick: 436741 | Conf: 436739 | Hash: 0xB6BC3C6B | Rollbacks: 16 (Resim:  16) | Stalls:  0
[HEARTBEAT] Node: 0 | Tick: 436801 | Conf: 436799 | Hash: 0x3C1429DE | Rollbacks:  4 (Resim:   4) | Stalls:  0
[HEARTBEAT] Node: 0 | Tick: 436861 | Conf: 436859 | Hash: 0xA67618DD | Rollbacks: 13 (Resim:  13) | Stalls:  0
[HEARTBEAT] Node: 0 | Tick: 436921 | Conf: 436919 | Hash: 0xBB4FCFCE | Rollbacks: 18 (Resim:  18) | Stalls:  0
[HEARTBEAT] Node: 0 | Tick: 436981 | Conf: 436979 | Hash: 0x67430768 | Rollbacks:  0 (Resim:   0) | Stalls:  0
[BOT:50006] Heartbeat - Sparse Mods Tracked: 2048
[HEARTBEAT] Node: 0 | Tick: 437041 | Conf: 437039 | Hash: 0x92F48BA3 | Rollbacks: 19 (Resim:  19) | Stalls:  0
[HEARTBEAT] Node: 0 | Tick: 437101 | Conf: 437099 | Hash: 0x5D2AE483 | Rollbacks: 15 (Resim:  15) | Stalls:  0
[HEARTBEAT] Node: 0 | Tick: 437161 | Conf: 437159 | Hash: 0x6C60069A | Rollbacks:  3 (Resim:   3) | Stalls:  0
[HEARTBEAT] Node: 0 | Tick: 437221 | Conf: 437219 | Hash: 0xD6F079D8 | Rollbacks:  8 (Resim:   8) | Stalls:  0
[HEARTBEAT] Node: 0 | Tick: 437281 | Conf: 437279 | Hash: 0xFD57E906 | Rollbacks: 19 (Resim:  19) | Stalls:  0
[HEARTBEAT] Node: 0 | Tick: 437341 | Conf: 437339 | Hash: 0x91E69C1E | Rollbacks:  9 (Resim:   9) | Stalls:  0
[HEARTBEAT] Node: 0 | Tick: 437401 | Conf: 437399 | Hash: 0xF8FEA9F5 | Rollbacks:  0 (Resim:   0) | Stalls:  0
[HEARTBEAT] Node: 0 | Tick: 437461 | Conf: 437459 | Hash: 0x00D74D50 | Rollbacks: 18 (Resim:  18) | Stalls:  0
[HEARTBEAT] Node: 0 | Tick: 437521 | Conf: 437519 | Hash: 0x6D4328EE | Rollbacks:  6 (Resim:   6) | Stalls:  0
[HEARTBEAT] Node: 0 | Tick: 437581 | Conf: 437579 | Hash: 0x73A2AC5C | Rollbacks:  8 (Resim:   8) | Stalls:  0
[BOT:50006] Heartbeat - Sparse Mods Tracked: 2048
[HEARTBEAT] Node: 0 | Tick: 437641 | Conf: 437639 | Hash: 0xC886BCAE | Rollbacks: 18 (Resim:  18) | Stalls:  0
[HEARTBEAT] Node: 0 | Tick: 437701 | Conf: 437699 | Hash: 0x34369B3A | Rollbacks:  6 (Resim:   6) | Stalls:  0
[HEARTBEAT] Node: 0 | Tick: 437761 | Conf: 437759 | Hash: 0x3F6B5341 | Rollbacks:  0 (Resim:   0) | Stalls:  0
[HEARTBEAT] Node: 0 | Tick: 437821 | Conf: 437819 | Hash: 0x3E9DB785 | Rollbacks: 17 (Resim:  17) | Stalls:  0
[HEARTBEAT] Node: 0 | Tick: 437881 | Conf: 437879 | Hash: 0x2602D782 | Rollbacks: 16 (Resim:  16) | Stalls:  0
[HEARTBEAT] Node: 0 | Tick: 437941 | Conf: 437939 | Hash: 0x311246BF | Rollbacks:  0 (Resim:   0) | Stalls:  0
[HEARTBEAT] Node: 0 | Tick: 438001 | Conf: 437999 | Hash: 0x2B5F4BBF | Rollbacks: 19 (Resim:  19) | Stalls:  0
[HEARTBEAT] Node: 0 | Tick: 438061 | Conf: 438059 | Hash: 0x89F01198 | Rollbacks:  0 (Resim:   0) | Stalls:  0
[HEARTBEAT] Node: 0 | Tick: 438121 | Conf: 438119 | Hash: 0xB6D82997 | Rollbacks: 18 (Resim:  18) | Stalls:  0
[BOT:50006] Heartbeat - Sparse Mods Tracked: 2048
[HEARTBEAT] Node: 0 | Tick: 438181 | Conf: 438179 | Hash: 0x21A99589 | Rollbacks:  7 (Resim:   7) | Stalls:  0
[HEARTBEAT] Node: 0 | Tick: 438241 | Conf: 438239 | Hash: 0x27D653E2 | Rollbacks:  0 (Resim:   0) | Stalls:  0
[HEARTBEAT] Node: 0 | Tick: 438301 | Conf: 438299 | Hash: 0x6D4E23D3 | Rollbacks: 13 (Resim:  13) | Stalls:  0
[HEARTBEAT] Node: 0 | Tick: 438361 | Conf: 438359 | Hash: 0xE7BFEDD5 | Rollbacks: 15 (Resim:  15) | Stalls:  0
[HEARTBEAT] Node: 0 | Tick: 438421 | Conf: 438419 | Hash: 0xC94FCB01 | Rollbacks:  1 (Resim:   1) | Stalls:  0
[HEARTBEAT] Node: 0 | Tick: 438481 | Conf: 438479 | Hash: 0x2252875B | Rollbacks:  8 (Resim:   8) | Stalls:  0
[HEARTBEAT] Node: 0 | Tick: 438541 | Conf: 438539 | Hash: 0x15D3AE8B | Rollbacks:  7 (Resim:   7) | Stalls:  0
[HEARTBEAT] Node: 0 | Tick: 438601 | Conf: 438599 | Hash: 0xAB53BA21 | Rollbacks:  0 (Resim:   0) | Stalls:  0
[HEARTBEAT] Node: 0 | Tick: 438661 | Conf: 438659 | Hash: 0xECAD9250 | Rollbacks: 13 (Resim:  13) | Stalls:  0
[HEARTBEAT] Node: 0 | Tick: 438721 | Conf: 438719 | Hash: 0xBB4A5D4A | Rollbacks: 18 (Resim:  18) | Stalls:  0
[BOT:50006] Heartbeat - Sparse Mods Tracked: 2048
[HEARTBEAT] Node: 0 | Tick: 438781 | Conf: 438779 | Hash: 0xC44F373D | Rollbacks: 10 (Resim:  10) | Stalls:  0
[HEARTBEAT] Node: 0 | Tick: 438841 | Conf: 438839 | Hash: 0x37D32754 | Rollbacks:  4 (Resim:   4) | Stalls:  0
[HEARTBEAT] Node: 0 | Tick: 438901 | Conf: 438899 | Hash: 0xA39758B2 | Rollbacks: 10 (Resim:  10) | Stalls:  0
[HEARTBEAT] Node: 0 | Tick: 438961 | Conf: 438959 | Hash: 0xFC16A2D6 | Rollbacks:  5 (Resim:   5) | Stalls:  0
[HEARTBEAT] Node: 0 | Tick: 439021 | Conf: 439019 | Hash: 0x3E281053 | Rollbacks:  4 (Resim:   4) | Stalls:  0
[HEARTBEAT] Node: 0 | Tick: 439081 | Conf: 439079 | Hash: 0xCF291093 | Rollbacks: 22 (Resim:  22) | Stalls:  0
[HEARTBEAT] Node: 0 | Tick: 439141 | Conf: 439139 | Hash: 0x233084D2 | Rollbacks:  0 (Resim:   0) | Stalls:  0
[HEARTBEAT] Node: 0 | Tick: 439201 | Conf: 439199 | Hash: 0xFF426347 | Rollbacks: 15 (Resim:  15) | Stalls:  0
[HEARTBEAT] Node: 0 | Tick: 439261 | Conf: 439259 | Hash: 0x047BB890 | Rollbacks: 10 (Resim:  10) | Stalls:  0
[HEARTBEAT] Node: 0 | Tick: 439321 | Conf: 439319 | Hash: 0xDDC38905 | Rollbacks:  0 (Resim:   0) | Stalls:  0
[BOT:50006] Heartbeat - Sparse Mods Tracked: 2048
[HEARTBEAT] Node: 0 | Tick: 439381 | Conf: 439379 | Hash: 0x51F28358 | Rollbacks: 20 (Resim:  20) | Stalls:  0
[HEARTBEAT] Node: 0 | Tick: 439441 | Conf: 439439 | Hash: 0x95677AE7 | Rollbacks: 13 (Resim:  13) | Stalls:  0
[HEARTBEAT] Node: 0 | Tick: 439501 | Conf: 439499 | Hash: 0xF3650006 | Rollbacks:  0 (Resim:   0) | Stalls:  0
[HEARTBEAT] Node: 0 | Tick: 439561 | Conf: 439559 | Hash: 0x5D3DD34F | Rollbacks: 12 (Resim:  12) | Stalls:  0
[HEARTBEAT] Node: 0 | Tick: 439621 | Conf: 439619 | Hash: 0x1C678EF1 | Rollbacks: 10 (Resim:  10) | Stalls:  0
[HEARTBEAT] Node: 0 | Tick: 439681 | Conf: 439679 | Hash: 0xFA4A92C7 | Rollbacks:  6 (Resim:   6) | Stalls:  0
[HEARTBEAT] Node: 0 | Tick: 439741 | Conf: 439739 | Hash: 0x24777354 | Rollbacks:  0 (Resim:   0) | Stalls:  0
[HEARTBEAT] Node: 0 | Tick: 439801 | Conf: 439799 | Hash: 0x8325C7EA | Rollbacks: 19 (Resim:  19) | Stalls:  0
[HEARTBEAT] Node: 0 | Tick: 439861 | Conf: 439859 | Hash: 0x863F9584 | Rollbacks: 13 (Resim:  13) | Stalls:  0
[HEARTBEAT] Node: 0 | Tick: 439921 | Conf: 439919 | Hash: 0xA0A10CF0 | Rollbacks:  0 (Resim:   0) | Stalls:  0
[BOT:50006] Heartbeat - Sparse Mods Tracked: 2048
[HEARTBEAT] Node: 0 | Tick: 439981 | Conf: 439979 | Hash: 0xC81F41E3 | Rollbacks: 16 (Resim:  16) | Stalls:  0
[HEARTBEAT] Node: 0 | Tick: 440041 | Conf: 440039 | Hash: 0x56789968 | Rollbacks: 21 (Resim:  21) | Stalls:  0
[HEARTBEAT] Node: 0 | Tick: 440101 | Conf: 440099 | Hash: 0x1B865297 | Rollbacks:  4 (Resim:   4) | Stalls:  0
[HEARTBEAT] Node: 0 | Tick: 440161 | Conf: 440159 | Hash: 0xB3D65450 | Rollbacks:  0 (Resim:   0) | Stalls:  0
[HEARTBEAT] Node: 0 | Tick: 440221 | Conf: 440219 | Hash: 0xEE0E4EF8 | Rollbacks: 13 (Resim:  13) | Stalls:  0
[HEARTBEAT] Node: 0 | Tick: 440281 | Conf: 440279 | Hash: 0xBAF6C886 | Rollbacks:  7 (Resim:   7) | Stalls:  0
[HEARTBEAT] Node: 0 | Tick: 440341 | Conf: 440339 | Hash: 0x2BD7F523 | Rollbacks:  0 (Resim:   0) | Stalls:  0
[HEARTBEAT] Node: 0 | Tick: 440401 | Conf: 440399 | Hash: 0xB65AEB18 | Rollbacks: 17 (Resim:  17) | Stalls:  0
[HEARTBEAT] Node: 0 | Tick: 440461 | Conf: 440459 | Hash: 0x74DA7090 | Rollbacks:  8 (Resim:   8) | Stalls:  0
[BOT:50006] Heartbeat - Sparse Mods Tracked: 2048
[HEARTBEAT] Node: 0 | Tick: 440521 | Conf: 440519 | Hash: 0x01B1BFFF | Rollbacks: 10 (Resim:  10) | Stalls:  0
[HEARTBEAT] Node: 0 | Tick: 440581 | Conf: 440579 | Hash: 0x9F86883A | Rollbacks: 23 (Resim:  23) | Stalls:  0
[HEARTBEAT] Node: 0 | Tick: 440641 | Conf: 440639 | Hash: 0x33EC8B1A | Rollbacks:  5 (Resim:   5) | Stalls:  0
[HEARTBEAT] Node: 0 | Tick: 440701 | Conf: 440699 | Hash: 0x89B32360 | Rollbacks: 13 (Resim:  13) | Stalls:  0
[HEARTBEAT] Node: 0 | Tick: 440761 | Conf: 440759 | Hash: 0x68E8A1D2 | Rollbacks: 14 (Resim:  14) | Stalls:  0
[HEARTBEAT] Node: 0 | Tick: 440821 | Conf: 440819 | Hash: 0x592CD8A2 | Rollbacks:  9 (Resim:   9) | Stalls:  0
[HEARTBEAT] Node: 0 | Tick: 440881 | Conf: 440879 | Hash: 0xB8F45142 | Rollbacks:  0 (Resim:   0) | Stalls:  0
[HEARTBEAT] Node: 0 | Tick: 440941 | Conf: 440939 | Hash: 0xE203385F | Rollbacks: 17 (Resim:  17) | Stalls:  0
[HEARTBEAT] Node: 0 | Tick: 441001 | Conf: 440999 | Hash: 0x925DB66B | Rollbacks: 22 (Resim:  22) | Stalls:  0
[HEARTBEAT] Node: 0 | Tick: 441061 | Conf: 441059 | Hash: 0x1D7EB258 | Rollbacks:  0 (Resim:   0) | Stalls:  0
[BOT:50006] Heartbeat - Sparse Mods Tracked: 2048
[HEARTBEAT] Node: 0 | Tick: 441121 | Conf: 441119 | Hash: 0xCB896F91 | Rollbacks: 17 (Resim:  17) | Stalls:  0
[HEARTBEAT] Node: 0 | Tick: 441181 | Conf: 441179 | Hash: 0x8ACDA50A | Rollbacks: 11 (Resim:  11) | Stalls:  0
[HEARTBEAT] Node: 0 | Tick: 441241 | Conf: 441239 | Hash: 0xF838A095 | Rollbacks:  4 (Resim:   4) | Stalls:  0
[HEARTBEAT] Node: 0 | Tick: 441301 | Conf: 441299 | Hash: 0xBBFF23F3 | Rollbacks:  0 (Resim:   0) | Stalls:  0
[HEARTBEAT] Node: 0 | Tick: 441361 | Conf: 441359 | Hash: 0x789411A3 | Rollbacks: 10 (Resim:  10) | Stalls:  0
[HEARTBEAT] Node: 0 | Tick: 441421 | Conf: 441419 | Hash: 0x9994214B | Rollbacks:  0 (Resim:   0) | Stalls:  0
[HEARTBEAT] Node: 0 | Tick: 441481 | Conf: 441479 | Hash: 0x118438F6 | Rollbacks: 14 (Resim:  14) | Stalls:  0
[HEARTBEAT] Node: 0 | Tick: 441541 | Conf: 441539 | Hash: 0x50111003 | Rollbacks:  3 (Resim:   3) | Stalls:  0
[HEARTBEAT] Node: 0 | Tick: 441601 | Conf: 441599 | Hash: 0x9C037330 | Rollbacks: 16 (Resim:  16) | Stalls:  0
[HEARTBEAT] Node: 0 | Tick: 441661 | Conf: 441659 | Hash: 0x10065683 | Rollbacks:  4 (Resim:   4) | Stalls:  0
[BOT:50006] Heartbeat - Sparse Mods Tracked: 2048
[HEARTBEAT] Node: 0 | Tick: 441721 | Conf: 441719 | Hash: 0xF27B052E | Rollbacks:  8 (Resim:   8) | Stalls:  0
[HEARTBEAT] Node: 0 | Tick: 441781 | Conf: 441779 | Hash: 0x6C3878FF | Rollbacks: 14 (Resim:  14) | Stalls:  0
[HEARTBEAT] Node: 0 | Tick: 441841 | Conf: 441839 | Hash: 0xED2F196B | Rollbacks:  0 (Resim:   0) | Stalls:  0
[HEARTBEAT] Node: 0 | Tick: 441901 | Conf: 441899 | Hash: 0x98C09959 | Rollbacks: 10 (Resim:  10) | Stalls:  0
[HEARTBEAT] Node: 0 | Tick: 441961 | Conf: 441959 | Hash: 0x51F6256C | Rollbacks: 16 (Resim:  16) | Stalls:  0
[HEARTBEAT] Node: 0 | Tick: 442021 | Conf: 442019 | Hash: 0xE36F9510 | Rollbacks: 13 (Resim:  13) | Stalls:  0
[HEARTBEAT] Node: 0 | Tick: 442081 | Conf: 442079 | Hash: 0xDF580DFE | Rollbacks: 11 (Resim:  11) | Stalls:  0
[HEARTBEAT] Node: 0 | Tick: 442141 | Conf: 442139 | Hash: 0xA746902E | Rollbacks:  0 (Resim:   0) | Stalls:  0
[HEARTBEAT] Node: 0 | Tick: 442201 | Conf: 442199 | Hash: 0x5970482D | Rollbacks: 18 (Resim:  18) | Stalls:  0
[HEARTBEAT] Node: 0 | Tick: 442261 | Conf: 442259 | Hash: 0xDC8CE8FB | Rollbacks:  1 (Resim:   1) | Stalls:  0
[BOT:50006] Heartbeat - Sparse Mods Tracked: 2048
[HEARTBEAT] Node: 0 | Tick: 442321 | Conf: 442319 | Hash: 0x982E4545 | Rollbacks: 15 (Resim:  15) | Stalls:  0
[HEARTBEAT] Node: 0 | Tick: 442381 | Conf: 442379 | Hash: 0xC4E2C437 | Rollbacks:  0 (Resim:   0) | Stalls:  0
[HEARTBEAT] Node: 0 | Tick: 442441 | Conf: 442439 | Hash: 0x4DC67CC4 | Rollbacks: 10 (Resim:  10) | Stalls:  0
[HEARTBEAT] Node: 0 | Tick: 442501 | Conf: 442499 | Hash: 0x60662395 | Rollbacks: 16 (Resim:  16) | Stalls:  0
[HEARTBEAT] Node: 0 | Tick: 442561 | Conf: 442559 | Hash: 0x18344A23 | Rollbacks:  0 (Resim:   0) | Stalls:  0
[HEARTBEAT] Node: 0 | Tick: 442621 | Conf: 442619 | Hash: 0xACF597F7 | Rollbacks:  0 (Resim:   0) | Stalls:  0
[HEARTBEAT] Node: 0 | Tick: 442681 | Conf: 442679 | Hash: 0x04D4BFD5 | Rollbacks:  5 (Resim:   5) | Stalls:  0
[HEARTBEAT] Node: 0 | Tick: 442741 | Conf: 442739 | Hash: 0x790CC421 | Rollbacks: 23 (Resim:  23) | Stalls:  0
[HEARTBEAT] Node: 0 | Tick: 442801 | Conf: 442799 | Hash: 0x6BB1517E | Rollbacks: 11 (Resim:  11) | Stalls:  0
[HEARTBEAT] Node: 0 | Tick: 442861 | Conf: 442859 | Hash: 0x6B315428 | Rollbacks:  0 (Resim:   0) | Stalls:  0
[BOT:50006] Heartbeat - Sparse Mods Tracked: 2048
[HEARTBEAT] Node: 0 | Tick: 442921 | Conf: 442919 | Hash: 0x085B54A1 | Rollbacks:  7 (Resim:   7) | Stalls:  0
[HEARTBEAT] Node: 0 | Tick: 442981 | Conf: 442979 | Hash: 0x0BCD6A10 | Rollbacks: 20 (Resim:  20) | Stalls:  0
[HEARTBEAT] Node: 0 | Tick: 443041 | Conf: 443039 | Hash: 0x00B73E9B | Rollbacks: 15 (Resim:  15) | Stalls:  0
[HEARTBEAT] Node: 0 | Tick: 443101 | Conf: 443099 | Hash: 0x5F2C0B89 | Rollbacks:  0 (Resim:   0) | Stalls:  0
[HEARTBEAT] Node: 0 | Tick: 443161 | Conf: 443159 | Hash: 0x417C8B38 | Rollbacks: 10 (Resim:  10) | Stalls:  0
[HEARTBEAT] Node: 0 | Tick: 443221 | Conf: 443219 | Hash: 0xB8EB5BEF | Rollbacks:  6 (Resim:   6) | Stalls:  0
[HEARTBEAT] Node: 0 | Tick: 443281 | Conf: 443279 | Hash: 0x22CD9077 | Rollbacks:  0 (Resim:   0) | Stalls:  0
[HEARTBEAT] Node: 0 | Tick: 443341 | Conf: 443339 | Hash: 0x38E20A40 | Rollbacks: 20 (Resim:  20) | Stalls:  0
[HEARTBEAT] Node: 0 | Tick: 443401 | Conf: 443399 | Hash: 0xB04C6420 | Rollbacks:  3 (Resim:   3) | Stalls:  0
[BOT:50006] Heartbeat - Sparse Mods Tracked: 2048
[HEARTBEAT] Node: 0 | Tick: 443461 | Conf: 443459 | Hash: 0x5E5FAFAC | Rollbacks: 21 (Resim:  21) | Stalls:  0
[HEARTBEAT] Node: 0 | Tick: 443521 | Conf: 443519 | Hash: 0xFF5CE8F2 | Rollbacks: 22 (Resim:  22) | Stalls:  0
[HEARTBEAT] Node: 0 | Tick: 443581 | Conf: 443579 | Hash: 0x631F805E | Rollbacks: 11 (Resim:  11) | Stalls:  0
[HEARTBEAT] Node: 0 | Tick: 443641 | Conf: 443639 | Hash: 0x8062E221 | Rollbacks:  0 (Resim:   0) | Stalls:  0
[HEARTBEAT] Node: 0 | Tick: 443701 | Conf: 443699 | Hash: 0x21D2B49F | Rollbacks:  0 (Resim:   0) | Stalls:  0
[HEARTBEAT] Node: 0 | Tick: 443761 | Conf: 443759 | Hash: 0x9C851F06 | Rollbacks:  1 (Resim:   1) | Stalls:  0
[HEARTBEAT] Node: 0 | Tick: 443821 | Conf: 443819 | Hash: 0xE0CD7728 | Rollbacks:  9 (Resim:   9) | Stalls:  0
[HEARTBEAT] Node: 0 | Tick: 443881 | Conf: 443879 | Hash: 0x72AFB05F | Rollbacks:  0 (Resim:   0) | Stalls:  0
[HEARTBEAT] Node: 0 | Tick: 443941 | Conf: 443939 | Hash: 0x10C374EF | Rollbacks:  0 (Resim:   0) | Stalls:  0
[HEARTBEAT] Node: 0 | Tick: 444001 | Conf: 443999 | Hash: 0xD3AD7E17 | Rollbacks:  2 (Resim:   2) | Stalls:  0
[BOT:50006] Heartbeat - Sparse Mods Tracked: 2048
[HEARTBEAT] Node: 0 | Tick: 444061 | Conf: 444059 | Hash: 0x5FAA5744 | Rollbacks: 19 (Resim:  19) | Stalls:  0
[HEARTBEAT] Node: 0 | Tick: 444121 | Conf: 444119 | Hash: 0x6773E74E | Rollbacks:  7 (Resim:   7) | Stalls:  0
[HEARTBEAT] Node: 0 | Tick: 444181 | Conf: 444179 | Hash: 0x820A5452 | Rollbacks: 16 (Resim:  16) | Stalls:  0
[HEARTBEAT] Node: 0 | Tick: 444241 | Conf: 444239 | Hash: 0x70A4DD62 | Rollbacks:  0 (Resim:   0) | Stalls:  0
[HEARTBEAT] Node: 0 | Tick: 444301 | Conf: 444299 | Hash: 0xD41A7D81 | Rollbacks:  0 (Resim:   0) | Stalls:  0
[HEARTBEAT] Node: 0 | Tick: 444361 | Conf: 444359 | Hash: 0xEA24A384 | Rollbacks: 12 (Resim:  12) | Stalls:  0
[HEARTBEAT] Node: 0 | Tick: 444421 | Conf: 444419 | Hash: 0xEA60EF5D | Rollbacks:  9 (Resim:   9) | Stalls:  0
[HEARTBEAT] Node: 0 | Tick: 444481 | Conf: 444479 | Hash: 0x84F893E2 | Rollbacks:  0 (Resim:   0) | Stalls:  0
[HEARTBEAT] Node: 0 | Tick: 444541 | Conf: 444539 | Hash: 0x499805A7 | Rollbacks: 11 (Resim:  11) | Stalls:  0
[HEARTBEAT] Node: 0 | Tick: 444601 | Conf: 444599 | Hash: 0x7D08D5C9 | Rollbacks:  8 (Resim:   8) | Stalls:  0
[BOT:50006] Heartbeat - Sparse Mods Tracked: 2048
[HEARTBEAT] Node: 0 | Tick: 444661 | Conf: 444659 | Hash: 0xFDDD1F54 | Rollbacks:  0 (Resim:   0) | Stalls:  0
[HEARTBEAT] Node: 0 | Tick: 444721 | Conf: 444719 | Hash: 0xA09C94AF | Rollbacks: 15 (Resim:  15) | Stalls:  0
[HEARTBEAT] Node: 0 | Tick: 444781 | Conf: 444779 | Hash: 0xB49C4826 | Rollbacks:  8 (Resim:   8) | Stalls:  0
[HEARTBEAT] Node: 0 | Tick: 444841 | Conf: 444839 | Hash: 0x145498E8 | Rollbacks: 20 (Resim:  20) | Stalls:  0
[HEARTBEAT] Node: 0 | Tick: 444901 | Conf: 444899 | Hash: 0x9125C0E7 | Rollbacks:  4 (Resim:   4) | Stalls:  0
[HEARTBEAT] Node: 0 | Tick: 444961 | Conf: 444959 | Hash: 0x647CB9BE | Rollbacks:  0 (Resim:   0) | Stalls:  0
[HEARTBEAT] Node: 0 | Tick: 445021 | Conf: 445019 | Hash: 0x26E09085 | Rollbacks:  8 (Resim:   8) | Stalls:  0
[HEARTBEAT] Node: 0 | Tick: 445081 | Conf: 445079 | Hash: 0x9F65F989 | Rollbacks:  0 (Resim:   0) | Stalls:  0
[HEARTBEAT] Node: 0 | Tick: 445141 | Conf: 445139 | Hash: 0x14F809C4 | Rollbacks: 20 (Resim:  20) | Stalls:  0
[HEARTBEAT] Node: 0 | Tick: 445201 | Conf: 445199 | Hash: 0xDD101E94 | Rollbacks: 33 (Resim:  33) | Stalls:  0
[BOT:50006] Heartbeat - Sparse Mods Tracked: 2048
[HEARTBEAT] Node: 0 | Tick: 445261 | Conf: 445259 | Hash: 0x9FCF0CD9 | Rollbacks: 15 (Resim:  15) | Stalls:  0
[HEARTBEAT] Node: 0 | Tick: 445321 | Conf: 445319 | Hash: 0xA381CE74 | Rollbacks: 29 (Resim:  29) | Stalls:  0
[HEARTBEAT] Node: 0 | Tick: 445381 | Conf: 445379 | Hash: 0xE6E7ACC2 | Rollbacks:  7 (Resim:   7) | Stalls:  0
[HEARTBEAT] Node: 0 | Tick: 445441 | Conf: 445439 | Hash: 0xD48B2746 | Rollbacks:  0 (Resim:   0) | Stalls:  0
[HEARTBEAT] Node: 0 | Tick: 445501 | Conf: 445499 | Hash: 0x3EF002E0 | Rollbacks: 18 (Resim:  18) | Stalls:  0
[HEARTBEAT] Node: 0 | Tick: 445561 | Conf: 445559 | Hash: 0x264688AA | Rollbacks: 11 (Resim:  11) | Stalls:  0
[HEARTBEAT] Node: 0 | Tick: 445621 | Conf: 445619 | Hash: 0x25545A8E | Rollbacks:  0 (Resim:   0) | Stalls:  0
[HEARTBEAT] Node: 0 | Tick: 445681 | Conf: 445679 | Hash: 0x132566CD | Rollbacks: 15 (Resim:  15) | Stalls:  0
[HEARTBEAT] Node: 0 | Tick: 445741 | Conf: 445739 | Hash: 0xA4A1024F | Rollbacks: 24 (Resim:  24) | Stalls:  0
[BOT:50006] Heartbeat - Sparse Mods Tracked: 2048
[HEARTBEAT] Node: 0 | Tick: 445801 | Conf: 445799 | Hash: 0x07F92C2F | Rollbacks:  0 (Resim:   0) | Stalls:  0
[HEARTBEAT] Node: 0 | Tick: 445861 | Conf: 445859 | Hash: 0x48560D58 | Rollbacks:  8 (Resim:   8) | Stalls:  0
[HEARTBEAT] Node: 0 | Tick: 445921 | Conf: 445919 | Hash: 0x2849FC35 | Rollbacks: 17 (Resim:  17) | Stalls:  0
[HEARTBEAT] Node: 0 | Tick: 445981 | Conf: 445979 | Hash: 0xC9BB9D5E | Rollbacks: 16 (Resim:  16) | Stalls:  0
[HEARTBEAT] Node: 0 | Tick: 446041 | Conf: 446039 | Hash: 0xAAEB4588 | Rollbacks:  6 (Resim:   6) | Stalls:  0
[HEARTBEAT] Node: 0 | Tick: 446101 | Conf: 446099 | Hash: 0xB0768BAD | Rollbacks:  0 (Resim:   0) | Stalls:  0
[HEARTBEAT] Node: 0 | Tick: 446161 | Conf: 446159 | Hash: 0x28053691 | Rollbacks: 24 (Resim:  24) | Stalls:  0
[HEARTBEAT] Node: 0 | Tick: 446221 | Conf: 446219 | Hash: 0x0DEEB831 | Rollbacks: 12 (Resim:  12) | Stalls:  0
[HEARTBEAT] Node: 0 | Tick: 446281 | Conf: 446279 | Hash: 0x91BB53E8 | Rollbacks:  4 (Resim:   4) | Stalls:  0
[HEARTBEAT] Node: 0 | Tick: 446341 | Conf: 446339 | Hash: 0xC2CCB52A | Rollbacks: 19 (Resim:  19) | Stalls:  0
[BOT:50006] Heartbeat - Sparse Mods Tracked: 2048
[HEARTBEAT] Node: 0 | Tick: 446401 | Conf: 446399 | Hash: 0xB35E9788 | Rollbacks:  2 (Resim:   2) | Stalls:  0
[HEARTBEAT] Node: 0 | Tick: 446461 | Conf: 446459 | Hash: 0xCBD6CB06 | Rollbacks:  7 (Resim:   7) | Stalls:  0
[HEARTBEAT] Node: 0 | Tick: 446521 | Conf: 446519 | Hash: 0x4FD75438 | Rollbacks:  3 (Resim:   3) | Stalls:  0
[HEARTBEAT] Node: 0 | Tick: 446581 | Conf: 446579 | Hash: 0x51EDB82B | Rollbacks:  5 (Resim:   5) | Stalls:  0
[HEARTBEAT] Node: 0 | Tick: 446641 | Conf: 446639 | Hash: 0x9CC2EA91 | Rollbacks: 18 (Resim:  18) | Stalls:  0
[HEARTBEAT] Node: 0 | Tick: 446701 | Conf: 446699 | Hash: 0x80DCE949 | Rollbacks:  6 (Resim:   6) | Stalls:  0
[HEARTBEAT] Node: 0 | Tick: 446761 | Conf: 446759 | Hash: 0xCCB25E22 | Rollbacks:  0 (Resim:   0) | Stalls:  0
[HEARTBEAT] Node: 0 | Tick: 446821 | Conf: 446819 | Hash: 0xC3AC9915 | Rollbacks:  8 (Resim:   8) | Stalls:  0
[HEARTBEAT] Node: 0 | Tick: 446881 | Conf: 446879 | Hash: 0xBF2A8E33 | Rollbacks: 10 (Resim:  10) | Stalls:  0
[HEARTBEAT] Node: 0 | Tick: 446941 | Conf: 446939 | Hash: 0xEE3A39A3 | Rollbacks: 14 (Resim:  14) | Stalls:  0
[BOT:50006] Heartbeat - Sparse Mods Tracked: 2048
[HEARTBEAT] Node: 0 | Tick: 447001 | Conf: 446999 | Hash: 0xB54109AE | Rollbacks:  3 (Resim:   3) | Stalls:  0
[HEARTBEAT] Node: 0 | Tick: 447061 | Conf: 447059 | Hash: 0xCD5E83B1 | Rollbacks:  7 (Resim:   7) | Stalls:  0
[HEARTBEAT] Node: 0 | Tick: 447121 | Conf: 447119 | Hash: 0x20D19EA3 | Rollbacks:  0 (Resim:   0) | Stalls:  0
[HEARTBEAT] Node: 0 | Tick: 447181 | Conf: 447179 | Hash: 0xF24231D8 | Rollbacks: 15 (Resim:  15) | Stalls:  0
[HEARTBEAT] Node: 0 | Tick: 447241 | Conf: 447239 | Hash: 0xAAC5C920 | Rollbacks:  4 (Resim:   4) | Stalls:  0
[HEARTBEAT] Node: 0 | Tick: 447301 | Conf: 447299 | Hash: 0x645DCE81 | Rollbacks: 12 (Resim:  12) | Stalls:  0
[HEARTBEAT] Node: 0 | Tick: 447361 | Conf: 447359 | Hash: 0x61B90E88 | Rollbacks: 24 (Resim:  24) | Stalls:  0
[HEARTBEAT] Node: 0 | Tick: 447421 | Conf: 447419 | Hash: 0xB517CEB9 | Rollbacks: 14 (Resim:  14) | Stalls:  0
[HEARTBEAT] Node: 0 | Tick: 447481 | Conf: 447479 | Hash: 0xD506D198 | Rollbacks:  7 (Resim:   7) | Stalls:  0
[HEARTBEAT] Node: 0 | Tick: 447541 | Conf: 447539 | Hash: 0x44296E32 | Rollbacks:  0 (Resim:   0) | Stalls:  0
[BOT:50006] Heartbeat - Sparse Mods Tracked: 2048
[HEARTBEAT] Node: 0 | Tick: 447601 | Conf: 447599 | Hash: 0xDB56A835 | Rollbacks: 19 (Resim:  19) | Stalls:  0
[HEARTBEAT] Node: 0 | Tick: 447661 | Conf: 447659 | Hash: 0xFBE99391 | Rollbacks:  2 (Resim:   2) | Stalls:  0
[HEARTBEAT] Node: 0 | Tick: 447721 | Conf: 447719 | Hash: 0xB6D31210 | Rollbacks:  0 (Resim:   0) | Stalls:  0
[HEARTBEAT] Node: 0 | Tick: 447781 | Conf: 447779 | Hash: 0xAE2603C0 | Rollbacks: 16 (Resim:  16) | Stalls:  0
[HEARTBEAT] Node: 0 | Tick: 447841 | Conf: 447839 | Hash: 0xD4A885DD | Rollbacks: 20 (Resim:  20) | Stalls:  0
[HEARTBEAT] Node: 0 | Tick: 447901 | Conf: 447899 | Hash: 0xF973A191 | Rollbacks: 12 (Resim:  12) | Stalls:  0
[HEARTBEAT] Node: 0 | Tick: 447961 | Conf: 447959 | Hash: 0x900B3C4F | Rollbacks:  4 (Resim:   4) | Stalls:  0
[HEARTBEAT] Node: 0 | Tick: 448021 | Conf: 448019 | Hash: 0x6126D5E5 | Rollbacks:  8 (Resim:   8) | Stalls:  0
[HEARTBEAT] Node: 0 | Tick: 448081 | Conf: 448079 | Hash: 0xDD7F8CB6 | Rollbacks:  6 (Resim:   6) | Stalls:  0
[HEARTBEAT] Node: 0 | Tick: 448141 | Conf: 448139 | Hash: 0x10037E9F | Rollbacks:  0 (Resim:   0) | Stalls:  0
[BOT:50006] Heartbeat - Sparse Mods Tracked: 2048
[HEARTBEAT] Node: 0 | Tick: 448201 | Conf: 448199 | Hash: 0x0C449B18 | Rollbacks:  7 (Resim:   7) | Stalls:  0
[HEARTBEAT] Node: 0 | Tick: 448261 | Conf: 448259 | Hash: 0x5E8F0432 | Rollbacks:  0 (Resim:   0) | Stalls:  0
[HEARTBEAT] Node: 0 | Tick: 448321 | Conf: 448319 | Hash: 0x5C4117F8 | Rollbacks:  0 (Resim:   0) | Stalls:  0
[HEARTBEAT] Node: 0 | Tick: 448381 | Conf: 448379 | Hash: 0x8981452E | Rollbacks:  9 (Resim:   9) | Stalls:  0
[HEARTBEAT] Node: 0 | Tick: 448441 | Conf: 448439 | Hash: 0x6EFC5C3D | Rollbacks:  0 (Resim:   0) | Stalls:  0
[HEARTBEAT] Node: 0 | Tick: 448501 | Conf: 448499 | Hash: 0xD70B47D4 | Rollbacks: 15 (Resim:  15) | Stalls:  0
[HEARTBEAT] Node: 0 | Tick: 448561 | Conf: 448559 | Hash: 0x198CCC29 | Rollbacks: 16 (Resim:  16) | Stalls:  0
[HEARTBEAT] Node: 0 | Tick: 448621 | Conf: 448619 | Hash: 0x0E6BB14C | Rollbacks: 10 (Resim:  10) | Stalls:  0
[HEARTBEAT] Node: 0 | Tick: 448681 | Conf: 448679 | Hash: 0xF54764ED | Rollbacks:  0 (Resim:   0) | Stalls:  0
[BOT:50006] Heartbeat - Sparse Mods Tracked: 2048
[HEARTBEAT] Node: 0 | Tick: 448741 | Conf: 448739 | Hash: 0x0BD0CCC8 | Rollbacks: 19 (Resim:  19) | Stalls:  0
[HEARTBEAT] Node: 0 | Tick: 448801 | Conf: 448799 | Hash: 0xDEBE60A7 | Rollbacks: 20 (Resim:  20) | Stalls:  0
[HEARTBEAT] Node: 0 | Tick: 448861 | Conf: 448859 | Hash: 0x39468EF7 | Rollbacks: 25 (Resim:  25) | Stalls:  0
[HEARTBEAT] Node: 0 | Tick: 448921 | Conf: 448919 | Hash: 0x3D00DE9C | Rollbacks: 17 (Resim:  17) | Stalls:  0
[HEARTBEAT] Node: 0 | Tick: 448981 | Conf: 448979 | Hash: 0xA6C47146 | Rollbacks: 22 (Resim:  22) | Stalls:  0
[HEARTBEAT] Node: 0 | Tick: 449041 | Conf: 449039 | Hash: 0xB9D0D51C | Rollbacks: 16 (Resim:  16) | Stalls:  0
[HEARTBEAT] Node: 0 | Tick: 449101 | Conf: 449099 | Hash: 0x629577AD | Rollbacks:  5 (Resim:   5) | Stalls:  0
[HEARTBEAT] Node: 0 | Tick: 449161 | Conf: 449159 | Hash: 0x735338B7 | Rollbacks:  0 (Resim:   0) | Stalls:  0
[HEARTBEAT] Node: 0 | Tick: 449221 | Conf: 449219 | Hash: 0x7C6EDE58 | Rollbacks:  0 (Resim:   0) | Stalls:  0
[HEARTBEAT] Node: 0 | Tick: 449281 | Conf: 449279 | Hash: 0x3ECDB69D | Rollbacks: 15 (Resim:  15) | Stalls:  0
[BOT:50006] Heartbeat - Sparse Mods Tracked: 2048
[HEARTBEAT] Node: 0 | Tick: 449341 | Conf: 449339 | Hash: 0x0BF87596 | Rollbacks:  2 (Resim:   2) | Stalls:  0
[HEARTBEAT] Node: 0 | Tick: 449401 | Conf: 449399 | Hash: 0xAB825EF9 | Rollbacks:  0 (Resim:   0) | Stalls:  0
[HEARTBEAT] Node: 0 | Tick: 449461 | Conf: 449459 | Hash: 0xE4D14E11 | Rollbacks: 16 (Resim:  16) | Stalls:  0
[HEARTBEAT] Node: 0 | Tick: 449521 | Conf: 449519 | Hash: 0x94C71492 | Rollbacks:  0 (Resim:   0) | Stalls:  0
[HEARTBEAT] Node: 0 | Tick: 449581 | Conf: 449579 | Hash: 0x6ECFE805 | Rollbacks:  6 (Resim:   6) | Stalls:  0
[HEARTBEAT] Node: 0 | Tick: 449641 | Conf: 449639 | Hash: 0xACB19D8A | Rollbacks:  0 (Resim:   0) | Stalls:  0
[HEARTBEAT] Node: 0 | Tick: 449701 | Conf: 449699 | Hash: 0xD8566E57 | Rollbacks:  9 (Resim:   9) | Stalls:  0
[HEARTBEAT] Node: 0 | Tick: 449761 | Conf: 449759 | Hash: 0x32338E8D | Rollbacks: 11 (Resim:  11) | Stalls:  0
[HEARTBEAT] Node: 0 | Tick: 449821 | Conf: 449819 | Hash: 0x20E3CA90 | Rollbacks:  4 (Resim:   4) | Stalls:  0
[HEARTBEAT] Node: 0 | Tick: 449881 | Conf: 449879 | Hash: 0xAAE4CA13 | Rollbacks: 20 (Resim:  20) | Stalls:  0
[BOT:50006] Heartbeat - Sparse Mods Tracked: 2048
[HEARTBEAT] Node: 0 | Tick: 449941 | Conf: 449939 | Hash: 0x3ADD8CE8 | Rollbacks:  6 (Resim:   6) | Stalls:  0
[HEARTBEAT] Node: 0 | Tick: 450001 | Conf: 449999 | Hash: 0xEDE85B74 | Rollbacks:  0 (Resim:   0) | Stalls:  0
[HEARTBEAT] Node: 0 | Tick: 450061 | Conf: 450059 | Hash: 0x73941DD3 | Rollbacks: 21 (Resim:  21) | Stalls:  0
[HEARTBEAT] Node: 0 | Tick: 450121 | Conf: 450119 | Hash: 0x374774FC | Rollbacks:  0 (Resim:   0) | Stalls:  0
[HEARTBEAT] Node: 0 | Tick: 450181 | Conf: 450179 | Hash: 0x6295D9A9 | Rollbacks: 13 (Resim:  13) | Stalls:  0
[HEARTBEAT] Node: 0 | Tick: 450241 | Conf: 450239 | Hash: 0xB91E7184 | Rollbacks:  8 (Resim:   8) | Stalls:  0
[HEARTBEAT] Node: 0 | Tick: 450301 | Conf: 450299 | Hash: 0xBB9109D1 | Rollbacks:  0 (Resim:   0) | Stalls:  0
[HEARTBEAT] Node: 0 | Tick: 450361 | Conf: 450359 | Hash: 0xD4616442 | Rollbacks:  0 (Resim:   0) | Stalls:  0
[HEARTBEAT] Node: 0 | Tick: 450421 | Conf: 450419 | Hash: 0x62A1E739 | Rollbacks: 12 (Resim:  12) | Stalls:  0
[HEARTBEAT] Node: 0 | Tick: 450481 | Conf: 450479 | Hash: 0x1B20ACB1 | Rollbacks:  3 (Resim:   3) | Stalls:  0
[BOT:50006] Heartbeat - Sparse Mods Tracked: 2048
[HEARTBEAT] Node: 0 | Tick: 450541 | Conf: 450539 | Hash: 0x5E4FB1D9 | Rollbacks:  0 (Resim:   0) | Stalls:  0
[HEARTBEAT] Node: 0 | Tick: 450601 | Conf: 450599 | Hash: 0x8152F404 | Rollbacks: 21 (Resim:  21) | Stalls:  0
[HEARTBEAT] Node: 0 | Tick: 450661 | Conf: 450659 | Hash: 0xDA32CA6C | Rollbacks:  6 (Resim:   6) | Stalls:  0
[HEARTBEAT] Node: 0 | Tick: 450721 | Conf: 450719 | Hash: 0xE012D9CD | Rollbacks: 22 (Resim:  22) | Stalls:  0
[HEARTBEAT] Node: 0 | Tick: 450781 | Conf: 450779 | Hash: 0x33E53BAC | Rollbacks:  5 (Resim:   5) | Stalls:  0
[HEARTBEAT] Node: 0 | Tick: 450841 | Conf: 450839 | Hash: 0x395154AE | Rollbacks:  0 (Resim:   0) | Stalls:  0
[HEARTBEAT] Node: 0 | Tick: 450901 | Conf: 450899 | Hash: 0x7F073450 | Rollbacks: 15 (Resim:  15) | Stalls:  0
[HEARTBEAT] Node: 0 | Tick: 450961 | Conf: 450959 | Hash: 0x9D78CBFA | Rollbacks:  1 (Resim:   1) | Stalls:  0
[HEARTBEAT] Node: 0 | Tick: 451021 | Conf: 451019 | Hash: 0x9C908B48 | Rollbacks: 20 (Resim:  20) | Stalls:  0
[BOT:50006] Heartbeat - Sparse Mods Tracked: 2048
[HEARTBEAT] Node: 0 | Tick: 451081 | Conf: 451079 | Hash: 0x209A2271 | Rollbacks:  0 (Resim:   0) | Stalls:  0
[HEARTBEAT] Node: 0 | Tick: 451141 | Conf: 451139 | Hash: 0x552E4C94 | Rollbacks:  9 (Resim:   9) | Stalls:  0
[HEARTBEAT] Node: 0 | Tick: 451201 | Conf: 451199 | Hash: 0x70E5C712 | Rollbacks:  0 (Resim:   0) | Stalls:  0
[HEARTBEAT] Node: 0 | Tick: 451261 | Conf: 451259 | Hash: 0x56148993 | Rollbacks:  2 (Resim:   2) | Stalls:  0
[HEARTBEAT] Node: 0 | Tick: 451321 | Conf: 451319 | Hash: 0x78B2ACB0 | Rollbacks:  0 (Resim:   0) | Stalls:  0
[HEARTBEAT] Node: 0 | Tick: 451381 | Conf: 451379 | Hash: 0x943BB849 | Rollbacks: 12 (Resim:  12) | Stalls:  0
[HEARTBEAT] Node: 0 | Tick: 451441 | Conf: 451439 | Hash: 0xFF9F8E92 | Rollbacks: 14 (Resim:  14) | Stalls:  0
[HEARTBEAT] Node: 0 | Tick: 451501 | Conf: 451499 | Hash: 0xF4E90326 | Rollbacks:  0 (Resim:   0) | Stalls:  0
[HEARTBEAT] Node: 0 | Tick: 451561 | Conf: 451559 | Hash: 0x12FA7246 | Rollbacks: 20 (Resim:  20) | Stalls:  0
[HEARTBEAT] Node: 0 | Tick: 451621 | Conf: 451619 | Hash: 0xF2C078B0 | Rollbacks:  6 (Resim:   6) | Stalls:  0
[BOT:50006] Heartbeat - Sparse Mods Tracked: 2048
[HEARTBEAT] Node: 0 | Tick: 451681 | Conf: 451679 | Hash: 0x4CCCD2B7 | Rollbacks:  1 (Resim:   1) | Stalls:  0
[HEARTBEAT] Node: 0 | Tick: 451741 | Conf: 451739 | Hash: 0x292333A9 | Rollbacks: 16 (Resim:  16) | Stalls:  0
[HEARTBEAT] Node: 0 | Tick: 451801 | Conf: 451799 | Hash: 0x1B999E46 | Rollbacks:  0 (Resim:   0) | Stalls:  0
[HEARTBEAT] Node: 0 | Tick: 451861 | Conf: 451859 | Hash: 0x49D269B7 | Rollbacks:  0 (Resim:   0) | Stalls:  0
[HEARTBEAT] Node: 0 | Tick: 451921 | Conf: 451919 | Hash: 0x988A0CC5 | Rollbacks: 15 (Resim:  15) | Stalls:  0
[HEARTBEAT] Node: 0 | Tick: 451981 | Conf: 451979 | Hash: 0x9EEE01EF | Rollbacks:  4 (Resim:   4) | Stalls:  0
[HEARTBEAT] Node: 0 | Tick: 452041 | Conf: 452039 | Hash: 0x45F73669 | Rollbacks:  0 (Resim:   0) | Stalls:  0
[HEARTBEAT] Node: 0 | Tick: 452101 | Conf: 452099 | Hash: 0x2B7BD3D0 | Rollbacks: 19 (Resim:  19) | Stalls:  0
[HEARTBEAT] Node: 0 | Tick: 452161 | Conf: 452159 | Hash: 0x962E805B | Rollbacks:  0 (Resim:   0) | Stalls:  0
[HEARTBEAT] Node: 0 | Tick: 452221 | Conf: 452219 | Hash: 0xC6D2EA20 | Rollbacks:  1 (Resim:   1) | Stalls:  0
[BOT:50006] Heartbeat - Sparse Mods Tracked: 2048
[HEARTBEAT] Node: 0 | Tick: 452281 | Conf: 452279 | Hash: 0x0048C5A8 | Rollbacks:  0 (Resim:   0) | Stalls:  0
[HEARTBEAT] Node: 0 | Tick: 452341 | Conf: 452339 | Hash: 0xD4EAF057 | Rollbacks:  9 (Resim:   9) | Stalls:  0
[HEARTBEAT] Node: 0 | Tick: 452401 | Conf: 452399 | Hash: 0xBE5739AC | Rollbacks:  0 (Resim:   0) | Stalls:  0
[HEARTBEAT] Node: 0 | Tick: 452461 | Conf: 452459 | Hash: 0x13C74BD8 | Rollbacks: 24 (Resim:  24) | Stalls:  0
[HEARTBEAT] Node: 0 | Tick: 452521 | Conf: 452519 | Hash: 0x91DE4065 | Rollbacks: 13 (Resim:  13) | Stalls:  0
[HEARTBEAT] Node: 0 | Tick: 452581 | Conf: 452579 | Hash: 0x56FAC0B2 | Rollbacks:  1 (Resim:   1) | Stalls:  0
[HEARTBEAT] Node: 0 | Tick: 452641 | Conf: 452639 | Hash: 0x20A2FCC8 | Rollbacks:  7 (Resim:   8) | Stalls:  0
[HEARTBEAT] Node: 0 | Tick: 452701 | Conf: 452699 | Hash: 0x284CFAF6 | Rollbacks:  0 (Resim:   0) | Stalls:  0
[HEARTBEAT] Node: 0 | Tick: 452761 | Conf: 452759 | Hash: 0x7D8ACB1D | Rollbacks: 20 (Resim:  20) | Stalls:  0
[HEARTBEAT] Node: 0 | Tick: 452821 | Conf: 452819 | Hash: 0xC789489B | Rollbacks: 13 (Resim:  13) | Stalls:  0
[BOT:50006] Heartbeat - Sparse Mods Tracked: 2048
[HEARTBEAT] Node: 0 | Tick: 452881 | Conf: 452879 | Hash: 0x96FF2E1A | Rollbacks:  0 (Resim:   0) | Stalls:  0
[HEARTBEAT] Node: 0 | Tick: 452941 | Conf: 452939 | Hash: 0x264D66B7 | Rollbacks:  5 (Resim:   5) | Stalls:  0
[HEARTBEAT] Node: 0 | Tick: 453001 | Conf: 452999 | Hash: 0xA6F0D4B2 | Rollbacks: 26 (Resim:  26) | Stalls:  0
